parcel_feature_id,hex_id,hc_cluster,algo_classification,mistral7b_classification,phi4_classification
1b26546b-0dea-4c71-ae63-d98ef721ea67,8a2a8ad4ab67fff,0,Unclassified,Unclassified,Residential (unspecified)
2419e2e4-c76f-423c-be05-8bd2ed1df156,8a2a8a8927a7fff,0,Institutional (Vacant),Institutional,Institutional
f628b0ee-b57a-458b-bb0c-a4f1a135e8b0,8a2a8a8924cffff,0,Institutional (Vacant),Institutional,Institutional
f4d25c4e-c1a2-4ca6-909e-b211b3f0cd58,8a2a8ac65247fff,0,Institutional (Vacant),Institutional,Unclassified
b0339497-94e5-49a2-a980-b14055e9bda7,8a2a8ac6008ffff,0,Government/Public (Vacant),Government/Public,Infrastructure
4ac62ccb-7804-468f-84a4-0c93343aca30,8a2a8ac60737fff,0,Unclassified,Unclassified,Institutional
7c823e64-826a-4b1c-9dfc-2ba8a56c38eb,8a2a8ad486effff,0,Unclassified,Government/Public,Unclassified
71a150b9-8bae-44d8-9b3d-ccce09f95eab,8a2a8ac6cc57fff,0,Single-Family Residential (Vacant),Multi-Family Residential,Single-Family Residential
c372e170-263f-46f7-825c-6aaf87ba3e83,8a2a8a8927a7fff,0,Institutional (Vacant),Institutional,Institutional
80cceffb-e65c-47d4-9284-fac5410a7418,8a2a8ad4b01ffff,0,Single-Family Residential (Vacant),Single-Family Residential,Single-Family Residential
b48ffb17-0fbd-44ec-aa6c-c3ec077f1a86,8a2a8ac6332ffff,0,Residential (unspecified) (Vacant),Government/Public,Unclassified
ac5c94ce-6b10-4845-b84c-d7db5ec34c93,8a2a8ac660d7fff,0,Residential (unspecified) (Vacant),Unclassified,Unclassified
1b48b47e-5423-4bd9-a835-f071ee73efec,8a2a8ac64677fff,0,Multi-Family Residential (Vacant),Unclassified,Residential (unspecified)
13b3f4a0-f1c1-47c0-a205-15e85997aa81,8a2a8ac6502ffff,0,Government/Public (Vacant),Government/Public,Government/Public
978868bb-f806-41d1-8a61-1f09429e9c99,8a2a8ac65c9ffff,0,Institutional (Vacant),Institutional,Unclassified
50aaddec-3fe9-4f15-a83b-8190eb2090b4,8a2a8ac6c0effff,0,Single-Family Residential (Vacant),Single-Family Residential,Single-Family Residential
50aaddec-3fe9-4f15-a83b-8190eb2090b4,8a2a8ac6c057fff,0,Single-Family Residential (Vacant),Single-Family Residential,Single-Family Residential
7643da70-a932-4380-b18f-f4f085f9b819,8a2a8ad486effff,0,Unclassified,Unclassified,Residential (unspecified)
04fa0f4f-7d53-4af0-9fc9-31a9591cff3a,8a2a8ac65c9ffff,0,Institutional (Vacant),Institutional,Institutional
ec243f0e-e9e0-4b37-bc0d-fa3ad1bbd14f,8a2a8ad4b24ffff,0,Government/Public (Vacant),Government/Public,Government/Public
8c15f3ad-6b83-4acf-993e-4ae7a6cd316b,8a2a8ac6c987fff,0,Institutional (Vacant),Institutional,Institutional
c99c101a-dd83-4c89-8d4d-88ee7f4bed33,8a2a8ac6008ffff,0,Multi-Family Residential (Vacant),Unclassified,Mixed Use
65136544-bcd5-4d0e-9fe5-fe496b318526,8a2a8a892217fff,0,Single-Family Residential (Vacant),Single-Family Residential,Single-Family Residential
23b29c01-3da9-4213-b2d1-20e76bb377e9,8a2a8ac63107fff,0,Single-Family Residential (Vacant),Single-Family Residential,Single-Family Residential
23b29c01-3da9-4213-b2d1-20e76bb377e9,8a2a8ac63117fff,0,Single-Family Residential (Vacant),Single-Family Residential,Single-Family Residential
f765979b-b9db-416b-aef6-4bde539f31b9,8a2a8ac644f7fff,0,Single-Family Residential (Vacant),Single-Family Residential,Single-Family Residential
2ebdf89e-f65b-4e49-8bb5-7f7b11546123,8a2a8ac65237fff,0,Single-Family Residential,Single-Family Residential,Mixed Use
ca023d64-1064-4195-a34b-67d1a6b78d14,8a2a8ac6514ffff,0,Commercial,Commercial,Commercial
ca023d64-1064-4195-a34b-67d1a6b78d14,8a2a8ac6515ffff,0,Commercial,Commercial,Commercial
dc239f9e-f16d-4006-ab14-b7863caa0c25,8a2a8ac6296ffff,0,Agricultural Land (Vacant),Agricultural Land,Agricultural Land
dc239f9e-f16d-4006-ab14-b7863caa0c25,8a2a8ac62967fff,0,Agricultural Land (Vacant),Agricultural Land,Agricultural Land
51a1c560-cb2b-412f-8653-fb0e78eafa4b,8a2a8ac60daffff,0,Government/Public (Vacant),Government/Public,Government/Public
325b875c-d1c3-4ecd-9cc6-d91446c1dd9c,8a2a8ad4b25ffff,0,Single-Family Residential (Vacant),Single-Family Residential,Single-Family Residential
325b875c-d1c3-4ecd-9cc6-d91446c1dd9c,8a2a8ad4b24ffff,0,Single-Family Residential (Vacant),Single-Family Residential,Single-Family Residential
36a3587d-76db-4deb-ab2a-3b3ac1adb18d,8a2a8ad4b25ffff,0,Single-Family Residential (Vacant),Single-Family Residential,Single-Family Residential
36a3587d-76db-4deb-ab2a-3b3ac1adb18d,8a2a8ad4b24ffff,0,Single-Family Residential (Vacant),Single-Family Residential,Single-Family Residential
ddc34bac-9fb2-485b-ac68-80ceea0d91ab,8a2a8a8927a7fff,0,Institutional (Vacant),Institutional,Institutional
02825e71-7caa-4193-ac94-aac9cbd1445c,8a2a8ac64307fff,0,Government/Public (Vacant),Government/Public,Government/Public
bb6d160b-5b85-49a1-9c31-8fc43edbc9e7,8a2a8ac66417fff,0,Single-Family Residential (Vacant),Single-Family Residential,Single-Family Residential
2fe057e8-661f-4bec-a1fc-9baaea365a51,8a2a8ad4a8e7fff,0,Single-Family Residential (Vacant),Residential (unspecified),Single-Family Residential
1e9d08d7-9b86-4731-b371-e1d9dc8973ec,8a2a8ad5b297fff,0,Agricultural Land (Vacant),Agricultural Land,Agricultural Land
1e9d08d7-9b86-4731-b371-e1d9dc8973ec,8a2a8ac66c87fff,0,Agricultural Land (Vacant),Agricultural Land,Agricultural Land
1e9d08d7-9b86-4731-b371-e1d9dc8973ec,8a2a8ac6650ffff,0,Agricultural Land (Vacant),Agricultural Land,Agricultural Land
1e9d08d7-9b86-4731-b371-e1d9dc8973ec,8a2a8ac75967fff,0,Agricultural Land (Vacant),Agricultural Land,Agricultural Land
1e9d08d7-9b86-4731-b371-e1d9dc8973ec,8a2a8ad5b26ffff,0,Agricultural Land (Vacant),Agricultural Land,Agricultural Land
1e9d08d7-9b86-4731-b371-e1d9dc8973ec,8a2a8ad5b2c7fff,0,Agricultural Land (Vacant),Agricultural Land,Agricultural Land
1e9d08d7-9b86-4731-b371-e1d9dc8973ec,8a2a8ad5b0cffff,0,Agricultural Land (Vacant),Agricultural Land,Agricultural Land
1e9d08d7-9b86-4731-b371-e1d9dc8973ec,8a2a8ac664e7fff,0,Agricultural Land (Vacant),Agricultural Land,Agricultural Land
1e9d08d7-9b86-4731-b371-e1d9dc8973ec,8a2a8ad5b2d7fff,0,Agricultural Land (Vacant),Agricultural Land,Agricultural Land
1e9d08d7-9b86-4731-b371-e1d9dc8973ec,8a2a8ac66527fff,0,Agricultural Land (Vacant),Agricultural Land,Agricultural Land
1e9d08d7-9b86-4731-b371-e1d9dc8973ec,8a2a8ad5b3b7fff,0,Agricultural Land (Vacant),Agricultural Land,Agricultural Land
1e9d08d7-9b86-4731-b371-e1d9dc8973ec,8a2a8ac6651ffff,0,Agricultural Land (Vacant),Agricultural Land,Agricultural Land
1e9d08d7-9b86-4731-b371-e1d9dc8973ec,8a2a8ac66417fff,0,Agricultural Land (Vacant),Agricultural Land,Agricultural Land
083dd4b4-8a62-40db-98e3-8edc9f0bf4f1,8a2a8ac6515ffff,0,Government/Public (Vacant),Government/Public,Government/Public
1643f3a6-355e-45a2-9498-f2a5a7de87d9,8a2a8ac60d77fff,0,Government/Public (Vacant),Government/Public,Government/Public
33062664-ec74-4ac2-9777-085ef1b814c2,8a2a8ad4a8e7fff,0,Single-Family Residential (Vacant),Residential (unspecified),Single-Family Residential
3bec148d-bed5-4cdf-bfb8-cfef895bab00,8a2a8ac6066ffff,0,Multi-Family Residential,Multi-Family Residential,Multi-Family Residential
3bec148d-bed5-4cdf-bfb8-cfef895bab00,8a2a8ac6064ffff,0,Multi-Family Residential,Multi-Family Residential,Multi-Family Residential
8dfa2cbb-d342-4335-8dbe-6c99b0cc026f,8a2a8ac65317fff,0,Multi-Family Residential,Multi-Family Residential,Multi-Family Residential
f79de970-e857-4a6c-bd14-d4326df7ed88,8a2a8ac61d4ffff,0,Institutional (Vacant),Institutional,Institutional
f79de970-e857-4a6c-bd14-d4326df7ed88,8a2a8ac656cffff,0,Institutional (Vacant),Institutional,Institutional
f79de970-e857-4a6c-bd14-d4326df7ed88,8a2a8ac61d6ffff,0,Institutional (Vacant),Institutional,Institutional
f79de970-e857-4a6c-bd14-d4326df7ed88,8a2a8ac61c07fff,0,Institutional (Vacant),Institutional,Institutional
f79de970-e857-4a6c-bd14-d4326df7ed88,8a2a8ac61997fff,0,Institutional (Vacant),Institutional,Institutional
8ab343ea-9326-40c3-9bde-caa9ff3a4805,8a2a8ac65c9ffff,0,Institutional (Vacant),Institutional,Institutional
f53cab46-1aa3-4ad4-9daa-2e4a79fcb2be,8a2a8a892097fff,0,Single-Family Residential (Vacant),Single-Family Residential,Single-Family Residential
c2890f1e-4b3f-4fb6-a25f-39c1d69898f4,8a2a8ac61c07fff,0,Institutional (Vacant),Institutional,Institutional
c2890f1e-4b3f-4fb6-a25f-39c1d69898f4,8a2a8ac61cc7fff,0,Institutional (Vacant),Institutional,Institutional
c2890f1e-4b3f-4fb6-a25f-39c1d69898f4,8a2a8ac61cf7fff,0,Institutional (Vacant),Institutional,Institutional
c2890f1e-4b3f-4fb6-a25f-39c1d69898f4,8a2a8ac61ceffff,0,Institutional (Vacant),Institutional,Institutional
c143d2fb-1f58-455c-9ff6-a61565d28f09,8a2a8ac61ae7fff,0,Government/Public (Vacant),Commercial,Institutional
c143d2fb-1f58-455c-9ff6-a61565d28f09,8a2a8ac61a57fff,0,Government/Public (Vacant),Commercial,Institutional
058d728b-6aba-4ad4-aae4-c6824fbf423d,8a2a8ad4bd97fff,0,Single-Family Residential (Vacant),Single-Family Residential,Single-Family Residential
04e25afd-8a3c-4cd7-9c20-64e72cbeecb8,8a2a8ad4878ffff,0,Single-Family Residential (Vacant),Single-Family Residential,Single-Family Residential
04e25afd-8a3c-4cd7-9c20-64e72cbeecb8,8a2a8ad48797fff,0,Single-Family Residential (Vacant),Single-Family Residential,Single-Family Residential
4f639ba1-d0c1-42c8-9249-8b84659dd70a,8a2a8ac65a2ffff,0,Single-Family Residential (Vacant),Single-Family Residential,Single-Family Residential
87d1cf80-8062-4156-8ba0-029f0cda9a5b,8a2a8ac6535ffff,0,Single-Family Residential (Vacant),Single-Family Residential,Single-Family Residential
9a155786-cd04-4053-97e6-a91806e1ea84,8a2a8ac6535ffff,0,Single-Family Residential (Vacant),Single-Family Residential,Single-Family Residential
9a155786-cd04-4053-97e6-a91806e1ea84,8a2a8ac65357fff,0,Single-Family Residential (Vacant),Single-Family Residential,Single-Family Residential
8d7e03f3-1844-46a0-ae08-37143a5f2d04,8a2a8ac6c967fff,0,Commercial (Vacant),Commercial,Government/Public
57763d5e-32b4-4d44-bf03-28d434f11daa,8a2a8ac6cc57fff,0,Single-Family Residential (Vacant),Residential (unspecified),Single-Family Residential
62f26de0-3202-4134-b649-2b74635e05f1,8a2a8ac6064ffff,0,Unclassified,Unclassified,Institutional
e8f3af0d-0ef2-481b-9d57-4c7808effe2a,8a2a8ac65b6ffff,0,Government/Public (Vacant),Government/Public,Government/Public
08c46ea6-417c-47a5-8078-3655a0de5484,8a2a8ac663affff,0,Single-Family Residential (Vacant),Unclassified,Mixed Use
d283d3c9-eda9-4c52-883c-10a6a85e21be,8a2a8ad5b26ffff,0,Single-Family Residential (Vacant),Agricultural Land,Residential (unspecified)
986fc9de-0660-4fa6-97cd-6eecfdb5b273,8a2a8ad4a2b7fff,0,Single-Family Residential (Vacant),Unclassified,Unclassified
10548b9e-3369-44c9-bd37-d4e985451a66,8a2a8ad4b01ffff,0,Single-Family Residential (Vacant),Single-Family Residential,Single-Family Residential
71c510d7-a81f-4d85-98dd-80aad4252bf4,8a2a8ac64c1ffff,0,Agricultural Land (Vacant),Agricultural Land,Agricultural Land
adf83fec-9f41-4ca3-8da9-bb11da4360f8,8a2a8a8966e7fff,0,Government/Public (Vacant),Government/Public,Government/Public
aaf9f699-4657-4463-a803-0f5ebfe5ad28,8a2a8ac6c867fff,0,Commercial (Vacant),Commercial,Mixed Use
ab7edfe1-9f34-4e58-adb4-48ad07750c97,8a2a8ac6c207fff,0,Commercial (Vacant),Commercial,Commercial
ab7edfe1-9f34-4e58-adb4-48ad07750c97,8a2a8ac6c38ffff,0,Commercial (Vacant),Commercial,Commercial
62cba37d-c6d1-4512-8f1d-bc6f5b0b7031,8a2a8a8936e7fff,0,Commercial (Vacant),Industrial,Industrial
62cba37d-c6d1-4512-8f1d-bc6f5b0b7031,8a2a8a8936cffff,0,Commercial (Vacant),Industrial,Industrial
62cba37d-c6d1-4512-8f1d-bc6f5b0b7031,8a2a8a893637fff,0,Commercial (Vacant),Industrial,Industrial
62cba37d-c6d1-4512-8f1d-bc6f5b0b7031,8a2a8a89362ffff,0,Commercial (Vacant),Industrial,Industrial
7d4b8cca-b237-416a-8bdb-dd04b528a011,8a2a8ac60c47fff,0,Commercial (Vacant),Unclassified,Commercial
96447ad6-b227-4f67-8623-877efe148a1a,8a2a8ad4aad7fff,0,Government/Public (Vacant),Government/Public,Government/Public
52764d98-7aea-45cd-9e16-2a2592a6d36a,8a2a8ac6481ffff,0,Government/Public (Vacant),Government/Public,Government/Public
52764d98-7aea-45cd-9e16-2a2592a6d36a,8a2a8ac64877fff,0,Government/Public (Vacant),Government/Public,Government/Public
b673db11-e34f-408e-938d-73e3dcef172f,8a2a8ac6585ffff,0,Government/Public (Vacant),Government/Public,Government/Public
b673db11-e34f-408e-938d-73e3dcef172f,8a2a8ac658effff,0,Government/Public (Vacant),Government/Public,Government/Public
c011faaf-cc93-4b17-af36-3652f291b399,8a2a8ad4aa67fff,0,Unclassified,Unclassified,Residential (unspecified)
8725d825-6ca0-4d73-86d9-816764efc768,8a2a8ac63107fff,0,Single-Family Residential (Vacant),Single-Family Residential,Single-Family Residential
768e3731-cf53-4c47-9405-2d0cfd71ef0f,8a2a8ad4aa87fff,0,Single-Family Residential (Vacant),Unclassified,Unclassified
7ca464c1-9605-48bd-b049-adcca42db726,8a2a8ad59a07fff,0,Single-Family Residential (Vacant),Single-Family Residential,Single-Family Residential
808e9ac2-48ae-41b2-aad3-6fd2eb84c1a3,8a2a8ac64167fff,0,Multi-Family Residential (Vacant),Unclassified,Mixed Use
9ddf31c3-2f26-43fe-bf25-09d845bbec84,8a2a8ad484affff,0,Unclassified,Unclassified,Residential (unspecified)
a28998f2-dad4-4a23-97b3-a6b8bcdf64e7,8a2a8ad4b08ffff,0,Government/Public (Vacant),Government/Public,Government/Public
a28998f2-dad4-4a23-97b3-a6b8bcdf64e7,8a2a8ad4b72ffff,0,Government/Public (Vacant),Government/Public,Government/Public
a28998f2-dad4-4a23-97b3-a6b8bcdf64e7,8a2a8ad4b0d7fff,0,Government/Public (Vacant),Government/Public,Government/Public
a6cffc70-9f9f-4893-b3cd-a8aae8305f17,8a2a8a892797fff,0,Institutional (Vacant),Institutional,Institutional
b81aef2f-5d18-42b6-b015-44d73f5cfd04,8a2a8ad4b31ffff,0,Single-Family Residential (Vacant),Single-Family Residential,Single-Family Residential
b2b198f1-5d62-4c21-844d-8e9b2d19d7aa,8a2a8a892ac7fff,0,Single-Family Residential (Vacant),Unclassified,Residential (unspecified)
e8e12ce2-a377-4a24-9436-72d2b78a9ad1,8a2a8a8924cffff,0,Institutional (Vacant),Institutional,Institutional
b4650179-128b-4dc3-8151-fd6796d47393,8a2a8a892cb7fff,0,Single-Family Residential (Vacant),Single-Family Residential,Single-Family Residential
c2eeb7f5-aa1f-40cc-931f-8ce790b7dd0f,8a2a8ac6585ffff,0,Unclassified,Government/Public,Government/Public
d39084a6-0530-4165-b603-72c0f2e25482,8a2a8ac65d57fff,0,Single-Family Residential (Vacant),Single-Family Residential,Single-Family Residential
d4292101-606a-4a02-b891-3f2f92c1ff72,8a2a8a8967a7fff,0,Single-Family Residential (Vacant),Single-Family Residential,Single-Family Residential
3e1149ff-642a-4029-ba80-98d1a6ba5c5c,8a2a8ac63157fff,0,Government/Public (Vacant),Government/Public,Infrastructure
49268bf6-b03a-4bc5-b647-adfb838ef1bd,8a2a8a892047fff,0,Single-Family Residential,Multi-Family Residential,Multi-Family Residential
6804b434-f666-452b-8bf3-2f234ff5746b,8a2a8a89650ffff,0,Single-Family Residential (Vacant),Single-Family Residential,Single-Family Residential
e6a0a85b-8958-4049-ab57-7fe7cdcc70ec,8a2a8ac65aaffff,0,Single-Family Residential (Vacant),Single-Family Residential,Single-Family Residential
f7a2725e-92c9-43de-8ead-18bd7b311193,8a2a8ac658c7fff,0,Single-Family Residential (Vacant),Single-Family Residential,Single-Family Residential
ec50ddf6-7e63-4fe6-a844-2ad21c031831,8a2a8ad4b21ffff,0,Single-Family Residential (Vacant),Unclassified,Residential (unspecified)
f71abc44-ea3e-474c-a5cc-bff402ab8300,8a2a8ac65a2ffff,0,Single-Family Residential (Vacant),Single-Family Residential,Single-Family Residential
f71abc44-ea3e-474c-a5cc-bff402ab8300,8a2a8ac65b57fff,0,Single-Family Residential (Vacant),Single-Family Residential,Single-Family Residential
f71abc44-ea3e-474c-a5cc-bff402ab8300,8a2a8ac65a27fff,0,Single-Family Residential (Vacant),Single-Family Residential,Single-Family Residential
fdc75b21-d53f-4e98-aa40-bd51f5c400d8,8a2a8ac6502ffff,0,Single-Family Residential (Vacant),Single-Family Residential,Single-Family Residential
fbe3792b-05e7-4d87-8f30-2c667ca17d41,8a2a8ad4b097fff,0,Single-Family Residential (Vacant),Single-Family Residential,Single-Family Residential
7dc9b9c0-343d-4b6d-acfa-a59c3a1cef80,8a2a8ac65107fff,0,Commercial (Vacant),Commercial,Commercial
b8472c40-a764-4459-ad50-3cb32640d7d9,8a2a8ac64167fff,0,Single-Family Residential,Multi-Family Residential,Multi-Family Residential
63d25f86-8cff-4af9-b346-6dcc6da9fd07,8a2a8ad4b25ffff,0,Single-Family Residential (Vacant),Single-Family Residential,Single-Family Residential
477944a6-b80c-49cc-8bc9-6a73edc5bed5,8a2a8ad4a11ffff,0,Agricultural Land (Vacant),Agricultural Land,Agricultural Land
477944a6-b80c-49cc-8bc9-6a73edc5bed5,8a2a8ad4a18ffff,0,Agricultural Land (Vacant),Agricultural Land,Agricultural Land
477944a6-b80c-49cc-8bc9-6a73edc5bed5,8a2a8ad4a777fff,0,Agricultural Land (Vacant),Agricultural Land,Agricultural Land
477944a6-b80c-49cc-8bc9-6a73edc5bed5,8a2a8ad4ad4ffff,0,Agricultural Land (Vacant),Agricultural Land,Agricultural Land
477944a6-b80c-49cc-8bc9-6a73edc5bed5,8a2a8ad4ad67fff,0,Agricultural Land (Vacant),Agricultural Land,Agricultural Land
477944a6-b80c-49cc-8bc9-6a73edc5bed5,8a2a8ad4a0dffff,0,Agricultural Land (Vacant),Agricultural Land,Agricultural Land
477944a6-b80c-49cc-8bc9-6a73edc5bed5,8a2a8ad4a017fff,0,Agricultural Land (Vacant),Agricultural Land,Agricultural Land
96714bdd-7c71-4f89-b5fa-8e6f05597105,8a2a8ac64167fff,0,Single-Family Residential,Multi-Family Residential,Multi-Family Residential
92f3e61c-bbf1-4cc1-891d-d132b8bf52a4,8a2a8a892047fff,0,Multi-Family Residential (Vacant),Unclassified,Mixed Use
00d5cca0-56c3-4da8-a4af-b43a350bb2fa,8a2a8ad4aa87fff,0,Single-Family Residential,Single-Family Residential,Single-Family Residential
01f3213c-0f87-4188-bae6-37150f323397,8a2a8ac60717fff,0,Single-Family Residential,Single-Family Residential,Single-Family Residential
0830bab8-d73d-4f85-a477-e59b930b4330,8a2a8a896497fff,0,Single-Family Residential,Single-Family Residential,Single-Family Residential
145ed885-f966-42ef-95e9-dd52540bd929,8a2a8ac64a6ffff,0,Multi-Family Residential (Vacant),Multi-Family Residential,Multi-Family Residential
108cf522-4c49-411a-a0b1-74ec6ece47cb,8a2a8ac6466ffff,0,Single-Family Residential,Multi-Family Residential,Multi-Family Residential
1622b42b-dc59-447c-9f40-04f69ad45fd6,8a2a8ad4b257fff,0,Single-Family Residential,Single-Family Residential,Single-Family Residential
17159dd2-6c49-424c-9b4c-5892e03f413a,8a2a8ac65d2ffff,0,Single-Family Residential,Single-Family Residential,Single-Family Residential
17d44988-8d5c-405e-b7fd-81204d177cab,8a2a8ad48467fff,0,Single-Family Residential,Single-Family Residential,Single-Family Residential
1904551a-743b-494c-96e4-d413d78f3397,8a2a8ac664cffff,0,Single-Family Residential,Single-Family Residential,Single-Family Residential
1b32a2ba-80b9-4744-bb40-ca45e9dd575f,8a2a8ad4b527fff,0,Single-Family Residential,Single-Family Residential,Mixed Use
1cb00e14-d866-4b92-926c-e71190cd7c3d,8a2a8ad4858ffff,0,Single-Family Residential,Single-Family Residential,Single-Family Residential
1d9205e8-35ff-4ac9-8009-b9b2e277a670,8a2a8a892517fff,0,Single-Family Residential,Single-Family Residential,Single-Family Residential
20285e6c-3aa3-482c-a2a5-8b9ef06f9d9c,8a2a8ac64287fff,0,Single-Family Residential,Multi-Family Residential,Multi-Family Residential
274c8f00-bdd1-4336-b395-7f869431a6bf,8a2a8ad48797fff,0,Single-Family Residential,Single-Family Residential,Single-Family Residential
2870d23f-e21c-4c87-8248-1fd41ddf9c1b,8a2a8ac6500ffff,0,Multi-Family Residential,Multi-Family Residential,Mixed Use
2870d23f-e21c-4c87-8248-1fd41ddf9c1b,8a2a8ac6502ffff,0,Multi-Family Residential,Multi-Family Residential,Mixed Use
296603c2-8609-43cf-8ece-b8ebd1733bce,8a2a8ad48797fff,0,Single-Family Residential,Single-Family Residential,Single-Family Residential
2e4e750e-6d4a-4635-b984-66c38cb5dd09,8a2a8ad4aa9ffff,0,Agricultural Land,Agricultural Land,Single-Family Residential
2fa3a26c-61c3-42b8-89e8-0dea988f8ce6,8a2a8ac63067fff,0,Single-Family Residential,Single-Family Residential,Single-Family Residential
31bcae8f-5115-48ec-ba29-c4a941cdee84,8a2a8ac648d7fff,0,Single-Family Residential,Single-Family Residential,Single-Family Residential
34e35c01-fcc1-46e5-8bb8-04a965c0e9c5,8a2a8ac65adffff,0,Single-Family Residential,Single-Family Residential,Single-Family Residential
37bc6767-a923-4fbe-a7e2-462c90514547,8a2a8ad4a817fff,0,Single-Family Residential,Single-Family Residential,Single-Family Residential
37bc6767-a923-4fbe-a7e2-462c90514547,8a2a8ad4a98ffff,0,Single-Family Residential,Single-Family Residential,Single-Family Residential
391578fe-2ee6-4fbe-8acf-5927126327b9,8a2a8ac6008ffff,0,Single-Family Residential,Multi-Family Residential,Multi-Family Residential
3ba90015-4d66-4639-81aa-65a02a10e0cd,8a2a8a892037fff,0,Commercial (Vacant),Commercial,Commercial
441341c1-1f4f-48d5-b363-fcd8471f5a52,8a2a8ac6099ffff,0,Single-Family Residential,Single-Family Residential,Single-Family Residential
513ccaeb-27a5-4407-8aaf-1b9b03f3ae14,8a2a8ac65317fff,0,Single-Family Residential,Multi-Family Residential,Multi-Family Residential
553cdac8-e0ec-48c4-a76d-57a9a885d47a,8a2a8ac64b07fff,0,Single-Family Residential,Multi-Family Residential,Multi-Family Residential
55642148-9786-4145-9a2b-649bb38ee522,8a2a8a892167fff,0,Single-Family Residential,Single-Family Residential,Single-Family Residential
59942bb0-4bdb-47d2-ab42-46906508e1ad,8a2a8ac6526ffff,0,Single-Family Residential,Single-Family Residential,Single-Family Residential
5a58e966-e485-494e-b583-e23ba7b1b690,8a2a8ac6502ffff,0,Single-Family Residential,Single-Family Residential,Mixed Use
5f4eb33a-f173-4e9d-aed0-c8c60960bb50,8a2a8ad4b997fff,0,Single-Family Residential,Single-Family Residential,Single-Family Residential
655e953a-269c-4757-8997-735e7cb6bf01,8a2a8ac6351ffff,0,Single-Family Residential,Single-Family Residential,Single-Family Residential
667b1b87-30b7-41f0-9cd4-2b06dcf43421,8a2a8ac65adffff,0,Single-Family Residential,Single-Family Residential,Single-Family Residential
66b06f11-5d91-4f34-8796-86557827d418,8a2a8ac66b67fff,0,Single-Family Residential,Single-Family Residential,Single-Family Residential
69f60fa8-da59-47c4-a390-f0660a19a2a2,8a2a8ac65a27fff,0,Single-Family Residential,Single-Family Residential,Single-Family Residential
7227f772-5825-4423-8b63-444de34e64fc,8a2a8ad4b64ffff,0,Multi-Family Residential,Multi-Family Residential,Multi-Family Residential
72314ab5-4c19-4203-9620-8214c1fbd78a,8a2a8ad4b997fff,0,Single-Family Residential,Single-Family Residential,Single-Family Residential
73af445c-89ee-4adc-a570-9dcaa38e05c1,8a2a8ac65327fff,0,Single-Family Residential,Single-Family Residential,Single-Family Residential
74f903b4-8973-4345-868b-a5dcd89f6057,8a2a8ac648d7fff,0,Single-Family Residential,Single-Family Residential,Single-Family Residential
75d2f30a-b858-489c-a442-2055e1e8b364,8a2a8ac64b1ffff,0,Single-Family Residential,Multi-Family Residential,Multi-Family Residential
7957a24d-7f62-4616-a49c-3b44f22ee121,8a2a8ac65337fff,0,Multi-Family Residential,Multi-Family Residential,Multi-Family Residential
79e40197-6cbd-45be-8841-ee4d3e84ad2c,8a2a8ad4a31ffff,0,Single-Family Residential,Single-Family Residential,Single-Family Residential
7b85841d-8167-407b-a1b1-4017ef7baa54,8a2a8ad4a98ffff,0,Single-Family Residential,Single-Family Residential,Single-Family Residential
7c1b8116-d86f-484f-8200-bebd795588b6,8a2a8ad4a31ffff,0,Single-Family Residential,Single-Family Residential,Single-Family Residential
7d57cb8a-2792-409e-9699-0d3252613895,8a2a8ac6cc17fff,0,Single-Family Residential,Single-Family Residential,Single-Family Residential
858b7653-0543-4fdf-9a18-3ff151a7d5a2,8a2a8ac66a77fff,0,Single-Family Residential,Single-Family Residential,Single-Family Residential
85ecad48-29ac-4b37-a608-2420d5a90967,8a2a8ac6464ffff,0,Commercial (Vacant),Commercial,Commercial
943846fe-279f-4273-b83b-3c2c4042d51e,8a2a8ad480a7fff,0,Single-Family Residential,Single-Family Residential,Single-Family Residential
986d5070-dd1b-4976-b074-1e282c578083,8a2a8ac60c2ffff,0,Single-Family Residential,Single-Family Residential,Single-Family Residential
99be19b3-94f3-46bc-8bd1-e65164560869,8a2a8ad4aa9ffff,0,Single-Family Residential,Single-Family Residential,Single-Family Residential
99c0660b-bce2-4c09-bec0-afad04ed4a4f,8a2a8ad4ab67fff,0,Single-Family Residential,Single-Family Residential,Single-Family Residential
9bdad1c4-7d00-4944-baed-5503e914c2cb,8a2a8a892887fff,0,Single-Family Residential,Single-Family Residential,Single-Family Residential
9c5b4c30-2d3b-4ae1-9108-ba5bfc6a9c3a,8a2a8ad4e2b7fff,0,Single-Family Residential (Vacant),Single-Family Residential,Single-Family Residential
9e894c8d-a81c-4ab8-a796-b789c83fc01a,8a2a8ac66baffff,0,Single-Family Residential,Single-Family Residential,Single-Family Residential
9f101c13-0ae9-4b10-bf5c-330dfabbef16,8a2a8ad4b097fff,0,Single-Family Residential,Single-Family Residential,Single-Family Residential
a2fa4c3f-f498-4e3e-83d3-d521091c8eb1,8a2a8ac64b07fff,0,Single-Family Residential,Multi-Family Residential,Multi-Family Residential
a340af35-6df4-436f-bdcb-f319a65d4305,8a2a8ad4b097fff,0,Single-Family Residential,Single-Family Residential,Single-Family Residential
a3fabf3a-f735-44f4-b502-957b46f20f62,8a2a8ac6514ffff,0,Commercial,Commercial,Mixed Use
a542f79d-0e34-4c04-8b1a-d9d1f2da4475,8a2a8ad48407fff,0,Single-Family Residential,Single-Family Residential,Single-Family Residential
a5d136af-3b79-41a5-91fd-921aeee13b96,8a2a8ac64237fff,0,Single-Family Residential,Single-Family Residential,Single-Family Residential
a62eb0ee-ed62-4b54-948f-46821f01bcee,8a2a8a892037fff,0,Commercial (Vacant),Commercial,Commercial
a7c4dfad-f9b1-4e61-8e21-b352af4735c8,8a2a8ad48447fff,0,Single-Family Residential,Single-Family Residential,Single-Family Residential
a9fc5117-f3f7-43b3-81ad-c2622020f3b6,8a2a8a892507fff,0,Single-Family Residential,Single-Family Residential,Single-Family Residential
ad0b4046-dd51-4f92-8ac6-9223a4ccd778,8a2a8ac6466ffff,0,Single-Family Residential,Multi-Family Residential,Single-Family Residential
b09dd8b2-9ca2-410d-98cf-1872eabc4db1,8a2a8ad48097fff,0,Single-Family Residential,Single-Family Residential,Single-Family Residential
b10a5e90-0020-44f5-86af-e80844aa9f21,8a2a8ac65a2ffff,0,Single-Family Residential,Single-Family Residential,Single-Family Residential
b291b9f4-9c31-4051-b86f-86927bdaf3e8,8a2a8ac64167fff,0,Single-Family Residential,Multi-Family Residential,Multi-Family Residential
b31a03ad-a834-4a1e-9977-b02fa1ef9201,8a2a8ac64a57fff,0,Single-Family Residential,Single-Family Residential,Single-Family Residential
b5df2620-2d2d-4e66-9c85-5da13502ee1c,8a2a8ac64167fff,0,Single-Family Residential,Multi-Family Residential,Multi-Family Residential
bd7a9d15-d7ee-4da9-b304-738512f7e978,8a2a8ad4aa67fff,0,Single-Family Residential,Single-Family Residential,Single-Family Residential
bf3f5d7c-31c2-4fdc-a53f-3effa74d2a18,8a2a8a892037fff,0,Commercial,Commercial,Commercial
c029d23b-63ca-4bdc-8808-008f5a2f45ce,8a2a8ad4aa67fff,0,Single-Family Residential,Single-Family Residential,Single-Family Residential
c15b3aa9-a67a-43cd-a9a6-16c6ac3c29ee,8a2a8ac658effff,0,Single-Family Residential,Single-Family Residential,Single-Family Residential
c250617b-a43b-4424-b09b-2f7bf5b94016,8a2a8ac646b7fff,0,Single-Family Residential,Single-Family Residential,Single-Family Residential
c7774210-176a-4b20-9a24-4d8a46fa668f,8a2a8ac6008ffff,0,Single-Family Residential,Multi-Family Residential,Multi-Family Residential
d4a2032c-ec6c-49b4-868f-2436ff1cb580,8a2a8ac6cb4ffff,0,Industrial,Industrial,Institutional
d4a2032c-ec6c-49b4-868f-2436ff1cb580,8a2a8ac6cb47fff,0,Industrial,Industrial,Institutional
c861ef12-8228-4ec9-ab2a-1bfe50f721e4,8a2a8a892817fff,0,Single-Family Residential,Single-Family Residential,Single-Family Residential
ca61f464-cab9-42c9-9463-ffa4bacd1d24,8a2a8ad4b097fff,0,Single-Family Residential,Single-Family Residential,Single-Family Residential
caf0b8c0-bc7d-436f-ab40-cfe0945071bd,8a2a8ad4b64ffff,0,Single-Family Residential,Single-Family Residential,Single-Family Residential
cb1b6ec5-eae7-4b86-98a5-701fff6107c8,8a2a8ad59b4ffff,0,Single-Family Residential,Single-Family Residential,Single-Family Residential
cbccf540-3cb5-4897-8fed-fa6f0e678307,8a2a8ac6408ffff,0,Single-Family Residential,Single-Family Residential,Single-Family Residential
d4fa7d22-2421-4d06-a4b4-b95f23e0042f,8a2a8a89666ffff,0,Single-Family Residential,Single-Family Residential,Single-Family Residential
d5828028-26d1-41d4-933e-48016419c27a,8a2a8ac65827fff,0,Single-Family Residential,Single-Family Residential,Single-Family Residential
d86693b7-dc65-4e49-bd77-ed5f2c729c39,8a2a8ad4b997fff,0,Single-Family Residential,Single-Family Residential,Single-Family Residential
d86693b7-dc65-4e49-bd77-ed5f2c729c39,8a2a8ad4b9b7fff,0,Single-Family Residential,Single-Family Residential,Single-Family Residential
ddaeaef0-1059-45b7-bd56-5229392ddf65,8a2a8ac64167fff,0,Single-Family Residential,Multi-Family Residential,Multi-Family Residential
e0fc0af9-db09-4ab0-b35b-065fa105f2f4,8a2a8ac6466ffff,0,Single-Family Residential,Multi-Family Residential,Single-Family Residential
e24a7661-0398-4dae-b853-bcfcaf132c16,8a2a8ac6008ffff,0,Single-Family Residential,Multi-Family Residential,Multi-Family Residential
e4d1d89e-d16d-4856-acc0-00f6422207da,8a2a8a892517fff,0,Single-Family Residential,Single-Family Residential,Single-Family Residential
e74494fb-73b3-45a0-a284-9a15772c2677,8a2a8ac6dd0ffff,0,Commercial (Vacant),Commercial,Mixed Use
e910624f-ea78-4e11-9137-52c95efef534,8a2a8ac65b1ffff,0,Single-Family Residential,Single-Family Residential,Single-Family Residential
e973d138-0609-4b55-8d97-77db29a962e9,8a2a8ac64167fff,0,Single-Family Residential,Multi-Family Residential,Multi-Family Residential
e9a9e2c0-cd6c-4b2d-a852-545ab59f7935,8a2a8ac65d2ffff,0,Single-Family Residential,Single-Family Residential,Single-Family Residential
ebd9215c-8586-4f00-97b4-f9d353ef9301,8a2a8ac6c75ffff,0,Commercial (Vacant),Commercial,Commercial
ee4c8412-55ef-4e4d-aee1-4b85478edcf6,8a2a8ad4b9b7fff,0,Single-Family Residential,Single-Family Residential,Single-Family Residential
f08ad14b-a76f-4068-8de0-121cbd69ea48,8a2a8a8966e7fff,0,Single-Family Residential,Single-Family Residential,Single-Family Residential
f1b44ee1-59b3-46f0-9e52-094f58aa3e73,8a2a8ac6466ffff,0,Single-Family Residential,Multi-Family Residential,Multi-Family Residential
f31009ab-ddf0-454a-9ac5-9bd73f1e2a0e,8a2a8ac6008ffff,0,Single-Family Residential,Multi-Family Residential,Multi-Family Residential
f43dd549-c0d7-47f3-af4b-e2f2240be89f,8a2a8ad4bd97fff,0,Single-Family Residential,Single-Family Residential,Single-Family Residential
f609aaff-7ad7-4bf4-930b-c4d74aa351e8,8a2a8ac64717fff,0,Single-Family Residential,Single-Family Residential,Single-Family Residential
f9c84c05-11f3-40a9-8553-8cb394e3d615,8a2a8ac664cffff,0,Single-Family Residential,Single-Family Residential,Single-Family Residential
fca2c602-4d29-4bac-8d72-2b593b26342b,8a2a8ac64a6ffff,0,Single-Family Residential,Multi-Family Residential,Multi-Family Residential
84c73cb6-1be9-440d-99e6-1398203e51cf,8a2a8a8927a7fff,0,Institutional (Vacant),Institutional,Institutional
9c8a4f5a-5218-4917-bc01-f69635e7efb1,8a2a8ad4aad7fff,0,Government/Public (Vacant),Government/Public,Government/Public
7729a130-d3b0-4329-8973-6b46ef068b0c,8a2a8ad4e747fff,0,Single-Family Residential (Vacant),Single-Family Residential,Single-Family Residential
7729a130-d3b0-4329-8973-6b46ef068b0c,8a2a8ad4e2b7fff,0,Single-Family Residential (Vacant),Single-Family Residential,Single-Family Residential
2db1abbd-02ec-40f7-88df-5ff24f89672c,8a2a8ac60617fff,0,Commercial (Vacant),Commercial,Commercial
11391f67-ef4d-455a-bf86-fd4bdae4c98a,8a2a8ac60617fff,0,Commercial (Vacant),Commercial,Commercial
fd6ca157-bfb1-4798-bc74-277f9d649277,8a2a8ad48407fff,0,Single-Family Residential,Single-Family Residential,Single-Family Residential
638d4691-4ae6-43d0-b495-78bebec7934f,8a2a8ac60c47fff,0,Institutional (Vacant),Institutional,Institutional
638d4691-4ae6-43d0-b495-78bebec7934f,8a2a8ac60117fff,0,Institutional (Vacant),Institutional,Institutional
638d4691-4ae6-43d0-b495-78bebec7934f,8a2a8ac608b7fff,0,Institutional (Vacant),Institutional,Institutional
cf5635cd-ef5a-47bc-a874-0990fab74a48,8a2a8ac64a4ffff,0,Single-Family Residential,Commercial,Mixed Use
051de8a5-854c-4639-bd89-9d4b329fe920,8a2a8ac63577fff,0,Single-Family Residential,Single-Family Residential,Single-Family Residential
ff18a86d-c125-4148-b9c5-c0831837630a,8a2a8ac6466ffff,0,Single-Family Residential,Multi-Family Residential,Multi-Family Residential
083e799b-9715-4ba9-93bd-0756777d1e68,8a2a8ac66417fff,0,Single-Family Residential (Vacant),Single-Family Residential,Single-Family Residential
7ea84e19-25a0-47e4-937c-d70af5b6649d,8a2a8ad4aa67fff,0,Single-Family Residential (Vacant),Unclassified,Mixed Use
f842a819-b963-4f7c-ab43-6f8c5bb8128f,8a2a8ac608b7fff,0,Single-Family Residential,Single-Family Residential,Single-Family Residential
3af986a9-1c7e-417d-a173-f09b4528da97,8a2a8ad4b9b7fff,0,Single-Family Residential,Single-Family Residential,Single-Family Residential
4176aa65-5336-44e0-8e00-b8a4d1abc205,8a2a8ad4b08ffff,0,Single-Family Residential,Single-Family Residential,Single-Family Residential
3c3144d0-92d1-4c41-aa79-915de478f09b,8a2a8ac64167fff,0,Single-Family Residential,Multi-Family Residential,Multi-Family Residential
11d74890-9ab4-45f7-8618-82dbf05f1e01,8a2a8ac65327fff,0,Single-Family Residential,Single-Family Residential,Single-Family Residential
56920558-bdc6-48a9-93aa-7534a90f9f4e,8a2a8ac6504ffff,0,Single-Family Residential,Multi-Family Residential,Multi-Family Residential
37794e6d-e2f6-468b-98b9-11899971e36c,8a2a8a892cb7fff,0,Single-Family Residential,Single-Family Residential,Single-Family Residential
83367daf-4d9b-4116-9c12-776a107d4393,8a2a8ac65a37fff,0,Single-Family Residential,Single-Family Residential,Single-Family Residential
93383096-7a15-417b-99a3-37e2fac9f591,8a2a8a892507fff,0,Single-Family Residential,Single-Family Residential,Single-Family Residential
01d1e164-b1a2-47d7-aeec-21409d3eb405,8a2a8ac65957fff,0,Multi-Family Residential,Multi-Family Residential,Mixed Use
91e1ddef-4217-4ab3-9849-7f9fa90709a2,8a2a8ad484affff,0,Unclassified,Government/Public,Unclassified
9f4b7f46-1bf6-4207-84c6-75df88098a23,8a2a8ac64a87fff,0,Multi-Family Residential (Vacant),Unclassified,Unclassified
d3b55301-f03e-45e4-a516-ffacae45febc,8a2a8ac65c9ffff,0,Institutional (Vacant),Institutional,Institutional
10a76720-caa1-4e3b-95a5-7a54bda1ed7d,8a2a8ad48097fff,0,Single-Family Residential,Single-Family Residential,Single-Family Residential
1c717181-c969-4611-a545-86b940e8d5b4,8a2a8ad48797fff,0,Single-Family Residential,Single-Family Residential,Single-Family Residential
23b089d5-f9f5-4732-b1fe-3a4a980768c8,8a2a8ad59067fff,0,Commercial (Vacant),Unclassified,Commercial
2c5e19e2-2486-4c02-864c-dbfefe23aaca,8a2a8ac66b67fff,0,Single-Family Residential,Single-Family Residential,Single-Family Residential
2c5e19e2-2486-4c02-864c-dbfefe23aaca,8a2a8ac644f7fff,0,Single-Family Residential,Single-Family Residential,Single-Family Residential
2f8d1968-989a-4033-b7e1-874d64a6d04c,8a2a8ac65887fff,0,Single-Family Residential,Single-Family Residential,Single-Family Residential
8dbb4aaf-c2c4-425e-a49f-0d9daf3d90cb,8a2a8ac66cc7fff,0,Unclassified,Government/Public,Unclassified
4a428974-b344-4778-910f-51b1f7f21cf1,8a2a8ac6464ffff,0,Single-Family Residential,Multi-Family Residential,Multi-Family Residential
4cd6e3a9-bc93-458a-b6c5-e82cf5c33f0e,8a2a8ac6008ffff,0,Single-Family Residential,Multi-Family Residential,Multi-Family Residential
55e0c0a4-3325-439c-8dc8-838f0addedd7,8a2a8ac6466ffff,0,Single-Family Residential,Multi-Family Residential,Single-Family Residential
56c2eec6-73fe-4bb3-a100-5f9cb3079078,8a2a8ad4b9b7fff,0,Single-Family Residential,Single-Family Residential,Single-Family Residential
56c2eec6-73fe-4bb3-a100-5f9cb3079078,8a2a8ad486effff,0,Single-Family Residential,Single-Family Residential,Single-Family Residential
587cf91d-f577-4443-89c8-80b365c2b550,8a2a8ad4aa67fff,0,Single-Family Residential,Single-Family Residential,Single-Family Residential
f5e0a1ea-7389-4f17-93f3-9a1e447b929b,8a2a8ac65b6ffff,0,Government/Public (Vacant),Government/Public,Government/Public
5cb8a8e5-f7fa-445d-a419-593103ffbd0e,8a2a8ad4b527fff,0,Single-Family Residential,Single-Family Residential,Mixed Use
64b98d57-3f05-4636-8b3b-ffd756bd5dc8,8a2a8ac65aaffff,0,Commercial,Mixed Use,Mixed Use
64b98d57-3f05-4636-8b3b-ffd756bd5dc8,8a2a8ac65a8ffff,0,Commercial,Mixed Use,Mixed Use
67fc14ef-609e-4d22-99f6-213225f4234c,8a2a8ac64a6ffff,0,Multi-Family Residential,Multi-Family Residential,Multi-Family Residential
67fc14ef-609e-4d22-99f6-213225f4234c,8a2a8ac64a4ffff,0,Multi-Family Residential,Multi-Family Residential,Multi-Family Residential
7d4de141-32a2-41d3-9024-18bdae7479cb,8a2a8ac64a57fff,0,Multi-Family Residential,Multi-Family Residential,Mixed Use
7e43a8e8-1f1f-4d62-b418-4d0e2b62a12b,8a2a8ac64677fff,0,Single-Family Residential,Multi-Family Residential,Multi-Family Residential
7f6d937b-0bec-48ba-918b-fbfa7429f22e,8a2a8ad48797fff,0,Single-Family Residential,Single-Family Residential,Single-Family Residential
82729697-416b-44d9-9030-3722eba4899e,8a2a8a896497fff,0,Single-Family Residential,Single-Family Residential,Single-Family Residential
8a84892a-5bb7-4366-872c-52496b033087,8a2a8ac658c7fff,0,Single-Family Residential,Single-Family Residential,Multi-Family Residential
8a84892a-5bb7-4366-872c-52496b033087,8a2a8ac658effff,0,Single-Family Residential,Single-Family Residential,Multi-Family Residential
8eb233e2-74e1-4d1a-8e8d-da285df502ab,8a2a8ac60d97fff,0,Single-Family Residential,Single-Family Residential,Single-Family Residential
93c7a7ac-f994-4cd9-8a3b-d70533976291,8a2a8ad484d7fff,0,Hotel/Short-Term Rental,Mixed Use,Hotel/Short-Term Rental
99d67e26-c578-4c48-b7bf-6aa866c37122,8a2a8ac64717fff,0,Single-Family Residential,Single-Family Residential,Single-Family Residential
9b7faa32-7cb5-413b-82e5-950a5b50bb3d,8a2a8ac66a47fff,0,Single-Family Residential,Single-Family Residential,Single-Family Residential
9f6c8b74-5c00-4af9-afe1-708691c80c07,8a2a8ac646dffff,0,Single-Family Residential,Single-Family Residential,Single-Family Residential
a1252d3f-693f-464a-b5fd-9d0af6215fdc,8a2a8ac648d7fff,0,Single-Family Residential,Single-Family Residential,Single-Family Residential
a376b953-723f-499f-96d3-534635a7456b,8a2a8ac6585ffff,0,Single-Family Residential,Multi-Family Residential,Multi-Family Residential
a376b953-723f-499f-96d3-534635a7456b,8a2a8ac658effff,0,Single-Family Residential,Multi-Family Residential,Multi-Family Residential
ae263981-1946-45f5-96e4-134feb016ee9,8a2a8ac65a2ffff,0,Single-Family Residential,Single-Family Residential,Single-Family Residential
bb344f63-cd90-4d11-badf-dccd67b85cbf,8a2a8ac66ac7fff,0,Single-Family Residential,Single-Family Residential,Single-Family Residential
6d7dd9d9-d384-40e5-a003-742c7ffbd9c1,8a2a8ac6c8effff,0,Commercial (Vacant),Commercial,Government/Public
c7601728-498b-4d6c-ba7c-956eff33b75e,8a2a8ac608b7fff,0,Single-Family Residential,Single-Family Residential,Single-Family Residential
cc22d820-deff-473f-ae9a-ed10976d6220,8a2a8ad48797fff,0,Single-Family Residential,Single-Family Residential,Single-Family Residential
cee23347-af5a-4cd1-926f-b066f5892103,8a2a8ac6c90ffff,0,Commercial,Commercial,Commercial
d0e31b43-b917-4d1e-9b9a-c72c5442fe7b,8a2a8ac64237fff,0,Single-Family Residential,Single-Family Residential,Single-Family Residential
de8b8547-229a-4900-8969-65ceb6dd08a1,8a2a8ad4a817fff,0,Single-Family Residential,Single-Family Residential,Single-Family Residential
de8b8547-229a-4900-8969-65ceb6dd08a1,8a2a8ad4a98ffff,0,Single-Family Residential,Single-Family Residential,Single-Family Residential
e0a46db4-a0bd-4dac-a55e-b079f49939b6,8a2a8ac6466ffff,0,Single-Family Residential,Multi-Family Residential,Single-Family Residential
e3f473cb-c5d6-45dd-833f-c90e73791485,8a2a8ac64677fff,0,Single-Family Residential,Multi-Family Residential,Multi-Family Residential
e66b9f3e-8b70-4ed7-a817-0b35d65b6868,8a2a8a892167fff,0,Multi-Family Residential,Multi-Family Residential,Multi-Family Residential
e850787d-1432-4ae0-96cf-fafa1429d1a9,8a2a8ac66b4ffff,0,Single-Family Residential,Single-Family Residential,Single-Family Residential
e850787d-1432-4ae0-96cf-fafa1429d1a9,8a2a8ac66a67fff,0,Single-Family Residential,Single-Family Residential,Single-Family Residential
fe08f3a0-9f71-459d-98df-c1083f22ccb1,8a2a8ad4aa9ffff,0,Agricultural Land,Agricultural Land,Single-Family Residential
02ac6de1-310d-41fc-ae82-7d51c1f6404c,8a2a8ac65d2ffff,0,Single-Family Residential (Vacant),Single-Family Residential,Single-Family Residential
841121db-4d36-4571-9d97-a138f2b6ce89,8a2a8ac6064ffff,0,Unclassified,Unclassified,Unclassified
7cc87ec9-eec0-49d3-a602-8e43e555e228,8a2a8ac65a37fff,0,Single-Family Residential (Vacant),Single-Family Residential,Single-Family Residential
7cc87ec9-eec0-49d3-a602-8e43e555e228,8a2a8ac65a27fff,0,Single-Family Residential (Vacant),Single-Family Residential,Single-Family Residential
4777c73f-0cd1-4cd3-a661-e57b159e2f94,8a2a8ac6535ffff,0,Single-Family Residential (Vacant),Single-Family Residential,Single-Family Residential
bbfe4cc8-4b69-473b-b323-ee53b6c90dd1,8a2a8a8927a7fff,0,Institutional (Vacant),Institutional,Institutional
c7c9be5e-1df3-41ac-a638-995ce2971e39,8a2a8ac65c9ffff,0,Institutional (Vacant),Institutional,Unclassified
38541a44-297c-4f41-8528-e3c10e858cfc,8a2a8ad4b48ffff,0,Multi-Family Residential (Vacant),Unclassified,Residential (unspecified)
7a5417d2-830b-4d8f-8b8a-9d7638d9e6f2,8a2a8ac66baffff,0,Unclassified,Unclassified,Residential (unspecified)
ae78e8c7-0a02-4ae7-b0ed-35ba34c22f9e,8a2a8ac64da7fff,0,Government/Public (Vacant),Government/Public,Government/Public
b3e5eecc-c41e-4fd5-b6be-6259b4b91859,8a2a8ac64167fff,0,Single-Family Residential,Multi-Family Residential,Multi-Family Residential
15d752fc-4521-46e4-b18d-a978dc15ac28,8a2a8ad59b4ffff,0,Single-Family Residential (Vacant),Single-Family Residential,Single-Family Residential
bce3d325-7c8c-4e53-8371-fec0c4bc23c7,8a2a8a896297fff,0,Single-Family Residential (Vacant),Single-Family Residential,Single-Family Residential
bce3d325-7c8c-4e53-8371-fec0c4bc23c7,8a2a8a89666ffff,0,Single-Family Residential (Vacant),Single-Family Residential,Single-Family Residential
84d2103d-ee66-4ad6-aa22-de8a32ccdc06,8a2a8ac6650ffff,0,Single-Family Residential (Vacant),Single-Family Residential,Single-Family Residential
84d2103d-ee66-4ad6-aa22-de8a32ccdc06,8a2a8ac66547fff,0,Single-Family Residential (Vacant),Single-Family Residential,Single-Family Residential
84d2103d-ee66-4ad6-aa22-de8a32ccdc06,8a2a8ad5b26ffff,0,Single-Family Residential (Vacant),Single-Family Residential,Single-Family Residential
84d2103d-ee66-4ad6-aa22-de8a32ccdc06,8a2a8ac66527fff,0,Single-Family Residential (Vacant),Single-Family Residential,Single-Family Residential
12dc8838-8e75-4703-b89c-a7e9ccb70304,8a2a8ac66417fff,0,Single-Family Residential (Vacant),Unclassified,Single-Family Residential
6aef2f78-f666-408c-ba37-992ea341d39d,8a2a8ad4aaaffff,0,Agricultural Land (Vacant),Agricultural Land,Agricultural Land
71b63854-2e5d-48a9-a335-da23eea62482,8a2a8ac65b1ffff,0,Single-Family Residential (Vacant),Unclassified,Residential (unspecified)
b463ee81-fc53-4c39-b3eb-d5ba11f309dd,8a2a8ac65a37fff,0,Institutional (Vacant),Institutional,Institutional
2d99a025-4355-4d82-988f-fc0613351fe6,8a2a8a892217fff,0,Government/Public (Vacant),Government/Public,Infrastructure
ad53bc75-661c-4976-84e2-5ad6835b64f3,8a2a8ac65c9ffff,0,Institutional (Vacant),Institutional,Institutional
e61310a9-a751-4893-ac6a-0f1ca8b169c3,8a2a8ad48097fff,0,Single-Family Residential (Vacant),Single-Family Residential,Single-Family Residential
9db70be1-1120-4c78-9f29-8aa9eb610c00,8a2a8ac65827fff,0,Government/Public (Vacant),Government/Public,Government/Public
9db70be1-1120-4c78-9f29-8aa9eb610c00,8a2a8ac65957fff,0,Government/Public (Vacant),Government/Public,Government/Public
f0280e1f-ad62-4dd7-a797-8c04aead6dfe,8a2a8a892527fff,0,Single-Family Residential (Vacant),Single-Family Residential,Single-Family Residential
2037a4c3-fcef-4311-8815-c3069f045b6c,8a2a8ac65887fff,0,Single-Family Residential (Vacant),Single-Family Residential,Single-Family Residential
d44a7e9e-aa94-4471-aeec-ad73b848d773,8a2a8ac60327fff,0,Institutional (Vacant),Institutional,Institutional
d44a7e9e-aa94-4471-aeec-ad73b848d773,8a2a8ac60ad7fff,0,Institutional (Vacant),Institutional,Institutional
7fb9a31a-d419-4190-bbf2-7e5e5c5ae1f8,8a2a8ac65c9ffff,0,Institutional (Vacant),Institutional,Institutional
197f3318-418c-40e0-9a5f-f3f0ea8ab435,8a2a8ac6008ffff,0,Multi-Family Residential (Vacant),Unclassified,Mixed Use
8338fcfe-6f93-426e-a2e0-627d6e421102,8a2a8ac65247fff,0,Single-Family Residential (Vacant),Single-Family Residential,Single-Family Residential
03c581c5-70ee-41b2-8e0d-b0c5fca0dbc8,8a2a8a892cb7fff,0,Single-Family Residential (Vacant),Single-Family Residential,Single-Family Residential
053422b7-ab6d-4331-be20-36acd7ab0367,8a2a8ac64da7fff,0,Single-Family Residential (Vacant),Single-Family Residential,Single-Family Residential
069df76c-4d68-4b40-ab9e-68f72c50cffd,8a2a8ac65c9ffff,0,Institutional (Vacant),Institutional,Institutional
088f6106-64f0-44c1-87bc-343213d68c88,8a2a8ac64797fff,0,Single-Family Residential (Vacant),Single-Family Residential,Single-Family Residential
1751f54b-4166-4a65-8d1f-8d9092b1dccd,8a2a8ac64677fff,0,Multi-Family Residential (Vacant),Unclassified,Mixed Use
28aeed38-4cad-4a03-853d-2b0bb862266d,8a2a8ac65337fff,0,Single-Family Residential (Vacant),Single-Family Residential,Single-Family Residential
28aeed38-4cad-4a03-853d-2b0bb862266d,8a2a8ac65317fff,0,Single-Family Residential (Vacant),Single-Family Residential,Single-Family Residential
2b4857dc-d5b5-4485-821c-b41f5905fd70,8a2a8ac6dd0ffff,0,Commercial (Vacant),Commercial,Commercial
54467dd9-5c50-437d-967a-84d8f898012b,8a2a8ad4b21ffff,0,Single-Family Residential (Vacant),Single-Family Residential,Single-Family Residential
4a21e584-ac99-4823-8b5f-dd071310c1e3,8a2a8ac64c47fff,0,Residential (unspecified) (Vacant),Unclassified,Residential (unspecified)
624c7eed-73a6-45e2-a526-3e8b700829a5,8a2a8ac64167fff,0,Multi-Family Residential (Vacant),Unclassified,Mixed Use
5726ea91-a0a6-4172-9575-af55ac5a7a1d,8a2a8a8966affff,0,Government/Public (Vacant),Government/Public,Government/Public
6e0021f7-7810-4183-91fd-2a51143fd8b2,8a2a8ac65aaffff,0,Unclassified,Unclassified,Residential (unspecified)
76c78ee2-5121-4801-a118-bd174ec1d644,8a2a8ac6008ffff,0,Multi-Family Residential (Vacant),Unclassified,Mixed Use
7963e5d0-a856-465a-beb1-35fd24eb5e82,8a2a8ac66207fff,0,Single-Family Residential (Vacant),Single-Family Residential,Single-Family Residential
81da183c-651f-4ab8-93bb-d1aead3aeb81,8a2a8a8966affff,0,Government/Public (Vacant),Government/Public,Government/Public
849a69c4-9979-491f-8276-859c419866fd,8a2a8ad4a70ffff,0,Agricultural Land (Vacant),Agricultural Land,Agricultural Land
849a69c4-9979-491f-8276-859c419866fd,8a2a8ad4a777fff,0,Agricultural Land (Vacant),Agricultural Land,Agricultural Land
849a69c4-9979-491f-8276-859c419866fd,8a2a8ad4a657fff,0,Agricultural Land (Vacant),Agricultural Land,Agricultural Land
849a69c4-9979-491f-8276-859c419866fd,8a2a8ad4a09ffff,0,Agricultural Land (Vacant),Agricultural Land,Agricultural Land
8e9bda66-1460-4a13-9c1b-a8b55ae8e12b,8a2a8ac64b07fff,0,Multi-Family Residential (Vacant),Mixed Use,Mixed Use
940912d7-a6cf-47d9-908c-34e0df95194f,8a2a8ac64607fff,0,Single-Family Residential (Vacant),Unclassified,Mixed Use
940912d7-a6cf-47d9-908c-34e0df95194f,8a2a8ac6462ffff,0,Single-Family Residential (Vacant),Unclassified,Mixed Use
940912d7-a6cf-47d9-908c-34e0df95194f,8a2a8ac64677fff,0,Single-Family Residential (Vacant),Unclassified,Mixed Use
9c77af60-bbc5-4c60-a832-f99f58aa3691,8a2a8ac6cd87fff,0,Government/Public (Vacant),Government/Public,Government/Public
a10291da-4785-4219-9639-6cea246fb3e2,8a2a8ad4b72ffff,0,Government/Public (Vacant),Government/Public,Government/Public
a919b8d6-5673-4137-a2a7-4bc2a1422aa2,8a2a8ac64b07fff,0,Multi-Family Residential (Vacant),Unclassified,Residential (unspecified)
c30d9041-d90d-461e-90cf-828a5fcade9c,8a2a8ad487a7fff,0,Single-Family Residential (Vacant),Single-Family Residential,Single-Family Residential
b14d4ab3-ecdf-497c-959d-8db1319532b2,8a2a8ad48407fff,0,Unclassified,Unclassified,Residential (unspecified)
ee3b9131-fd1f-4455-8e75-4cbc46698d48,8a2a8ac65107fff,0,Commercial (Vacant),Commercial,Commercial
9ad0f2b9-a553-43a3-ab66-5dea56b924a1,8a2a8ad4b887fff,0,Unclassified,Unclassified,Residential (unspecified)
dc636b0c-b10c-45a2-a015-41ab7c5b3d07,8a2a8ac65247fff,0,Single-Family Residential (Vacant),Single-Family Residential,Single-Family Residential
fc4a8eb8-57be-424c-9bc5-04e6b3165a48,8a2a8a89219ffff,0,Single-Family Residential (Vacant),Single-Family Residential,Single-Family Residential
38b9f361-489c-4704-a3f4-71b540b76202,8a2a8ad4a8effff,0,Single-Family Residential (Vacant),Residential (unspecified),Single-Family Residential
bf12742c-dd0d-439f-8690-33c6611e56e2,8a2a8a892527fff,0,Single-Family Residential (Vacant),Single-Family Residential,Single-Family Residential
4a5f351b-f81b-46bb-9dd5-788e7cf09511,8a2a8a892797fff,0,Institutional (Vacant),Institutional,Institutional
8a84d9ca-1aa9-4f47-9d86-f54b2aa66ee7,8a2a8a8966affff,0,Government/Public (Vacant),Government/Public,Government/Public
f6a60553-6983-4b4b-ac0c-e63ae7f4da28,8a2a8ad4aa67fff,0,Single-Family Residential (Vacant),Unclassified,Mixed Use
efd47642-aa55-49bd-bafa-728385156fe8,8a2a8ac6286ffff,0,Residential (unspecified) (Vacant),Unclassified,Unclassified
476254c6-7287-411a-8324-4b6ba92f03c7,8a2a8ac60adffff,0,Institutional (Vacant),Institutional,Institutional
476254c6-7287-411a-8324-4b6ba92f03c7,8a2a8ac60ad7fff,0,Institutional (Vacant),Institutional,Institutional
476254c6-7287-411a-8324-4b6ba92f03c7,8a2a8ac60367fff,0,Institutional (Vacant),Institutional,Institutional
b7b40862-3d96-4e29-b272-2b8a1dec7cc3,8a2a8ad59b1ffff,0,Single-Family Residential (Vacant),Single-Family Residential,Single-Family Residential
4c5c7931-e585-43ce-9c39-2b8d4f63da32,8a2a8a896297fff,0,Government/Public (Vacant),Government/Public,Government/Public
68b5757d-55b9-487a-b9f3-a46c2884720f,8a2a8a892527fff,0,Single-Family Residential (Vacant),Single-Family Residential,Single-Family Residential
bf11a144-8773-4b2c-ad2e-838181ab5023,8a2a8ac65957fff,0,Single-Family Residential (Vacant),Unclassified,Multi-Family Residential
eab3f361-5579-4c9f-b07a-95f367b07821,8a2a8ac6dd17fff,0,Commercial (Vacant),Commercial,Commercial
7e98f711-917a-42be-9228-f1f2accd4061,8a2a8ac65adffff,0,Single-Family Residential (Vacant),Single-Family Residential,Single-Family Residential
786c8301-67e1-4b7e-a62e-c5bd97f3df75,8a2a8a8966cffff,0,Single-Family Residential (Vacant),Single-Family Residential,Single-Family Residential
b78f94bb-831d-4169-b613-a0b4dbea5763,8a2a8ac6dd17fff,0,Commercial (Vacant),Commercial,Commercial
8e31da21-6b2b-4f9f-a13d-c953deac44d1,8a2a8ad5962ffff,0,Single-Family Residential (Vacant),Single-Family Residential,Single-Family Residential
48e0a712-5afd-4320-9e78-9b0ef37f52ef,8a2a8ac6c90ffff,0,Commercial (Vacant),Commercial,Commercial
48e0a712-5afd-4320-9e78-9b0ef37f52ef,8a2a8ac6c967fff,0,Commercial (Vacant),Commercial,Commercial
5b6f5aee-df01-488f-90c3-38d25e3188c0,8a2a8ac65b9ffff,0,Commercial (Vacant),Commercial,Commercial
0d128cb9-aa49-4de0-add1-9ea69addd2c5,8a2a8ad4b507fff,0,Single-Family Residential (Vacant),Single-Family Residential,Single-Family Residential
6bed8184-a84c-4e25-9754-dea7b97f60e0,8a2a8ac6502ffff,0,Single-Family Residential (Vacant),Single-Family Residential,Single-Family Residential
5a62bfc6-ddef-4add-86cd-4153bb31e58c,8a2a8ad48407fff,0,Unclassified,Unclassified,Residential (unspecified)
b41ed58e-ffef-40f5-8d4c-f64afae30fb7,8a2a8a8966affff,0,Government/Public (Vacant),Government/Public,Government/Public
8cc61e44-d4a8-4f35-b061-d75f07b2b571,8a2a8ac6502ffff,0,Single-Family Residential (Vacant),Single-Family Residential,Single-Family Residential
0e6a67ef-2d17-4a73-ad10-d8a48a49a2fe,8a2a8ac6514ffff,0,Commercial (Vacant),Commercial,Commercial
20f68d54-085b-4a2d-87e4-9aa668d8e417,8a2a8a892047fff,0,Multi-Family Residential (Vacant),Unclassified,Residential (unspecified)
2888ea74-09bf-431f-9a20-aef3f4843b5c,8a2a8a892297fff,0,Commercial (Vacant),Commercial,Commercial
2ff7105f-66af-499a-821c-8675ebe27613,8a2a8a8935b7fff,0,Industrial (Vacant),Industrial,Government/Public
2ff7105f-66af-499a-821c-8675ebe27613,8a2a8ac6c967fff,0,Industrial (Vacant),Industrial,Government/Public
30f24b0a-d6e1-473b-9370-19976caf59c8,8a2a8ad4a0dffff,0,Agricultural Land (Vacant),Agricultural Land,Agricultural Land
5acd11f0-8dc1-4399-98ec-83bc0b2c2484,8a2a8ac6500ffff,0,Single-Family Residential (Vacant),Single-Family Residential,Single-Family Residential
5acd11f0-8dc1-4399-98ec-83bc0b2c2484,8a2a8ac6502ffff,0,Single-Family Residential (Vacant),Single-Family Residential,Single-Family Residential
62c622d5-882c-46de-99a2-554e86b015c4,8a2a8a892527fff,0,Single-Family Residential (Vacant),Single-Family Residential,Single-Family Residential
7e4e35d3-15ec-437e-b417-3794148bade9,8a2a8a89218ffff,0,Commercial (Vacant),Commercial,Commercial
7e4e35d3-15ec-437e-b417-3794148bade9,8a2a8a892037fff,0,Commercial (Vacant),Commercial,Commercial
993e5c2b-e542-445f-bac1-b29917b3afaa,8a2a8ac64117fff,0,Government/Public (Vacant),Government/Public,Government/Public
8623f2a3-3956-498d-bc4a-319de1fbba7c,8a2a8ad4a11ffff,0,Government/Public (Vacant),Government/Public,Government/Public
8623f2a3-3956-498d-bc4a-319de1fbba7c,8a2a8ad4a777fff,0,Government/Public (Vacant),Government/Public,Government/Public
8623f2a3-3956-498d-bc4a-319de1fbba7c,8a2a8ad4a0dffff,0,Government/Public (Vacant),Government/Public,Government/Public
8623f2a3-3956-498d-bc4a-319de1fbba7c,8a2a8ad4a017fff,0,Government/Public (Vacant),Government/Public,Government/Public
8904eea2-1ba5-4d31-8adf-3c7739ceb886,8a2a8ac64117fff,0,Single-Family Residential (Vacant),Unclassified,Single-Family Residential
8a0c1e5a-4cd9-4f99-a9b3-288b9a41825f,8a2a8ac65317fff,0,Single-Family Residential (Vacant),Single-Family Residential,Single-Family Residential
8ac4233d-4924-4759-9d7f-cf41c9cbbb8f,8a2a8ac6cc57fff,0,Single-Family Residential (Vacant),Residential (unspecified),Single-Family Residential
8e145875-5fab-401b-a303-82a15bc59540,8a2a8ac6464ffff,0,Multi-Family Residential (Vacant),Unclassified,Mixed Use
9bcd85d7-6f85-437e-980b-fefc9b380b49,8a2a8ac6466ffff,0,Multi-Family Residential (Vacant),Unclassified,Mixed Use
9bcd85d7-6f85-437e-980b-fefc9b380b49,8a2a8ac6464ffff,0,Multi-Family Residential (Vacant),Unclassified,Mixed Use
aec684b0-aedc-42a1-87cf-bc2ac996a25e,8a2a8ac6515ffff,0,Government/Public (Vacant),Government/Public,Government/Public
aec684b0-aedc-42a1-87cf-bc2ac996a25e,8a2a8ac65317fff,0,Government/Public (Vacant),Government/Public,Government/Public
aec684b0-aedc-42a1-87cf-bc2ac996a25e,8a2a8ac6504ffff,0,Government/Public (Vacant),Government/Public,Government/Public
d966050c-f589-4a75-bee1-6b8005233e6f,8a2a8ac658c7fff,0,Single-Family Residential (Vacant),Unclassified,Mixed Use
d966050c-f589-4a75-bee1-6b8005233e6f,8a2a8ac658effff,0,Single-Family Residential (Vacant),Unclassified,Mixed Use
f2d2397d-5f58-4cd4-a55f-2367425c293c,8a2a8ac6cc87fff,0,Single-Family Residential (Vacant),Residential (unspecified),Single-Family Residential
fa0c2db2-18a0-4409-8ad3-cbad43009ce1,8a2a8ad4b24ffff,0,Government/Public (Vacant),Government/Public,Government/Public
7ccfbfba-0b23-4535-8487-62ce880dab89,8a2a8ac6008ffff,0,Multi-Family Residential (Vacant),Unclassified,Mixed Use
ecd64980-ca3f-425e-9bc4-f8ab8ced330e,8a2a8ac65957fff,0,Single-Family Residential (Vacant),Single-Family Residential,Single-Family Residential
f86a94e9-c4c4-4647-9b57-812a814f3d10,8a2a8a892527fff,0,Single-Family Residential (Vacant),Single-Family Residential,Single-Family Residential
0002fa01-820a-4eac-b48e-735b6b038c87,8a2a8ac6c987fff,0,Institutional (Vacant),Institutional,Institutional
2935a92a-9ae9-45a8-9265-68279b0acfdb,8a2a8ac64b07fff,0,Multi-Family Residential (Vacant),Unclassified,Residential (unspecified)
315c3a22-d75d-4b69-98df-ed4258a7e9aa,8a2a8a892527fff,0,Single-Family Residential (Vacant),Single-Family Residential,Single-Family Residential
df5c689f-3b99-4227-9a81-ae4e71651612,8a2a8ac64917fff,0,Government/Public (Vacant),Government/Public,Government/Public
df5c689f-3b99-4227-9a81-ae4e71651612,8a2a8ac64837fff,0,Government/Public (Vacant),Government/Public,Government/Public
4cffdba4-e57f-4acf-bcd1-7b4e20c92876,8a2a8ad4a9b7fff,0,Single-Family Residential (Vacant),Single-Family Residential,Single-Family Residential
7f179eb8-a973-4e6f-a0b7-9a6179afe0d1,8a2a8ac64677fff,0,Multi-Family Residential (Vacant),Unclassified,Mixed Use
d0358a1c-28a4-43a2-af7c-0b912a9c1265,8a2a8ad59357fff,0,Single-Family Residential (Vacant),Single-Family Residential,Single-Family Residential
0c9522ad-58ed-427a-9f65-e2e8f77c25d0,8a2a8ac658c7fff,0,Single-Family Residential (Vacant),Single-Family Residential,Single-Family Residential
77926a31-a8b9-4e6d-abfd-2d64c177763c,8a2a8ac60c27fff,0,Institutional (Vacant),Institutional,Institutional
77926a31-a8b9-4e6d-abfd-2d64c177763c,8a2a8ac60d77fff,0,Institutional (Vacant),Institutional,Institutional
56ca82a7-7613-45f7-ac2b-72be7ed6b741,8a2a8ac75b6ffff,0,Single-Family Residential (Vacant),Residential (unspecified),Single-Family Residential
8c99b4c1-5465-4439-99ea-94ead800f432,8a2a8ad4858ffff,0,Unclassified,Unclassified,Residential (unspecified)
6087cd85-f14a-4cdf-83f6-134cd0cf3f06,8a2a8ac6c057fff,0,Single-Family Residential (Vacant),Residential (unspecified),Single-Family Residential
d3b1a431-8ed0-40e7-ae83-a154037e1fd1,8a2a8a8924cffff,0,Institutional (Vacant),Institutional,Institutional
beb38c50-fdc2-44b0-ab84-e32f9ee99408,8a2a8a8937b7fff,0,Commercial (Vacant),Industrial,Industrial
e961f23c-3b6b-4bdd-aaf5-df4151030a5c,8a2a8ad4e2c7fff,0,Single-Family Residential (Vacant),Residential (unspecified),Single-Family Residential
9f97a6a9-e71b-4011-9b84-e31c4939d53a,8a2a8ad4a2b7fff,0,Agricultural Land (Vacant),Agricultural Land,Agricultural Land
492ee256-1991-4ccc-9236-f2d868521bf4,8a2a8ac6535ffff,0,Single-Family Residential (Vacant),Single-Family Residential,Single-Family Residential
fe7c8c6c-3973-49c2-8b2f-dc87d6869009,8a2a8ac66397fff,0,Single-Family Residential (Vacant),Single-Family Residential,Single-Family Residential
04066e14-5355-4580-ac26-60bb01d73d8d,8a2a8ac65317fff,0,Single-Family Residential (Vacant),Single-Family Residential,Single-Family Residential
15b2dd4c-f049-4ece-ac7f-8d9b477bcd3d,8a2a8ac6c8effff,0,Commercial (Vacant),Commercial,Commercial
2899de4a-2020-4828-9fe4-8fc48c50883e,8a2a8ac6514ffff,0,Single-Family Residential (Vacant),Residential (unspecified),Single-Family Residential
ae2edf63-37d0-47f7-a0ec-e0e18a1ca447,8a2a8ac65d57fff,0,Single-Family Residential (Vacant),Single-Family Residential,Single-Family Residential
b85fb4da-c590-4e8d-b81a-bae26326a50b,8a2a8ad4ba8ffff,0,Single-Family Residential (Vacant),Single-Family Residential,Single-Family Residential
2331b5d2-b23d-43e1-8a47-b3855867cebb,8a2a8ac658effff,0,Single-Family Residential (Vacant),Single-Family Residential,Mixed Use
bf88e86d-2609-4dde-bbaa-52f6e39d32a6,8a2a8ac65957fff,0,Single-Family Residential (Vacant),Single-Family Residential,Single-Family Residential
5664b756-8cdb-48c5-9b65-9fe2dd7e5785,8a2a8a896747fff,0,Single-Family Residential (Vacant),Single-Family Residential,Single-Family Residential
5ca68fd6-fd3f-4bd6-a089-53e35c2c65ed,8a2a8ac65237fff,0,Multi-Family Residential (Vacant),Unclassified,Residential (unspecified)
9df2295d-fe8a-47f7-bdca-6c9ad6313f72,8a2a8ac6514ffff,0,Commercial (Vacant),Unclassified,Unclassified
50b28aeb-31da-4ad0-949b-d1713732d7e6,8a2a8a892527fff,0,Single-Family Residential (Vacant),Single-Family Residential,Single-Family Residential
0754240d-93d9-44f7-8dae-96a7d0ab4c3d,8a2a8ac65aaffff,0,Single-Family Residential (Vacant),Single-Family Residential,Single-Family Residential
b63ab6a9-afe4-4837-90b1-5c3f0398010d,8a2a8a8927a7fff,0,Institutional (Vacant),Institutional,Institutional
a6447955-91a0-4c81-9352-50f9fe1991e8,8a2a8ac63c5ffff,0,Single-Family Residential (Vacant),Residential (unspecified),Single-Family Residential
4ec780d7-3f7a-4447-8ef3-15aa9ef9fa03,8a2a8a8966affff,0,Government/Public (Vacant),Government/Public,Government/Public
eb130ca2-e91a-42f6-afcc-e764ef285819,8a2a8a8927a7fff,0,Institutional (Vacant),Institutional,Institutional
f8b35b3d-8c25-4b39-a25e-ed88a78c633b,8a2a8a8927a7fff,0,Institutional (Vacant),Institutional,Institutional
cfb8e5a4-09ba-4daa-854d-b2ac1b52d86b,8a2a8ac64007fff,0,Single-Family Residential (Vacant),Multi-Family Residential,Mixed Use
af184681-cd01-4256-88b6-7afb3d02c1b8,8a2a8ac65c9ffff,0,Institutional (Vacant),Institutional,Institutional
2d6c5e6e-3378-4d0c-b3ee-2e788ca5acdd,8a2a8ac64cc7fff,0,Residential (unspecified) (Vacant),Unclassified,Residential (unspecified)
d7fdeae5-3660-47ce-9a2b-2218f007000c,8a2a8ac64b1ffff,0,Multi-Family Residential (Vacant),Unclassified,Mixed Use
f587a71e-d4f3-4418-b6a2-237fb97a4eff,8a2a8a892ad7fff,0,Single-Family Residential (Vacant),Single-Family Residential,Single-Family Residential
7ab74e56-e1c7-4245-ab91-f8f75763069b,8a2a8ac65d57fff,0,Single-Family Residential (Vacant),Single-Family Residential,Single-Family Residential
d5ce9e0a-3791-4d4c-b582-60734bed506c,8a2a8ac6515ffff,0,Government/Public (Vacant),Government/Public,Infrastructure
8ba78a34-60c7-46a8-b934-d1b29e00775e,8a2a8ac60707fff,0,Unclassified,Unclassified,Institutional
8ba78a34-60c7-46a8-b934-d1b29e00775e,8a2a8ac60737fff,0,Unclassified,Unclassified,Institutional
a6ffb237-19c4-4aad-bad0-75a001a2329a,8a2a8ac6cd87fff,0,Institutional (Vacant),Institutional,Unclassified
a6ffb237-19c4-4aad-bad0-75a001a2329a,8a2a8ac6ccb7fff,0,Institutional (Vacant),Institutional,Unclassified
a6ffb237-19c4-4aad-bad0-75a001a2329a,8a2a8ac6cc87fff,0,Institutional (Vacant),Institutional,Unclassified
0ce4aa5b-e80d-41c4-aab6-3322db209dcc,8a2a8ad4a82ffff,0,Government/Public (Vacant),Government/Public,Government/Public
b4c9034f-ea7d-433e-aa62-af0583c91ac3,8a2a8ac65a2ffff,0,Single-Family Residential (Vacant),Single-Family Residential,Single-Family Residential
cb6a5d28-bbba-4e67-8b99-3da6e1e91915,8a2a8ac6514ffff,0,Commercial (Vacant),Unclassified,Unclassified
9a53b446-dd9e-4282-a89f-1184f694e2f5,8a2a8ac65d57fff,0,Single-Family Residential (Vacant),Single-Family Residential,Single-Family Residential
39577ad4-12f4-440d-bd71-47c90bf3ebde,8a2a8a892527fff,0,Single-Family Residential (Vacant),Single-Family Residential,Single-Family Residential
f0959589-e255-49c3-9e3c-8bc4d2c91d8c,8a2a8a896297fff,0,Single-Family Residential (Vacant),Single-Family Residential,Single-Family Residential
06b9b2f4-6b60-4c15-9a9a-f0924a810bd9,8a2a8ac65c9ffff,0,Institutional (Vacant),Institutional,Institutional
f7563251-3195-4242-90a6-9c9881bbd12b,8a2a8a896497fff,0,Single-Family Residential (Vacant),Single-Family Residential,Single-Family Residential
88a9047b-1579-4954-ab56-50bb31ae5106,8a2a8ac65247fff,0,Single-Family Residential (Vacant),Single-Family Residential,Single-Family Residential
5a26e0ac-dd1d-4d82-acbf-2e4bb78a0c18,8a2a8ac65957fff,0,Single-Family Residential (Vacant),Unclassified,Single-Family Residential
adf8aee7-0a87-407c-86a9-99e8295a6603,8a2a8ad4878ffff,0,Single-Family Residential (Vacant),Single-Family Residential,Single-Family Residential
adf8aee7-0a87-407c-86a9-99e8295a6603,8a2a8ad48787fff,0,Single-Family Residential (Vacant),Single-Family Residential,Single-Family Residential
1829f0bb-b87f-4bc0-9226-ce52946c756e,8a2a8ac66c27fff,0,Single-Family Residential (Vacant),Single-Family Residential,Single-Family Residential
1829f0bb-b87f-4bc0-9226-ce52946c756e,8a2a8ac66c17fff,0,Single-Family Residential (Vacant),Single-Family Residential,Single-Family Residential
4857054f-b58f-41dd-bce4-5e210e8a070f,8a2a8ad4b507fff,0,Commercial (Vacant),Commercial,Commercial
e6a34685-c38f-417b-a07a-fc4ffe003c80,8a2a8ac6c867fff,0,Commercial (Vacant),Commercial,Commercial
c88ee6d1-d6a4-4f67-88fb-569d47bb9447,8a2a8ac65b57fff,0,Single-Family Residential (Vacant),Unclassified,Residential (unspecified)
204bbf3b-f0c6-4f77-8708-fb9630c73e9b,8a2a8ac63067fff,0,Unclassified,Unclassified,Residential (unspecified)
00576f7c-63bd-4d30-8249-c07cf00f24c1,8a2a8ac6466ffff,0,Multi-Family Residential (Vacant),Mixed Use,Mixed Use
00576f7c-63bd-4d30-8249-c07cf00f24c1,8a2a8ac6464ffff,0,Multi-Family Residential (Vacant),Mixed Use,Mixed Use
4580aad3-1d0c-409a-9f14-bd70d72fc95e,8a2a8ad4aaaffff,0,Government/Public (Vacant),Government/Public,Government/Public
4580aad3-1d0c-409a-9f14-bd70d72fc95e,8a2a8ad4aa87fff,0,Government/Public (Vacant),Government/Public,Government/Public
ed4a55c4-ee30-4c38-a798-743a3fa66739,8a2a8ac65b9ffff,0,Commercial (Vacant),Commercial,Commercial
786bfacb-359c-4bae-98db-835d8bdd4ce7,8a2a8ac65c9ffff,0,Institutional (Vacant),Institutional,Unclassified
d8f8868a-3990-40d3-8312-e0ed84d95c8d,8a2a8ad4a107fff,0,Residential (unspecified) (Vacant),Unclassified,Unclassified
75dfe45a-c1b7-44ae-9a52-72f165568db7,8a2a8ac6585ffff,0,Single-Family Residential (Vacant),Residential (unspecified),Single-Family Residential
48c079df-d4a9-4ac2-b546-a4370873dfe6,8a2a8ac65a8ffff,0,Commercial (Vacant),Commercial,Commercial
30687e56-e162-48b8-ad30-44eb544dc554,8a2a8ad4a9b7fff,0,Government/Public (Vacant),Government/Public,Government/Public
cb1d8aa3-9b6f-4fbe-b323-8c2891220d89,8a2a8a892367fff,0,Single-Family Residential (Vacant),Unclassified,Residential (unspecified)
b8b84b9c-c2cb-4244-a261-50b9e4ff4770,8a2a8a8966cffff,0,Government/Public (Vacant),Government/Public,Government/Public
b8b84b9c-c2cb-4244-a261-50b9e4ff4770,8a2a8a8966e7fff,0,Government/Public (Vacant),Government/Public,Government/Public
f2e90f97-df98-4389-aac6-730c33d50ff8,8a2a8ac64b07fff,0,Multi-Family Residential (Vacant),Unclassified,Residential (unspecified)
bfc0802b-9559-4a91-acbc-a58a9d454948,8a2a8ad4a18ffff,0,Agricultural Land (Vacant),Agricultural Land,Agricultural Land
bfc0802b-9559-4a91-acbc-a58a9d454948,8a2a8ad4ac4ffff,0,Agricultural Land (Vacant),Agricultural Land,Agricultural Land
bfc0802b-9559-4a91-acbc-a58a9d454948,8a2a8ad4acc7fff,0,Agricultural Land (Vacant),Agricultural Land,Agricultural Land
bfc0802b-9559-4a91-acbc-a58a9d454948,8a2a8ad4ad4ffff,0,Agricultural Land (Vacant),Agricultural Land,Agricultural Land
bfc0802b-9559-4a91-acbc-a58a9d454948,8a2a8ad4ad67fff,0,Agricultural Land (Vacant),Agricultural Land,Agricultural Land
ab8f8008-6ffc-464e-b0e7-e376bdddff31,8a2a8ad4ac47fff,0,Agricultural Land (Vacant),Agricultural Land,Agricultural Land
ab8f8008-6ffc-464e-b0e7-e376bdddff31,8a2a8ad4ac4ffff,0,Agricultural Land (Vacant),Agricultural Land,Agricultural Land
ab8f8008-6ffc-464e-b0e7-e376bdddff31,8a2a8ad4ac67fff,0,Agricultural Land (Vacant),Agricultural Land,Agricultural Land
ab8f8008-6ffc-464e-b0e7-e376bdddff31,8a2a8ad4ad4ffff,0,Agricultural Land (Vacant),Agricultural Land,Agricultural Land
ab8f8008-6ffc-464e-b0e7-e376bdddff31,8a2a8ad4ad67fff,0,Agricultural Land (Vacant),Agricultural Land,Agricultural Land
222de491-24bb-40af-9116-6d94aa72cf62,8a2a8ac623affff,0,Single-Family Residential (Vacant),Single-Family Residential,Single-Family Residential
698115aa-b95a-4da1-91de-afd4d1f5388f,8a2a8ad4b507fff,0,Unclassified,Unclassified,Unclassified
698115aa-b95a-4da1-91de-afd4d1f5388f,8a2a8ad4b527fff,0,Unclassified,Unclassified,Unclassified
3c952250-fe8e-47f8-85f5-04758352f8b6,8a2a8ac6c097fff,0,Residential (unspecified) (Vacant),Unclassified,Institutional
3f7e4475-346b-4bd8-9378-8f6f5866557e,8a2a8ad4b997fff,0,Unclassified,Unclassified,Residential (unspecified)
3f7e4475-346b-4bd8-9378-8f6f5866557e,8a2a8ad4bd6ffff,0,Unclassified,Unclassified,Residential (unspecified)
3f7e4475-346b-4bd8-9378-8f6f5866557e,8a2a8ad486effff,0,Unclassified,Unclassified,Residential (unspecified)
01216c8e-45d5-4d1f-8aaa-e0850ac50aa4,8a2a8ad4a82ffff,0,Single-Family Residential (Vacant),Single-Family Residential,Single-Family Residential
01216c8e-45d5-4d1f-8aaa-e0850ac50aa4,8a2a8ad4a8e7fff,0,Single-Family Residential (Vacant),Single-Family Residential,Single-Family Residential
ce91479b-1b2a-4e7c-b8fd-25e599a653f3,8a2a8ad4ab67fff,0,Unclassified,Unclassified,Residential (unspecified)
04c0d56f-a203-4273-8747-25935c470511,8a2a8a890597fff,0,Single-Family Residential (Vacant),Unclassified,Single-Family Residential
0d7ce36b-68c5-4a5a-a092-f98ea9515fa4,8a2a8ac65ce7fff,0,Institutional (Vacant),Institutional,Institutional
0c5f58d0-68ae-450e-beba-90fa9de92f29,8a2a8ad4a907fff,0,Single-Family Residential (Vacant),Single-Family Residential,Single-Family Residential
0eb8b4b7-e577-4360-9857-84d57b6f2ed9,8a2a8ac66127fff,0,Single-Family Residential (Vacant),Single-Family Residential,Single-Family Residential
0e6a8902-6c72-4305-9876-fa49ea82cd66,8a2a8ad4a8effff,0,Single-Family Residential (Vacant),Single-Family Residential,Single-Family Residential
0ff6b113-b412-4fbc-b4a0-299123146091,8a2a8a892297fff,0,Commercial (Vacant),Commercial,Commercial
237bb86b-8178-44bd-b34b-95f718bb612d,8a2a8ac65ce7fff,0,Institutional (Vacant),Institutional,Unclassified
1613d7cc-5a6d-42ea-9667-a89aed8e3f0a,8a2a8ac64c47fff,0,Residential (unspecified) (Vacant),Unclassified,Residential (unspecified)
159ebb72-6463-407f-8afb-005e6141b2a1,8a2a8a89265ffff,0,Commercial (Vacant),Commercial,Mixed Use
16d6e534-7844-4e2a-9dd5-2451e25ad9f8,8a2a8ac660d7fff,0,Single-Family Residential (Vacant),Single-Family Residential,Single-Family Residential
16d6e534-7844-4e2a-9dd5-2451e25ad9f8,8a2a8ac66087fff,0,Single-Family Residential (Vacant),Single-Family Residential,Single-Family Residential
166431a6-f167-4057-a0c8-8e8e25643678,8a2a8ac66a17fff,0,Unclassified,Unclassified,Residential (unspecified)
166431a6-f167-4057-a0c8-8e8e25643678,8a2a8ac66baffff,0,Unclassified,Unclassified,Residential (unspecified)
216f78d1-7fe5-4cb9-b996-dd93326807d0,8a2a8a896497fff,0,Single-Family Residential (Vacant),Unclassified,Residential (unspecified)
2c01d218-cfe7-40cc-8758-5da639c3d423,8a2a8ac648d7fff,0,Unclassified,Unclassified,Mixed Use
2da85f8a-4253-4fff-b180-a05b51670ba9,8a2a8ac75b6ffff,0,Single-Family Residential (Vacant),Residential (unspecified),Single-Family Residential
2dfb70b9-19e2-467d-948f-9c8b22a8c04c,8a2a8a89349ffff,0,Commercial (Vacant),Industrial,Industrial
2dfb70b9-19e2-467d-948f-9c8b22a8c04c,8a2a8ac6cb27fff,0,Commercial (Vacant),Industrial,Industrial
2e058035-5939-47c4-b2e9-b94653b70d3a,8a2a8ac63877fff,0,Institutional (Vacant),Institutional,Institutional
2e058035-5939-47c4-b2e9-b94653b70d3a,8a2a8ac614b7fff,0,Institutional (Vacant),Institutional,Institutional
2e058035-5939-47c4-b2e9-b94653b70d3a,8a2a8ac63b67fff,0,Institutional (Vacant),Institutional,Institutional
2e058035-5939-47c4-b2e9-b94653b70d3a,8a2a8ac6394ffff,0,Institutional (Vacant),Institutional,Institutional
2e058035-5939-47c4-b2e9-b94653b70d3a,8a2a8ac63b17fff,0,Institutional (Vacant),Institutional,Institutional
2e058035-5939-47c4-b2e9-b94653b70d3a,8a2a8ac63a97fff,0,Institutional (Vacant),Institutional,Institutional
2e058035-5939-47c4-b2e9-b94653b70d3a,8a2a8ac63ac7fff,0,Institutional (Vacant),Institutional,Institutional
2e058035-5939-47c4-b2e9-b94653b70d3a,8a2a8ac63aaffff,0,Institutional (Vacant),Institutional,Institutional
2e058035-5939-47c4-b2e9-b94653b70d3a,8a2a8ac6316ffff,0,Institutional (Vacant),Institutional,Institutional
2e058035-5939-47c4-b2e9-b94653b70d3a,8a2a8ac6398ffff,0,Institutional (Vacant),Institutional,Institutional
2e058035-5939-47c4-b2e9-b94653b70d3a,8a2a8ac63aa7fff,0,Institutional (Vacant),Institutional,Institutional
2e058035-5939-47c4-b2e9-b94653b70d3a,8a2a8ac638f7fff,0,Institutional (Vacant),Institutional,Institutional
2e058035-5939-47c4-b2e9-b94653b70d3a,8a2a8ac63a5ffff,0,Institutional (Vacant),Institutional,Institutional
2e058035-5939-47c4-b2e9-b94653b70d3a,8a2a8ac63b8ffff,0,Institutional (Vacant),Institutional,Institutional
2e058035-5939-47c4-b2e9-b94653b70d3a,8a2a8ac63a27fff,0,Institutional (Vacant),Institutional,Institutional
2e058035-5939-47c4-b2e9-b94653b70d3a,8a2a8ac61627fff,0,Institutional (Vacant),Institutional,Institutional
2e058035-5939-47c4-b2e9-b94653b70d3a,8a2a8ac616b7fff,0,Institutional (Vacant),Institutional,Institutional
2e058035-5939-47c4-b2e9-b94653b70d3a,8a2a8ac638c7fff,0,Institutional (Vacant),Institutional,Institutional
2e058035-5939-47c4-b2e9-b94653b70d3a,8a2a8ac63b5ffff,0,Institutional (Vacant),Institutional,Institutional
2e058035-5939-47c4-b2e9-b94653b70d3a,8a2a8ac63857fff,0,Institutional (Vacant),Institutional,Institutional
2e058035-5939-47c4-b2e9-b94653b70d3a,8a2a8ac63847fff,0,Institutional (Vacant),Institutional,Institutional
2e058035-5939-47c4-b2e9-b94653b70d3a,8a2a8ac6ed37fff,0,Institutional (Vacant),Institutional,Institutional
2e058035-5939-47c4-b2e9-b94653b70d3a,8a2a8ac6384ffff,0,Institutional (Vacant),Institutional,Institutional
2e058035-5939-47c4-b2e9-b94653b70d3a,8a2a8ac6168ffff,0,Institutional (Vacant),Institutional,Institutional
2e058035-5939-47c4-b2e9-b94653b70d3a,8a2a8ac63b4ffff,0,Institutional (Vacant),Institutional,Institutional
319900b6-8dc4-4c6f-a59b-11f160519d79,8a2a8ac6585ffff,0,Multi-Family Residential (Vacant),Unclassified,Mixed Use
319900b6-8dc4-4c6f-a59b-11f160519d79,8a2a8ac658effff,0,Multi-Family Residential (Vacant),Unclassified,Mixed Use
33274e35-380d-4bda-a8aa-217badf52ccc,8a2a8ac6351ffff,0,Residential (unspecified) (Vacant),Unclassified,Residential (unspecified)
8f3e3a1a-d8b5-4891-b905-b226301403e0,8a2a8ac65d57fff,0,Single-Family Residential (Vacant),Single-Family Residential,Single-Family Residential
36e940fb-5796-44cb-8c31-f4070a779639,8a2a8a893637fff,0,Commercial (Vacant),Industrial,Industrial
40bf12d6-1abd-44f2-aecb-993da0b86b4a,8a2a8ac64097fff,0,Unclassified,Unclassified,Infrastructure
44da5520-3189-4671-862c-bd21edf9ef06,8a2a8ad484affff,0,Unclassified,Unclassified,Residential (unspecified)
47c39b68-cb90-4381-8fdc-f9909635a238,8a2a8ac6650ffff,0,Single-Family Residential (Vacant),Single-Family Residential,Single-Family Residential
47c39b68-cb90-4381-8fdc-f9909635a238,8a2a8ac66547fff,0,Single-Family Residential (Vacant),Single-Family Residential,Single-Family Residential
48f6595e-812a-4d58-94a3-0f0a66bf8f38,8a2a8ad4aa87fff,0,Single-Family Residential (Vacant),Unclassified,Unclassified
ab2a109f-3693-4753-9802-35b1a33810c6,8a2a8ac60cc7fff,0,Government/Public (Vacant),Government/Public,Infrastructure
197cf84b-57b3-4674-a590-18ebc66b465b,8a2a8ad59047fff,0,Institutional (Vacant),Institutional,Institutional
a0ecc36d-b371-4891-98b6-79d55fa93e13,8a2a8ac6502ffff,0,Single-Family Residential (Vacant),Single-Family Residential,Mixed Use
664dc105-626f-453d-8c76-517ceea2c86e,8a2a8ac64b1ffff,0,Multi-Family Residential (Vacant),Unclassified,Residential (unspecified)
664dc105-626f-453d-8c76-517ceea2c86e,8a2a8ac64b07fff,0,Multi-Family Residential (Vacant),Unclassified,Residential (unspecified)
6c0020fb-9760-477a-b9e3-3f62438b8fc4,8a2a8a896497fff,0,Single-Family Residential (Vacant),Single-Family Residential,Single-Family Residential
6d19c2e2-15cf-4d2b-bbc2-e04c0654e357,8a2a8ad48447fff,0,Single-Family Residential (Vacant),Unclassified,Residential (unspecified)
719e5a13-5819-4bd9-beed-5e1b3a6ed581,8a2a8ac64d27fff,0,Agricultural Land (Vacant),Agricultural Land,Agricultural Land
719e5a13-5819-4bd9-beed-5e1b3a6ed581,8a2a8ac64da7fff,0,Agricultural Land (Vacant),Agricultural Land,Agricultural Land
719e5a13-5819-4bd9-beed-5e1b3a6ed581,8a2a8ad4a6a7fff,0,Agricultural Land (Vacant),Agricultural Land,Agricultural Land
719e5a13-5819-4bd9-beed-5e1b3a6ed581,8a2a8ad4a6affff,0,Agricultural Land (Vacant),Agricultural Land,Agricultural Land
7d19ee03-e4ee-485c-bd44-c03d5f8ad826,8a2a8ac60617fff,0,Commercial (Vacant),Commercial,Commercial
7f7acaf6-2218-4856-b099-e67efbbaca3f,8a2a8ac6099ffff,0,Residential (unspecified) (Vacant),Unclassified,Residential (unspecified)
7f7acaf6-2218-4856-b099-e67efbbaca3f,8a2a8ac608b7fff,0,Residential (unspecified) (Vacant),Unclassified,Residential (unspecified)
823b4677-df2f-4432-897b-aa84e7c8c9cc,8a2a8ad4bacffff,0,Single-Family Residential (Vacant),Single-Family Residential,Single-Family Residential
823b4677-df2f-4432-897b-aa84e7c8c9cc,8a2a8ad4ba8ffff,0,Single-Family Residential (Vacant),Single-Family Residential,Single-Family Residential
832a1e26-ba2d-4e54-99aa-ba53002825ec,8a2a8ac65b9ffff,0,Commercial (Vacant),Commercial,Commercial
8767d178-4a9e-4615-8f94-88c7f59c908d,8a2a8ac6c057fff,0,Commercial (Vacant),Industrial,Commercial
8995c1b7-e7a4-44c3-9132-7ba2615fe022,8a2a8ad484affff,0,Unclassified,Unclassified,Residential (unspecified)
cdccf976-ddad-42e5-a980-52fdf69d508c,8a2a8a89219ffff,0,Single-Family Residential (Vacant),Single-Family Residential,Single-Family Residential
8c5bb3dc-b437-476a-87b2-fe130fa3010d,8a2a8ac75b6ffff,0,Single-Family Residential (Vacant),Single-Family Residential,Single-Family Residential
8d06d813-617e-4799-818c-e92bcd3be382,8a2a8ac6c067fff,0,Commercial (Vacant),Commercial,Government/Public
957b1698-0222-4401-8683-11cb5020dba9,8a2a8ac6c867fff,0,Commercial (Vacant),Commercial,Infrastructure
96e0b4f5-cff4-424e-8f06-a51d862aaf6a,8a2a8ac63067fff,0,Unclassified,Unclassified,Residential (unspecified)
96e0b4f5-cff4-424e-8f06-a51d862aaf6a,8a2a8ac630e7fff,0,Unclassified,Unclassified,Residential (unspecified)
9b39dfbf-38b5-4482-a7ff-fe7815e7d327,8a2a8ac6416ffff,0,Multi-Family Residential (Vacant),Unclassified,Mixed Use
9b39dfbf-38b5-4482-a7ff-fe7815e7d327,8a2a8ac64167fff,0,Multi-Family Residential (Vacant),Unclassified,Mixed Use
9d1f8ecf-16da-472b-8109-e3a000ae3bd5,8a2a8ac618c7fff,0,Unclassified,Government/Public,Infrastructure
9d1f8ecf-16da-472b-8109-e3a000ae3bd5,8a2a8ac61887fff,0,Unclassified,Government/Public,Infrastructure
9da4e732-27ba-4f4b-a2f2-dd42ee2f2bb9,8a2a8ac60717fff,0,Unclassified,Unclassified,Residential (unspecified)
9da4e732-27ba-4f4b-a2f2-dd42ee2f2bb9,8a2a8ac60737fff,0,Unclassified,Unclassified,Residential (unspecified)
9e423b3f-ad9c-4e24-a24e-a5a91ecd635d,8a2a8ad4b437fff,0,Commercial (Vacant),Commercial,Commercial
9f94c7fe-0295-44cb-b855-9c433e3321e6,8a2a8ad484d7fff,0,Unclassified,Unclassified,Residential (unspecified)
a23d828a-975b-40c3-b72b-fa8d6bef41c4,8a2a8ac64a57fff,0,Single-Family Residential (Vacant),Unclassified,Mixed Use
a4e443f5-11cc-4608-b36b-487a2bba58c4,8a2a8a89369ffff,0,Commercial (Vacant),Industrial,Industrial
a78516e9-1cfe-4e3b-af70-a55077c3c729,8a2a8ac6355ffff,0,Residential (unspecified) (Vacant),Unclassified,Residential (unspecified)
a78516e9-1cfe-4e3b-af70-a55077c3c729,8a2a8ac63577fff,0,Residential (unspecified) (Vacant),Unclassified,Residential (unspecified)
a78516e9-1cfe-4e3b-af70-a55077c3c729,8a2a8ac63587fff,0,Residential (unspecified) (Vacant),Unclassified,Residential (unspecified)
aa2b3bf3-eafa-4f55-9921-68bba7e6e664,8a2a8ac6028ffff,0,Multi-Family Residential (Vacant),Multi-Family Residential,Multi-Family Residential
44d4d6dc-1ebf-4714-a18e-3b8a5ea6a3fb,8a2a8ad59047fff,0,Institutional (Vacant),Institutional,Institutional
b043850b-ad4a-49b4-bb8d-14c63d38d838,8a2a8ac6c987fff,0,Commercial (Vacant),Commercial,Mixed Use
b38b915a-3183-4d4f-9ac5-94b4350600bb,8a2a8ac6c097fff,0,Government/Public (Vacant),Government/Public,Government/Public
b7270634-7d97-4669-87c3-7c7b27f5d277,8a2a8ac63c67fff,0,Unclassified,Unclassified,Unclassified
cbae59fa-636b-4e08-a791-3cf11f41a274,8a2a8ad4aad7fff,0,Single-Family Residential (Vacant),Single-Family Residential,Single-Family Residential
cb4839d3-4be2-432b-84ca-dff44c1c66e0,8a2a8a896497fff,0,Single-Family Residential (Vacant),Unclassified,Residential (unspecified)
cc6280f6-4732-4fd7-9185-fb5f20591f98,8a2a8a892baffff,0,Single-Family Residential (Vacant),Single-Family Residential,Single-Family Residential
cf09ea16-300b-4b07-b598-01248f131ff0,8a2a8ac668effff,0,Agricultural Land (Vacant),Agricultural Land,Agricultural Land
cf09ea16-300b-4b07-b598-01248f131ff0,8a2a8ac66bb7fff,0,Agricultural Land (Vacant),Agricultural Land,Agricultural Land
cf09ea16-300b-4b07-b598-01248f131ff0,8a2a8ac668f7fff,0,Agricultural Land (Vacant),Agricultural Land,Agricultural Land
cf09ea16-300b-4b07-b598-01248f131ff0,8a2a8ac668d7fff,0,Agricultural Land (Vacant),Agricultural Land,Agricultural Land
cf09ea16-300b-4b07-b598-01248f131ff0,8a2a8ac668e7fff,0,Agricultural Land (Vacant),Agricultural Land,Agricultural Land
cf10e056-00f2-41b9-8232-631f0ea69b98,8a2a8ac64097fff,0,Unclassified,Unclassified,Infrastructure
d394de0f-00d4-4faf-8ff1-bdaf8583b413,8a2a8ac64d67fff,0,Single-Family Residential (Vacant),Residential (unspecified),Single-Family Residential
d6158a3b-bbef-48b8-ae07-b9e15e75c064,8a2a8ac64b1ffff,0,Multi-Family Residential (Vacant),Unclassified,Residential (unspecified)
d6158a3b-bbef-48b8-ae07-b9e15e75c064,8a2a8ac64b07fff,0,Multi-Family Residential (Vacant),Unclassified,Residential (unspecified)
d5d81e8b-d946-4507-b644-c6e8cbcc9da5,8a2a8ac62267fff,0,Government/Public (Vacant),Government/Public,Government/Public
d62d84f4-0589-4ef0-9972-69a8312dab2f,8a2a8ad4b31ffff,0,Unclassified,Unclassified,Residential (unspecified)
d8d8caa0-b59b-4a2c-902d-229a0eddef4d,8a2a8ac64b07fff,0,Multi-Family Residential (Vacant),Mixed Use,Mixed Use
d99a39fa-e184-4297-8503-9074c8336be3,8a2a8ac63c67fff,0,Unclassified,Unclassified,Residential (unspecified)
d99a39fa-e184-4297-8503-9074c8336be3,8a2a8ac63897fff,0,Unclassified,Unclassified,Residential (unspecified)
d99a39fa-e184-4297-8503-9074c8336be3,8a2a8ac6398ffff,0,Unclassified,Unclassified,Residential (unspecified)
de8d87b4-b8b7-4a46-ad22-01248f55026b,8a2a8ac658effff,0,Single-Family Residential (Vacant),Single-Family Residential,Single-Family Residential
dd255c4e-a2ee-4468-a40e-1fbf8fc2c041,8a2a8ac6caeffff,0,Commercial (Vacant),Commercial,Commercial
dd255c4e-a2ee-4468-a40e-1fbf8fc2c041,8a2a8ac6dd87fff,0,Commercial (Vacant),Commercial,Commercial
dfaf6e25-ee0f-41e9-9e03-d692d4f86cf3,8a2a8ad4b08ffff,0,Government/Public (Vacant),Government/Public,Government/Public
df10d8d5-df2c-47af-a909-ddecb1811d38,8a2a8a89355ffff,0,Commercial (Vacant),Industrial,Industrial
e444526e-bfd8-4bd0-bacc-b154036ab4ee,8a2a8ac6461ffff,0,Single-Family Residential (Vacant),Unclassified,Mixed Use
e5bd6eb8-e080-4fc1-9dc2-f5514b5c3268,8a2a8ad4bc47fff,0,Unclassified,Unclassified,Residential (unspecified)
e70821b1-ef77-4e7b-9dd2-805c73d0da28,8a2a8ac63157fff,0,Unclassified,Unclassified,Unclassified
e70821b1-ef77-4e7b-9dd2-805c73d0da28,8a2a8ac63107fff,0,Unclassified,Unclassified,Unclassified
e70821b1-ef77-4e7b-9dd2-805c73d0da28,8a2a8ac63117fff,0,Unclassified,Unclassified,Unclassified
eacbd423-96bb-419b-a35c-da821b4eba36,8a2a8ad4a58ffff,0,Agricultural Land (Vacant),Agricultural Land,Agricultural Land
eacbd423-96bb-419b-a35c-da821b4eba36,8a2a8ad4acc7fff,0,Agricultural Land (Vacant),Agricultural Land,Agricultural Land
eacbd423-96bb-419b-a35c-da821b4eba36,8a2a8ad4ac97fff,0,Agricultural Land (Vacant),Agricultural Land,Agricultural Land
eacbd423-96bb-419b-a35c-da821b4eba36,8a2a8ad4a51ffff,0,Agricultural Land (Vacant),Agricultural Land,Agricultural Land
eacbd423-96bb-419b-a35c-da821b4eba36,8a2a8ad4a50ffff,0,Agricultural Land (Vacant),Agricultural Land,Agricultural Land
eacbd423-96bb-419b-a35c-da821b4eba36,8a2a8ad5d25ffff,0,Agricultural Land (Vacant),Agricultural Land,Agricultural Land
ecc7605d-b576-4fbf-8391-ce90c35d14f9,8a2a8ad4a11ffff,0,Agricultural Land (Vacant),Agricultural Land,Agricultural Land
ecc7605d-b576-4fbf-8391-ce90c35d14f9,8a2a8ad4a8effff,0,Agricultural Land (Vacant),Agricultural Land,Agricultural Land
ecc7605d-b576-4fbf-8391-ce90c35d14f9,8a2a8ad4a02ffff,0,Agricultural Land (Vacant),Agricultural Land,Agricultural Land
ecc7605d-b576-4fbf-8391-ce90c35d14f9,8a2a8ad4a057fff,0,Agricultural Land (Vacant),Agricultural Land,Agricultural Land
ecc7605d-b576-4fbf-8391-ce90c35d14f9,8a2a8ad4a8e7fff,0,Agricultural Land (Vacant),Agricultural Land,Agricultural Land
ecc7605d-b576-4fbf-8391-ce90c35d14f9,8a2a8ad4a107fff,0,Agricultural Land (Vacant),Agricultural Land,Agricultural Land
ecc7605d-b576-4fbf-8391-ce90c35d14f9,8a2a8ad4a0e7fff,0,Agricultural Land (Vacant),Agricultural Land,Agricultural Land
ecc7605d-b576-4fbf-8391-ce90c35d14f9,8a2a8ad4a15ffff,0,Agricultural Land (Vacant),Agricultural Land,Agricultural Land
015dd45d-52ad-4c13-9ff1-37f91489490e,8a2a8ac6526ffff,0,Single-Family Residential (Vacant),Single-Family Residential,Single-Family Residential
ee84e342-8bac-40ea-a43b-5bb0904418ff,8a2a8a892a4ffff,0,Single-Family Residential (Vacant),Residential (unspecified),Single-Family Residential
f01b1d5c-c0a3-4a4b-90af-5960c8af525a,8a2a8ad4b497fff,0,Government/Public (Vacant),Government/Public,Government/Public
c716df0e-d0f4-4269-be38-bcf4b9df6d37,8a2a8ac6514ffff,0,Single-Family Residential (Vacant),Single-Family Residential,Single-Family Residential
f1d8bd90-e17d-4fd8-9cd3-fc8af6ec6063,8a2a8ac63157fff,0,Agricultural Land (Vacant),Agricultural Land,Agricultural Land
f1d8bd90-e17d-4fd8-9cd3-fc8af6ec6063,8a2a8ac63a97fff,0,Agricultural Land (Vacant),Agricultural Land,Agricultural Land
f1d8bd90-e17d-4fd8-9cd3-fc8af6ec6063,8a2a8ac63067fff,0,Agricultural Land (Vacant),Agricultural Land,Agricultural Land
f6c1994c-4f61-42e9-ba87-39efe685e679,8a2a8ac6cb4ffff,0,Institutional (Vacant),Institutional,Unclassified
f6c1994c-4f61-42e9-ba87-39efe685e679,8a2a8ac6cb47fff,0,Institutional (Vacant),Institutional,Unclassified
f754cf23-0ada-4237-9141-52c6ea9869cd,8a2a8ac64c47fff,0,Residential (unspecified) (Vacant),Unclassified,Residential (unspecified)
faf20d0b-813e-423a-8454-894252c2afca,8a2a8ac644f7fff,0,Single-Family Residential (Vacant),Single-Family Residential,Single-Family Residential
f933e4e0-e8b8-4b05-be3c-6de93266c407,8a2a8ac64097fff,0,Unclassified,Unclassified,Residential (unspecified)
fb208aba-f63f-420f-8c72-0bd6b544f5d8,8a2a8ac64167fff,0,Multi-Family Residential (Vacant),Unclassified,Mixed Use
ffadbdea-ab9a-42e8-8019-b25382e64baf,8a2a8ac60707fff,0,Unclassified,Unclassified,Institutional
0cffb48e-7fe3-44d8-a91f-34829d9153d7,8a2a8ac65107fff,0,Commercial (Vacant),Commercial,Commercial
ff26a979-1764-406b-866a-c014e0083edd,8a2a8ac6dd17fff,0,Commercial (Vacant),Commercial,Commercial
ff26a979-1764-406b-866a-c014e0083edd,8a2a8ac6dd0ffff,0,Commercial (Vacant),Commercial,Commercial
0222d829-9272-4090-be70-f6215ecb2f92,8a2a8ac65317fff,0,Single-Family Residential (Vacant),Single-Family Residential,Single-Family Residential
3818d2f6-149a-43f2-b174-aae30f51ad11,8a2a8ac65a2ffff,0,Single-Family Residential (Vacant),Single-Family Residential,Single-Family Residential
3818d2f6-149a-43f2-b174-aae30f51ad11,8a2a8ac65a27fff,0,Single-Family Residential (Vacant),Single-Family Residential,Single-Family Residential
1d17a442-e6d8-4e48-90d3-972554b50a09,8a2a8ac65b1ffff,0,Single-Family Residential (Vacant),Single-Family Residential,Single-Family Residential
1d17a442-e6d8-4e48-90d3-972554b50a09,8a2a8ac65a27fff,0,Single-Family Residential (Vacant),Single-Family Residential,Single-Family Residential
217cac61-e780-43b2-8d99-d70e2c7fa11d,8a2a8ac65d57fff,0,Single-Family Residential (Vacant),Single-Family Residential,Single-Family Residential
1e47c164-06b3-4f20-96f8-920b843495c7,8a2a8ad59047fff,0,Institutional (Vacant),Institutional,Institutional
3d9fcfb9-f49b-42cd-aa78-05b6549ffe01,8a2a8ac65107fff,0,Commercial,Commercial,Commercial
41cc9fba-8670-4dfc-aee8-15312ce60f34,8a2a8ac65aaffff,0,Institutional (Vacant),Institutional,Institutional
480b3efb-dbba-4b45-bffc-2d0c40b9a6f4,8a2a8ac66a77fff,0,Single-Family Residential (Vacant),Single-Family Residential,Single-Family Residential
5cece746-bc43-4a69-880f-e6bd4e459055,8a2a8a892517fff,0,Single-Family Residential (Vacant),Single-Family Residential,Single-Family Residential
5cece746-bc43-4a69-880f-e6bd4e459055,8a2a8a892507fff,0,Single-Family Residential (Vacant),Single-Family Residential,Single-Family Residential
5ef0f3c0-fea8-45b6-8e22-0e98dde0e389,8a2a8a892167fff,0,Single-Family Residential (Vacant),Multi-Family Residential,Single-Family Residential
6fe16db9-28f7-4e37-b118-23e8eadca1e3,8a2a8ac64adffff,0,Single-Family Residential (Vacant),Single-Family Residential,Single-Family Residential
7719fea1-7a09-41b8-93a3-833011213a87,8a2a8a892527fff,0,Single-Family Residential (Vacant),Single-Family Residential,Single-Family Residential
7a9c01fb-7831-4975-8f7e-084eb1061a00,8a2a8ac65a2ffff,0,Single-Family Residential (Vacant),Unclassified,Residential (unspecified)
7a9c01fb-7831-4975-8f7e-084eb1061a00,8a2a8ac65b57fff,0,Single-Family Residential (Vacant),Unclassified,Residential (unspecified)
fd90d064-78de-4ee6-abe0-19fffc568510,8a2a8ad4a82ffff,0,Single-Family Residential (Vacant),Residential (unspecified),Single-Family Residential
f25d5cd8-1295-465e-bee4-9a1b54ccf4d4,8a2a8ac65b1ffff,0,Single-Family Residential (Vacant),Unclassified,Residential (unspecified)
f25d5cd8-1295-465e-bee4-9a1b54ccf4d4,8a2a8ac65a37fff,0,Single-Family Residential (Vacant),Unclassified,Residential (unspecified)
f19f4a6e-74ee-4d55-8a34-792a187fb896,8a2a8ac64167fff,0,Single-Family Residential,Multi-Family Residential,Multi-Family Residential
0347c5b2-b48a-479d-b43b-5830e855e28e,8a2a8ac60daffff,0,Single-Family Residential,Single-Family Residential,Single-Family Residential
055447f4-12c8-412e-8f5e-7823295a03d2,8a2a8ad4b08ffff,0,Single-Family Residential,Single-Family Residential,Single-Family Residential
055447f4-12c8-412e-8f5e-7823295a03d2,8a2a8ad4b0d7fff,0,Single-Family Residential,Single-Family Residential,Single-Family Residential
108e92aa-0d4d-4df0-adee-567b395bc37d,8a2a8ad4a31ffff,0,Single-Family Residential,Single-Family Residential,Single-Family Residential
151ce3b6-e361-4f43-a094-efa64e6b5587,8a2a8ac6351ffff,0,Single-Family Residential,Single-Family Residential,Single-Family Residential
1907c6cb-2882-4919-b244-782003294908,8a2a8ad4b527fff,0,Single-Family Residential,Single-Family Residential,Mixed Use
64f30c96-80d3-4c99-be70-1e8995153c18,8a2a8ac65aaffff,0,Multi-Family Residential (Vacant),Multi-Family Residential,Mixed Use
1d06e3cf-f9fc-41fd-a145-889ec9510e06,8a2a8ad48407fff,0,Single-Family Residential,Single-Family Residential,Single-Family Residential
200a2942-03cd-4d04-bba0-9adf855e0534,8a2a8ac66a47fff,0,Single-Family Residential,Single-Family Residential,Single-Family Residential
23ce2f97-24be-4615-8199-7f235302e34f,8a2a8ad4aad7fff,0,Single-Family Residential,Single-Family Residential,Single-Family Residential
2b10c7dc-4fb4-44c7-8150-1677f2cbe720,8a2a8a8966cffff,0,Single-Family Residential,Single-Family Residential,Single-Family Residential
300849fb-f933-46e5-8b4e-55d67893260c,8a2a8ac6408ffff,0,Single-Family Residential,Single-Family Residential,Single-Family Residential
3a9f795d-46bd-4406-8be0-c96463194ec2,8a2a8ad48097fff,0,Single-Family Residential,Single-Family Residential,Single-Family Residential
3c06465d-2a54-4414-8466-6d2234ff0069,8a2a8ad4bd97fff,0,Single-Family Residential,Single-Family Residential,Single-Family Residential
403e799c-7d90-4b0f-a658-5bc1633dac69,8a2a8ad4b76ffff,0,Single-Family Residential,Single-Family Residential,Single-Family Residential
416446d3-cffe-49a5-b2d3-4488a07871f7,8a2a8ac66397fff,0,Single-Family Residential,Single-Family Residential,Single-Family Residential
442a0f3b-6828-41af-bbe8-f80d7022f05a,8a2a8ac64167fff,0,Single-Family Residential,Multi-Family Residential,Multi-Family Residential
4778a5df-26f3-45a1-9a82-894d1ae25433,8a2a8ac6c967fff,0,Industrial,Industrial,Government/Public
47e13e99-fc2a-4162-b392-f095e0b6ccbd,8a2a8ad4b527fff,0,Commercial,Commercial,Commercial
522b2961-c9a2-410a-8cf1-f63aa1580711,8a2a8ad4b527fff,0,Single-Family Residential,Single-Family Residential,Mixed Use
52798811-ba07-4a9c-92e3-317ab6c6554b,8a2a8ad4b527fff,0,Single-Family Residential,Single-Family Residential,Mixed Use
5f715c6d-bcf3-4b3c-96d2-0fea2b87eb96,8a2a8ac64307fff,0,Single-Family Residential,Single-Family Residential,Single-Family Residential
6580bbaa-1308-419a-be58-f21f3859d76a,8a2a8ac6008ffff,0,Single-Family Residential,Multi-Family Residential,Multi-Family Residential
6f901ef7-4309-4293-9995-1746d5e5db81,8a2a8ac66ad7fff,0,Single-Family Residential,Single-Family Residential,Single-Family Residential
71972779-4149-42f4-a2db-2c24a2282982,8a2a8ad4b527fff,0,Single-Family Residential,Single-Family Residential,Mixed Use
72fc9efc-84a7-4e06-b19b-9b1e53d319f9,8a2a8ac64687fff,0,Single-Family Residential,Single-Family Residential,Single-Family Residential
74138aa4-a07d-4efa-81e7-a16b21584689,8a2a8ad48097fff,0,Single-Family Residential,Single-Family Residential,Single-Family Residential
775fb061-c2f9-4e27-a852-826c8e9042b1,8a2a8ac6466ffff,0,Single-Family Residential,Multi-Family Residential,Multi-Family Residential
775fb061-c2f9-4e27-a852-826c8e9042b1,8a2a8ac6464ffff,0,Single-Family Residential,Multi-Family Residential,Multi-Family Residential
7e4fbedd-8b2d-4e38-837f-9a16e360f7c8,8a2a8ac66ae7fff,0,Single-Family Residential,Single-Family Residential,Single-Family Residential
982b5880-ac86-4544-8e74-27a186e25bbd,8a2a8ad4a82ffff,0,Single-Family Residential,Single-Family Residential,Single-Family Residential
81fb6604-ad3e-466a-b86f-6751fd943633,8a2a8ac60d97fff,0,Single-Family Residential,Single-Family Residential,Single-Family Residential
8531e0f5-1f98-47c1-a213-0f5ae928c960,8a2a8ac64097fff,0,Single-Family Residential,Single-Family Residential,Single-Family Residential
85ee0fa4-d459-4ed9-91e2-bd313f6ed42b,8a2a8ad4aa9ffff,0,Single-Family Residential,Single-Family Residential,Single-Family Residential
880695d9-8502-4807-9719-8aa30c24c11c,8a2a8ac66a17fff,0,Single-Family Residential,Single-Family Residential,Single-Family Residential
897d2c24-08bf-45aa-bea8-23343cd9def3,8a2a8ac65b1ffff,0,Single-Family Residential,Single-Family Residential,Single-Family Residential
8c9dc108-9039-4f56-828d-fa9aeb668305,8a2a8ac65107fff,0,Commercial (Vacant),Commercial,Commercial
8caf5d18-27cd-45e1-b85b-1e345d7eac15,8a2a8ad4b527fff,0,Single-Family Residential,Single-Family Residential,Single-Family Residential
8fab790c-dd7c-4c58-9b1a-2ef4399ca752,8a2a8a892a8ffff,0,Single-Family Residential,Single-Family Residential,Single-Family Residential
90983baa-e46a-4d85-9e31-c6597c249b9b,8a2a8ac6530ffff,0,Single-Family Residential,Single-Family Residential,Single-Family Residential
9195a925-0835-46f0-ba74-2c95bc7a6ea4,8a2a8ac65adffff,0,Single-Family Residential,Single-Family Residential,Single-Family Residential
9e9081c2-0439-48ec-9c42-937ef6d71b11,8a2a8ad4bd97fff,0,Single-Family Residential,Single-Family Residential,Mixed Use
a18bf198-7953-413b-b617-48f0d3f0e333,8a2a8ac64167fff,0,Single-Family Residential,Multi-Family Residential,Multi-Family Residential
a71a4233-2700-4521-8537-c996296c274d,8a2a8ac66baffff,0,Single-Family Residential,Single-Family Residential,Single-Family Residential
ab9b6120-34f5-496e-9a9f-e9ceab6cad3b,8a2a8ac66a67fff,0,Single-Family Residential,Single-Family Residential,Single-Family Residential
ab9b6120-34f5-496e-9a9f-e9ceab6cad3b,8a2a8ac66a77fff,0,Single-Family Residential,Single-Family Residential,Single-Family Residential
ac664d94-b2fe-4abb-b7e7-4bfa67eb1c3b,8a2a8ac6099ffff,0,Single-Family Residential,Single-Family Residential,Multi-Family Residential
ac664d94-b2fe-4abb-b7e7-4bfa67eb1c3b,8a2a8ac608b7fff,0,Single-Family Residential,Single-Family Residential,Multi-Family Residential
acc1acf7-0285-4e81-9c9e-2d9bb07da8de,8a2a8ad4b527fff,0,Single-Family Residential,Single-Family Residential,Mixed Use
b0653979-3165-434b-8adb-d1b90dcf6bf3,8a2a8ac65337fff,0,Single-Family Residential,Single-Family Residential,Single-Family Residential
b290de38-f202-4121-bc44-4b1a3d094b9e,8a2a8ad4ab67fff,0,Single-Family Residential,Single-Family Residential,Single-Family Residential
b93c233a-967e-4ef9-b511-22e73a877a94,8a2a8ad4aa67fff,0,Single-Family Residential (Vacant),Unclassified,Mixed Use
b97bcf2f-a9d3-4dbe-aaa5-898bae4688e1,8a2a8a89362ffff,0,Single-Family Residential,Single-Family Residential,Single-Family Residential
be106566-1f4e-4140-ac6c-bf8b863bf111,8a2a8ad48407fff,0,Single-Family Residential,Single-Family Residential,Single-Family Residential
bfacdffe-9f25-4200-ad99-cbcaeea1544e,8a2a8ad4b21ffff,0,Single-Family Residential,Single-Family Residential,Multi-Family Residential
c3a42d3a-d8a9-4590-998f-0f6799e9d008,8a2a8ac66987fff,0,Single-Family Residential,Single-Family Residential,Single-Family Residential
c43ede2a-584c-47f5-bcd1-4b2ec109c4be,8a2a8ad4b527fff,0,Single-Family Residential,Single-Family Residential,Mixed Use
c59f1398-6deb-43ee-911c-86430f509afb,8a2a8ad4aaaffff,0,Single-Family Residential,Single-Family Residential,Single-Family Residential
c6cbaf8e-86cb-4904-bb93-e044e61334a6,8a2a8ad48467fff,0,Single-Family Residential,Single-Family Residential,Single-Family Residential
c9248fe6-6bba-4039-a43f-f909885eb8bf,8a2a8ad4aad7fff,0,Single-Family Residential,Single-Family Residential,Single-Family Residential
ca1b0351-b0fd-4c44-ad05-967385d6d55c,8a2a8ac65a37fff,0,Single-Family Residential,Single-Family Residential,Single-Family Residential
cb8d903e-7379-4b85-a638-7df59384c89d,8a2a8ad4a8e7fff,0,Single-Family Residential,Single-Family Residential,Single-Family Residential
cfb97e84-05e9-48fc-859a-1a3671075e45,8a2a8ac6466ffff,0,Single-Family Residential,Multi-Family Residential,Multi-Family Residential
d2ca321f-9286-4dd8-92b8-0b006e9566cd,8a2a8ac64b1ffff,0,Multi-Family Residential,Multi-Family Residential,Multi-Family Residential
d31d2c2b-c9ad-4bfc-8f25-f207c2313247,8a2a8ac664cffff,0,Single-Family Residential,Single-Family Residential,Single-Family Residential
d424e2eb-d24a-45d2-aa6e-e3bfb55533ad,8a2a8ac65887fff,0,Single-Family Residential,Single-Family Residential,Single-Family Residential
d43af3a3-3941-49fe-b061-561ec2ded0ae,8a2a8ac65a37fff,0,Single-Family Residential,Single-Family Residential,Single-Family Residential
d74f2280-b18d-46b6-9022-abbd5b9aff39,8a2a8ac6408ffff,0,Single-Family Residential,Single-Family Residential,Single-Family Residential
d7d0aa2d-64d5-471a-b442-c934f5967d4f,8a2a8ad4b997fff,0,Single-Family Residential,Single-Family Residential,Single-Family Residential
d7d0aa2d-64d5-471a-b442-c934f5967d4f,8a2a8ad4b9b7fff,0,Single-Family Residential,Single-Family Residential,Single-Family Residential
d8218113-5b0b-42ee-b3e7-9de2aa8d41e6,8a2a8ac64237fff,0,Single-Family Residential,Single-Family Residential,Single-Family Residential
dd265009-5a6b-4c1e-b736-47c70c60c9ca,8a2a8ad4b527fff,0,Single-Family Residential,Single-Family Residential,Mixed Use
e0aba913-856b-42b1-bf46-f07051c9e936,8a2a8ac6466ffff,0,Single-Family Residential,Multi-Family Residential,Multi-Family Residential
e5ac0215-b1e7-4750-bb3e-23aacd035d66,8a2a8ac64767fff,0,Single-Family Residential,Single-Family Residential,Single-Family Residential
e5ac0215-b1e7-4750-bb3e-23aacd035d66,8a2a8ac64747fff,0,Single-Family Residential,Single-Family Residential,Single-Family Residential
e6b522c3-99ba-4c29-bc19-9da3bf91ef10,8a2a8ac6514ffff,0,Commercial (Vacant),Commercial,Commercial
e7835aa0-128e-404c-a4aa-d6dd1a9971b4,8a2a8ad4b21ffff,0,Single-Family Residential,Single-Family Residential,Single-Family Residential
e93ae425-f163-4f15-a664-4c1ce23f51ce,8a2a8ad4bd97fff,0,Single-Family Residential,Single-Family Residential,Single-Family Residential
ea1246bd-7657-4684-bc2f-9d39bafd69cf,8a2a8ac64b1ffff,0,Multi-Family Residential (Vacant),Multi-Family Residential,Multi-Family Residential
f316ca36-0d2f-4e4c-9562-3fe4e3b64bad,8a2a8ad48097fff,0,Single-Family Residential,Single-Family Residential,Single-Family Residential
f499ef14-2468-4373-b1c6-98627732d968,8a2a8ac60c2ffff,0,Single-Family Residential,Single-Family Residential,Single-Family Residential
f499ef14-2468-4373-b1c6-98627732d968,8a2a8ac60c27fff,0,Single-Family Residential,Single-Family Residential,Single-Family Residential
f63df4ad-b7b0-4e90-b359-754292385523,8a2a8ad59a07fff,0,Single-Family Residential,Single-Family Residential,Single-Family Residential
f71972f4-e26e-4530-b077-680059e548fe,8a2a8ad4bc07fff,0,Multi-Family Residential,Multi-Family Residential,Mixed Use
f9d05bcd-d0c9-43fc-9718-8b03001c4349,8a2a8ad4b097fff,0,Single-Family Residential,Single-Family Residential,Single-Family Residential
fb5af094-c66c-458b-a9b4-e4f2d6e8ddef,8a2a8ad4a817fff,0,Single-Family Residential,Single-Family Residential,Single-Family Residential
fd3af2b0-6f88-4dd1-a301-73491633c599,8a2a8ac63c77fff,0,Single-Family Residential,Single-Family Residential,Single-Family Residential
fd5a6e3b-89f1-4e39-a139-a37465fc0eca,8a2a8a892037fff,0,Commercial (Vacant),Commercial,Commercial
fd683854-5e73-44c1-99ad-b164401ffa4e,8a2a8ad4b267fff,0,Single-Family Residential,Single-Family Residential,Single-Family Residential
c60abe15-7c87-4035-9beb-7eb3d293b8a2,8a2a8ad4a8effff,0,Single-Family Residential,Single-Family Residential,Single-Family Residential
4d6074ac-c9bc-4721-8ab0-2e6859511706,8a2a8ac6464ffff,0,Single-Family Residential,Commercial,Mixed Use
4e622a04-5ef4-4beb-8295-7bc98beaa2b3,8a2a8ac64007fff,0,Single-Family Residential,Multi-Family Residential,Multi-Family Residential
1324dd27-d1ec-4d04-939c-e43c2587abb2,8a2a8ac64adffff,0,Single-Family Residential,Single-Family Residential,Single-Family Residential
27a2998c-bd05-48f9-91c4-02e1b179511d,8a2a8ad4b06ffff,0,Single-Family Residential,Single-Family Residential,Single-Family Residential
4e2e2a72-b5d4-4ab9-a1ce-2f528edb4978,8a2a8ac6504ffff,0,Multi-Family Residential,,Multi-Family Residential
24e45c7a-4cce-4392-b774-fef0ae4e2a29,8a2a8a896747fff,0,Single-Family Residential,Single-Family Residential,Single-Family Residential
0f8ff43f-62e9-4dcc-9e31-71d6f01c8fb6,8a2a8a892167fff,0,Single-Family Residential,Single-Family Residential,Single-Family Residential
08a2d262-f4ab-468f-a668-bb0486966693,8a2a8ac65d57fff,0,Single-Family Residential,Single-Family Residential,Single-Family Residential
0063906e-520d-479f-b722-7f0538038893,8a2a8ac6dd17fff,0,Commercial,Commercial,Commercial
0063906e-520d-479f-b722-7f0538038893,8a2a8ac6dd0ffff,0,Commercial,Commercial,Commercial
14347287-576b-4f13-ad0a-ca3fb885f116,8a2a8ad4a2b7fff,0,Single-Family Residential,Single-Family Residential,Single-Family Residential
1dee121a-8179-445e-bfcc-b0d408c93b41,8a2a8ad4b097fff,0,Single-Family Residential,Single-Family Residential,Single-Family Residential
1f45c883-c1c1-41ba-a0d7-1b69810e5167,8a2a8ac66207fff,0,Single-Family Residential,Single-Family Residential,Single-Family Residential
24f79d6b-ecd2-47a2-9942-0d00be8876b6,8a2a8ac646dffff,0,Single-Family Residential,Single-Family Residential,Single-Family Residential
24f79d6b-ecd2-47a2-9942-0d00be8876b6,8a2a8ac60d77fff,0,Single-Family Residential,Single-Family Residential,Single-Family Residential
525d3ea3-0013-48a7-a9ee-48c917b92a77,8a2a8ac6466ffff,0,Single-Family Residential,Multi-Family Residential,Single-Family Residential
5574e8c0-fc79-4dac-9845-fb036cfe8a93,8a2a8ad59a47fff,0,Single-Family Residential,Single-Family Residential,Single-Family Residential
5d2c148d-f093-4e07-83a0-5bbd3bc2494e,8a2a8ac64097fff,0,Single-Family Residential,Single-Family Residential,Single-Family Residential
75616bdb-8e84-41f6-8035-0d3667fc2bb3,8a2a8ad4a8effff,0,Single-Family Residential,Single-Family Residential,Single-Family Residential
81f8b74f-0fa0-4612-9b57-5afd95cf8fc9,8a2a8ac66397fff,0,Single-Family Residential,Single-Family Residential,Single-Family Residential
8597d069-3fd6-459d-9919-181deea75de0,8a2a8ad4bd97fff,0,Single-Family Residential,Single-Family Residential,Single-Family Residential
9bf0f55b-4df3-434f-b841-feab85fa5ebe,8a2a8ac646dffff,0,Single-Family Residential,Single-Family Residential,Single-Family Residential
a2903a28-b8fa-45c6-83aa-c8c5592c06be,8a2a8ac64c47fff,0,Single-Family Residential,Single-Family Residential,Single-Family Residential
a4e6f867-8e60-4ce7-9a32-df260180f26b,8a2a8ad4ab67fff,0,Single-Family Residential,Single-Family Residential,Single-Family Residential
b1852145-8679-4e50-a33c-9de6c59df1a1,8a2a8a892d57fff,0,Single-Family Residential,Single-Family Residential,Single-Family Residential
bd94878e-6e08-49ae-a588-6fd61133ecd2,8a2a8ad59047fff,0,Single-Family Residential,Single-Family Residential,Single-Family Residential
bd94878e-6e08-49ae-a588-6fd61133ecd2,8a2a8ad59067fff,0,Single-Family Residential,Single-Family Residential,Single-Family Residential
c1e9af34-8bd4-4768-8e86-5f470e14e8e9,8a2a8ad59067fff,0,Single-Family Residential,Single-Family Residential,Single-Family Residential
e026b2de-a4c3-4a53-8ce2-ed9d4871ccd6,8a2a8ac6585ffff,0,Single-Family Residential,Multi-Family Residential,Multi-Family Residential
e026b2de-a4c3-4a53-8ce2-ed9d4871ccd6,8a2a8ac658effff,0,Single-Family Residential,Multi-Family Residential,Multi-Family Residential
e5484ab7-7335-4fbc-b426-c8c4b89e9d30,8a2a8ac641affff,0,Single-Family Residential,Single-Family Residential,Single-Family Residential
f0743453-9619-49b2-9606-db1c719946eb,8a2a8ac6494ffff,0,Single-Family Residential,Single-Family Residential,Single-Family Residential
f854371a-6744-42b9-b428-d64b373b5026,8a2a8ac64097fff,0,Single-Family Residential,Single-Family Residential,Single-Family Residential
3d33046b-7df7-4265-9497-ec821376e29b,8a2a8ad4a40ffff,0,Agricultural Land (Vacant),Agricultural Land,Agricultural Land
3d33046b-7df7-4265-9497-ec821376e29b,8a2a8ad4a58ffff,0,Agricultural Land (Vacant),Agricultural Land,Agricultural Land
3d33046b-7df7-4265-9497-ec821376e29b,8a2a8ad4a51ffff,0,Agricultural Land (Vacant),Agricultural Land,Agricultural Land
3d33046b-7df7-4265-9497-ec821376e29b,8a2a8ad4a50ffff,0,Agricultural Land (Vacant),Agricultural Land,Agricultural Land
42aa0816-7f90-4c9b-b7c5-f23a79a48d3c,8a2a8a892217fff,0,Commercial (Vacant),Commercial,Infrastructure
5334308c-072d-4866-a9cc-b54942634f96,8a2a8ac6408ffff,0,Unclassified,Unclassified,Residential (unspecified)
5334308c-072d-4866-a9cc-b54942634f96,8a2a8ac640f7fff,0,Unclassified,Unclassified,Residential (unspecified)
8ab8d5c3-e477-4c3f-870a-5bdb5bee248d,8a2a8ac6dd8ffff,0,Multi-Family Residential,Unclassified,Mixed Use
8ab8d5c3-e477-4c3f-870a-5bdb5bee248d,8a2a8ac6dd87fff,0,Multi-Family Residential,Unclassified,Mixed Use
12d8f0bd-0412-4b1e-9ec0-79b1722103b5,8a2a8ac64097fff,0,Single-Family Residential,Single-Family Residential,Single-Family Residential
6a30e110-1807-4b4a-819c-1908c05555ec,8a2a8ad4a8e7fff,0,Single-Family Residential,Single-Family Residential,Single-Family Residential
8d606db1-ef1f-4793-88a9-dca49d7d0571,8a2a8ac64837fff,0,Single-Family Residential,Single-Family Residential,Single-Family Residential
1e5134bb-b361-4dce-8009-2ec1fa663da4,8a2a8ad4a907fff,0,Single-Family Residential,Single-Family Residential,Single-Family Residential
3829373a-f064-4aab-9074-6abbfe16e944,8a2a8ad48517fff,0,Agricultural Land,Agricultural Land,Mixed Use
3829373a-f064-4aab-9074-6abbfe16e944,8a2a8ad4e2effff,0,Agricultural Land,Agricultural Land,Mixed Use
df39fbc0-b4a2-4020-97f2-2e5c34738f3f,8a2a8ad4b9b7fff,0,Single-Family Residential,Single-Family Residential,Single-Family Residential
df39fbc0-b4a2-4020-97f2-2e5c34738f3f,8a2a8ad486effff,0,Single-Family Residential,Single-Family Residential,Single-Family Residential
abe6d2bc-dc7d-477a-aba1-62a5930fca23,8a2a8ad4b997fff,0,Single-Family Residential,Single-Family Residential,Single-Family Residential
a49ff48c-0eaa-41a6-a812-5dd26a47b11d,8a2a8ac6c067fff,0,Commercial,Commercial,Commercial
44e959cb-6b3e-4175-a18a-c64b30f0b047,8a2a8ad4b527fff,0,Single-Family Residential,Single-Family Residential,Mixed Use
a4f06300-1af1-4b93-afa0-df8f3f01a7e6,8a2a8ad4b527fff,0,Single-Family Residential,Single-Family Residential,Mixed Use
a62b1635-d73f-42fc-a95b-cc58d022dd60,8a2a8ad4a817fff,0,Agricultural Land,Agricultural Land,Agricultural Land
a62b1635-d73f-42fc-a95b-cc58d022dd60,8a2a8ad4a99ffff,0,Agricultural Land,Agricultural Land,Agricultural Land
a62b1635-d73f-42fc-a95b-cc58d022dd60,8a2a8ad4a98ffff,0,Agricultural Land,Agricultural Land,Agricultural Land
e3411c67-ce07-4991-835c-4ca41cc4d120,8a2a8ad48407fff,0,Single-Family Residential,Single-Family Residential,Single-Family Residential
189674db-85f3-41bb-bb96-133c640bd230,8a2a8ad484d7fff,0,Single-Family Residential,Single-Family Residential,Single-Family Residential
5cbe3cd3-e1bf-4d1e-ba61-39bd8ad8b91d,8a2a8ad484affff,0,Single-Family Residential,Single-Family Residential,Single-Family Residential
7c2c0e5c-f247-4e3f-8f29-6bfd3e0f5406,8a2a8ad48467fff,0,Single-Family Residential,Single-Family Residential,Single-Family Residential
7c2c0e5c-f247-4e3f-8f29-6bfd3e0f5406,8a2a8ad48097fff,0,Single-Family Residential,Single-Family Residential,Single-Family Residential
22f05bb0-d0b4-4d10-999e-5b177bafdff9,8a2a8ad48797fff,0,Single-Family Residential,Single-Family Residential,Single-Family Residential
921730fb-c3ab-441f-9e12-d093ea2be699,8a2a8ad4aa67fff,0,Single-Family Residential,Single-Family Residential,Single-Family Residential
d4e6c001-a55a-4c96-867b-c44b6ad68121,8a2a8ad4aa67fff,0,Single-Family Residential,Single-Family Residential,Single-Family Residential
c413ac81-79f4-4049-be20-78eda9f21cd2,8a2a8ac6698ffff,0,Single-Family Residential,Single-Family Residential,Single-Family Residential
d2ab2d03-7c73-4f4d-bfec-46bb050cd526,8a2a8ac6698ffff,0,Multi-Family Residential,,Multi-Family Residential
d2ab2d03-7c73-4f4d-bfec-46bb050cd526,8a2a8ac66827fff,0,Multi-Family Residential,,Multi-Family Residential
a4b92adb-1eff-466a-9291-1e5be3b38407,8a2a8ad4a657fff,0,Single-Family Residential,Single-Family Residential,Single-Family Residential
a4b92adb-1eff-466a-9291-1e5be3b38407,8a2a8ad4a6e7fff,0,Single-Family Residential,Single-Family Residential,Single-Family Residential
cfe0c914-f72b-4cde-9fd0-10b902ea2817,8a2a8ad59a57fff,0,Agricultural Land,Agricultural Land,Agricultural Land
cfe0c914-f72b-4cde-9fd0-10b902ea2817,8a2a8ad59a47fff,0,Agricultural Land,Agricultural Land,Agricultural Land
cfe0c914-f72b-4cde-9fd0-10b902ea2817,8a2a8ad59b4ffff,0,Agricultural Land,Agricultural Land,Agricultural Land
6ea15bef-12af-446c-81fc-41b07cf4cb9d,8a2a8ad59047fff,0,Single-Family Residential,Single-Family Residential,Single-Family Residential
b5cedc73-c9f3-422a-a2c5-6b5e729dbdcd,8a2a8ad59b67fff,0,Single-Family Residential,Single-Family Residential,Single-Family Residential
b5cedc73-c9f3-422a-a2c5-6b5e729dbdcd,8a2a8ad4a79ffff,0,Single-Family Residential,Single-Family Residential,Single-Family Residential
32772d08-1e31-46cd-8824-4c2d9b7a0bef,8a2a8ad590effff,0,Single-Family Residential,Single-Family Residential,Single-Family Residential
070b808c-d1a0-4ce7-ba01-6f1b5a672782,8a2a8ad4aa9ffff,0,Single-Family Residential,Single-Family Residential,Single-Family Residential
0098f255-4ac9-4a7d-8d9a-bb285332e6c8,8a2a8ad4bd97fff,0,Single-Family Residential,Single-Family Residential,Single-Family Residential
c2c4d46e-2580-4420-8539-ec3144319cd7,8a2a8ac6481ffff,0,Single-Family Residential,Single-Family Residential,Single-Family Residential
d78e0d65-7d0e-49cc-97eb-fb77687d1623,8a2a8ac6481ffff,0,Single-Family Residential,Single-Family Residential,Single-Family Residential
18525041-427a-4eb6-aa78-c680ba22e964,8a2a8ac60c87fff,0,Single-Family Residential,Single-Family Residential,Single-Family Residential
18525041-427a-4eb6-aa78-c680ba22e964,8a2a8ac60d87fff,0,Single-Family Residential,Single-Family Residential,Single-Family Residential
cec67ad1-43b0-4c12-8935-ac7fda7a83e5,8a2a8ac60daffff,0,Single-Family Residential,Single-Family Residential,Single-Family Residential
74fd7134-dd80-4323-8b3d-9d34ad177a57,8a2a8ac66ac7fff,0,Single-Family Residential,Single-Family Residential,Single-Family Residential
74fd7134-dd80-4323-8b3d-9d34ad177a57,8a2a8ac66ae7fff,0,Single-Family Residential,Single-Family Residential,Single-Family Residential
332a068a-0a14-4bc5-8520-1edfbad9f47e,8a2a8ac663affff,0,Single-Family Residential,Single-Family Residential,Single-Family Residential
e00e1ac0-69c1-4172-8c67-301912dc9b26,8a2a8ac663affff,0,Single-Family Residential,Single-Family Residential,Single-Family Residential
ec5f068e-6e72-4c1e-b41c-fdf7f1a0d737,8a2a8ac6461ffff,0,Single-Family Residential,Single-Family Residential,Single-Family Residential
d2fda38e-305d-4dad-86cf-6fe9562ce24f,8a2a8ac64687fff,0,Single-Family Residential,Single-Family Residential,Single-Family Residential
29b249f3-118d-4002-9e45-acdec8d3ee52,8a2a8ac644f7fff,0,Single-Family Residential,Single-Family Residential,Single-Family Residential
40551511-2bab-404b-8a20-7e797712f1d8,8a2a8ad4bd97fff,0,Single-Family Residential,Single-Family Residential,Single-Family Residential
886ad029-bd82-4f89-808d-cb1c92f41dc7,8a2a8ad4b527fff,0,Commercial,Commercial,Mixed Use
4848ad2a-368e-4f12-b468-09776fe18352,8a2a8ad4a287fff,0,Single-Family Residential,Single-Family Residential,Single-Family Residential
9598230a-a9eb-48f0-80e4-02af0e2238b9,8a2a8ad4a287fff,0,Single-Family Residential,Single-Family Residential,Single-Family Residential
b4bd7fe6-71ee-424b-94cc-43af4bc10042,8a2a8ad4b097fff,0,Single-Family Residential,Single-Family Residential,Single-Family Residential
731556f0-b358-4d97-864a-4b0997897ec2,8a2a8ad4bc07fff,0,Multi-Family Residential,Multi-Family Residential,Mixed Use
c27ba45a-15a5-4615-92e0-bc38165b6f45,8a2a8ac6099ffff,0,Single-Family Residential,Single-Family Residential,Single-Family Residential
12d55bcf-cff1-440b-8045-e1ed15d84e27,8a2a8ac646dffff,0,Single-Family Residential,Single-Family Residential,Single-Family Residential
a0960f3f-c236-4b3b-b21d-3f046e83f6e3,8a2a8ac646dffff,0,Single-Family Residential,Single-Family Residential,Single-Family Residential
559a4666-d08f-4a0a-b00d-54764393c9f2,8a2a8ac64687fff,0,Single-Family Residential,Single-Family Residential,Single-Family Residential
5dbe6677-dc78-4914-9ced-0e4fd6635a5c,8a2a8ac66b4ffff,0,Single-Family Residential,Single-Family Residential,Single-Family Residential
5dbe6677-dc78-4914-9ced-0e4fd6635a5c,8a2a8ac66a67fff,0,Single-Family Residential,Single-Family Residential,Single-Family Residential
2f2c4ffa-82d8-4018-8286-6404a9e5841d,8a2a8ac66a17fff,0,Single-Family Residential,Single-Family Residential,Single-Family Residential
385d29ba-e16b-4a5f-bd21-ddb8185c1ce0,8a2a8ac60c2ffff,0,Single-Family Residential,Single-Family Residential,Single-Family Residential
ceaac17a-6b38-4401-a47a-afd594f016a6,8a2a8ac60c1ffff,0,Single-Family Residential,Single-Family Residential,Single-Family Residential
8ea79c54-8f96-4d69-bb46-404d62b24626,8a2a8ad4b9b7fff,0,Single-Family Residential,Single-Family Residential,Single-Family Residential
2c3a3965-e6de-4be9-968b-423b425cf8d7,8a2a8ac6466ffff,0,Single-Family Residential,Multi-Family Residential,Multi-Family Residential
1e301048-5fcb-4f8b-8d00-02284efe85bd,8a2a8ac6466ffff,0,Single-Family Residential,Multi-Family Residential,Multi-Family Residential
1e301048-5fcb-4f8b-8d00-02284efe85bd,8a2a8ac6464ffff,0,Single-Family Residential,Multi-Family Residential,Multi-Family Residential
b9663cf7-2cc9-4bd8-8f82-10e384373d59,8a2a8ac64677fff,0,Single-Family Residential,Multi-Family Residential,Single-Family Residential
974ab7ab-83aa-49d5-ad3d-5d92c310f79e,8a2a8ac6466ffff,0,Single-Family Residential,Multi-Family Residential,Single-Family Residential
9ffb7ef9-e617-4ee9-bcc1-bcb01915d657,8a2a8ac6466ffff,0,Single-Family Residential,Multi-Family Residential,Multi-Family Residential
a241057d-9236-4dae-90ec-661b66ea06c6,8a2a8ac64677fff,0,Single-Family Residential,Multi-Family Residential,Single-Family Residential
b1b3857e-2a8a-4511-b5d3-c4d663b03283,8a2a8ac64677fff,0,Single-Family Residential,Multi-Family Residential,Single-Family Residential
b52eaaeb-21a3-4c04-975d-eba8098d46c2,8a2a8ac64677fff,0,Single-Family Residential,Multi-Family Residential,Single-Family Residential
f929c41c-90a0-4f9f-a403-0de74eb7c1b0,8a2a8ac64677fff,0,Single-Family Residential,Multi-Family Residential,Single-Family Residential
18a3bc28-3eb7-4375-93de-6a5deecefc1d,8a2a8ac64287fff,0,Single-Family Residential,Multi-Family Residential,Multi-Family Residential
9ed67053-adb7-43bd-899e-ffe2c13d01c0,8a2a8ac64287fff,0,Single-Family Residential,Multi-Family Residential,Multi-Family Residential
19cb4918-efb2-43b5-94d6-3c8ec7a71c57,8a2a8ad4b6affff,0,Single-Family Residential,Single-Family Residential,Single-Family Residential
fb5fdced-4b42-4215-aeca-e12d570a9936,8a2a8ad4b08ffff,0,Single-Family Residential,Single-Family Residential,Single-Family Residential
eb46c0a6-11ad-41f0-8fc3-6cf9c3ea22e6,8a2a8ad4b08ffff,0,Single-Family Residential,Single-Family Residential,Single-Family Residential
314e3eb0-0843-488c-ae57-065513869d82,8a2a8ac64307fff,0,Single-Family Residential,Single-Family Residential,Single-Family Residential
e8d2a1fa-faa7-43e2-a655-db26f72d32aa,8a2a8ac648d7fff,0,Single-Family Residential,Single-Family Residential,Mixed Use
461ce71a-0c01-420e-8a73-e4d8d492fe20,8a2a8ac648d7fff,0,Single-Family Residential,Single-Family Residential,Single-Family Residential
0397dd5c-0a76-4142-aeb0-59e2aaf2b1f4,8a2a8ac648d7fff,0,Single-Family Residential,Single-Family Residential,Single-Family Residential
a77e0721-51af-49f9-95a7-a4255d9579b1,8a2a8ac64adffff,0,Institutional (Vacant),Institutional,Institutional
89582ef9-c162-41f6-8242-a602df269ea5,8a2a8ac64167fff,0,Single-Family Residential,Multi-Family Residential,Multi-Family Residential
9a9c4ec6-63c8-4fd8-8b6e-0fa3e71c8b34,8a2a8ac64167fff,0,Single-Family Residential,Multi-Family Residential,Multi-Family Residential
27c8520b-81d7-4e6c-acdc-270ff11de119,8a2a8ac64167fff,0,Single-Family Residential,Multi-Family Residential,Multi-Family Residential
0e036448-b8b0-435e-abc1-a2df7a855639,8a2a8ac64167fff,0,Single-Family Residential,Multi-Family Residential,Multi-Family Residential
2e8c7837-6c38-449f-a8ce-0bc8b6c9c7d2,8a2a8ac64167fff,0,Single-Family Residential,Multi-Family Residential,Multi-Family Residential
c79237be-3be9-4303-a69d-019896fdbb15,8a2a8ac64167fff,0,Single-Family Residential,Multi-Family Residential,Multi-Family Residential
b2a6a63b-0ee9-445f-90e4-dcf79675626e,8a2a8ac64167fff,0,Single-Family Residential,Multi-Family Residential,Multi-Family Residential
80b8fad9-180f-49df-9d1e-442b7c52fb17,8a2a8ac64167fff,0,Single-Family Residential,Multi-Family Residential,Multi-Family Residential
bc329061-4c50-400c-a47d-4d12e51eba74,8a2a8ac64167fff,0,Single-Family Residential,Multi-Family Residential,Multi-Family Residential
ba0d2c96-b2e0-480d-9865-54ec16d91acb,8a2a8ac65ce7fff,0,Commercial,Commercial,Commercial
1369e4b3-0dd3-427f-b74a-0f8053e1c9e5,8a2a8ac64a6ffff,0,Commercial,Commercial,Mixed Use
1283a530-8ea0-4330-9901-d4a7406cdd36,8a2a8ac64a6ffff,0,Commercial,Commercial,Commercial
e1328cdf-8f43-4ed9-ba06-4625e558a181,8a2a8ac64a6ffff,0,Single-Family Residential,Multi-Family Residential,Multi-Family Residential
20e242cc-48fb-4cda-9596-8e093772d303,8a2a8ac64a57fff,0,Single-Family Residential,Single-Family Residential,Single-Family Residential
b8732ca0-5a9f-4abd-b551-fe65d763b42f,8a2a8ac64a57fff,0,Single-Family Residential,Single-Family Residential,Single-Family Residential
05d7d30d-f97e-458d-9b8a-fb6f45f3e5c7,8a2a8ac64a57fff,0,Single-Family Residential,Single-Family Residential,Single-Family Residential
9ce052b7-8cb7-4426-b1af-757192d054a3,8a2a8ad4b64ffff,0,Multi-Family Residential,Multi-Family Residential,Multi-Family Residential
ec9660f1-860b-44be-a0a3-8b7d4f593246,8a2a8ac64a4ffff,0,Commercial,Commercial,Commercial
0eb55400-9668-4534-845e-25d0b4247326,8a2a8ad4b60ffff,0,Single-Family Residential (Vacant),Single-Family Residential,Single-Family Residential
0d3c9dba-3e25-463e-9bbf-bf75f2018d34,8a2a8ad4b387fff,0,Single-Family Residential,Single-Family Residential,Single-Family Residential
bb7f0dd7-16d2-4cc5-899b-cbb5f5491a7c,8a2a8ad4b31ffff,0,Single-Family Residential,Single-Family Residential,Single-Family Residential
2e54c699-b770-448f-bfa2-e41500f0c43d,8a2a8ad4b06ffff,0,Single-Family Residential,Single-Family Residential,Single-Family Residential
994c32ff-4bd6-46ac-88b4-205ea3ba79f6,8a2a8ad4b06ffff,0,Single-Family Residential,Single-Family Residential,Single-Family Residential
0efb3b00-1a05-4f2b-8bd9-57d62226b3dc,8a2a8ad4b387fff,0,Single-Family Residential,Single-Family Residential,Single-Family Residential
b258a213-450d-4014-8cba-1f5ec0905489,8a2a8ad4b21ffff,0,Single-Family Residential,Single-Family Residential,Single-Family Residential
c87c05cd-92ef-49d1-a5cb-20c55ecfa5b5,8a2a8ac6215ffff,0,Institutional,Institutional,Institutional
c87c05cd-92ef-49d1-a5cb-20c55ecfa5b5,8a2a8ac62147fff,0,Institutional,Institutional,Institutional
3abc7dab-1d0c-4f02-ad3c-2428b7e2d4f8,8a2a8ac629affff,0,Agricultural Land,Agricultural Land,Mixed Use
3abc7dab-1d0c-4f02-ad3c-2428b7e2d4f8,8a2a8ac62917fff,0,Agricultural Land,Agricultural Land,Mixed Use
3abc7dab-1d0c-4f02-ad3c-2428b7e2d4f8,8a2a8ac6292ffff,0,Agricultural Land,Agricultural Land,Mixed Use
3abc7dab-1d0c-4f02-ad3c-2428b7e2d4f8,8a2a8ac6664ffff,0,Agricultural Land,Agricultural Land,Mixed Use
a90e52f3-7b31-4157-8517-291c1819231f,8a2a8ac6355ffff,0,Single-Family Residential,Single-Family Residential,Single-Family Residential
a90e52f3-7b31-4157-8517-291c1819231f,8a2a8ac63567fff,0,Single-Family Residential,Single-Family Residential,Single-Family Residential
4f85b74e-093d-4d29-949d-c39061709c2c,8a2a8ac6008ffff,0,Single-Family Residential,Multi-Family Residential,Multi-Family Residential
01745372-a305-4280-8f12-fcd3dc7721a7,8a2a8ac6002ffff,0,Multi-Family Residential,Multi-Family Residential,Multi-Family Residential
a16b9ff5-5b65-46c4-9a00-42c177a315d4,8a2a8ac65887fff,0,Single-Family Residential,Single-Family Residential,Single-Family Residential
0e8841ae-a94b-4368-ad47-5f20a94e66a1,8a2a8ac65107fff,0,Commercial,Commercial,Commercial
b83e61b8-d8df-43bc-8f8f-cbb63536bb8b,8a2a8ac65337fff,0,Single-Family Residential,Single-Family Residential,Single-Family Residential
1df283c0-f3b8-4f4b-96f7-db28eefe629a,8a2a8ac6530ffff,0,Single-Family Residential,Single-Family Residential,Single-Family Residential
462cbc9e-8163-4e1c-9781-266b7a74c0be,8a2a8ac65337fff,0,Single-Family Residential,Single-Family Residential,Single-Family Residential
d50b30fc-c2a9-4ac8-a8f4-5afb4be911f7,8a2a8ac65337fff,0,Single-Family Residential,Single-Family Residential,Single-Family Residential
9c9b4326-053a-4d75-8436-ffc20646becf,8a2a8ac65327fff,0,Single-Family Residential,Single-Family Residential,Single-Family Residential
d5eb753a-5a95-4e96-aa6b-9a662474b6ae,8a2a8ac65327fff,0,Single-Family Residential,Single-Family Residential,Single-Family Residential
31a33764-ba8f-436b-887c-c06f61b268fe,8a2a8ac65237fff,0,Single-Family Residential,Multi-Family Residential,Multi-Family Residential
61280e73-c4e4-45bf-9c51-39482fa1a85e,8a2a8ac6504ffff,0,Multi-Family Residential,Multi-Family Residential,Multi-Family Residential
eb80a8aa-f959-4e51-8bce-34cffff408ec,8a2a8ac65a8ffff,0,Single-Family Residential,Single-Family Residential,Single-Family Residential
0405ad13-2385-443c-bc4e-875e59056f76,8a2a8ac65327fff,0,Single-Family Residential,Single-Family Residential,Single-Family Residential
85df3585-1b08-42bb-9885-31ac60d6bba6,8a2a8ac65317fff,0,Multi-Family Residential (Vacant),Multi-Family Residential,Multi-Family Residential
88f5c68c-56fa-4df5-8fba-6e37071486e3,8a2a8ac65317fff,0,Multi-Family Residential,Multi-Family Residential,Multi-Family Residential
fae06489-164e-469f-b473-b045009d2a92,8a2a8ac65317fff,0,Multi-Family Residential (Vacant),,Multi-Family Residential
c3dd8068-4bd1-4986-aaa7-9e9b0cdd7e2d,8a2a8ac6504ffff,0,Single-Family Residential,Single-Family Residential,Single-Family Residential
99d6f06b-9b32-4735-8bae-ee8daa5a74ca,8a2a8ac6514ffff,0,Single-Family Residential,Single-Family Residential,Single-Family Residential
4e01a410-5a3e-48f5-8f77-ae0c7faf948b,8a2a8ac6502ffff,0,Single-Family Residential,Single-Family Residential,Mixed Use
d492b44d-0a0f-40d1-a7f5-f6c844370784,8a2a8ac6502ffff,0,Commercial,Commercial,Commercial
070d34b8-daa6-4ae4-a18f-b1b6999fb7c8,8a2a8ac6500ffff,0,Single-Family Residential,Single-Family Residential,Mixed Use
0ea802ea-f4d1-400c-8b89-0668edf7547f,8a2a8ac6585ffff,0,Single-Family Residential,Multi-Family Residential,Multi-Family Residential
420d2267-cdac-4746-aacd-34fd4874336b,8a2a8ac6514ffff,0,Commercial (Vacant),Commercial,Commercial
3490b271-6bed-453f-83d0-b45a710f9204,8a2a8ac6514ffff,0,Commercial,Unclassified,Commercial
53b9f9d6-f9ef-4e74-83e7-4d85d29aac78,8a2a8ac658c7fff,0,Multi-Family Residential,Multi-Family Residential,Mixed Use
b9fc87e2-e056-41d0-93e0-7c60ad40018c,8a2a8ac658effff,0,Single-Family Residential,Multi-Family Residential,Multi-Family Residential
2e007d35-db4a-42a2-a6c9-8fd23a108bb9,8a2a8ac658effff,0,Single-Family Residential,Multi-Family Residential,Multi-Family Residential
71fcfbdf-9dac-45c3-ab65-bde1ae3b33f7,8a2a8ac658effff,0,Single-Family Residential,Multi-Family Residential,Multi-Family Residential
0f5e1bf6-f88a-44fd-a577-b46e3a769636,8a2a8ac658effff,0,Single-Family Residential,Multi-Family Residential,Single-Family Residential
7f7cc7a2-2abd-4db0-adcd-34c9891a55f1,8a2a8ac658effff,0,Single-Family Residential,Multi-Family Residential,Single-Family Residential
89457e53-7859-4edb-b0f0-5347bd1f7842,8a2a8ac65957fff,0,Single-Family Residential,Single-Family Residential,Mixed Use
fac41990-0a49-44b0-93ea-7ec46dedf0db,8a2a8a896497fff,0,Single-Family Residential,Single-Family Residential,Single-Family Residential
2c0dfd00-b767-4d36-99c5-e2f0b29b8c09,8a2a8ad4b257fff,0,Single-Family Residential,Single-Family Residential,Single-Family Residential
09b511d1-a9e8-4a06-a011-500fc2d99a2c,8a2a8a89642ffff,0,Single-Family Residential,Single-Family Residential,Single-Family Residential
8d0338c4-52bf-4541-a963-1282bda19845,8a2a8a89642ffff,0,Single-Family Residential,Single-Family Residential,Single-Family Residential
991e27af-157c-4710-802c-3f34e8c385a0,8a2a8ad4b357fff,0,Single-Family Residential,Single-Family Residential,Single-Family Residential
49848a30-a665-4203-a4ea-ff36dedfe17b,8a2a8ad4b267fff,0,Single-Family Residential,Single-Family Residential,Single-Family Residential
b981ea28-712e-42a3-b740-dc8b0d82a687,8a2a8ad4b357fff,0,Single-Family Residential,Single-Family Residential,Single-Family Residential
6b3f8425-096a-4e9d-b332-360142628c2e,8a2a8ad4b267fff,0,Single-Family Residential,Single-Family Residential,Single-Family Residential
7e8eb7f9-3251-47ee-8a31-561c589275f5,8a2a8ad4b267fff,0,Single-Family Residential,Single-Family Residential,Single-Family Residential
5e7865e9-14d2-4eee-b043-1b1bdfc1340d,8a2a8ad4b267fff,0,Single-Family Residential,Single-Family Residential,Single-Family Residential
5803d516-ae82-47d5-aaff-282b13b5f942,8a2a8ad4b357fff,0,Single-Family Residential,Single-Family Residential,Single-Family Residential
34f8ddba-9d93-40d4-ad80-0e114ae5629b,8a2a8ad4b25ffff,0,Single-Family Residential,Single-Family Residential,Single-Family Residential
34f8ddba-9d93-40d4-ad80-0e114ae5629b,8a2a8ad4b257fff,0,Single-Family Residential,Single-Family Residential,Single-Family Residential
40265054-7e0f-449f-9a63-fbdf84467d90,8a2a8ac6535ffff,0,Single-Family Residential,Single-Family Residential,Single-Family Residential
40265054-7e0f-449f-9a63-fbdf84467d90,8a2a8ac65357fff,0,Single-Family Residential,Single-Family Residential,Single-Family Residential
7cdb0759-1651-4391-b05e-0466591a8640,8a2a8ac65adffff,0,Single-Family Residential,Single-Family Residential,Single-Family Residential
f9076b29-f3d9-4d5b-bc3a-ec8656a15368,8a2a8ac65adffff,0,Single-Family Residential,Single-Family Residential,Single-Family Residential
ff8d4a00-8c58-42c8-9195-17f74bc32ddb,8a2a8ac6530ffff,0,Single-Family Residential,Single-Family Residential,Single-Family Residential
f1237289-2243-4dc1-bf97-e94f7fefbe92,8a2a8ac65357fff,0,Single-Family Residential,Single-Family Residential,Single-Family Residential
6c74b9cb-f36e-4637-9d53-d95119f73586,8a2a8ac65adffff,0,Single-Family Residential,Single-Family Residential,Single-Family Residential
1993a5a4-c93c-4343-82f1-a5e8144c7ba3,8a2a8ac65357fff,0,Single-Family Residential,Single-Family Residential,Single-Family Residential
4628eedd-fe60-42e2-86a5-4278ff78a04c,8a2a8ac65aaffff,0,Multi-Family Residential,Multi-Family Residential,Multi-Family Residential
3db052be-8bef-42a7-be57-e0abbbb1f474,8a2a8ac65a8ffff,0,Commercial,Mixed Use,Mixed Use
34d9a74d-4ff7-4e53-9bba-f6b817918fd1,8a2a8ac65aaffff,0,Single-Family Residential,Single-Family Residential,Single-Family Residential
94e0868f-5b23-4e24-80d0-5316720b3533,8a2a8ac65a37fff,0,Single-Family Residential,Single-Family Residential,Single-Family Residential
df958bfe-fcfd-42b2-b867-cbfb14fe6df6,8a2a8ac65b6ffff,0,Single-Family Residential,Single-Family Residential,Single-Family Residential
2fa881d2-f161-4402-ac36-0978894a9dce,8a2a8ac65b1ffff,0,Single-Family Residential,Single-Family Residential,Single-Family Residential
27446ec0-e516-4b03-9942-fa27ddb26eed,8a2a8ac65a37fff,0,Single-Family Residential,Single-Family Residential,Single-Family Residential
dba0af11-55a3-4b1b-b76f-213d72d399fb,8a2a8ac65a37fff,0,Single-Family Residential,Single-Family Residential,Single-Family Residential
84bcc82b-c997-4ea1-ae36-5e2c64a63465,8a2a8ac65b1ffff,0,Single-Family Residential,Single-Family Residential,Single-Family Residential
84bcc82b-c997-4ea1-ae36-5e2c64a63465,8a2a8ac65a27fff,0,Single-Family Residential,Single-Family Residential,Single-Family Residential
48edbd54-6da6-4413-a61e-0e4f58780cfc,8a2a8ac65a2ffff,0,Single-Family Residential,Single-Family Residential,Single-Family Residential
5e00c0c9-db2c-445c-810a-a8f23fba3b02,8a2a8ac65a2ffff,0,Single-Family Residential,Single-Family Residential,Single-Family Residential
96df47b4-96cb-4d07-b30c-882ebae838ad,8a2a8ac65a2ffff,0,Single-Family Residential,Single-Family Residential,Single-Family Residential
96df47b4-96cb-4d07-b30c-882ebae838ad,8a2a8ac65b57fff,0,Single-Family Residential,Single-Family Residential,Single-Family Residential
62683ebb-7b9b-47ad-8618-9ac44cadc3b2,8a2a8ac6526ffff,0,Single-Family Residential,Single-Family Residential,Single-Family Residential
fcc88bb8-c76f-43bd-aa81-68d314f6e5f3,8a2a8a892507fff,0,Single-Family Residential,Single-Family Residential,Single-Family Residential
bd11298b-f801-4fd5-b256-a5ff468d243e,8a2a8a892517fff,0,Single-Family Residential,Single-Family Residential,Single-Family Residential
b0991221-43fe-495b-8d1c-5110e58dc29e,8a2a8a892517fff,0,Single-Family Residential,Single-Family Residential,Single-Family Residential
b0991221-43fe-495b-8d1c-5110e58dc29e,8a2a8a8925affff,0,Single-Family Residential,Single-Family Residential,Single-Family Residential
2edd27eb-ba9f-48bd-b318-6a46f5ca2338,8a2a8a892517fff,0,Single-Family Residential,Single-Family Residential,Single-Family Residential
575f8b51-a54e-4a1d-9537-f6decbedf5ed,8a2a8a892517fff,0,Single-Family Residential,Single-Family Residential,Single-Family Residential
03ce2a9e-333c-425e-8b5b-a43cbfc53a41,8a2a8a8925affff,0,Single-Family Residential,Single-Family Residential,Single-Family Residential
1ce5f265-d7d3-4c06-b54e-96a77f3afc4d,8a2a8a892517fff,0,Single-Family Residential,Single-Family Residential,Single-Family Residential
12fd13c6-f583-42b5-a3b2-87c69e3dbed6,8a2a8ac6526ffff,0,Single-Family Residential,Single-Family Residential,Single-Family Residential
ff0ee4c1-3f9c-45ea-8ec5-396e0326d8a7,8a2a8ac65247fff,0,Single-Family Residential,Single-Family Residential,Single-Family Residential
05e3057b-d18b-4238-9429-e14dfb854101,8a2a8a892527fff,0,Single-Family Residential,Single-Family Residential,Single-Family Residential
1cdbb178-289d-410e-be77-0ffd048f59f2,8a2a8a892d57fff,0,Single-Family Residential,Single-Family Residential,Single-Family Residential
3b2f3a50-b2f2-4fc6-a49d-7b0d9dd3d31b,8a2a8a892817fff,0,Single-Family Residential,Single-Family Residential,Single-Family Residential
660109f6-e7ff-4c56-a07d-a51b602e9c97,8a2a8a892817fff,0,Single-Family Residential,Single-Family Residential,Single-Family Residential
4baab4c4-0f34-418d-81c5-e0b8522c9275,8a2a8a8966cffff,0,Single-Family Residential,Single-Family Residential,Single-Family Residential
1e4c1cc7-b2cc-461d-894d-80c72429feeb,8a2a8a8966e7fff,0,Single-Family Residential,Single-Family Residential,Single-Family Residential
931fc7c2-a954-4905-94e0-ef4a4369ee3a,8a2a8a8966effff,0,Single-Family Residential,Single-Family Residential,Single-Family Residential
931fc7c2-a954-4905-94e0-ef4a4369ee3a,8a2a8a8966e7fff,0,Single-Family Residential,Single-Family Residential,Single-Family Residential
a5a5dcf0-beb6-49ce-a252-4d4830d84984,8a2a8a896747fff,0,Single-Family Residential,Single-Family Residential,Single-Family Residential
0bf35840-f24c-4aae-a836-35f8c852ded7,8a2a8a89675ffff,0,Single-Family Residential,Single-Family Residential,Single-Family Residential
0bf35840-f24c-4aae-a836-35f8c852ded7,8a2a8a896747fff,0,Single-Family Residential,Single-Family Residential,Single-Family Residential
d25ea314-e210-435c-9f25-53407d4474ef,8a2a8a896747fff,0,Single-Family Residential,Single-Family Residential,Single-Family Residential
f86d7553-1f33-4cbf-afed-30c6fa6ac3d0,8a2a8a896747fff,0,Single-Family Residential,Single-Family Residential,Single-Family Residential
882c0c8f-ee3b-4928-a0a4-2fe26b4ed709,8a2a8a89666ffff,0,Single-Family Residential,Single-Family Residential,Single-Family Residential
d4d501a5-44e3-4d1a-aaca-faf3955df9f2,8a2a8a89666ffff,0,Single-Family Residential,Single-Family Residential,Single-Family Residential
2820a353-1d3b-4e22-809e-a1d98211e7f1,8a2a8a89666ffff,0,Single-Family Residential,Single-Family Residential,Single-Family Residential
7c8ef49b-3b50-4642-a028-1c98c70273a7,8a2a8a89666ffff,0,Single-Family Residential,Single-Family Residential,Single-Family Residential
813f2b46-385c-487c-879e-4921a73d877a,8a2a8a896747fff,0,Single-Family Residential,Single-Family Residential,Single-Family Residential
bb4fe8a0-9168-47c2-b460-e1421a575951,8a2a8a8966cffff,0,Single-Family Residential,Single-Family Residential,Single-Family Residential
bb4fe8a0-9168-47c2-b460-e1421a575951,8a2a8a8966effff,0,Single-Family Residential,Single-Family Residential,Single-Family Residential
f49a40ab-60e6-476c-adb1-4b7739540b9f,8a2a8a89219ffff,0,Commercial,,Single-Family Residential
dc9ea3e6-f660-4014-9616-eeec57acf083,8a2a8a892037fff,0,Commercial (Vacant),Commercial,Commercial
ab47e43b-b05b-449c-ac07-5af6ebe43c5d,8a2a8a892887fff,0,Single-Family Residential,Single-Family Residential,Single-Family Residential
1467c99b-0c34-430a-ac80-86445e1442c8,8a2a8a892887fff,0,Single-Family Residential,Single-Family Residential,Single-Family Residential
8736a73b-7691-4947-a000-25c1ec41df1b,8a2a8a892887fff,0,Single-Family Residential,Single-Family Residential,Single-Family Residential
c0f67519-f30c-4dab-b175-7836ae94d525,8a2a8a892167fff,0,Single-Family Residential,Single-Family Residential,Single-Family Residential
6a07d4b5-a29d-4a52-b64d-8d6d9dfcb6a4,8a2a8a892167fff,0,Single-Family Residential,Single-Family Residential,Single-Family Residential
1828d091-0828-4928-87ff-21ef9b07591d,8a2a8a892167fff,0,Single-Family Residential,Single-Family Residential,Single-Family Residential
966c43d0-0267-46a9-9844-0210fdf644d3,8a2a8a892167fff,0,Single-Family Residential,Single-Family Residential,Single-Family Residential
fad888f2-a5b4-436c-9b87-18cd3b67f637,8a2a8a892167fff,0,Single-Family Residential,Single-Family Residential,Single-Family Residential
546419f2-6092-4d43-b2bc-9a5958007b23,8a2a8a892167fff,0,Single-Family Residential,Single-Family Residential,Single-Family Residential
a0998c8e-9442-4c3e-a565-af667be329c2,8a2a8ac6cc4ffff,0,Single-Family Residential,Single-Family Residential,Single-Family Residential
5d7a7587-9980-4198-9aa3-839b0357f850,8a2a8ac6cc57fff,0,Single-Family Residential,Single-Family Residential,Single-Family Residential
444223a9-5ae5-43e4-b02e-58fb06dffadf,8a2a8ac6c0effff,0,Single-Family Residential,Single-Family Residential,Single-Family Residential
444223a9-5ae5-43e4-b02e-58fb06dffadf,8a2a8ac6c057fff,0,Single-Family Residential,Single-Family Residential,Single-Family Residential
f4e0bf4d-e707-4e93-a2b7-1c4087385f31,8a2a8ac61a57fff,0,Institutional,Institutional,Institutional
18d6ec7a-ae27-40c7-99a3-90e9a7c0871a,8a2a8a892ac7fff,0,Single-Family Residential,Single-Family Residential,Single-Family Residential
18d6ec7a-ae27-40c7-99a3-90e9a7c0871a,8a2a8a892ad7fff,0,Single-Family Residential,Single-Family Residential,Single-Family Residential
b2f9b486-6f01-478e-b30f-f93b5c3e9a0e,8a2a8a892a8ffff,0,Single-Family Residential,Single-Family Residential,Single-Family Residential
e3df76b6-737c-47bf-b152-65402f16a7db,8a2a8a892167fff,0,Single-Family Residential,Multi-Family Residential,Multi-Family Residential
ad5abbb8-25da-4d51-b2f1-0b4166dd76c0,8a2a8a892a8ffff,0,Single-Family Residential,Single-Family Residential,Single-Family Residential
342c4dec-01e4-4684-bdf2-4f3d6f476ea6,8a2a8a892047fff,0,Single-Family Residential,Multi-Family Residential,Multi-Family Residential
32010826-78f7-4026-80b8-4eea6e46e16b,8a2a8ac6c867fff,0,Commercial,Industrial,Industrial
8bc66b94-03cc-4fec-a958-a4a64c0cb3b2,8a2a8a892297fff,0,Commercial,Commercial,Commercial
e75d315f-0441-4d77-bda0-e8fa6c0c1362,8a2a8ac6c90ffff,0,Commercial,Commercial,Commercial
8df3b400-cebf-478d-9693-0795ce47b015,8a2a8a8937b7fff,0,Commercial,Industrial,Commercial
bf079d97-b453-4f37-9dc9-04516ad9426a,8a2a8a892ac7fff,0,Multi-Family Residential,Multi-Family Residential,Multi-Family Residential
c0eaa0df-0f8b-4e48-a3ae-3bc5d1b0a660,8a2a8a892047fff,0,Single-Family Residential,Multi-Family Residential,Multi-Family Residential
7101edfa-b639-459e-97b8-158e33ac2f87,8a2a8a892047fff,0,Single-Family Residential,Multi-Family Residential,Multi-Family Residential
0f11109b-a9f8-4f3e-846b-027ebb20ef60,8a2a8ac64167fff,0,Single-Family Residential,Multi-Family Residential,Multi-Family Residential
4d63dec2-3fc3-4ce3-8d60-537ad21399c6,8a2a8ac6c90ffff,0,Commercial,Commercial,Commercial
293aef77-bd15-46e0-b718-2503f600cd72,8a2a8ac6c90ffff,0,Commercial,Commercial,Commercial
ebca71cf-7bcf-4da3-bc2d-816441a2003a,8a2a8a89349ffff,0,Commercial,Commercial,Industrial
7fae871c-6558-4283-907a-46dcd486a134,8a2a8ac6c75ffff,0,Commercial,Commercial,Commercial
f202df50-084c-4f7e-817b-976e2e82b2a3,8a2a8ac6c38ffff,0,Commercial,Commercial,Institutional
1ea518b1-76de-4cbd-bace-344ce0af530f,8a2a8ac65d2ffff,0,Single-Family Residential,Single-Family Residential,Single-Family Residential
45a7d80e-460f-4d4c-aa19-e315ba61205e,8a2a8ad4b6affff,0,Single-Family Residential,Single-Family Residential,Single-Family Residential
25d27ea0-86a9-457c-9093-a0e33115396e,8a2a8ac65d57fff,0,Single-Family Residential,Single-Family Residential,Single-Family Residential
4456999a-86fa-415b-8ccf-fee25c107a88,8a2a8ac65d2ffff,0,Single-Family Residential,Single-Family Residential,Single-Family Residential
2f0d7abe-f304-4216-bbe9-125bbddb7868,8a2a8ac65d57fff,0,Single-Family Residential,Single-Family Residential,Single-Family Residential
3695dc50-5051-44e8-8ec6-de7324f78738,8a2a8ac65d57fff,0,Single-Family Residential,Single-Family Residential,Single-Family Residential
b62bfd5e-9135-49df-95fc-51e60934eb1f,8a2a8ac65d57fff,0,Single-Family Residential,Single-Family Residential,Mixed Use
d034cf0a-eca2-434e-8c98-a17a9a4e7182,8a2a8ac65d57fff,0,Multi-Family Residential (Vacant),Multi-Family Residential,Mixed Use
8df937c4-5e47-4cc4-bca7-2682094985b7,8a2a8ac65887fff,0,Single-Family Residential,Single-Family Residential,Single-Family Residential
3b4d389f-e1d2-425b-a997-65f715ae6319,8a2a8ac65887fff,0,Single-Family Residential,Single-Family Residential,Single-Family Residential
dec86db9-23d2-4f58-9e6e-7099acfed13e,8a2a8ac65d57fff,0,Multi-Family Residential (Vacant),Multi-Family Residential,Mixed Use
ef5092c4-fd09-4ca9-9662-45f8d9815795,8a2a8ac6500ffff,0,Multi-Family Residential,Multi-Family Residential,Mixed Use
2381e059-fb43-471f-98fa-735e75754f3d,8a2a8ac65957fff,0,Multi-Family Residential,Multi-Family Residential,Multi-Family Residential
81e9e489-a25c-4417-a4a9-941c872fd04a,8a2a8ac64837fff,0,Single-Family Residential,Single-Family Residential,Single-Family Residential
d6cc6300-b133-47be-bbcf-142566f75ccb,8a2a8ac64837fff,0,Single-Family Residential,Single-Family Residential,Single-Family Residential
2fc7f54b-c588-406b-af85-2fdee27ed7d7,8a2a8ac6494ffff,0,Single-Family Residential,Single-Family Residential,Single-Family Residential
2fc7f54b-c588-406b-af85-2fdee27ed7d7,8a2a8ad4b497fff,0,Single-Family Residential,Single-Family Residential,Single-Family Residential
8aed1dda-905b-4f1a-9405-80f1b3c428e9,8a2a8ac64877fff,0,Single-Family Residential,Single-Family Residential,Single-Family Residential
905c01f8-4384-43e4-9329-cdfd2543c335,8a2a8ac64877fff,0,Single-Family Residential,Single-Family Residential,Single-Family Residential
9b9b2d2d-98f5-401e-a50f-5d460e484faa,8a2a8ac6481ffff,0,Single-Family Residential,Single-Family Residential,Single-Family Residential
2420f2c7-0e1a-49d7-8816-b8b2eb5fc5e1,8a2a8ac64b1ffff,0,Single-Family Residential,Multi-Family Residential,Multi-Family Residential
d2adb6e9-13d8-49a2-b9c4-37aae5234b48,8a2a8ac64b1ffff,0,Single-Family Residential,Multi-Family Residential,Multi-Family Residential
3e8def8b-a190-4cbb-9d48-49a4466ccc0a,8a2a8ac64b07fff,0,Single-Family Residential,Multi-Family Residential,Multi-Family Residential
947a4956-c6b8-49d4-9782-790a990a8e0f,8a2a8ac64b07fff,0,Single-Family Residential,Multi-Family Residential,Multi-Family Residential
8cb359fc-6605-41df-a6ac-364c3f575952,8a2a8ac64b07fff,0,Single-Family Residential,Multi-Family Residential,Multi-Family Residential
89c41b07-f88d-4425-835f-a9237fea2daf,8a2a8ac64b07fff,0,Single-Family Residential,Multi-Family Residential,Multi-Family Residential
f2f66a32-7452-403a-92ab-2ef6071564c8,8a2a8ac64b1ffff,0,Single-Family Residential,Multi-Family Residential,Multi-Family Residential
c794227c-f475-4fac-bd35-730ab126ddcd,8a2a8ac64b1ffff,0,Single-Family Residential,Multi-Family Residential,Multi-Family Residential
151c1fc7-0947-487a-ab2d-c76865c31dca,8a2a8ac63c67fff,0,Single-Family Residential,Single-Family Residential,Single-Family Residential
c4dd75a1-b005-4620-8e89-9b9fa860dedb,8a2a8ac63c67fff,0,Single-Family Residential,Single-Family Residential,Single-Family Residential
e246e89a-83a8-4e8c-99af-4e0aa6fec479,8a2a8ac63897fff,0,Single-Family Residential,Single-Family Residential,Single-Family Residential
b4ff22e3-cdbc-4791-9c29-3a3b6a093bad,8a2a8ac63897fff,0,Single-Family Residential,Single-Family Residential,Single-Family Residential
61eff3b5-7377-4789-a5d3-44b7cba2b926,8a2a8ac63897fff,0,Single-Family Residential,Single-Family Residential,Single-Family Residential
cc5d7ab2-565c-4797-8ef5-b06c787d9179,8a2a8ac63157fff,0,Single-Family Residential,Single-Family Residential,Single-Family Residential
d52034a4-116a-4adc-9a69-40f6b07a9f5c,8a2a8ac60717fff,0,Single-Family Residential,Single-Family Residential,Single-Family Residential
b4da3965-adcf-448c-bcba-77268fc3bcfe,8a2a8ac60707fff,0,Single-Family Residential,Single-Family Residential,Single-Family Residential
deb61827-5a8f-4e5d-9f88-10c2affc10ed,8a2a8ac64b07fff,0,Single-Family Residential,Multi-Family Residential,Multi-Family Residential
160178ad-b161-4e20-ae91-e676924366a4,8a2a8ac64b07fff,0,Single-Family Residential,Multi-Family Residential,Multi-Family Residential
fbbb26a8-e174-425b-8e49-f1a7270fef60,8a2a8ac64b07fff,0,Single-Family Residential,Multi-Family Residential,Multi-Family Residential
df84bac5-4087-4b74-a30b-e82dbcfcc260,8a2a8ac64b07fff,0,Single-Family Residential,Multi-Family Residential,Multi-Family Residential
b9da5e7a-64cb-4319-a185-bf9ffd9c5cbf,8a2a8ad4878ffff,0,Single-Family Residential,Single-Family Residential,Single-Family Residential
b9da5e7a-64cb-4319-a185-bf9ffd9c5cbf,8a2a8ad48787fff,0,Single-Family Residential,Single-Family Residential,Single-Family Residential
b9da5e7a-64cb-4319-a185-bf9ffd9c5cbf,8a2a8ad48797fff,0,Single-Family Residential,Single-Family Residential,Single-Family Residential
02211357-d3fc-4f08-afb4-2160ac95ac3e,8a2a8ad4b06ffff,0,Single-Family Residential,Single-Family Residential,Single-Family Residential
65f6bf8b-8854-44ee-971e-4797a7acd95d,8a2a8ad487a7fff,0,Single-Family Residential,Single-Family Residential,Single-Family Residential
5720ad15-a7dd-4ec3-8417-6a230baaa43e,8a2a8ad4aad7fff,0,Single-Family Residential,Single-Family Residential,Single-Family Residential
b004e5fd-f274-4e0e-8316-8c85973b2a3d,8a2a8ac6cb4ffff,0,Institutional (Vacant),Institutional,Unclassified
4f361f2d-87c7-49d9-9a25-55f07290ff36,8a2a8a8936e7fff,0,Commercial (Vacant),Industrial,Mixed Use
8ef7edf5-f87c-4db8-afa1-5556903b68fc,8a2a8a89362ffff,0,Commercial,Industrial,Mixed Use
a55ee77f-96a3-4b68-84e4-0d08d3bd756f,8a2a8ac6dd8ffff,0,Commercial,Commercial,Commercial
a55ee77f-96a3-4b68-84e4-0d08d3bd756f,8a2a8ac6dd87fff,0,Commercial,Commercial,Commercial
5ef4e05e-66f7-446d-84af-e5292038d9c5,8a2a8ac6dd17fff,0,Commercial,Commercial,Mixed Use
007013e3-ed88-4b09-8588-c175aa463f4d,8a2a8ac6dd9ffff,0,Commercial,,Mixed Use
007013e3-ed88-4b09-8588-c175aa463f4d,8a2a8ac6dd8ffff,0,Commercial,,Mixed Use
007013e3-ed88-4b09-8588-c175aa463f4d,8a2a8ac6dd87fff,0,Commercial,,Mixed Use
2ec43dad-96ad-4654-9230-5d924a64dcfa,8a2a8ac64097fff,0,Single-Family Residential,Single-Family Residential,Single-Family Residential
e9711afe-f16b-421b-8285-7f50cffd160f,8a2a8ac64097fff,0,Single-Family Residential,Single-Family Residential,Single-Family Residential
05bb4977-9e15-4773-8904-b5eb9f393d1e,8a2a8ac64097fff,0,Single-Family Residential,Single-Family Residential,Single-Family Residential
ef03493e-7f05-4fcd-97e6-9ec938e44ed9,8a2a8ac64097fff,0,Single-Family Residential,Single-Family Residential,Single-Family Residential
08551258-1f7d-4695-8f31-86476dad1d6f,8a2a8ac64097fff,0,Single-Family Residential,Single-Family Residential,Single-Family Residential
a2370a91-ac99-410e-b36e-cb09843d5ebf,8a2a8ac64097fff,0,Single-Family Residential,Single-Family Residential,Single-Family Residential
b9f1ae3b-0cab-4830-b17c-d210ec394b63,8a2a8ac641affff,0,Single-Family Residential,Single-Family Residential,Single-Family Residential
f5e854f7-d2cc-4af0-925e-05c31654c4c2,8a2a8ac64097fff,0,Single-Family Residential,Single-Family Residential,Single-Family Residential
988e794a-44a7-4459-9504-9ed4d3422691,8a2a8ac64097fff,0,Single-Family Residential,Single-Family Residential,Single-Family Residential
2c507f9f-a6a7-4fa1-8543-bbb6f00bcada,8a2a8ac64097fff,0,Single-Family Residential,Single-Family Residential,Single-Family Residential
f2d30060-c1c2-40bc-acce-55f109a8ca6f,8a2a8ac6351ffff,0,Single-Family Residential,Single-Family Residential,Single-Family Residential
ae30742e-4d2a-4b93-a92c-3cad87e479bd,8a2a8ac6351ffff,0,Single-Family Residential,Single-Family Residential,Single-Family Residential
f98b7f1b-fb73-4083-b363-6529e28690ff,8a2a8ac63577fff,0,Single-Family Residential,Single-Family Residential,Single-Family Residential
a832d2c0-03b3-4b62-a6ce-772719507c8f,8a2a8ac63577fff,0,Single-Family Residential,Single-Family Residential,Single-Family Residential
52ebb506-43d9-4394-9471-5ae9ef8b21f9,8a2a8ac6351ffff,0,Single-Family Residential,Single-Family Residential,Single-Family Residential
7c5d231b-a3d1-473e-9d00-08c2f0aaf53f,8a2a8ac6355ffff,0,Single-Family Residential,Single-Family Residential,Single-Family Residential
ee17d956-1e16-44a0-9495-8c97ef57ca49,8a2a8ac6355ffff,0,Single-Family Residential,Single-Family Residential,Single-Family Residential
500ae306-127d-42eb-8f8d-1294086f39b4,8a2a8ac64837fff,0,Single-Family Residential,Single-Family Residential,Single-Family Residential
3d813050-5e9d-42b9-b59d-bd76652138a7,8a2a8ac64837fff,0,Single-Family Residential,Single-Family Residential,Single-Family Residential
b2750eed-39ea-491d-b74b-f57f1dcc4124,8a2a8ac64837fff,0,Single-Family Residential,Single-Family Residential,Single-Family Residential
6ec25bbe-1145-46bf-a478-5ddaec19c363,8a2a8ac64837fff,0,Single-Family Residential,Single-Family Residential,Single-Family Residential
0dd1a4d8-f94a-42ad-9814-388e5710b2cd,8a2a8ac64837fff,0,Single-Family Residential,Single-Family Residential,Single-Family Residential
afb0a6e6-16c2-41bd-a0d7-324ef620cc3c,8a2a8ac64917fff,0,Single-Family Residential (Vacant),Unclassified,Unclassified
afb0a6e6-16c2-41bd-a0d7-324ef620cc3c,8a2a8ac64837fff,0,Single-Family Residential (Vacant),Unclassified,Unclassified
e9658b18-3a96-4c68-a796-5bb994db1bf4,8a2a8ac6351ffff,0,Single-Family Residential,Single-Family Residential,Single-Family Residential
3857165b-31dc-44a9-9768-0029d2ebc059,8a2a8ac6351ffff,0,Single-Family Residential,Single-Family Residential,Single-Family Residential
a260361b-bfab-4912-9caf-48059d49835d,8a2a8ac6351ffff,0,Single-Family Residential,Single-Family Residential,Single-Family Residential
21c43294-71dc-4904-9111-026399ccab62,8a2a8ac6351ffff,0,Single-Family Residential,Single-Family Residential,Single-Family Residential
523dea0e-ed0d-4414-be61-023a7c07977c,8a2a8ac6351ffff,0,Single-Family Residential,Single-Family Residential,Single-Family Residential
9084d527-2435-42e0-a30f-5e8b62d1a92e,8a2a8ac6351ffff,0,Single-Family Residential,Single-Family Residential,Single-Family Residential
397b335c-c845-4236-84bb-4ac0f75c6c9f,8a2a8ac6351ffff,0,Single-Family Residential,Single-Family Residential,Single-Family Residential
9d83b5b6-769a-4a7b-9010-1ebf7718d360,8a2a8ad48097fff,0,Single-Family Residential,Single-Family Residential,Single-Family Residential
afd31372-4595-4afe-a9a2-bde7c82e3f1f,8a2a8ad4a907fff,0,Single-Family Residential,Single-Family Residential,Single-Family Residential
d01a5756-8ec0-489f-a86e-4490e0a5d5ea,8a2a8ad4851ffff,0,Single-Family Residential,Single-Family Residential,Single-Family Residential
d0075e22-16ff-472b-8650-a794108f7431,8a2a8ad4e2c7fff,0,Agricultural Land,Agricultural Land,Mixed Use
d0075e22-16ff-472b-8650-a794108f7431,8a2a8ad48597fff,0,Agricultural Land,Agricultural Land,Mixed Use
d0075e22-16ff-472b-8650-a794108f7431,8a2a8ad4e2effff,0,Agricultural Land,Agricultural Land,Mixed Use
9167a580-160e-436f-87d0-5bd76b6630f3,8a2a8ad4852ffff,0,Agricultural Land,Agricultural Land,Mixed Use
9167a580-160e-436f-87d0-5bd76b6630f3,8a2a8ad48517fff,0,Agricultural Land,Agricultural Land,Mixed Use
9167a580-160e-436f-87d0-5bd76b6630f3,8a2a8ad4851ffff,0,Agricultural Land,Agricultural Land,Mixed Use
3ed82347-acb0-4c7e-8c86-72c6dade0817,8a2a8ad4b527fff,0,Single-Family Residential,Single-Family Residential,Mixed Use
380c9875-828a-4b15-88a9-a5a540560896,8a2a8ad4b997fff,0,Single-Family Residential,Single-Family Residential,Single-Family Residential
380c9875-828a-4b15-88a9-a5a540560896,8a2a8ad4bd6ffff,0,Single-Family Residential,Single-Family Residential,Single-Family Residential
412b8d4a-77e4-4ab3-9781-77871a681204,8a2a8ad4b997fff,0,Single-Family Residential,Single-Family Residential,Single-Family Residential
db788a20-af88-417e-90cd-8292ffdd38d8,8a2a8ad4b997fff,0,Single-Family Residential,Single-Family Residential,Single-Family Residential
2aa271a8-4172-487e-baaf-935c9f427f1d,8a2a8ad4b997fff,0,Single-Family Residential,Single-Family Residential,Single-Family Residential
b11ba91c-2647-4baa-b127-dd04e66135c1,8a2a8ad4b9b7fff,0,Single-Family Residential,Single-Family Residential,Single-Family Residential
48c9494d-6851-469d-8379-412baa26d862,8a2a8ad4b997fff,0,Single-Family Residential,Single-Family Residential,Single-Family Residential
fcdf20a1-aa87-4c3d-9a4a-5f738f591efc,8a2a8ad4bd6ffff,0,Single-Family Residential,Single-Family Residential,Single-Family Residential
97f4090f-f3d4-4b82-8349-025e3ff5c91a,8a2a8ad4b997fff,0,Single-Family Residential,Single-Family Residential,Single-Family Residential
ab716c10-6587-4c92-95de-04e2d0becb80,8a2a8ad4b527fff,0,Single-Family Residential,Single-Family Residential,Mixed Use
8c9bc874-9dd6-4a63-af1d-d76a5bb9b19f,8a2a8ad4b527fff,0,Single-Family Residential,Single-Family Residential,Mixed Use
1310d78e-9ba8-4cf5-8fb0-519622cf9391,8a2a8ad4b527fff,0,Single-Family Residential,Single-Family Residential,Mixed Use
b71e6cdb-d536-4e7d-adba-ece5681155b3,8a2a8ad4b527fff,0,Single-Family Residential,Single-Family Residential,Mixed Use
6ad4d8c2-9620-4bc5-9b16-43f30b7dad72,8a2a8ad4b527fff,0,Single-Family Residential,Single-Family Residential,Mixed Use
f93d7755-a432-4f52-9984-3b99875437db,8a2a8ad4b527fff,0,Single-Family Residential,Single-Family Residential,Mixed Use
3135b96d-ed5a-4807-a386-a2e3ae3f0710,8a2a8ad4b527fff,0,Single-Family Residential,Single-Family Residential,Mixed Use
96123e8a-0b6f-43c0-a690-eebadc63864b,8a2a8ad4b527fff,0,Single-Family Residential,Single-Family Residential,Mixed Use
11b646a0-ccfc-4017-80f0-8a357344ba34,8a2a8ad4b527fff,0,Single-Family Residential,Single-Family Residential,Mixed Use
f6a2c42f-2d2b-4a72-8a9d-40ffcbf533a6,8a2a8ad4b527fff,0,Single-Family Residential,Single-Family Residential,Mixed Use
3da091ff-4d76-4f8a-8e33-2945f374da7c,8a2a8ad4a8e7fff,0,Single-Family Residential,Single-Family Residential,Single-Family Residential
8fb472d7-9910-47dd-80a7-1aa5d4bc986d,8a2a8ad4a817fff,0,Institutional,Institutional,Institutional
034ee29b-d9f6-497f-ab79-27f601367451,8a2a8ad4a8effff,0,Single-Family Residential,Single-Family Residential,Single-Family Residential
034ee29b-d9f6-497f-ab79-27f601367451,8a2a8ad4a8e7fff,0,Single-Family Residential,Single-Family Residential,Single-Family Residential
d6b70ffc-ceb8-4005-8211-c7d8f4711489,8a2a8ad4a8e7fff,0,Single-Family Residential,Single-Family Residential,Single-Family Residential
0ef3aa8d-5105-4f3a-a79d-04d6635b4b72,8a2a8ad4a8effff,0,Single-Family Residential,Single-Family Residential,Single-Family Residential
0ef3aa8d-5105-4f3a-a79d-04d6635b4b72,8a2a8ad4a8e7fff,0,Single-Family Residential,Single-Family Residential,Single-Family Residential
4787f507-89b6-4b43-b656-fb1e859e67ba,8a2a8ad4a8effff,0,Single-Family Residential,Single-Family Residential,Single-Family Residential
6a3b7ad8-3153-40ae-b799-f9f6d7de0391,8a2a8ad4a82ffff,0,Single-Family Residential,Single-Family Residential,Single-Family Residential
5b955a98-872f-4a5e-a5e2-d9bfc92b0673,8a2a8ad4a82ffff,0,Single-Family Residential,Single-Family Residential,Single-Family Residential
254566e0-34c8-49f0-9712-88aec7e110ac,8a2a8ad48407fff,0,Single-Family Residential,Single-Family Residential,Single-Family Residential
c79f80b1-4196-4eaf-8700-cd7be417f757,8a2a8ad484d7fff,0,Single-Family Residential,Single-Family Residential,Single-Family Residential
80ac8d45-b066-44f9-917a-d5ce82ab9769,8a2a8ad484d7fff,0,Single-Family Residential,Single-Family Residential,Single-Family Residential
dd72a31f-61de-489a-9fa2-12a8a50d66fc,8a2a8ad484d7fff,0,Single-Family Residential,Single-Family Residential,Single-Family Residential
2eee7f7f-c58d-43e2-9c97-d959d06d5bac,8a2a8ad484d7fff,0,Single-Family Residential,Single-Family Residential,Single-Family Residential
9317c629-83fa-4656-948e-ed4ee4056603,8a2a8ad484d7fff,0,Single-Family Residential,Single-Family Residential,Single-Family Residential
b374052b-321d-455e-87ea-b642d9e3c5c1,8a2a8ad484d7fff,0,Single-Family Residential,Single-Family Residential,Single-Family Residential
6f399e07-e811-4f07-a1ae-a09adb339ec4,8a2a8ad484d7fff,0,Single-Family Residential,Single-Family Residential,Single-Family Residential
5db79b51-0e21-44a0-b31f-804e952b051c,8a2a8ad484d7fff,0,Single-Family Residential,Single-Family Residential,Single-Family Residential
152f3981-e1b3-43d3-a10c-87f8289e862d,8a2a8ad484d7fff,0,Single-Family Residential,Single-Family Residential,Single-Family Residential
d3c2b8e4-228a-4894-aa06-2b4b114d114e,8a2a8ad484affff,0,Single-Family Residential,Single-Family Residential,Single-Family Residential
44709db6-89b4-452d-a5db-f79e99356ec0,8a2a8ad484d7fff,0,Single-Family Residential,Single-Family Residential,Single-Family Residential
2eee3f8c-7b9c-4faa-b612-67b562b65161,8a2a8ad4858ffff,0,Single-Family Residential,Single-Family Residential,Single-Family Residential
2bf228ce-9aa5-4b28-9c80-4c7b6120b11d,8a2a8ad484affff,0,Single-Family Residential,Single-Family Residential,Single-Family Residential
7edf3e76-b9be-43e1-ba32-bb473a5de4b7,8a2a8ad484affff,0,Single-Family Residential,Single-Family Residential,Single-Family Residential
91d24a40-39c0-4a8a-8944-9900530b5716,8a2a8ad484affff,0,Single-Family Residential,Single-Family Residential,Single-Family Residential
be41466c-e6bd-435c-b8bc-5b76e55b68b6,8a2a8ac6c967fff,0,Multi-Family Residential (Vacant),Multi-Family Residential,Mixed Use
9d52aede-6bda-4360-ad62-188497318547,8a2a8ad4a817fff,0,Single-Family Residential,Single-Family Residential,Single-Family Residential
9d52aede-6bda-4360-ad62-188497318547,8a2a8ad4a98ffff,0,Single-Family Residential,Single-Family Residential,Single-Family Residential
cff0bfc2-5bc4-4596-93c6-e00988aee2c9,8a2a8ad4a98ffff,0,Single-Family Residential,Single-Family Residential,Single-Family Residential
51be1127-ac53-4eed-b2c2-4b8793353636,8a2a8ad4a98ffff,0,Single-Family Residential,Single-Family Residential,Single-Family Residential
8527b860-4e89-443e-b48c-ccd4a342cba0,8a2a8ad48467fff,0,Single-Family Residential,Single-Family Residential,Single-Family Residential
4bf54532-b618-4dd6-97f0-622a83a5068c,8a2a8ad48797fff,0,Single-Family Residential,Single-Family Residential,Single-Family Residential
c4db6439-ef8f-474e-ba18-ffbbaeeaea98,8a2a8ad4ab67fff,0,Single-Family Residential,Single-Family Residential,Single-Family Residential
c4db6439-ef8f-474e-ba18-ffbbaeeaea98,8a2a8ad48797fff,0,Single-Family Residential,Single-Family Residential,Single-Family Residential
956d3e88-a428-4a4d-88d2-2db0f36c2cd0,8a2a8ad48797fff,0,Single-Family Residential,Single-Family Residential,Single-Family Residential
d0cd491d-7b42-4921-9a1f-bd695f07e3b4,8a2a8ad4ab67fff,0,Single-Family Residential,Single-Family Residential,Single-Family Residential
d0cd491d-7b42-4921-9a1f-bd695f07e3b4,8a2a8ad48797fff,0,Single-Family Residential,Single-Family Residential,Single-Family Residential
a51b5348-cb4c-466c-b3b7-437dc278b0a1,8a2a8ad48797fff,0,Single-Family Residential,Single-Family Residential,Single-Family Residential
e409927a-6b5d-478a-86a2-c7b791a502b8,8a2a8ad4ab67fff,0,Single-Family Residential,Single-Family Residential,Single-Family Residential
d743935e-8cf2-41d9-83fa-11d58b0b45a6,8a2a8ad48407fff,0,Single-Family Residential,Single-Family Residential,Single-Family Residential
a3da66bc-8e41-43cb-a42d-2aa2ad25ce91,8a2a8ad48407fff,0,Single-Family Residential,Single-Family Residential,Single-Family Residential
1fbf44b9-bd5b-40e8-a790-46c16fa048f9,8a2a8ad4aa67fff,0,Single-Family Residential,Single-Family Residential,Single-Family Residential
b5aac21a-c415-4de9-83db-f31fd0c1db36,8a2a8ad48797fff,0,Single-Family Residential,Single-Family Residential,Single-Family Residential
3ed3670b-39f0-4bea-a40e-1f18923329bb,8a2a8ad48797fff,0,Single-Family Residential,Single-Family Residential,Single-Family Residential
82cbaad2-c64f-4388-adfb-6334e802956c,8a2a8ad48787fff,0,Single-Family Residential,Single-Family Residential,Single-Family Residential
82cbaad2-c64f-4388-adfb-6334e802956c,8a2a8ad48797fff,0,Single-Family Residential,Single-Family Residential,Single-Family Residential
82cbaad2-c64f-4388-adfb-6334e802956c,8a2a8ad487a7fff,0,Single-Family Residential,Single-Family Residential,Single-Family Residential
11ff0cb4-3656-49df-af56-6002fe7a4d5a,8a2a8ad48797fff,0,Single-Family Residential,Single-Family Residential,Single-Family Residential
7de54f14-85d5-4d5c-9c4a-108382dde4df,8a2a8ad48797fff,0,Single-Family Residential,Single-Family Residential,Single-Family Residential
31d91764-b28e-4360-a6b3-dff00d63cc79,8a2a8ad48797fff,0,Single-Family Residential,Single-Family Residential,Single-Family Residential
0661d7f7-3f6e-4c21-8523-3b34ac94779e,8a2a8ad4ab67fff,0,Single-Family Residential,Single-Family Residential,Single-Family Residential
d571b398-4924-4067-ba36-ac146654052f,8a2a8ad4ab67fff,0,Single-Family Residential,Single-Family Residential,Single-Family Residential
5754ddaa-0032-4a04-9db6-3937a61cc8af,8a2a8ad4ab67fff,0,Single-Family Residential,Single-Family Residential,Single-Family Residential
6534b100-31bd-450a-9141-28f0821a1b23,8a2a8ad4ab67fff,0,Single-Family Residential,Single-Family Residential,Single-Family Residential
07725ba5-a193-4d43-aec5-498e408ac735,8a2a8ad4ab67fff,0,Single-Family Residential,Single-Family Residential,Single-Family Residential
c5921bb7-c4ce-46b4-b0ea-8e46b77ac0bc,8a2a8ad484affff,0,Single-Family Residential,Single-Family Residential,Single-Family Residential
c2cb3781-5586-4891-a9be-a240256dc7e8,8a2a8ad484affff,0,Single-Family Residential,Single-Family Residential,Single-Family Residential
5d05be2d-fc22-430d-a7a1-66c1e571e735,8a2a8ad484affff,0,Single-Family Residential,Single-Family Residential,Single-Family Residential
8a9b7b2a-7697-467f-826d-c99e85b7d3da,8a2a8ad48447fff,0,Single-Family Residential,Single-Family Residential,Single-Family Residential
c4401085-724d-465a-9303-991dde92ab92,8a2a8ad48407fff,0,Single-Family Residential,Single-Family Residential,Single-Family Residential
c337157a-098a-4c6d-b5b5-9e6a637b375c,8a2a8ad48407fff,0,Single-Family Residential,Single-Family Residential,Single-Family Residential
ba1c11a8-a3c0-4e14-a942-af280efa6d96,8a2a8ad48407fff,0,Single-Family Residential,Single-Family Residential,Single-Family Residential
bd557fbb-380f-4de7-9db4-62f63d9880a2,8a2a8ad48407fff,0,Single-Family Residential,Single-Family Residential,Single-Family Residential
ccd059ce-4d26-42b1-9200-9677e1ad9f3c,8a2a8ad48407fff,0,Single-Family Residential,Single-Family Residential,Single-Family Residential
dc8acf1f-cb2a-4528-896b-32bc59ac654d,8a2a8ad48407fff,0,Single-Family Residential,Single-Family Residential,Single-Family Residential
733a691d-376c-4070-a093-cde7b7e97ddc,8a2a8ad48407fff,0,Single-Family Residential,Single-Family Residential,Single-Family Residential
1a4f0246-3921-4012-9f21-1e3788eb3787,8a2a8ad48407fff,0,Single-Family Residential,Single-Family Residential,Single-Family Residential
85d6938a-6687-46b2-a888-a8c1b8ac4979,8a2a8ad4ab67fff,0,Single-Family Residential,Single-Family Residential,Single-Family Residential
254259d6-a9d6-416f-930e-28be56cfcba4,8a2a8ad4ab67fff,0,Single-Family Residential,Single-Family Residential,Single-Family Residential
f0d56e98-ed75-4ce0-a2bf-bfd6c175d129,8a2a8ad4ab67fff,0,Single-Family Residential,Single-Family Residential,Single-Family Residential
c38d354f-1ad8-46c2-9cf0-c38c5f7037ab,8a2a8ad4ab67fff,0,Single-Family Residential,Single-Family Residential,Single-Family Residential
67860f2e-cbcc-483c-81f1-82dc3c9621a2,8a2a8ad4aa67fff,0,Single-Family Residential,Single-Family Residential,Single-Family Residential
026a1a8e-3b62-40f7-aae8-ea59707a1267,8a2a8ad4aa67fff,0,Single-Family Residential,Single-Family Residential,Single-Family Residential
7d8f9b61-27b9-400b-9d30-e7b31e8d1196,8a2a8ad4aa67fff,0,Single-Family Residential,Single-Family Residential,Single-Family Residential
a5a7e8d9-e0a4-496b-a71f-743db2bf6443,8a2a8ad4aa67fff,0,Single-Family Residential,Single-Family Residential,Single-Family Residential
dbe56618-1192-4ce6-b9e0-2317eebb27c5,8a2a8ad4aa67fff,0,Single-Family Residential,Single-Family Residential,Single-Family Residential
1b1c5e0b-ab75-4747-a03d-0885cd78587d,8a2a8ad48467fff,0,Single-Family Residential,Single-Family Residential,Single-Family Residential
1b1c5e0b-ab75-4747-a03d-0885cd78587d,8a2a8ad48097fff,0,Single-Family Residential,Single-Family Residential,Single-Family Residential
ba76cd7a-2851-4a1a-a5d8-759f0be739b7,8a2a8ad48097fff,0,Single-Family Residential,Single-Family Residential,Single-Family Residential
249af5e8-922a-4a5d-87fb-395f91d11fed,8a2a8ad48467fff,0,Single-Family Residential,Single-Family Residential,Single-Family Residential
e917abe9-9406-4466-9e2f-846df0e47841,8a2a8ad48467fff,0,Single-Family Residential,Single-Family Residential,Single-Family Residential
256bd987-9565-4683-9f4b-059edacb0c1b,8a2a8ad48467fff,0,Single-Family Residential,Single-Family Residential,Single-Family Residential
d5b425c8-673f-44b0-9c52-c28b81ab3d59,8a2a8ad48097fff,0,Single-Family Residential,Single-Family Residential,Single-Family Residential
a42f2e88-8ee4-4d02-8294-ff4bb15192be,8a2a8ad48467fff,0,Single-Family Residential,Single-Family Residential,Single-Family Residential
6a721431-2248-49c5-81ad-9ea63ce94f85,8a2a8ad48097fff,0,Single-Family Residential,Single-Family Residential,Single-Family Residential
5969a112-3738-4fdc-9699-f5749078e28a,8a2a8ad48097fff,0,Single-Family Residential,Single-Family Residential,Single-Family Residential
a2749c4b-94b6-4359-9907-1bc6b93fb0ea,8a2a8ad48097fff,0,Single-Family Residential,Single-Family Residential,Single-Family Residential
4ac47c20-e60e-4223-b7f3-03136119c08f,8a2a8ad4aa67fff,0,Single-Family Residential (Vacant),Unclassified,Mixed Use
23fc2a43-a473-40b9-b5d1-9597b12dc2e7,8a2a8ad4aa67fff,0,Single-Family Residential,Single-Family Residential,Single-Family Residential
a2c82084-3731-4b50-9912-d9d7e406e5bc,8a2a8ad4aa67fff,0,Single-Family Residential,Single-Family Residential,Single-Family Residential
92a4e87f-d310-49eb-b8aa-e45b36e54396,8a2a8ad4aa67fff,0,Single-Family Residential (Vacant),Unclassified,Mixed Use
189a33dc-c362-4253-a2c5-3e0c1a45b2a7,8a2a8ad4aa67fff,0,Single-Family Residential,Single-Family Residential,Single-Family Residential
e2a33766-6b6e-4e7a-96cf-29dd70ff9235,8a2a8ad4aa67fff,0,Single-Family Residential,Single-Family Residential,Single-Family Residential
49d8c925-0f2c-46e6-b36d-be02243d3fb9,8a2a8ad4aa67fff,0,Single-Family Residential (Vacant),Unclassified,Mixed Use
09e2eeb9-1e90-4fc9-9f82-d2e669fe09ac,8a2a8ad4aa67fff,0,Single-Family Residential,Single-Family Residential,Single-Family Residential
3c0168ca-3c8d-487e-bde4-b2a8db147b74,8a2a8a896497fff,0,Single-Family Residential,Single-Family Residential,Single-Family Residential
082aad3b-0728-4610-ad55-d14b0ae8654c,8a2a8a896497fff,0,Single-Family Residential,Single-Family Residential,Single-Family Residential
688f88ef-c3aa-4c45-ae2a-421f34a935cf,8a2a8a896497fff,0,Single-Family Residential,Single-Family Residential,Single-Family Residential
6bbb2b3c-cf6b-458d-bc1e-33f240bf7c69,8a2a8ac66c27fff,0,Single-Family Residential,Single-Family Residential,Single-Family Residential
e79798df-530b-4df4-bea2-8e36e8dbbfd4,8a2a8ac66c27fff,0,Single-Family Residential,Single-Family Residential,Single-Family Residential
03e48f3a-be97-4e46-912a-d4d21bcf79f6,8a2a8ad4a107fff,0,Single-Family Residential,Single-Family Residential,Single-Family Residential
43fffe91-36b2-406e-96d6-ea475ac58014,8a2a8ac66cc7fff,0,Commercial,Commercial,Manufactured Housing
43fffe91-36b2-406e-96d6-ea475ac58014,8a2a8ac66cd7fff,0,Commercial,Commercial,Manufactured Housing
163b445c-0588-4d98-8f16-dc0890163c6f,8a2a8ac66547fff,0,Multi-Family Residential,Multi-Family Residential,Multi-Family Residential
163b445c-0588-4d98-8f16-dc0890163c6f,8a2a8ac66cd7fff,0,Multi-Family Residential,Multi-Family Residential,Multi-Family Residential
163b445c-0588-4d98-8f16-dc0890163c6f,8a2a8ac66527fff,0,Multi-Family Residential,Multi-Family Residential,Multi-Family Residential
bf88924d-9d02-4a55-aae5-c35d30e8de1a,8a2a8ac66547fff,0,Single-Family Residential,Single-Family Residential,Single-Family Residential
ebe4b85f-d92f-4b08-8ab7-6165f5f95ae4,8a2a8ac664d7fff,0,Single-Family Residential,Single-Family Residential,Single-Family Residential
0b55a07d-688e-4eb2-be6e-66068e523612,8a2a8ac664e7fff,0,Single-Family Residential,Single-Family Residential,Single-Family Residential
74c30cae-9e8d-483a-89f0-06d041d4dfbc,8a2a8ac664e7fff,0,Single-Family Residential,Single-Family Residential,Single-Family Residential
908b4a01-ab8b-498d-ba1e-86089f92acd8,8a2a8ac75b27fff,0,Single-Family Residential,Single-Family Residential,Single-Family Residential
908b4a01-ab8b-498d-ba1e-86089f92acd8,8a2a8ac664dffff,0,Single-Family Residential,Single-Family Residential,Single-Family Residential
908b4a01-ab8b-498d-ba1e-86089f92acd8,8a2a8ac664d7fff,0,Single-Family Residential,Single-Family Residential,Single-Family Residential
38c45300-9b38-4cdf-9cee-69a1eb8b1950,8a2a8ac75b27fff,0,Single-Family Residential,Single-Family Residential,Single-Family Residential
38c45300-9b38-4cdf-9cee-69a1eb8b1950,8a2a8ac664dffff,0,Single-Family Residential,Single-Family Residential,Single-Family Residential
38c45300-9b38-4cdf-9cee-69a1eb8b1950,8a2a8ac664d7fff,0,Single-Family Residential,Single-Family Residential,Single-Family Residential
3bbbab61-cc1d-44e7-aa1e-099fe179eca0,8a2a8ac75b27fff,0,Single-Family Residential,Single-Family Residential,Single-Family Residential
ad8a4fa5-ce60-448a-bbe4-0237f6bc4fd5,8a2a8ac75b27fff,0,Government/Public (Vacant),Multi-Family Residential,Single-Family Residential
c32c52f8-c5f7-403b-9027-4367a05cc493,8a2a8ac6698ffff,0,Single-Family Residential,Single-Family Residential,Single-Family Residential
c32c52f8-c5f7-403b-9027-4367a05cc493,8a2a8ac66987fff,0,Single-Family Residential,Single-Family Residential,Single-Family Residential
08c20539-79f5-42d6-82b0-d7e9e2de50ed,8a2a8ac66c17fff,0,Single-Family Residential,Single-Family Residential,Single-Family Residential
9eda9737-098d-4f9e-98cc-d7c4be7c21ad,8a2a8ac66987fff,0,Single-Family Residential,Single-Family Residential,Single-Family Residential
98c3b90f-a4eb-43a4-8115-aafad0cebc0e,8a2a8ac66987fff,0,Single-Family Residential,Single-Family Residential,Single-Family Residential
009323db-3506-4d75-8611-d37b6dc071a6,8a2a8ac6698ffff,0,Single-Family Residential,Single-Family Residential,Single-Family Residential
009323db-3506-4d75-8611-d37b6dc071a6,8a2a8ac6699ffff,0,Single-Family Residential,Single-Family Residential,Single-Family Residential
009323db-3506-4d75-8611-d37b6dc071a6,8a2a8ac66987fff,0,Single-Family Residential,Single-Family Residential,Single-Family Residential
2fc2580b-4c7e-4aa6-ad63-e8d9750d2853,8a2a8ad59047fff,0,Single-Family Residential,Single-Family Residential,Single-Family Residential
356cd3ae-9a97-4186-9bb0-c7fcf4d680a9,8a2a8ad59067fff,0,Single-Family Residential,Single-Family Residential,Single-Family Residential
1348af2a-a932-4ea4-9c28-d6106bb562f6,8a2a8ad5931ffff,0,Single-Family Residential,Single-Family Residential,Single-Family Residential
1348af2a-a932-4ea4-9c28-d6106bb562f6,8a2a8ad59047fff,0,Single-Family Residential,Single-Family Residential,Single-Family Residential
368a4647-35ab-48db-82e7-9769e3f0e5f0,8a2a8ad590effff,0,Single-Family Residential,Single-Family Residential,Single-Family Residential
368a4647-35ab-48db-82e7-9769e3f0e5f0,8a2a8ad59047fff,0,Single-Family Residential,Single-Family Residential,Single-Family Residential
c850a414-4f9d-4403-bf62-3e77eb18270a,8a2a8ad590effff,0,Single-Family Residential,Single-Family Residential,Single-Family Residential
66e8285c-d1ce-4f59-8ac6-85dcb053c801,8a2a8ad59627fff,0,Agricultural Land,Agricultural Land,Mixed Use
66e8285c-d1ce-4f59-8ac6-85dcb053c801,8a2a8ad59777fff,0,Agricultural Land,Agricultural Land,Mixed Use
66e8285c-d1ce-4f59-8ac6-85dcb053c801,8a2a8ad5962ffff,0,Agricultural Land,Agricultural Land,Mixed Use
66e8285c-d1ce-4f59-8ac6-85dcb053c801,8a2a8ad592affff,0,Agricultural Land,Agricultural Land,Mixed Use
c35a7fd9-3596-4213-81ad-e7022a46408b,8a2a8ac66827fff,0,Single-Family Residential,Single-Family Residential,Single-Family Residential
944012f5-7e05-4dd6-b073-abce36e27c2f,8a2a8ac66987fff,0,Single-Family Residential,Single-Family Residential,Single-Family Residential
be564090-9b09-444d-833a-2e9401a0391f,8a2a8ac66827fff,0,Single-Family Residential,Single-Family Residential,Single-Family Residential
235ac0e1-2a2e-45b9-9785-2c875e658069,8a2a8ac6698ffff,0,Single-Family Residential,Single-Family Residential,Single-Family Residential
235ac0e1-2a2e-45b9-9785-2c875e658069,8a2a8ac6699ffff,0,Single-Family Residential,Single-Family Residential,Single-Family Residential
235ac0e1-2a2e-45b9-9785-2c875e658069,8a2a8ac66987fff,0,Single-Family Residential,Single-Family Residential,Single-Family Residential
4ad80cc1-c877-4f0d-97d0-421a15bc3d1d,8a2a8ac6699ffff,0,Single-Family Residential,Single-Family Residential,Single-Family Residential
71db83ef-e14e-47f6-a0bb-43f2ba35aa79,8a2a8ac66827fff,0,Multi-Family Residential,Multi-Family Residential,Multi-Family Residential
4b35e855-7b69-4d0b-a536-5b69490fa014,8a2a8ac6698ffff,0,Single-Family Residential,Single-Family Residential,Single-Family Residential
d0781c25-f30e-43ca-a642-982caf53d738,8a2a8ad59b1ffff,0,Single-Family Residential,Single-Family Residential,Single-Family Residential
9181f68a-b978-4e5c-9c78-f6e833f5f718,8a2a8ad59b1ffff,0,Single-Family Residential,Single-Family Residential,Single-Family Residential
4f245ede-5213-46e9-b3a2-ee7e4375c8f9,8a2a8ad59b1ffff,0,Single-Family Residential,Single-Family Residential,Single-Family Residential
6c8dc8a3-af3f-4ef6-8889-83a07acfb6e3,8a2a8ad4a657fff,0,Single-Family Residential,Single-Family Residential,Single-Family Residential
6c8dc8a3-af3f-4ef6-8889-83a07acfb6e3,8a2a8ac649a7fff,0,Single-Family Residential,Single-Family Residential,Single-Family Residential
31c587a6-cc10-4439-9180-20ddaddc29e8,8a2a8ac64d67fff,0,Single-Family Residential,Single-Family Residential,Single-Family Residential
c39d4f9e-ddd2-4ce1-acaa-bcea37781d39,8a2a8ac64c47fff,0,Single-Family Residential,Single-Family Residential,Single-Family Residential
f79b1bb1-fe53-4291-97cb-2f0896e652ea,8a2a8ac64cc7fff,0,Single-Family Residential,Single-Family Residential,Single-Family Residential
b8ed2e32-113f-4bfc-b5b4-02664be5d17f,8a2a8ac64cc7fff,0,Single-Family Residential,Single-Family Residential,Single-Family Residential
0b938aad-9dda-4cd3-9c15-24f9909ad5ba,8a2a8ac64cc7fff,0,Single-Family Residential,Single-Family Residential,Single-Family Residential
975e63b3-5964-4d30-877c-e164efdcc2b3,8a2a8ac64c47fff,0,Single-Family Residential,Single-Family Residential,Single-Family Residential
7527672c-27da-4b1f-97e2-918bd9ce8e77,8a2a8ac64cc7fff,0,Single-Family Residential,Single-Family Residential,Single-Family Residential
d0386d8c-92ad-4d62-bbe3-ff473b37419f,8a2a8ac64cc7fff,0,Single-Family Residential,Single-Family Residential,Single-Family Residential
5a037920-5f52-44bb-980d-16d8fdbb642b,8a2a8ac641affff,0,Single-Family Residential,Single-Family Residential,Single-Family Residential
5a037920-5f52-44bb-980d-16d8fdbb642b,8a2a8ac64117fff,0,Single-Family Residential,Single-Family Residential,Single-Family Residential
1050a1c1-753e-4027-bd72-58958ee2f7b7,8a2a8ac64c1ffff,0,Single-Family Residential,Single-Family Residential,Single-Family Residential
ce8d5bc3-28b6-48b4-8295-f057228f0260,8a2a8ad5935ffff,0,Single-Family Residential,Single-Family Residential,Single-Family Residential
ce8d5bc3-28b6-48b4-8295-f057228f0260,8a2a8ad59357fff,0,Single-Family Residential,Single-Family Residential,Single-Family Residential
63456cff-b75e-424b-b5ed-2c331d09ba54,8a2a8ad5935ffff,0,Agricultural Land,Agricultural Land,Mixed Use
21204f54-cff5-4c4b-b2f5-87e0a344c99f,8a2a8ad5935ffff,0,Agricultural Land,Agricultural Land,Mixed Use
21204f54-cff5-4c4b-b2f5-87e0a344c99f,8a2a8ad59227fff,0,Agricultural Land,Agricultural Land,Mixed Use
21204f54-cff5-4c4b-b2f5-87e0a344c99f,8a2a8ad5931ffff,0,Agricultural Land,Agricultural Land,Mixed Use
21204f54-cff5-4c4b-b2f5-87e0a344c99f,8a2a8ad59357fff,0,Agricultural Land,Agricultural Land,Mixed Use
21204f54-cff5-4c4b-b2f5-87e0a344c99f,8a2a8ad59207fff,0,Agricultural Land,Agricultural Land,Mixed Use
45faea36-5581-4f8b-9089-2b7845477a49,8a2a8ad59a9ffff,0,Single-Family Residential (Vacant),Single-Family Residential,Single-Family Residential
45faea36-5581-4f8b-9089-2b7845477a49,8a2a8ad59067fff,0,Single-Family Residential (Vacant),Single-Family Residential,Single-Family Residential
ab6866e3-9788-4c85-8902-383b13862cff,8a2a8ad5931ffff,0,Single-Family Residential,Single-Family Residential,Single-Family Residential
7ada5250-1db7-43a0-857f-8db6d3e66bf7,8a2a8ad59a07fff,0,Single-Family Residential,Single-Family Residential,Single-Family Residential
b28bd104-a048-4649-8947-df3a6f28a4b6,8a2a8ad4a79ffff,0,Single-Family Residential,Single-Family Residential,Single-Family Residential
b28bd104-a048-4649-8947-df3a6f28a4b6,8a2a8ad4a6a7fff,0,Single-Family Residential,Single-Family Residential,Single-Family Residential
bfb035bc-29ee-47be-b013-4d451b8e3f10,8a2a8ad4a6a7fff,0,Single-Family Residential,Single-Family Residential,Single-Family Residential
bfb035bc-29ee-47be-b013-4d451b8e3f10,8a2a8ad4a6affff,0,Single-Family Residential,Single-Family Residential,Single-Family Residential
c64a7117-267e-461b-8c33-a01720591812,8a2a8ad59a47fff,0,Single-Family Residential,Single-Family Residential,Single-Family Residential
9a985f8b-b259-438d-9b15-18e07fa68f38,8a2a8ad59b4ffff,0,Single-Family Residential,Single-Family Residential,Single-Family Residential
82e1db1c-f251-47fc-a09f-bb250a53e4a6,8a2a8ad4a4d7fff,0,Single-Family Residential,Single-Family Residential,Single-Family Residential
010f9b27-98f9-485b-b5c3-cbd868c7e197,8a2a8ad59b67fff,0,Single-Family Residential,Single-Family Residential,Single-Family Residential
9776ab39-9b31-4733-82f3-223e781a026d,8a2a8ad59b67fff,0,Single-Family Residential,Single-Family Residential,Single-Family Residential
9776ab39-9b31-4733-82f3-223e781a026d,8a2a8ad4a79ffff,0,Single-Family Residential,Single-Family Residential,Single-Family Residential
8c58b4a5-c1ec-4c1a-8782-f6692329c45a,8a2a8ad59b1ffff,0,Single-Family Residential,Single-Family Residential,Single-Family Residential
c01bccdc-c4d7-4836-971a-06be9ae7995c,8a2a8ad4a4d7fff,0,Single-Family Residential,Single-Family Residential,Single-Family Residential
9a14187f-a858-42b7-9731-f595fea46f96,8a2a8ad4a4d7fff,0,Single-Family Residential,Single-Family Residential,Single-Family Residential
9a14187f-a858-42b7-9731-f595fea46f96,8a2a8ad4a49ffff,0,Single-Family Residential,Single-Family Residential,Single-Family Residential
e3f74045-9ae4-49bb-803d-64511c7f0056,8a2a8ac6408ffff,0,Single-Family Residential,Single-Family Residential,Single-Family Residential
1d23ad7b-80dd-4993-9108-ce71299d06d8,8a2a8ac6408ffff,0,Single-Family Residential,Single-Family Residential,Single-Family Residential
6f35e6c0-31d9-4ad8-9af7-4cae0dc7744a,8a2a8ac6408ffff,0,Single-Family Residential,Single-Family Residential,Single-Family Residential
f1d081fa-4884-4353-83c9-c6aecfe15945,8a2a8ac64717fff,0,Single-Family Residential,Single-Family Residential,Single-Family Residential
1c4f5add-099e-4cc9-aee9-7ed11ac75d82,8a2a8ac64717fff,0,Single-Family Residential,Single-Family Residential,Single-Family Residential
940ada02-865f-4d65-9002-7b68ac6548e8,8a2a8ac64717fff,0,Single-Family Residential,Single-Family Residential,Single-Family Residential
ed82b73b-bcb2-4f06-97e4-bff4f2e98918,8a2a8ac64717fff,0,Single-Family Residential,Single-Family Residential,Single-Family Residential
618033a0-dcf2-42cc-9652-c52be9c46db9,8a2a8ac6408ffff,0,Single-Family Residential,Single-Family Residential,Single-Family Residential
9502299c-0d19-42a9-a786-62f4cd96d6ea,8a2a8ad4a31ffff,0,Single-Family Residential,Single-Family Residential,Single-Family Residential
9461530f-698b-4e92-9684-dddcf85414dc,8a2a8ad4a31ffff,0,Single-Family Residential,Single-Family Residential,Single-Family Residential
5bbf201c-cee0-474c-b368-cba7d5944509,8a2a8ad4a31ffff,0,Single-Family Residential,Single-Family Residential,Single-Family Residential
ab0d08ce-fe82-4081-95aa-44702e3ad8c4,8a2a8ad4a31ffff,0,Single-Family Residential,Single-Family Residential,Single-Family Residential
5750fdf6-efee-41d8-96b0-0a09083612e6,8a2a8ad4a31ffff,0,Single-Family Residential,Single-Family Residential,Single-Family Residential
e892a77e-7f7f-47c2-86e5-e1db042e4f65,8a2a8ad4a31ffff,0,Single-Family Residential,Single-Family Residential,Single-Family Residential
565fb918-1a9e-4958-b3b3-a43339049935,8a2a8ad4a31ffff,0,Single-Family Residential,Single-Family Residential,Single-Family Residential
11c83733-a4c3-4c2b-b70d-f200a73cf23e,8a2a8ad4aad7fff,0,Single-Family Residential,Single-Family Residential,Single-Family Residential
38544987-82a4-4899-9e0d-285cb226e913,8a2a8ad4aad7fff,0,Single-Family Residential,Single-Family Residential,Single-Family Residential
91645819-60de-421b-86b4-3b620b72c90d,8a2a8ad4a31ffff,0,Single-Family Residential,Single-Family Residential,Single-Family Residential
6a94f580-3500-443f-b4b0-746431337843,8a2a8ad4a31ffff,0,Single-Family Residential,Single-Family Residential,Single-Family Residential
770b456a-09ca-4635-87ba-6961610a3519,8a2a8ad4aad7fff,0,Single-Family Residential,Single-Family Residential,Single-Family Residential
f7852e8b-bf05-4cbf-91b1-8030e7c22e7c,8a2a8ad4aa9ffff,0,Single-Family Residential,Single-Family Residential,Single-Family Residential
61c8c279-1c57-4291-a09e-8456f6825b21,8a2a8ad4aa9ffff,0,Single-Family Residential,Single-Family Residential,Single-Family Residential
c5cd06bf-1ca5-42f1-9cac-95381835fbc2,8a2a8ad4aa87fff,0,Agricultural Land,Agricultural Land,Single-Family Residential
7e121598-abe1-459a-b77e-efada5740a13,8a2a8ad4aad7fff,0,Single-Family Residential,Single-Family Residential,Single-Family Residential
7475f8d9-f50c-4e1f-af7a-5df406908a52,8a2a8ad4aad7fff,0,Single-Family Residential,Single-Family Residential,Single-Family Residential
b454c032-401f-43b1-9ec5-93b0d067eba4,8a2a8ac6494ffff,0,Single-Family Residential,Single-Family Residential,Single-Family Residential
1819a27b-4e20-44f0-8556-436d70e3d7af,8a2a8ac6494ffff,0,Single-Family Residential,Single-Family Residential,Single-Family Residential
e2225d7c-48e7-486c-b256-968b5ddf7d06,8a2a8ac6494ffff,0,Single-Family Residential,Single-Family Residential,Single-Family Residential
42ba4605-e381-455c-8578-c64feae1de44,8a2a8ac6494ffff,0,Single-Family Residential,Single-Family Residential,Single-Family Residential
afff6e73-6c1b-40e4-9d2d-2993054dc2cf,8a2a8ac64917fff,0,Single-Family Residential,Single-Family Residential,Single-Family Residential
afff6e73-6c1b-40e4-9d2d-2993054dc2cf,8a2a8ac649a7fff,0,Single-Family Residential,Single-Family Residential,Single-Family Residential
fd92de4b-e8e5-40e7-ad21-33bc0e7c5f40,8a2a8ad4aad7fff,0,Single-Family Residential,Single-Family Residential,Single-Family Residential
67aac3c4-2071-4e36-87bd-ef7588f0fb54,8a2a8ad4aad7fff,0,Single-Family Residential,Single-Family Residential,Single-Family Residential
bda2613d-5ad2-45b8-9d2d-ef7b472e6721,8a2a8ac64917fff,0,Single-Family Residential,Single-Family Residential,Single-Family Residential
13342b50-c4b7-4b25-b142-d31377221575,8a2a8ac64917fff,0,Single-Family Residential,Single-Family Residential,Single-Family Residential
ce3c1b92-47c0-40f0-9a37-7590f955e29e,8a2a8ad4a287fff,0,Single-Family Residential,Single-Family Residential,Single-Family Residential
dcfccfa9-367a-4dba-9e69-28bd55d05219,8a2a8ad4a287fff,0,Single-Family Residential,Single-Family Residential,Single-Family Residential
7e0b7bfc-172f-4d10-9379-4a3da9234ed6,8a2a8ad4a287fff,0,Single-Family Residential,Single-Family Residential,Single-Family Residential
ede7237c-4565-4d7e-8290-a6bce3ed00e7,8a2a8ad4a287fff,0,Single-Family Residential,Single-Family Residential,Single-Family Residential
904a0633-c895-469f-afde-5930c63be38f,8a2a8ad4a287fff,0,Single-Family Residential,Single-Family Residential,Single-Family Residential
995d8416-b4c3-4cc3-a3f3-56a7493e5112,8a2a8ad4a287fff,0,Single-Family Residential,Single-Family Residential,Single-Family Residential
1a955573-48a3-4c42-9137-934b2d9f1bb6,8a2a8ad4a287fff,0,Single-Family Residential,Single-Family Residential,Single-Family Residential
fc596f79-553b-4d49-81c5-946e11bcd6a0,8a2a8ac6481ffff,0,Single-Family Residential,Single-Family Residential,Single-Family Residential
6f97cb77-6de0-4b19-8acb-636a4ca97222,8a2a8ac6481ffff,0,Single-Family Residential,Single-Family Residential,Single-Family Residential
6a928d8c-d3c6-486b-b8db-8c1cb343496f,8a2a8ac6481ffff,0,Single-Family Residential,Single-Family Residential,Single-Family Residential
628ab105-7d6b-4080-a67e-67c19faf87fc,8a2a8ad4aa87fff,0,Single-Family Residential,Single-Family Residential,Single-Family Residential
157e1271-c9ef-4b5e-b492-bc3faaacc83a,8a2a8ad4aa87fff,0,Agricultural Land,Agricultural Land,Single-Family Residential
6c4a2031-0e11-4adf-b0d0-0de3661ab2a1,8a2a8ad4aa87fff,0,Agricultural Land,Agricultural Land,Single-Family Residential
4088fe8c-aff1-4707-983b-f2975f757258,8a2a8ad4aa9ffff,0,Agricultural Land,Agricultural Land,Single-Family Residential
7a125735-6ead-4b8c-9dd6-21967b28da8a,8a2a8ad4aa9ffff,0,Agricultural Land,Agricultural Land,Single-Family Residential
dd399fee-a66c-4247-841d-e2314173e624,8a2a8ad4aa9ffff,0,Single-Family Residential,Single-Family Residential,Single-Family Residential
8c1c2bf9-4e97-45b9-aaf9-e7a86cca14d8,8a2a8ad4aa9ffff,0,Single-Family Residential,Single-Family Residential,Single-Family Residential
8c1c2bf9-4e97-45b9-aaf9-e7a86cca14d8,8a2a8ad4aa87fff,0,Single-Family Residential,Single-Family Residential,Single-Family Residential
f08b952b-3e15-4f02-9054-11f3806a102b,8a2a8ad4aa9ffff,0,Single-Family Residential,Single-Family Residential,Single-Family Residential
5605493b-9e54-49dc-b9a3-23abdd86ec01,8a2a8ad4aa9ffff,0,Agricultural Land,Agricultural Land,Single-Family Residential
4de483d1-68c8-4054-94af-3a501f776751,8a2a8ad4aa9ffff,0,Agricultural Land,Agricultural Land,Single-Family Residential
09c0a753-8b5f-4027-83b2-e05b1345f148,8a2a8ad4aa9ffff,0,Agricultural Land,Agricultural Land,Single-Family Residential
5f271a2f-2eb6-434a-bcf9-7251e691ea86,8a2a8ad4aa9ffff,0,Single-Family Residential,Single-Family Residential,Single-Family Residential
92264994-d4e8-47b9-b55c-b359ea791447,8a2a8ad4aa9ffff,0,Single-Family Residential,Single-Family Residential,Single-Family Residential
614b3882-4953-4449-97be-a85631c60ada,8a2a8ad4aa9ffff,0,Agricultural Land,Agricultural Land,Single-Family Residential
614b3882-4953-4449-97be-a85631c60ada,8a2a8ad4aa87fff,0,Agricultural Land,Agricultural Land,Single-Family Residential
d8dcc6e0-f51c-408a-8c01-4afdb32326d9,8a2a8ad4aa9ffff,0,Agricultural Land,Agricultural Land,Single-Family Residential
d8dcc6e0-f51c-408a-8c01-4afdb32326d9,8a2a8ad4aa87fff,0,Agricultural Land,Agricultural Land,Single-Family Residential
8c96fe3c-a3b0-400d-bd9d-7d67bac0c819,8a2a8ad4aa9ffff,0,Single-Family Residential,Single-Family Residential,Single-Family Residential
77898c3b-3c68-43d5-86e7-6012c29bccfe,8a2a8ad4aa87fff,0,Single-Family Residential,Single-Family Residential,Single-Family Residential
65c4612a-a1cb-45d4-90bf-ff89e080664b,8a2a8ac605b7fff,0,Single-Family Residential,Single-Family Residential,Single-Family Residential
65c4612a-a1cb-45d4-90bf-ff89e080664b,8a2a8ac6625ffff,0,Single-Family Residential,Single-Family Residential,Single-Family Residential
de816087-882b-4535-815c-09554e770500,8a2a8ac66277fff,0,Single-Family Residential,Single-Family Residential,Single-Family Residential
4e469b49-ae14-4c4b-b136-3338d9b6effd,8a2a8ac60537fff,0,Single-Family Residential,Single-Family Residential,Single-Family Residential
4e469b49-ae14-4c4b-b136-3338d9b6effd,8a2a8ac6625ffff,0,Single-Family Residential,Single-Family Residential,Single-Family Residential
48c3a99a-91bd-4b15-8cde-59e0d98b4bb5,8a2a8ac60537fff,0,Single-Family Residential,Single-Family Residential,Single-Family Residential
48c3a99a-91bd-4b15-8cde-59e0d98b4bb5,8a2a8ac60507fff,0,Single-Family Residential,Single-Family Residential,Single-Family Residential
6d3b7a9b-5f7b-4080-8c25-5468b90f0412,8a2a8ac60537fff,0,Single-Family Residential,Single-Family Residential,Single-Family Residential
6d3b7a9b-5f7b-4080-8c25-5468b90f0412,8a2a8ac60507fff,0,Single-Family Residential,Single-Family Residential,Single-Family Residential
c34f593c-b401-475b-80e7-f7eeeaaf2120,8a2a8ac6622ffff,0,Single-Family Residential,Single-Family Residential,Single-Family Residential
c34f593c-b401-475b-80e7-f7eeeaaf2120,8a2a8ac66277fff,0,Single-Family Residential,Single-Family Residential,Single-Family Residential
c15e59d4-a344-4505-a196-bae61c8e8aa2,8a2a8ac66277fff,0,Single-Family Residential,Single-Family Residential,Single-Family Residential
2acd197a-7e36-4650-ac29-b00c41116ab4,8a2a8ac60c87fff,0,Single-Family Residential,Single-Family Residential,Single-Family Residential
5a7d5d70-9b65-4b06-ab1f-0ebff326a1a2,8a2a8ac60d97fff,0,Single-Family Residential,Single-Family Residential,Single-Family Residential
0ca14f06-5148-4338-92dc-0228e89badc2,8a2a8ac60d87fff,0,Single-Family Residential,Single-Family Residential,Single-Family Residential
729929c5-b22c-4a7c-bc79-c63098896a3e,8a2a8ac60d97fff,0,Single-Family Residential,Single-Family Residential,Single-Family Residential
7abd6049-2699-42fa-b1a1-681dc8790984,8a2a8ac60d87fff,0,Single-Family Residential,Single-Family Residential,Single-Family Residential
26212206-2df5-47af-9ca2-5a46ee535231,8a2a8ac60d97fff,0,Single-Family Residential,Single-Family Residential,Single-Family Residential
26212206-2df5-47af-9ca2-5a46ee535231,8a2a8ac60d87fff,0,Single-Family Residential,Single-Family Residential,Single-Family Residential
8df391cf-8ea4-4f3d-a462-885a3def3650,8a2a8ac60c87fff,0,Single-Family Residential,Single-Family Residential,Single-Family Residential
8df391cf-8ea4-4f3d-a462-885a3def3650,8a2a8ac60d87fff,0,Single-Family Residential,Single-Family Residential,Single-Family Residential
488dc78d-5b36-4bd3-b8f2-08a4453537c1,8a2a8ac60d87fff,0,Single-Family Residential,Single-Family Residential,Single-Family Residential
387277e0-0f86-4cce-907a-18dd18cecf5c,8a2a8ac60d87fff,0,Single-Family Residential,Single-Family Residential,Single-Family Residential
13b7dbef-e587-4576-bd2d-5f55cc22eaf0,8a2a8ac60daffff,0,Single-Family Residential,Single-Family Residential,Single-Family Residential
c1e2c1ea-1be5-4133-a8ee-86d229ca3afa,8a2a8ac60d87fff,0,Single-Family Residential,Single-Family Residential,Single-Family Residential
1eb6a78c-28c6-424c-8c00-b078a9d2e235,8a2a8ac60daffff,0,Single-Family Residential,Single-Family Residential,Single-Family Residential
9122ddde-ddbe-4190-840a-c96108e7b83e,8a2a8ac60d97fff,0,Single-Family Residential,Single-Family Residential,Single-Family Residential
05b764b8-d4c1-4577-b047-97c228a76b89,8a2a8ac66ac7fff,0,Single-Family Residential,Single-Family Residential,Single-Family Residential
8d8f8448-7efc-44b3-b5af-2a070260bc6f,8a2a8ac60d97fff,0,Single-Family Residential,Single-Family Residential,Single-Family Residential
fd02b15c-60e1-422c-a2cb-3ed0ea4092b3,8a2a8ac66ad7fff,0,Single-Family Residential,Single-Family Residential,Single-Family Residential
fd02b15c-60e1-422c-a2cb-3ed0ea4092b3,8a2a8ac66ac7fff,0,Single-Family Residential,Single-Family Residential,Single-Family Residential
6670defb-24e9-43e5-969e-aa03f7399ff1,8a2a8ac663affff,0,Single-Family Residential,Single-Family Residential,Single-Family Residential
c48fc361-551a-473a-9eca-9307ed10407d,8a2a8ac66397fff,0,Single-Family Residential,Single-Family Residential,Single-Family Residential
c48fc361-551a-473a-9eca-9307ed10407d,8a2a8ac6676ffff,0,Single-Family Residential,Single-Family Residential,Single-Family Residential
30f63577-2e7f-4d71-95ef-6d2786c0c4b2,8a2a8ac66397fff,0,Agricultural Land (Vacant),Agricultural Land,Agricultural Land
30f63577-2e7f-4d71-95ef-6d2786c0c4b2,8a2a8ac6665ffff,0,Agricultural Land (Vacant),Agricultural Land,Agricultural Land
30f63577-2e7f-4d71-95ef-6d2786c0c4b2,8a2a8ac66647fff,0,Agricultural Land (Vacant),Agricultural Land,Agricultural Land
30f63577-2e7f-4d71-95ef-6d2786c0c4b2,8a2a8ac6676ffff,0,Agricultural Land (Vacant),Agricultural Land,Agricultural Land
30f63577-2e7f-4d71-95ef-6d2786c0c4b2,8a2a8ac6664ffff,0,Agricultural Land (Vacant),Agricultural Land,Agricultural Land
75a56d87-7364-460e-aa3b-4f61a965057b,8a2a8ac66397fff,0,Single-Family Residential,Single-Family Residential,Single-Family Residential
ed64f2ed-b31e-4083-b5d3-e6e12da6d2c2,8a2a8ac660d7fff,0,Institutional (Vacant),Institutional,Unclassified
4ddddaba-153d-4033-9711-c0848031dfb2,8a2a8ac66087fff,0,Single-Family Residential,Single-Family Residential,Single-Family Residential
8b994f45-139c-4f21-ace5-052c3e8c7b34,8a2a8ac66467fff,0,Single-Family Residential,Single-Family Residential,Single-Family Residential
8b994f45-139c-4f21-ace5-052c3e8c7b34,8a2a8ac66087fff,0,Single-Family Residential,Single-Family Residential,Single-Family Residential
8b994f45-139c-4f21-ace5-052c3e8c7b34,8a2a8ac66547fff,0,Single-Family Residential,Single-Family Residential,Single-Family Residential
bfc1366f-5d68-459a-b9a7-98da4b0658be,8a2a8ac66467fff,0,Single-Family Residential,Single-Family Residential,Single-Family Residential
8818ab63-affe-49be-813b-9c2b9adea6b2,8a2a8ac66207fff,0,Single-Family Residential,Single-Family Residential,Single-Family Residential
8818ab63-affe-49be-813b-9c2b9adea6b2,8a2a8ac6622ffff,0,Single-Family Residential,Single-Family Residential,Single-Family Residential
119de75a-73a9-4949-8064-a0e90971c41a,8a2a8ac75b6ffff,0,Single-Family Residential,Single-Family Residential,Single-Family Residential
119de75a-73a9-4949-8064-a0e90971c41a,8a2a8ac664cffff,0,Single-Family Residential,Single-Family Residential,Single-Family Residential
634530e0-9ff7-4d2d-8208-4befcbf57b1d,8a2a8ac664cffff,0,Single-Family Residential,Single-Family Residential,Single-Family Residential
8f6c76fa-1915-42c4-bb09-af93cfe94cf6,8a2a8ac664dffff,0,Single-Family Residential,Single-Family Residential,Single-Family Residential
c04cf696-41e1-436a-8822-84ce89cbfe21,8a2a8ac664e7fff,0,Single-Family Residential,Single-Family Residential,Single-Family Residential
c04cf696-41e1-436a-8822-84ce89cbfe21,8a2a8ac664cffff,0,Single-Family Residential,Single-Family Residential,Single-Family Residential
c04cf696-41e1-436a-8822-84ce89cbfe21,8a2a8ac664dffff,0,Single-Family Residential,Single-Family Residential,Single-Family Residential
e77603f6-5c66-4796-adc2-034379cb1973,8a2a8ac75b6ffff,0,Single-Family Residential,Single-Family Residential,Single-Family Residential
24faac6e-1276-46bb-9be8-23fef32707c6,8a2a8ac60d97fff,0,Single-Family Residential,Single-Family Residential,Single-Family Residential
24faac6e-1276-46bb-9be8-23fef32707c6,8a2a8ac60d87fff,0,Single-Family Residential,Single-Family Residential,Single-Family Residential
a0cd97da-ff88-4e97-a9b2-397f968b204f,8a2a8ac6665ffff,0,Agricultural Land,Agricultural Land,Residential (unspecified)
a0cd97da-ff88-4e97-a9b2-397f968b204f,8a2a8ac629affff,0,Agricultural Land,Agricultural Land,Residential (unspecified)
a0cd97da-ff88-4e97-a9b2-397f968b204f,8a2a8ac6299ffff,0,Agricultural Land,Agricultural Land,Residential (unspecified)
a0cd97da-ff88-4e97-a9b2-397f968b204f,8a2a8ac62c57fff,0,Agricultural Land,Agricultural Land,Residential (unspecified)
a0cd97da-ff88-4e97-a9b2-397f968b204f,8a2a8ac62917fff,0,Agricultural Land,Agricultural Land,Residential (unspecified)
a0cd97da-ff88-4e97-a9b2-397f968b204f,8a2a8ac6668ffff,0,Agricultural Land,Agricultural Land,Residential (unspecified)
a0cd97da-ff88-4e97-a9b2-397f968b204f,8a2a8ac62d07fff,0,Agricultural Land,Agricultural Land,Residential (unspecified)
a0cd97da-ff88-4e97-a9b2-397f968b204f,8a2a8ac666cffff,0,Agricultural Land,Agricultural Land,Residential (unspecified)
7d4b149e-0488-47dd-aa3d-86641ea64b41,8a2a8ac629affff,0,Agricultural Land,Agricultural Land,Residential (unspecified)
7d4b149e-0488-47dd-aa3d-86641ea64b41,8a2a8ac6299ffff,0,Agricultural Land,Agricultural Land,Residential (unspecified)
7d4b149e-0488-47dd-aa3d-86641ea64b41,8a2a8ac62c57fff,0,Agricultural Land,Agricultural Land,Residential (unspecified)
7d4b149e-0488-47dd-aa3d-86641ea64b41,8a2a8ac6218ffff,0,Agricultural Land,Agricultural Land,Residential (unspecified)
7d4b149e-0488-47dd-aa3d-86641ea64b41,8a2a8ac621affff,0,Agricultural Land,Agricultural Land,Residential (unspecified)
7d4b149e-0488-47dd-aa3d-86641ea64b41,8a2a8ac6280ffff,0,Agricultural Land,Agricultural Land,Residential (unspecified)
7d4b149e-0488-47dd-aa3d-86641ea64b41,8a2a8ac6286ffff,0,Agricultural Land,Agricultural Land,Residential (unspecified)
7d4b149e-0488-47dd-aa3d-86641ea64b41,8a2a8ac62017fff,0,Agricultural Land,Agricultural Land,Residential (unspecified)
7d4b149e-0488-47dd-aa3d-86641ea64b41,8a2a8ac6284ffff,0,Agricultural Land,Agricultural Land,Residential (unspecified)
7d4b149e-0488-47dd-aa3d-86641ea64b41,8a2a8ac62807fff,0,Agricultural Land,Agricultural Land,Residential (unspecified)
125b7f0b-de4c-4577-8548-3da41bfacf14,8a2a8ac623affff,0,Agricultural Land,Agricultural Land,Residential (unspecified)
125b7f0b-de4c-4577-8548-3da41bfacf14,8a2a8ac623a7fff,0,Agricultural Land,Agricultural Land,Residential (unspecified)
125b7f0b-de4c-4577-8548-3da41bfacf14,8a2a8ac62017fff,0,Agricultural Land,Agricultural Land,Residential (unspecified)
60a8b522-f937-46b9-8f9e-0e462367af63,8a2a8ac62c57fff,0,Agricultural Land,Agricultural Land,Mixed Use
60a8b522-f937-46b9-8f9e-0e462367af63,8a2a8ac6218ffff,0,Agricultural Land,Agricultural Land,Mixed Use
60a8b522-f937-46b9-8f9e-0e462367af63,8a2a8ac621affff,0,Agricultural Land,Agricultural Land,Mixed Use
60a8b522-f937-46b9-8f9e-0e462367af63,8a2a8ac62c1ffff,0,Agricultural Land,Agricultural Land,Mixed Use
60a8b522-f937-46b9-8f9e-0e462367af63,8a2a8ac62017fff,0,Agricultural Land,Agricultural Land,Mixed Use
60a8b522-f937-46b9-8f9e-0e462367af63,8a2a8ac62cc7fff,0,Agricultural Land,Agricultural Land,Mixed Use
60a8b522-f937-46b9-8f9e-0e462367af63,8a2a8ac62c07fff,0,Agricultural Land,Agricultural Land,Mixed Use
60a8b522-f937-46b9-8f9e-0e462367af63,8a2a8ac620b7fff,0,Agricultural Land,Agricultural Land,Mixed Use
920fdbb1-8ad5-4f80-a649-9fdc505cd967,8a2a8ac64717fff,0,Agricultural Land,Agricultural Land,Agricultural Land
920fdbb1-8ad5-4f80-a649-9fdc505cd967,8a2a8ac6461ffff,0,Agricultural Land,Agricultural Land,Agricultural Land
920fdbb1-8ad5-4f80-a649-9fdc505cd967,8a2a8ac64607fff,0,Agricultural Land,Agricultural Land,Agricultural Land
920fdbb1-8ad5-4f80-a649-9fdc505cd967,8a2a8ac6462ffff,0,Agricultural Land,Agricultural Land,Agricultural Land
4a80b44c-7ff3-4ae8-bf70-2d9f7a001ab2,8a2a8ac66b67fff,0,Single-Family Residential,Single-Family Residential,Single-Family Residential
4a80b44c-7ff3-4ae8-bf70-2d9f7a001ab2,8a2a8ac64797fff,0,Single-Family Residential,Single-Family Residential,Single-Family Residential
e757cba7-ff8c-4d17-89d6-c69e7f59c9d5,8a2a8ac66b67fff,0,Single-Family Residential,Single-Family Residential,Single-Family Residential
2a6ac80f-80c3-4ccc-ab57-217e5b4a39e4,8a2a8ac64797fff,0,Single-Family Residential,Single-Family Residential,Single-Family Residential
6a38e834-6e3e-46bf-aa3f-1de8f9163655,8a2a8ac66b67fff,0,Single-Family Residential,Single-Family Residential,Single-Family Residential
3c213229-fb20-443a-a88e-3014fe9bb809,8a2a8ac64797fff,0,Single-Family Residential,Single-Family Residential,Single-Family Residential
1a7e021f-861d-4a32-8e1a-ebf3559900fa,8a2a8ac64797fff,0,Single-Family Residential,Single-Family Residential,Single-Family Residential
64135864-c3aa-424b-b4c6-14af7051ac93,8a2a8ac64687fff,0,Single-Family Residential,Single-Family Residential,Single-Family Residential
6e75eb58-9102-4670-b677-81b831a5b695,8a2a8ac64687fff,0,Single-Family Residential,Single-Family Residential,Single-Family Residential
43eff61a-e909-4338-a7b2-e3b35dfa3f8d,8a2a8ac64687fff,0,Single-Family Residential,Single-Family Residential,Single-Family Residential
d4c8bd70-2787-4215-8b4b-4c9c1e335f7c,8a2a8ac646b7fff,0,Single-Family Residential,Single-Family Residential,Single-Family Residential
067cc73a-e1c6-4dd7-a9e4-2b3a20695f7c,8a2a8ac64687fff,0,Single-Family Residential,Single-Family Residential,Single-Family Residential
067cc73a-e1c6-4dd7-a9e4-2b3a20695f7c,8a2a8ac646b7fff,0,Single-Family Residential,Single-Family Residential,Single-Family Residential
0cd8770b-c0d0-4937-b58b-f6d661032e90,8a2a8ac646b7fff,0,Single-Family Residential,Single-Family Residential,Single-Family Residential
9da11028-9167-4348-a5ff-51c118e164a7,8a2a8ac646b7fff,0,Single-Family Residential,Single-Family Residential,Single-Family Residential
399b447d-fcc3-4cf3-b58a-deb1effa491f,8a2a8ac646b7fff,0,Single-Family Residential,Single-Family Residential,Single-Family Residential
12946d82-bd85-4620-b89c-13828b1c3006,8a2a8ac646b7fff,0,Single-Family Residential,Single-Family Residential,Single-Family Residential
a17c8e11-21aa-496a-9015-233caedb7a70,8a2a8ac668effff,0,Single-Family Residential,Single-Family Residential,Single-Family Residential
a17c8e11-21aa-496a-9015-233caedb7a70,8a2a8ac66bb7fff,0,Single-Family Residential,Single-Family Residential,Single-Family Residential
a17c8e11-21aa-496a-9015-233caedb7a70,8a2a8ac66167fff,0,Single-Family Residential,Single-Family Residential,Single-Family Residential
1817f250-c9a6-4b07-ad44-078d13c658c6,8a2a8ac66127fff,0,Single-Family Residential,Single-Family Residential,Single-Family Residential
1817f250-c9a6-4b07-ad44-078d13c658c6,8a2a8ac668d7fff,0,Single-Family Residential,Single-Family Residential,Single-Family Residential
8d220d60-36b4-4577-a80f-c9e03513228d,8a2a8ac668effff,0,Single-Family Residential,Single-Family Residential,Single-Family Residential
8d220d60-36b4-4577-a80f-c9e03513228d,8a2a8ac66167fff,0,Single-Family Residential,Single-Family Residential,Single-Family Residential
8d220d60-36b4-4577-a80f-c9e03513228d,8a2a8ac668d7fff,0,Single-Family Residential,Single-Family Residential,Single-Family Residential
b0ab2417-8ded-4f3b-a441-5e0d68f5db83,8a2a8ac668effff,0,Single-Family Residential,Single-Family Residential,Single-Family Residential
b0ab2417-8ded-4f3b-a441-5e0d68f5db83,8a2a8ac66bb7fff,0,Single-Family Residential,Single-Family Residential,Single-Family Residential
fa4d374b-de11-41e6-abd0-d5ea8965ca8e,8a2a8ac644f7fff,0,Single-Family Residential,Single-Family Residential,Single-Family Residential
ea6a7efb-44e1-454d-a99d-600e66a93e47,8a2a8ac64cc7fff,0,Agricultural Land,Agricultural Land,Agricultural Land
ea6a7efb-44e1-454d-a99d-600e66a93e47,8a2a8ad592effff,0,Agricultural Land,Agricultural Land,Agricultural Land
ea6a7efb-44e1-454d-a99d-600e66a93e47,8a2a8ac644f7fff,0,Agricultural Land,Agricultural Land,Agricultural Land
ea6a7efb-44e1-454d-a99d-600e66a93e47,8a2a8ac64c1ffff,0,Agricultural Land,Agricultural Land,Agricultural Land
ea6a7efb-44e1-454d-a99d-600e66a93e47,8a2a8ad592affff,0,Agricultural Land,Agricultural Land,Agricultural Land
ea6a7efb-44e1-454d-a99d-600e66a93e47,8a2a8ac64587fff,0,Agricultural Land,Agricultural Land,Agricultural Land
ea6a7efb-44e1-454d-a99d-600e66a93e47,8a2a8ac64507fff,0,Agricultural Land,Agricultural Land,Agricultural Land
ea6a7efb-44e1-454d-a99d-600e66a93e47,8a2a8ad59207fff,0,Agricultural Land,Agricultural Land,Agricultural Land
a48a7c14-63c6-4fd0-938a-7dba2515e1eb,8a2a8ac66b4ffff,0,Institutional,Institutional,Institutional
a48a7c14-63c6-4fd0-938a-7dba2515e1eb,8a2a8ac646b7fff,0,Institutional,Institutional,Institutional
10b4353b-70bf-436c-bce1-adc265f3d75a,8a2a8ac66baffff,0,Single-Family Residential,Single-Family Residential,Single-Family Residential
c1fb0901-8594-42a8-9eba-951b481b7528,8a2a8ac66a17fff,0,Single-Family Residential (Vacant),Unclassified,Mixed Use
c1fb0901-8594-42a8-9eba-951b481b7528,8a2a8ac66baffff,0,Single-Family Residential (Vacant),Unclassified,Mixed Use
76576961-4c5b-40f1-b0e1-b401c202ea72,8a2a8ac66baffff,0,Single-Family Residential,Single-Family Residential,Single-Family Residential
51015506-f347-4b26-8f21-6588f53dfd63,8a2a8ac66baffff,0,Single-Family Residential,Single-Family Residential,Single-Family Residential
196a2910-1706-462b-81f6-76175550575e,8a2a8ac66baffff,0,Single-Family Residential,Single-Family Residential,Single-Family Residential
90f5b665-5f12-4421-9604-5afa97a64fe2,8a2a8ac66baffff,0,Single-Family Residential,Single-Family Residential,Single-Family Residential
a9ef8d8d-9446-4365-baf2-6fc557ba2bfc,8a2a8ac66a17fff,0,Single-Family Residential,Single-Family Residential,Single-Family Residential
8279fd2a-7008-478e-923c-5c3be8e52505,8a2a8ac66a17fff,0,Single-Family Residential,Single-Family Residential,Single-Family Residential
c760e6db-e6b5-4f50-a97a-98ee5d3699fc,8a2a8ac66a17fff,0,Single-Family Residential,Single-Family Residential,Single-Family Residential
69a72d21-7897-408e-b9bf-6d587679a70d,8a2a8ac66a17fff,0,Single-Family Residential,Single-Family Residential,Single-Family Residential
884bb9b8-da53-46e2-9504-a4bcd467115a,8a2a8ac60daffff,0,Multi-Family Residential,Multi-Family Residential,Multi-Family Residential
884bb9b8-da53-46e2-9504-a4bcd467115a,8a2a8ac60d87fff,0,Multi-Family Residential,Multi-Family Residential,Multi-Family Residential
5480a579-d55f-47a6-a3cb-50fd49075b44,8a2a8a89265ffff,0,Commercial,Commercial,Mixed Use
77c89838-4f79-46b4-83f6-e5f365804f96,8a2a8ac64a87fff,0,Multi-Family Residential,Multi-Family Residential,Multi-Family Residential
41f0659b-e95f-4ef8-bf6c-8dde1a55e4aa,8a2a8ac64b37fff,0,Multi-Family Residential,Multi-Family Residential,Multi-Family Residential
eaba1290-0c29-403d-901a-0f6a5133f4dc,8a2a8ac64b37fff,0,Multi-Family Residential,Multi-Family Residential,Multi-Family Residential
eaba1290-0c29-403d-901a-0f6a5133f4dc,8a2a8ac64b1ffff,0,Multi-Family Residential,Multi-Family Residential,Multi-Family Residential
eaba1290-0c29-403d-901a-0f6a5133f4dc,8a2a8ac64b07fff,0,Multi-Family Residential,Multi-Family Residential,Multi-Family Residential
6b36d24c-77d7-482d-b3ac-1bdc69d0b9e5,8a2a8ad4bd97fff,0,Single-Family Residential,Single-Family Residential,Single-Family Residential
9b55cd3f-805a-4bc3-9e36-ff18d5e10fcb,8a2a8ad4bd97fff,0,Single-Family Residential,Single-Family Residential,Single-Family Residential
5c3b1c9e-50ce-4d75-8003-719d9436c76a,8a2a8ad4bd97fff,0,Single-Family Residential,Single-Family Residential,Single-Family Residential
277ff76a-0583-4fd2-b5a7-83b988d5e5fb,8a2a8ad4bd97fff,0,Single-Family Residential (Vacant),Single-Family Residential,Mixed Use
726678b5-a27f-45f2-9cc4-d4c4236eed21,8a2a8ad4bd97fff,0,Single-Family Residential,Single-Family Residential,Single-Family Residential
b199d3fa-07cc-4f3d-bfa2-53cdcd7f9d2b,8a2a8ad4bd97fff,0,Single-Family Residential,Single-Family Residential,Single-Family Residential
be05b91e-c383-40e4-95f8-ffe85ea01c99,8a2a8ad4bd97fff,0,Single-Family Residential,Single-Family Residential,Single-Family Residential
78d512cc-452d-49da-945b-72450731d874,8a2a8ad4b527fff,0,Commercial,Commercial,Commercial
6694588c-7b2a-4125-95d2-acc3954db13f,8a2a8ad4b527fff,0,Commercial,Commercial,Mixed Use
35115e37-475a-448e-a548-d71e2acaaa83,8a2a8ad4b437fff,0,Commercial,Commercial,Commercial
9384a045-6cab-4d13-aa8f-d332e30cd173,8a2a8ad4a2b7fff,0,Single-Family Residential,Single-Family Residential,Single-Family Residential
ec5c41fa-48a7-4a98-aa99-ca432fe03a02,8a2a8ad4a2b7fff,0,Single-Family Residential,Single-Family Residential,Single-Family Residential
22515900-907b-4fbe-bf53-9605a8149395,8a2a8ad4a2b7fff,0,Single-Family Residential,Single-Family Residential,Single-Family Residential
98bedab2-90a7-4825-b2e3-b7db52d0aa40,8a2a8ad4a2b7fff,0,Single-Family Residential,Single-Family Residential,Single-Family Residential
ab00879d-6796-4f55-93b5-cd7cb81b73d9,8a2a8ad4a2b7fff,0,Single-Family Residential,Single-Family Residential,Single-Family Residential
a8e169ac-bc85-42c6-a592-bfbc3a573c39,8a2a8ad4a287fff,0,Single-Family Residential,Single-Family Residential,Single-Family Residential
5242b205-2bc6-475a-b085-801d842e4eb7,8a2a8ad4a287fff,0,Single-Family Residential,Single-Family Residential,Single-Family Residential
5242b205-2bc6-475a-b085-801d842e4eb7,8a2a8ad4a2b7fff,0,Single-Family Residential,Single-Family Residential,Single-Family Residential
e67ffb85-ce2a-4ecd-9ec3-154419417449,8a2a8ad4a287fff,0,Single-Family Residential,Single-Family Residential,Single-Family Residential
e72d9d09-06bf-4fbe-b1a5-60a848caa2a7,8a2a8ad4a287fff,0,Single-Family Residential,Single-Family Residential,Single-Family Residential
e72d9d09-06bf-4fbe-b1a5-60a848caa2a7,8a2a8ad4a2b7fff,0,Single-Family Residential,Single-Family Residential,Single-Family Residential
c2b091d0-f014-4974-94f9-bc4c2cf0d0f8,8a2a8ad4a287fff,0,Single-Family Residential,Single-Family Residential,Single-Family Residential
5fd577bf-46bb-49ac-895b-fda432b178f7,8a2a8ad4b097fff,0,Single-Family Residential,Single-Family Residential,Single-Family Residential
addf436d-b979-45f9-9cba-e1fb41e6964c,8a2a8ad4bc47fff,0,Single-Family Residential,Single-Family Residential,Single-Family Residential
addf436d-b979-45f9-9cba-e1fb41e6964c,8a2a8ad4bd6ffff,0,Single-Family Residential,Single-Family Residential,Single-Family Residential
d4aae065-07e4-46f9-b152-97944a031085,8a2a8ad4b097fff,0,Single-Family Residential,Single-Family Residential,Single-Family Residential
503c9b44-9a2a-4d45-b7cc-bc6dbaf91b8b,8a2a8ad4b097fff,0,Single-Family Residential,Single-Family Residential,Single-Family Residential
34acf68f-0e62-49f7-a1e5-8fe19aeee94b,8a2a8ad4b097fff,0,Single-Family Residential,Single-Family Residential,Single-Family Residential
f33372b8-db2a-48ef-94d9-f4956c995191,8a2a8ad4b097fff,0,Single-Family Residential,Single-Family Residential,Single-Family Residential
26243754-af67-4c96-af58-d9f8feb1a275,8a2a8ad4b507fff,0,Single-Family Residential,Single-Family Residential,Single-Family Residential
0f262290-4ec6-44b9-b7b2-c69b5ad11a8e,8a2a8ad4b507fff,0,Commercial,Commercial,Commercial
0f262290-4ec6-44b9-b7b2-c69b5ad11a8e,8a2a8ad4b527fff,0,Commercial,Commercial,Commercial
6481579b-217e-435f-886d-1cc3d5f0c710,8a2a8ad4b507fff,0,Single-Family Residential,Single-Family Residential,Single-Family Residential
396cd23a-9603-4b02-ab23-2d44cdfaec47,8a2a8ad4bc07fff,0,Unclassified,Unclassified,Mixed Use
99a8d2ac-7929-4d00-958e-ea26a64794c6,8a2a8ad4bc07fff,0,Multi-Family Residential,Multi-Family Residential,Multi-Family Residential
b39031ed-cc71-4ca7-a3b7-2f3a6846ef56,8a2a8ad4b407fff,0,Commercial,Commercial,Commercial
e9588be5-dbc4-4cbc-9024-1c92d5757766,8a2a8ad4b407fff,0,Commercial,Commercial,Commercial
e9588be5-dbc4-4cbc-9024-1c92d5757766,8a2a8ad4b437fff,0,Commercial,Commercial,Commercial
98a93b14-06b0-43c3-aca2-32f28f0ba8dc,8a2a8ad4b887fff,0,Single-Family Residential (Vacant),Single-Family Residential,Single-Family Residential
2c23403b-5734-4f45-89ae-6705936c4763,8a2a8ad4bd6ffff,0,Single-Family Residential,Single-Family Residential,Single-Family Residential
80c28084-3fa8-425a-89ee-fe995ff935d7,8a2a8ad4b887fff,0,Single-Family Residential,Single-Family Residential,Single-Family Residential
ee5555c2-ca15-4cde-82ff-edde965b356a,8a2a8ac60c27fff,0,Single-Family Residential,Single-Family Residential,Single-Family Residential
16ddcb36-ba33-4f40-83d3-0d3eec0792eb,8a2a8ac6461ffff,0,Single-Family Residential,Single-Family Residential,Single-Family Residential
82872243-5e37-4a3e-9b1f-01d60e361ca0,8a2a8ac608b7fff,0,Single-Family Residential,Single-Family Residential,Single-Family Residential
2e5cb80b-b6c1-4b2d-b057-b96bd9ce63fe,8a2a8ac608b7fff,0,Single-Family Residential,Single-Family Residential,Single-Family Residential
2cfbe1ac-37d0-4815-bfe2-51b6598ec663,8a2a8ac6099ffff,0,Single-Family Residential,Single-Family Residential,Single-Family Residential
45756c86-6fc6-4901-bde0-b0b576ebd539,8a2a8ac608b7fff,0,Single-Family Residential,Single-Family Residential,Single-Family Residential
5aa94d8a-57c6-4d4d-8dfb-a9bf935e46a3,8a2a8ac608b7fff,0,Single-Family Residential,Single-Family Residential,Single-Family Residential
867b022a-0501-4e78-a845-1c3ce3ddef27,8a2a8ac60c2ffff,0,Single-Family Residential,Single-Family Residential,Single-Family Residential
867b022a-0501-4e78-a845-1c3ce3ddef27,8a2a8ac60c47fff,0,Single-Family Residential,Single-Family Residential,Single-Family Residential
69c364d7-c45e-4bb5-90fb-044997b94901,8a2a8ac60c27fff,0,Institutional,Institutional,Institutional
e284f4c8-2554-4b29-b6da-ca9819ea0004,8a2a8ac66a67fff,0,Single-Family Residential,Single-Family Residential,Single-Family Residential
e284f4c8-2554-4b29-b6da-ca9819ea0004,8a2a8ac66a47fff,0,Single-Family Residential,Single-Family Residential,Single-Family Residential
c3b13d5e-e133-4292-b48f-7ebe26160522,8a2a8ac66a67fff,0,Single-Family Residential,Single-Family Residential,Single-Family Residential
c3b13d5e-e133-4292-b48f-7ebe26160522,8a2a8ac66a47fff,0,Single-Family Residential,Single-Family Residential,Single-Family Residential
e75a98be-beb1-4b1b-a6e8-dd2b28c4f03d,8a2a8ac66a67fff,0,Single-Family Residential,Single-Family Residential,Single-Family Residential
ab8edbf8-1f46-4948-a798-bfd0339397d1,8a2a8ac66a47fff,0,Single-Family Residential,Single-Family Residential,Single-Family Residential
f99c37c0-e2a8-4a79-aa6d-6478c63ff5ef,8a2a8ac60d77fff,0,Single-Family Residential,Single-Family Residential,Single-Family Residential
5d4b8151-2d47-4dab-944a-3e415968c5ca,8a2a8ac66ae7fff,0,Single-Family Residential,Single-Family Residential,Single-Family Residential
e19ba103-ef06-4b1f-8ebd-911160ddd54d,8a2a8ac66a77fff,0,Single-Family Residential,Single-Family Residential,Single-Family Residential
8c7f3d65-7ce6-46cc-be15-61ceb65a6ff1,8a2a8ac66a77fff,0,Single-Family Residential,Single-Family Residential,Single-Family Residential
71391284-cb2a-43f2-bed0-a838690ed5d1,8a2a8ac66a47fff,0,Single-Family Residential,Single-Family Residential,Single-Family Residential
71391284-cb2a-43f2-bed0-a838690ed5d1,8a2a8ac66a77fff,0,Single-Family Residential,Single-Family Residential,Single-Family Residential
9e4a7d7d-09d1-40b0-bb2e-fb7a18fa0a63,8a2a8ac66a47fff,0,Single-Family Residential,Single-Family Residential,Single-Family Residential
9e4a7d7d-09d1-40b0-bb2e-fb7a18fa0a63,8a2a8ac66a77fff,0,Single-Family Residential,Single-Family Residential,Single-Family Residential
76ad262a-03c2-4317-b322-60340beb9673,8a2a8ac66a47fff,0,Single-Family Residential,Single-Family Residential,Single-Family Residential
0aad5f69-0710-42c4-b5a0-30ef49fbc272,8a2a8ac66a47fff,0,Single-Family Residential,Single-Family Residential,Single-Family Residential
f976c565-aa15-4bcd-84de-2db402fb1ad6,8a2a8ac646dffff,0,Single-Family Residential,Single-Family Residential,Single-Family Residential
1baff3bb-e4d9-4fe6-95ec-b0dbccdfa89f,8a2a8ac646dffff,0,Single-Family Residential,Single-Family Residential,Single-Family Residential
df617402-61e6-4989-9acd-5c8cfbd30389,8a2a8ac646dffff,0,Single-Family Residential,Single-Family Residential,Single-Family Residential
df617402-61e6-4989-9acd-5c8cfbd30389,8a2a8ac60d77fff,0,Single-Family Residential,Single-Family Residential,Single-Family Residential
2f34385d-453c-4226-96a0-f6d60cd29ae3,8a2a8ac646dffff,0,Single-Family Residential,Single-Family Residential,Single-Family Residential
c5bbc07e-f375-4f0b-a78d-8c848d286fd9,8a2a8ac646dffff,0,Single-Family Residential,Single-Family Residential,Single-Family Residential
7dba1d50-550d-404d-88d1-eb8763397089,8a2a8ac646dffff,0,Single-Family Residential,Single-Family Residential,Single-Family Residential
7dba1d50-550d-404d-88d1-eb8763397089,8a2a8ac60d77fff,0,Single-Family Residential,Single-Family Residential,Single-Family Residential
2cb42b94-f934-4c1b-b0e5-3336969754b6,8a2a8ac646dffff,0,Single-Family Residential,Single-Family Residential,Single-Family Residential
f0f2827e-cf33-4a36-945e-c27e78e5bf58,8a2a8ac646dffff,0,Single-Family Residential,Single-Family Residential,Mixed Use
1bf4722a-2f60-4cfa-8d36-cad00443907d,8a2a8ac646dffff,0,Single-Family Residential,Single-Family Residential,Single-Family Residential
9477fe30-070d-4698-8986-b43147151b71,8a2a8ac64687fff,0,Single-Family Residential,Single-Family Residential,Single-Family Residential
65a202e4-caa3-4963-a5ba-b19fdf100f41,8a2a8ac64687fff,0,Single-Family Residential,Single-Family Residential,Single-Family Residential
68575019-a58e-4399-986c-6cfc2a283be4,8a2a8ac64687fff,0,Single-Family Residential,Single-Family Residential,Single-Family Residential
68575019-a58e-4399-986c-6cfc2a283be4,8a2a8ac646b7fff,0,Single-Family Residential,Single-Family Residential,Single-Family Residential
7ff83f83-4388-4619-9e23-d3399bd46768,8a2a8ac64687fff,0,Single-Family Residential,Single-Family Residential,Single-Family Residential
da8ba7ee-cd83-4d87-8be2-fbdafbaffa1a,8a2a8ac66b4ffff,0,Single-Family Residential,Single-Family Residential,Single-Family Residential
3f8ae0c1-9a89-475f-aa76-35815b83f731,8a2a8ac64687fff,0,Single-Family Residential,Single-Family Residential,Single-Family Residential
3f8ae0c1-9a89-475f-aa76-35815b83f731,8a2a8ac646b7fff,0,Single-Family Residential,Single-Family Residential,Single-Family Residential
9aa93dfe-09b1-4690-83ef-8ecc89e2bbb4,8a2a8ac66b4ffff,0,Single-Family Residential,Single-Family Residential,Single-Family Residential
9aa93dfe-09b1-4690-83ef-8ecc89e2bbb4,8a2a8ac646b7fff,0,Single-Family Residential,Single-Family Residential,Single-Family Residential
3c8d5022-202d-4cdb-9085-d2a0b2ba2aea,8a2a8ac646b7fff,0,Single-Family Residential,Single-Family Residential,Single-Family Residential
16c4f55a-7cc1-4558-b981-a4bdf096191c,8a2a8ac66a67fff,0,Single-Family Residential,Single-Family Residential,Single-Family Residential
b5e0c0ed-290d-484c-8c28-b077c71151f4,8a2a8ac66a67fff,0,Single-Family Residential,Single-Family Residential,Single-Family Residential
b5e0c0ed-290d-484c-8c28-b077c71151f4,8a2a8ac66a47fff,0,Single-Family Residential,Single-Family Residential,Single-Family Residential
1b279161-2a80-4904-b0fe-727791e514d5,8a2a8ac66a67fff,0,Single-Family Residential,Single-Family Residential,Single-Family Residential
9a607a62-563d-4034-99a8-f2904d601d69,8a2a8ac66a67fff,0,Single-Family Residential,Single-Family Residential,Single-Family Residential
fdc57c1d-9dbf-4b88-8215-f228a3c81669,8a2a8ac66b4ffff,0,Single-Family Residential,Single-Family Residential,Single-Family Residential
fdc57c1d-9dbf-4b88-8215-f228a3c81669,8a2a8ac66a67fff,0,Single-Family Residential,Single-Family Residential,Single-Family Residential
98fb4492-463d-45c3-bb51-753c181d080b,8a2a8ac66a77fff,0,Single-Family Residential,Single-Family Residential,Single-Family Residential
c0b990b7-4c9d-408f-9696-973ff66a88d5,8a2a8ac66a77fff,0,Single-Family Residential,Single-Family Residential,Single-Family Residential
39d43423-bacb-48e4-82df-ef83a8fba11b,8a2a8ac66a67fff,0,Single-Family Residential,Single-Family Residential,Single-Family Residential
39d43423-bacb-48e4-82df-ef83a8fba11b,8a2a8ac66a47fff,0,Single-Family Residential,Single-Family Residential,Single-Family Residential
39d43423-bacb-48e4-82df-ef83a8fba11b,8a2a8ac66a77fff,0,Single-Family Residential,Single-Family Residential,Single-Family Residential
32bc3a03-02d8-4ad4-96ed-ddf404304d5f,8a2a8ac66a77fff,0,Single-Family Residential,Single-Family Residential,Single-Family Residential
fc47df25-81c6-4244-860c-195442f79b46,8a2a8ac66a77fff,0,Single-Family Residential,Single-Family Residential,Single-Family Residential
210036cf-efa9-43c5-900e-8b00cc0a5d2f,8a2a8ac66a17fff,0,Single-Family Residential,Single-Family Residential,Single-Family Residential
c07d4239-a758-413f-a3d8-bf0d4d0a199e,8a2a8ac66a17fff,0,Single-Family Residential,Single-Family Residential,Single-Family Residential
994b5b3d-e874-41c6-9953-6190edd3e400,8a2a8ac66a17fff,0,Single-Family Residential,Single-Family Residential,Single-Family Residential
c80589fc-98d4-405f-a11a-67bebca2149c,8a2a8ac64677fff,0,Multi-Family Residential,Multi-Family Residential,Multi-Family Residential
c696e380-3fef-4b53-963f-af1717f30d1d,8a2a8ac60c2ffff,0,Single-Family Residential,Single-Family Residential,Single-Family Residential
f1e58501-e240-40bf-abfb-9cd9685d8927,8a2a8ac60c2ffff,0,Single-Family Residential,Single-Family Residential,Single-Family Residential
155bdf71-ee73-4c9d-b4c5-82fb02534639,8a2a8ac60c2ffff,0,Single-Family Residential,Single-Family Residential,Single-Family Residential
29e1b614-6c67-4ade-b981-04cbb48b6ad3,8a2a8ac60c2ffff,0,Single-Family Residential,Single-Family Residential,Single-Family Residential
ffb60e1e-ae9e-40db-808a-8df15dac7307,8a2a8ac60c2ffff,0,Single-Family Residential,Single-Family Residential,Single-Family Residential
8cfa0751-7e84-473f-84b8-44fffe293a33,8a2a8ac60d77fff,0,Commercial,Commercial,Commercial
5e1cd3d9-7ec1-4b89-a4ea-f198b3e88cf8,8a2a8ac60d77fff,0,Single-Family Residential,Single-Family Residential,Single-Family Residential
80586614-b944-4303-bd5f-05ccf79f6423,8a2a8ac608b7fff,0,Single-Family Residential,Single-Family Residential,Single-Family Residential
02769912-f792-47b1-9718-c1660f6a2c90,8a2a8ac66ae7fff,0,Single-Family Residential,Single-Family Residential,Single-Family Residential
745ce227-15dd-42d5-a168-f0381741ea5a,8a2a8ac60daffff,0,Single-Family Residential,Single-Family Residential,Single-Family Residential
956a4ee1-3d53-4f61-ae8a-1f40999c3ec0,8a2a8ad4b25ffff,0,Single-Family Residential,Single-Family Residential,Single-Family Residential
956a4ee1-3d53-4f61-ae8a-1f40999c3ec0,8a2a8ad4b257fff,0,Single-Family Residential,Single-Family Residential,Single-Family Residential
905b0d70-2bfc-4392-9953-b195e29946ca,8a2a8ac66a17fff,0,Single-Family Residential,Single-Family Residential,Single-Family Residential
948bc829-7ea4-45c4-97dd-43c71812cc32,8a2a8ac66a17fff,0,Single-Family Residential,Single-Family Residential,Single-Family Residential
aa2469c7-a263-42ee-bd08-cfa01b0b4ff5,8a2a8ac66a17fff,0,Single-Family Residential,Single-Family Residential,Single-Family Residential
76ff3535-bc3b-4d5f-868e-aa10630bb9ae,8a2a8ac60daffff,0,Single-Family Residential,Single-Family Residential,Single-Family Residential
76ff3535-bc3b-4d5f-868e-aa10630bb9ae,8a2a8ac60d87fff,0,Single-Family Residential,Single-Family Residential,Single-Family Residential
00aec37a-d000-48eb-9afb-cd9f8b821170,8a2a8ac60daffff,0,Single-Family Residential,Single-Family Residential,Single-Family Residential
e7fc2c9c-7e48-4bd6-8ff7-36cd21861106,8a2a8ac60daffff,0,Single-Family Residential,Single-Family Residential,Single-Family Residential
0faf97fd-8725-48ff-8408-f626fc50f13d,8a2a8ac60daffff,0,Single-Family Residential,Single-Family Residential,Single-Family Residential
9446cf0c-9eea-445e-9972-d9f4c91d7edd,8a2a8ac60daffff,0,Single-Family Residential,Single-Family Residential,Single-Family Residential
9d9c52fe-6677-45c1-8735-254811f88904,8a2a8ac60daffff,0,Single-Family Residential,Single-Family Residential,Single-Family Residential
9847d51b-93e5-4ec4-81e0-af07a11a5f5a,8a2a8ac60daffff,0,Single-Family Residential,Single-Family Residential,Single-Family Residential
3cb2787b-91f5-46cd-9dff-9d59a57009d3,8a2a8ac60daffff,0,Single-Family Residential,Single-Family Residential,Single-Family Residential
55c00d03-d900-47d8-aa34-0282bfdd911a,8a2a8ac60daffff,0,Single-Family Residential,Single-Family Residential,Single-Family Residential
787b69ad-78b6-45c8-a6f3-9f29c7a1416f,8a2a8ac60c2ffff,0,Single-Family Residential,Single-Family Residential,Single-Family Residential
4696491d-2dd8-45e5-a568-702934ee1b60,8a2a8ac60c2ffff,0,Single-Family Residential,Single-Family Residential,Single-Family Residential
04704008-e344-477d-8270-fce1803f9031,8a2a8ac60c2ffff,0,Single-Family Residential,Single-Family Residential,Single-Family Residential
9a44c66a-d1bd-4918-a8c0-da30b71e5aa7,8a2a8ac60c1ffff,0,Single-Family Residential,Single-Family Residential,Single-Family Residential
8d47541c-b4ec-4b6f-8dbb-a58be9048a83,8a2a8ac60c1ffff,0,Single-Family Residential,Single-Family Residential,Single-Family Residential
d7d13dca-d3e8-4187-b6c4-0a78ea2938cd,8a2a8ac60c1ffff,0,Single-Family Residential,Single-Family Residential,Single-Family Residential
c5caaff3-928d-4978-8364-987b2ae1e5ca,8a2a8ac60c1ffff,0,Single-Family Residential,Single-Family Residential,Single-Family Residential
32db0cbd-ee1a-443d-a84d-c8d77580d885,8a2a8ac60c1ffff,0,Single-Family Residential,Single-Family Residential,Single-Family Residential
5d6f0fca-3caa-475b-9f42-763a42880d7a,8a2a8ac60c1ffff,0,Single-Family Residential,Single-Family Residential,Single-Family Residential
1c2e2843-6ab4-467d-8f9d-6fa8b4b5df13,8a2a8ac60c1ffff,0,Single-Family Residential,Single-Family Residential,Single-Family Residential
00bf9db0-8064-4282-ac43-2a4c94095ddb,8a2a8ac60c1ffff,0,Single-Family Residential,Single-Family Residential,Single-Family Residential
8bb71644-326b-47c7-bbd6-8db21e6bc150,8a2a8ac60c27fff,0,Single-Family Residential,Single-Family Residential,Single-Family Residential
6c305a53-39c0-40fd-9b85-5cb5250c95e2,8a2a8ac60c27fff,0,Single-Family Residential,Single-Family Residential,Single-Family Residential
4a368bb8-36c1-4b6c-869b-c1b89de39d00,8a2a8ac60c27fff,0,Single-Family Residential,Single-Family Residential,Single-Family Residential
ff9aaf4e-c573-44b1-bce7-1dd95be13fe7,8a2a8ac60c27fff,0,Single-Family Residential,Single-Family Residential,Single-Family Residential
96134cfd-52bd-4bc7-8836-3872a88a77c1,8a2a8ac60c2ffff,0,Single-Family Residential,Single-Family Residential,Single-Family Residential
96134cfd-52bd-4bc7-8836-3872a88a77c1,8a2a8ac60c27fff,0,Single-Family Residential,Single-Family Residential,Single-Family Residential
6ef5b5de-8368-4537-9e91-13673bd6bd74,8a2a8ac60c2ffff,0,Single-Family Residential,Single-Family Residential,Single-Family Residential
6ef5b5de-8368-4537-9e91-13673bd6bd74,8a2a8ac60c27fff,0,Single-Family Residential,Single-Family Residential,Single-Family Residential
7aaae709-1f04-4a06-b124-509b82a6fa47,8a2a8ac60c2ffff,0,Single-Family Residential,Single-Family Residential,Single-Family Residential
7aaae709-1f04-4a06-b124-509b82a6fa47,8a2a8ac60c27fff,0,Single-Family Residential,Single-Family Residential,Single-Family Residential
7283ad79-504f-4940-be63-65c493b04b9c,8a2a8ad4b9b7fff,0,Single-Family Residential,Single-Family Residential,Single-Family Residential
e2753aa1-7184-416c-9037-f6f394b6154a,8a2a8ad4b9b7fff,0,Single-Family Residential,Single-Family Residential,Single-Family Residential
f3049207-4090-4153-bd45-fa23f194d8fd,8a2a8ad4b9b7fff,0,Single-Family Residential,Single-Family Residential,Single-Family Residential
f3049207-4090-4153-bd45-fa23f194d8fd,8a2a8ad486effff,0,Single-Family Residential,Single-Family Residential,Single-Family Residential
0f0568e2-9e14-408f-91e5-7dcbfd8c098d,8a2a8ad486effff,0,Single-Family Residential,Single-Family Residential,Single-Family Residential
9c866ce1-336a-48bc-ac9e-d35e32d98e6c,8a2a8ad486effff,0,Single-Family Residential,Single-Family Residential,Single-Family Residential
e95b841b-6d6d-4455-802d-932531b3c6f8,8a2a8ad486effff,0,Single-Family Residential,Single-Family Residential,Single-Family Residential
de618ee8-e228-4cfc-a458-06707ba632b6,8a2a8ad486effff,0,Single-Family Residential,Single-Family Residential,Single-Family Residential
e638be02-0804-4c1c-9e94-e4b24d35d15e,8a2a8ad4b9b7fff,0,Single-Family Residential,Single-Family Residential,Single-Family Residential
3e21b8a9-97eb-4c42-8196-cbadfb9d81af,8a2a8ad4b9b7fff,0,Single-Family Residential,Single-Family Residential,Single-Family Residential
73ad3cde-b875-474f-a8a2-5ee59c31a9f7,8a2a8ad4b9b7fff,0,Single-Family Residential,Single-Family Residential,Single-Family Residential
59402bbe-8c33-4725-89e1-10a853be9965,8a2a8ac64287fff,0,Commercial,Commercial,Commercial
59402bbe-8c33-4725-89e1-10a853be9965,8a2a8ac6466ffff,0,Commercial,Commercial,Commercial
d9f72692-fe58-4396-a5c1-3d46adef3ecc,8a2a8ac64287fff,0,Commercial,Commercial,Commercial
10f6dde1-ae2a-4a72-abfd-1ccc8acd359f,8a2a8ac64287fff,0,Commercial,Commercial,Commercial
c2201339-c185-431f-9711-6a9f349ce434,8a2a8ac64747fff,0,Multi-Family Residential,Multi-Family Residential,Mixed Use
c2201339-c185-431f-9711-6a9f349ce434,8a2a8ac640dffff,0,Multi-Family Residential,Multi-Family Residential,Mixed Use
c2201339-c185-431f-9711-6a9f349ce434,8a2a8ac64677fff,0,Multi-Family Residential,Multi-Family Residential,Mixed Use
4507e1eb-80b3-4813-9df5-237cfc975830,8a2a8ac64747fff,0,Multi-Family Residential (Vacant),Multi-Family Residential,Mixed Use
86edbced-70a3-4529-956b-ac8503e431fa,8a2a8ac6466ffff,0,Government/Public,Commercial,Government/Public
86edbced-70a3-4529-956b-ac8503e431fa,8a2a8ac64677fff,0,Government/Public,Commercial,Government/Public
4f438478-a465-4b8b-ae75-2e13f3c8cb04,8a2a8ac6464ffff,0,Commercial,Commercial,Commercial
29f7d5a5-9713-4ab7-96ad-8cef7758695d,8a2a8ac6090ffff,0,Institutional,Commercial,Mixed Use
29f7d5a5-9713-4ab7-96ad-8cef7758695d,8a2a8ac6466ffff,0,Institutional,Commercial,Mixed Use
0065e828-5676-4a7c-9fa5-022315463635,8a2a8ac64287fff,0,Commercial,Commercial,Commercial
cf2e75ea-ee64-42f1-9f57-d77a2fe1c6b1,8a2a8ac6466ffff,0,Single-Family Residential,Multi-Family Residential,Single-Family Residential
87b1cc64-4003-4fe0-a95d-ac33e56a4f97,8a2a8ac6466ffff,0,Single-Family Residential,Multi-Family Residential,Multi-Family Residential
c0653826-cfb7-409f-9659-da1857883dfb,8a2a8ac64677fff,0,Single-Family Residential,Multi-Family Residential,Multi-Family Residential
d480b8c4-6b2e-49a9-9893-5a8544025a05,8a2a8ac64677fff,0,Single-Family Residential,Multi-Family Residential,Multi-Family Residential
9d9be957-00dd-458a-a131-62ad07acd89a,8a2a8ac64677fff,0,Single-Family Residential,Multi-Family Residential,Single-Family Residential
00de9fd8-d616-4670-bd3a-008354251341,8a2a8ac6466ffff,0,Single-Family Residential,Multi-Family Residential,Multi-Family Residential
34ec427e-8abd-4fd9-a6c3-be5e36a4b959,8a2a8ac6466ffff,0,Single-Family Residential,Multi-Family Residential,Single-Family Residential
22987f44-ddeb-4b4a-a682-e58e29b2e222,8a2a8ac6466ffff,0,Single-Family Residential,Multi-Family Residential,Single-Family Residential
0cb01455-d406-4ec5-874c-dd5c3622b74c,8a2a8ac6466ffff,0,Single-Family Residential,Multi-Family Residential,Single-Family Residential
8c3a9648-1b2b-4cdb-b4ec-71dad057928f,8a2a8ac6466ffff,0,Single-Family Residential,Multi-Family Residential,Single-Family Residential
8fab8ba0-4db8-4aca-8220-65b0ee396ab1,8a2a8ac6466ffff,0,Single-Family Residential,Multi-Family Residential,Single-Family Residential
b91cf12f-861a-49f6-b663-d7189bc83445,8a2a8ac6466ffff,0,Single-Family Residential,Multi-Family Residential,Single-Family Residential
4c32a7e2-4cf4-46a5-880b-6d289562ce1f,8a2a8ac6466ffff,0,Single-Family Residential,Multi-Family Residential,Single-Family Residential
2e2bd725-be0b-423b-ba80-23f87c9db92d,8a2a8ac6466ffff,0,Single-Family Residential,Multi-Family Residential,Single-Family Residential
e63dc638-bd09-4201-b193-51aee71cacae,8a2a8ac6466ffff,0,Single-Family Residential,Multi-Family Residential,Single-Family Residential
aba35993-6b46-42b3-b2ca-eba54161fb01,8a2a8ac6466ffff,0,Single-Family Residential,Multi-Family Residential,Single-Family Residential
eddc5524-25ed-47bd-bbd5-605dc9c88004,8a2a8ac6466ffff,0,Single-Family Residential,Multi-Family Residential,Single-Family Residential
33a827fa-b2ac-4726-b77a-340c96a5ef60,8a2a8ac6466ffff,0,Single-Family Residential,Multi-Family Residential,Multi-Family Residential
c03686eb-9c9d-46e9-9af6-1674ba5dc1a9,8a2a8ac6466ffff,0,Single-Family Residential,Multi-Family Residential,Single-Family Residential
07881969-90de-4f51-8abf-decfd1b5a73b,8a2a8ac6466ffff,0,Single-Family Residential,Multi-Family Residential,Multi-Family Residential
25bc15d9-f9d0-485f-9511-dd82efc53285,8a2a8ac6466ffff,0,Single-Family Residential,Multi-Family Residential,Single-Family Residential
6fd2e46f-67bb-4dab-a0a6-c01aa4d2c1da,8a2a8ac6466ffff,0,Single-Family Residential,Multi-Family Residential,Single-Family Residential
3b713f55-5fc0-4a9c-84ed-d1cce47c6703,8a2a8ac6466ffff,0,Single-Family Residential,Multi-Family Residential,Multi-Family Residential
bc110fc4-e910-49f3-81af-45899c628042,8a2a8ac6466ffff,0,Single-Family Residential,Multi-Family Residential,Single-Family Residential
1d2f5267-9d31-4bdf-bb3f-d0daed64780f,8a2a8ac64677fff,0,Single-Family Residential,Multi-Family Residential,Single-Family Residential
21362d5c-0b29-46ba-8467-f32935a91280,8a2a8ac64677fff,0,Single-Family Residential,Multi-Family Residential,Single-Family Residential
e5830e80-94ee-48c3-bc60-c9cf694dc7cd,8a2a8ac64677fff,0,Single-Family Residential,Multi-Family Residential,Single-Family Residential
9bac7236-388b-4fed-9ed8-be7b870e7b4a,8a2a8ac64677fff,0,Single-Family Residential,Multi-Family Residential,Single-Family Residential
d5ca98b0-45cb-40b1-8bee-c39eba81eb07,8a2a8ac64677fff,0,Single-Family Residential,Multi-Family Residential,Multi-Family Residential
ecc23035-2d4d-413b-91cb-3894244e1e0b,8a2a8ac64677fff,0,Single-Family Residential,Multi-Family Residential,Single-Family Residential
0acfa540-0d38-4f97-a759-18bde1e5d477,8a2a8ac64677fff,0,Single-Family Residential,Multi-Family Residential,Multi-Family Residential
f8ec3d5c-b788-4961-9531-0ea5778f5f7e,8a2a8ac64677fff,0,Single-Family Residential,Multi-Family Residential,Multi-Family Residential
e7e5131c-32ce-494e-a850-d53ec0165b3c,8a2a8ac64677fff,0,Single-Family Residential,Multi-Family Residential,Single-Family Residential
7507ff61-5e3c-4266-89c1-433acd7c5970,8a2a8ac64677fff,0,Single-Family Residential,Multi-Family Residential,Single-Family Residential
069e1914-ae49-410f-9470-2cb3ec73494a,8a2a8ac64677fff,0,Single-Family Residential,Multi-Family Residential,Multi-Family Residential
9db450ab-fcd6-4c82-8f84-9e84d148a326,8a2a8ac64677fff,0,Single-Family Residential,Multi-Family Residential,Single-Family Residential
20d414bc-06fc-4718-8fa6-b03dfe74496d,8a2a8ac64677fff,0,Single-Family Residential,Multi-Family Residential,Single-Family Residential
f3447419-95da-4fe2-a5df-70a47485ee9b,8a2a8ac64677fff,0,Single-Family Residential,Multi-Family Residential,Multi-Family Residential
4db3fca2-57e2-4571-925f-f1497e80ad23,8a2a8ac640dffff,0,Single-Family Residential,Single-Family Residential,Single-Family Residential
0f96b7fc-f2b3-41d2-b392-f083948dd226,8a2a8ac640dffff,0,Single-Family Residential,Single-Family Residential,Single-Family Residential
789d8041-5a07-4d2a-9324-cab906924743,8a2a8ac640dffff,0,Single-Family Residential,Single-Family Residential,Single-Family Residential
d36a13b3-0ed4-45ce-8605-e835663ff3d3,8a2a8ac640dffff,0,Single-Family Residential,Single-Family Residential,Single-Family Residential
cb96a645-6f03-4cc9-8d92-6fcc1bf19208,8a2a8ac640dffff,0,Single-Family Residential,Single-Family Residential,Single-Family Residential
1d05234b-0c93-49c6-a75c-9116de531a98,8a2a8ac64287fff,0,Single-Family Residential,Multi-Family Residential,Multi-Family Residential
0625deab-9976-4e55-aa20-d0087e00118e,8a2a8ac64287fff,0,Single-Family Residential,Multi-Family Residential,Multi-Family Residential
4305ea05-f1c0-4d43-92ca-de1c27b93de8,8a2a8ac64287fff,0,Single-Family Residential,Multi-Family Residential,Multi-Family Residential
b1a8a647-9447-4480-a454-40708b99fe5d,8a2a8ac64287fff,0,Single-Family Residential,Multi-Family Residential,Mixed Use
25857ea8-1c38-44ba-bfac-53b4ee738254,8a2a8ac64287fff,0,Single-Family Residential,Multi-Family Residential,Multi-Family Residential
f580fe2e-0d96-4d8e-9b16-d523aaefe32c,8a2a8ac64287fff,0,Single-Family Residential,Multi-Family Residential,Multi-Family Residential
2c42698e-6fa5-45c3-be83-5b148ae78b54,8a2a8ac64287fff,0,Single-Family Residential,Multi-Family Residential,Multi-Family Residential
6afa3880-299e-414f-90ee-2631e9103e3b,8a2a8ac64767fff,0,Single-Family Residential,Single-Family Residential,Single-Family Residential
bbc6a46c-1b46-47cf-9cfe-077fdf6443f5,8a2a8ac64767fff,0,Single-Family Residential,Single-Family Residential,Single-Family Residential
b9d9858e-c1c2-46d0-b6d4-06a45881a8ce,8a2a8ac64767fff,0,Single-Family Residential,Single-Family Residential,Single-Family Residential
b9d9858e-c1c2-46d0-b6d4-06a45881a8ce,8a2a8ac64747fff,0,Single-Family Residential,Single-Family Residential,Single-Family Residential
031d06b6-553a-4e53-ad7c-9f708c4fc625,8a2a8ac64767fff,0,Single-Family Residential,Single-Family Residential,Single-Family Residential
50dc234a-818c-41b3-b146-62bd33e62a8e,8a2a8ac64767fff,0,Single-Family Residential,Single-Family Residential,Single-Family Residential
ab9d653e-c756-44ee-bec3-5c177b7a4fe1,8a2a8ac64767fff,0,Single-Family Residential,Single-Family Residential,Single-Family Residential
ab9d653e-c756-44ee-bec3-5c177b7a4fe1,8a2a8ac640dffff,0,Single-Family Residential,Single-Family Residential,Single-Family Residential
881ae73f-c48f-4476-8e58-f5c02b43ceba,8a2a8ac64767fff,0,Single-Family Residential,Single-Family Residential,Single-Family Residential
881ae73f-c48f-4476-8e58-f5c02b43ceba,8a2a8ac640dffff,0,Single-Family Residential,Single-Family Residential,Single-Family Residential
d6b7149c-6579-432e-aa01-4c4845608b7f,8a2a8ac64767fff,0,Single-Family Residential,Single-Family Residential,Single-Family Residential
e4d85539-0f1f-4a42-a26c-59425d16a145,8a2a8ac64767fff,0,Single-Family Residential,Single-Family Residential,Single-Family Residential
af425629-97bf-4a97-aa15-9adae40aee12,8a2a8ac64767fff,0,Single-Family Residential,Single-Family Residential,Single-Family Residential
8d79ccee-50ab-40c1-b8d7-2b61373ccf42,8a2a8ad4b497fff,0,Multi-Family Residential,Multi-Family Residential,Mixed Use
30d8c0ad-0e22-4a18-bd45-28e236b94213,8a2a8ac648cffff,0,Multi-Family Residential,Multi-Family Residential,Multi-Family Residential
30d8c0ad-0e22-4a18-bd45-28e236b94213,8a2a8ac64167fff,0,Multi-Family Residential,Multi-Family Residential,Multi-Family Residential
ca86389e-0e0f-400f-ae8d-a0e460e24113,8a2a8ac64007fff,0,Multi-Family Residential,,Multi-Family Residential
2cff2e0f-3fe2-41d0-8a08-da57fab820e3,8a2a8ac640f7fff,0,Multi-Family Residential,Multi-Family Residential,Multi-Family Residential
2cff2e0f-3fe2-41d0-8a08-da57fab820e3,8a2a8ac640dffff,0,Multi-Family Residential,Multi-Family Residential,Multi-Family Residential
d73ea482-7758-4cbb-8bb0-0b5a5bd2ab13,8a2a8ac6416ffff,0,Multi-Family Residential,Multi-Family Residential,Multi-Family Residential
d73ea482-7758-4cbb-8bb0-0b5a5bd2ab13,8a2a8ac64167fff,0,Multi-Family Residential,Multi-Family Residential,Multi-Family Residential
a9f0c480-e325-4eb4-9447-2159095c57d4,8a2a8ac648d7fff,0,Multi-Family Residential (Vacant),Multi-Family Residential,Multi-Family Residential
34344992-bee1-4bf3-9482-e863697e597a,8a2a8ad4b6affff,0,Single-Family Residential,Single-Family Residential,Single-Family Residential
4826e0c2-e3fb-41b0-a1ce-f961b0c26818,8a2a8ad4b6affff,0,Single-Family Residential,Single-Family Residential,Single-Family Residential
beb9f0e7-7037-4f8c-a9a1-601e7f03a511,8a2a8ad4b08ffff,0,Single-Family Residential,Single-Family Residential,Single-Family Residential
9cae30bc-55e8-4cb3-a7eb-f74cdd3c6015,8a2a8ad4b08ffff,0,Single-Family Residential,Single-Family Residential,Single-Family Residential
9aa5fc35-71d1-4b48-9e3c-2847ddd17e85,8a2a8ad4b08ffff,0,Single-Family Residential,Single-Family Residential,Single-Family Residential
96edf791-ed78-4a98-afde-19df3a0c415f,8a2a8ad4b08ffff,0,Single-Family Residential,Single-Family Residential,Single-Family Residential
b976acf5-29eb-4aef-9cf1-10ac79daf26b,8a2a8ad4b08ffff,0,Single-Family Residential,Single-Family Residential,Single-Family Residential
4b3adf18-bdeb-4059-b378-08479a40e0a7,8a2a8ad4b08ffff,0,Single-Family Residential,Single-Family Residential,Single-Family Residential
5d3b2d65-fd26-4980-9b8c-b83dd2b4668b,8a2a8ac64b1ffff,0,Commercial,Commercial,Commercial
5d3b2d65-fd26-4980-9b8c-b83dd2b4668b,8a2a8ac64b77fff,0,Commercial,Commercial,Commercial
da85b6a8-eb20-4b26-a00d-39b3e1817803,8a2a8ad4b097fff,0,Single-Family Residential,Single-Family Residential,Single-Family Residential
850abd36-7930-41a6-83c2-c45a19e99e1f,8a2a8ad4b08ffff,0,Single-Family Residential,Single-Family Residential,Single-Family Residential
6a66ac52-aa42-49dc-a8b8-b23af8f3eecb,8a2a8ad4b08ffff,0,Single-Family Residential,Single-Family Residential,Single-Family Residential
6e6d76e9-31f6-445c-ba9a-727d8302edee,8a2a8ad4b08ffff,0,Single-Family Residential,Single-Family Residential,Single-Family Residential
c47a2f0a-f1ad-4d20-8642-e880d37f1372,8a2a8ad4b08ffff,0,Single-Family Residential,Single-Family Residential,Single-Family Residential
c9c8015b-a710-4cf4-80c5-d303a6454eb4,8a2a8ad4b08ffff,0,Single-Family Residential,Single-Family Residential,Single-Family Residential
73665bda-6b3e-47f9-94fa-3c8d111f1c54,8a2a8ad4b08ffff,0,Single-Family Residential,Single-Family Residential,Single-Family Residential
c0d5315c-faea-4360-9f83-d358cb5dc835,8a2a8ad4b017fff,0,Single-Family Residential,Single-Family Residential,Single-Family Residential
6665b304-3ea1-4685-85d4-8640662e5753,8a2a8ad4b08ffff,0,Single-Family Residential,Single-Family Residential,Single-Family Residential
2eb29b15-23c2-46be-809c-3ec5cc7d97c7,8a2a8ad4b08ffff,0,Single-Family Residential,Single-Family Residential,Single-Family Residential
3516b80c-4973-4a17-9ef4-dc8461fce348,8a2a8ad4b08ffff,0,Single-Family Residential,Single-Family Residential,Single-Family Residential
d19fdd77-b3cd-41b2-97a2-2cfb64ee018e,8a2a8ad4b01ffff,0,Single-Family Residential,Single-Family Residential,Single-Family Residential
d19fdd77-b3cd-41b2-97a2-2cfb64ee018e,8a2a8ad4b017fff,0,Single-Family Residential,Single-Family Residential,Single-Family Residential
f814cf69-d5d5-4ccf-aa6c-81ca1e4300ed,8a2a8ad4b08ffff,0,Single-Family Residential,Single-Family Residential,Single-Family Residential
b5bc148d-0f2a-4d86-a253-09d238f33bbb,8a2a8ac64307fff,0,Single-Family Residential,Single-Family Residential,Single-Family Residential
9e38cdf5-ea09-446b-a0fa-80c0cda5bbb1,8a2a8ac64307fff,0,Single-Family Residential,Single-Family Residential,Single-Family Residential
5325a611-0645-4d7f-9912-f2e4ac34ab3e,8a2a8ac64307fff,0,Single-Family Residential,Single-Family Residential,Single-Family Residential
336c8fe3-7b67-4574-b2b3-c81908b314ed,8a2a8ac64307fff,0,Single-Family Residential,Single-Family Residential,Single-Family Residential
0a7282d7-4ded-4e4c-9799-d152c5259133,8a2a8ac64307fff,0,Single-Family Residential,Single-Family Residential,Single-Family Residential
f355f3ab-d9f4-48de-90e2-a10302578b75,8a2a8ac64307fff,0,Single-Family Residential,Single-Family Residential,Single-Family Residential
48ad527b-6c30-46c0-8651-7098ff7e450d,8a2a8ac64237fff,0,Single-Family Residential,Single-Family Residential,Single-Family Residential
500a856f-73d7-4c5f-88b6-a5915e3a2e51,8a2a8ac64237fff,0,Single-Family Residential,Single-Family Residential,Single-Family Residential
a2974b2b-a73d-4e36-9206-563cc5f13965,8a2a8ac64237fff,0,Single-Family Residential,Single-Family Residential,Single-Family Residential
17e833e3-207d-44aa-bf26-887ca64e551a,8a2a8ac64237fff,0,Single-Family Residential,Single-Family Residential,Single-Family Residential
091bc29b-5d23-46ba-af95-840c335a9e22,8a2a8ac64237fff,0,Single-Family Residential,Single-Family Residential,Single-Family Residential
447fddc7-c82a-49d7-bbeb-d408501ec204,8a2a8ac6432ffff,0,Single-Family Residential,Single-Family Residential,Single-Family Residential
447fddc7-c82a-49d7-bbeb-d408501ec204,8a2a8ac64307fff,0,Single-Family Residential,Single-Family Residential,Single-Family Residential
d57f3f2f-f899-4fac-9c3c-e8f532d7906f,8a2a8ac6432ffff,0,Single-Family Residential,Single-Family Residential,Single-Family Residential
d57f3f2f-f899-4fac-9c3c-e8f532d7906f,8a2a8ac64307fff,0,Single-Family Residential,Single-Family Residential,Single-Family Residential
e45da99c-f887-439c-991d-62c85f57f2a3,8a2a8ac64307fff,0,Single-Family Residential,Single-Family Residential,Single-Family Residential
40aa4591-184a-475d-9edc-e33bcac24819,8a2a8ac6432ffff,0,Single-Family Residential,Single-Family Residential,Single-Family Residential
4938d31d-26e6-4448-a3f7-17de46e176ed,8a2a8ac6432ffff,0,Single-Family Residential,Single-Family Residential,Single-Family Residential
ecfb3320-9c06-4037-90b6-a2d11f52c5ed,8a2a8ac64adffff,0,Single-Family Residential,Single-Family Residential,Single-Family Residential
98418321-bca2-4f56-abc9-1be697f21412,8a2a8ac6432ffff,0,Single-Family Residential,Single-Family Residential,Single-Family Residential
3378d846-581f-4fa4-9dfd-851682e2afc2,8a2a8ac6432ffff,0,Single-Family Residential,Single-Family Residential,Single-Family Residential
3378d846-581f-4fa4-9dfd-851682e2afc2,8a2a8ac64adffff,0,Single-Family Residential,Single-Family Residential,Single-Family Residential
d5504b4f-b9ec-4619-b6c7-965c65fb9a1c,8a2a8ac64adffff,0,Single-Family Residential,Single-Family Residential,Single-Family Residential
ab3a9776-2797-41a2-ba67-eaa7f6c7979f,8a2a8ac64adffff,0,Single-Family Residential,Single-Family Residential,Single-Family Residential
6b7c26ba-b4a6-46fa-a67f-38610c60411b,8a2a8ac6432ffff,0,Single-Family Residential,Single-Family Residential,Single-Family Residential
4537dbac-88d7-4292-8fa1-49b19e336c20,8a2a8ac648d7fff,0,Single-Family Residential,Single-Family Residential,Single-Family Residential
a850da07-6449-488c-b95e-0710295bfb7c,8a2a8ac648d7fff,0,Single-Family Residential,Single-Family Residential,Single-Family Residential
9d75d80b-2b27-48d3-8915-f32e91229f2e,8a2a8ac648d7fff,0,Single-Family Residential,Single-Family Residential,Single-Family Residential
22e6d80c-cd82-4807-94d7-6dcd6d17ddd7,8a2a8ac648d7fff,0,Single-Family Residential,Single-Family Residential,Mixed Use
deefdd70-eb2c-436e-8b0a-45b60d2e744a,8a2a8ac648d7fff,0,Single-Family Residential,Single-Family Residential,Single-Family Residential
072b5df3-24a9-4ae8-ad36-8dec744b98ef,8a2a8ac648d7fff,0,Single-Family Residential,Single-Family Residential,Single-Family Residential
fb07b12b-0bea-4fcf-8190-f6e09e8e70e3,8a2a8ac648d7fff,0,Single-Family Residential,Single-Family Residential,Single-Family Residential
fcdc1d95-8ba9-4959-b1f4-ceb01561ee27,8a2a8ac648d7fff,0,Single-Family Residential,Single-Family Residential,Mixed Use
94d0442f-7e76-4923-8c29-ebd16a05af64,8a2a8ac648d7fff,0,Single-Family Residential,Single-Family Residential,Single-Family Residential
0bf41de7-c2ba-4867-9b14-3655934e6b45,8a2a8ac648d7fff,0,Single-Family Residential,Single-Family Residential,Single-Family Residential
40a5fcfd-c025-426e-a999-ca967dbbe3bb,8a2a8ac648d7fff,0,Single-Family Residential,Single-Family Residential,Single-Family Residential
6a8f95ae-532d-4811-a383-f48a954a0244,8a2a8ac648d7fff,0,Single-Family Residential,Single-Family Residential,Single-Family Residential
d20ec35d-5ed6-49e3-80f4-13f912d7ab7c,8a2a8ac648d7fff,0,Single-Family Residential,Single-Family Residential,Single-Family Residential
aabdfee7-04ca-4e47-a689-41f8ba47057b,8a2a8ac648d7fff,0,Single-Family Residential,Single-Family Residential,Single-Family Residential
3c05fef9-3b8b-4ecf-ba99-d3041fd50d50,8a2a8ac648d7fff,0,Single-Family Residential,Single-Family Residential,Mixed Use
e8cc2e3d-e7fd-441e-b1e9-d06ff2d1517e,8a2a8ac648d7fff,0,Single-Family Residential,Single-Family Residential,Single-Family Residential
c0f81acb-2d0e-482a-be29-c4ca4eab0922,8a2a8ac648d7fff,0,Single-Family Residential,Single-Family Residential,Single-Family Residential
968c22ae-8bc0-4870-9bf7-51071b98c6f7,8a2a8ac648d7fff,0,Single-Family Residential,Single-Family Residential,Single-Family Residential
e6b93b4f-a127-4dc8-9b94-55296a4f85af,8a2a8ac648d7fff,0,Single-Family Residential,Single-Family Residential,Single-Family Residential
7e6b3fb8-b329-42c3-ae8f-d755d81ed24d,8a2a8ac648d7fff,0,Single-Family Residential,Single-Family Residential,Single-Family Residential
93f0fb90-00a3-4f0d-a525-52e75e213fa0,8a2a8ac6432ffff,0,Single-Family Residential,Single-Family Residential,Single-Family Residential
3970fbbf-e7af-489b-88f6-3632a952141c,8a2a8ac6432ffff,0,Single-Family Residential,Single-Family Residential,Single-Family Residential
3970fbbf-e7af-489b-88f6-3632a952141c,8a2a8ac64307fff,0,Single-Family Residential,Single-Family Residential,Single-Family Residential
d207731e-cad9-4a25-bb3d-63b2c08c44ed,8a2a8ac64307fff,0,Single-Family Residential,Single-Family Residential,Single-Family Residential
eb12ddba-8d4d-4188-98b2-c9a98f767203,8a2a8ac6432ffff,0,Institutional,Institutional,Institutional
eb12ddba-8d4d-4188-98b2-c9a98f767203,8a2a8ac64adffff,0,Institutional,Institutional,Institutional
54db19f5-a20d-4191-94e5-cb30c93be85e,8a2a8ac64adffff,0,Single-Family Residential,Single-Family Residential,Single-Family Residential
c8c4d104-ed1b-4c94-96be-82d2c5a459d1,8a2a8ac64adffff,0,Single-Family Residential,Single-Family Residential,Single-Family Residential
72048d7c-383a-4ad5-a6cd-3e7e5c593511,8a2a8ac6090ffff,0,Institutional,Educational,Mixed Use
b7e0b268-7118-46a1-a02c-5accccfc8fd6,8a2a8ac64237fff,0,Single-Family Residential,Single-Family Residential,Single-Family Residential
a4cda5ae-edc3-49eb-8784-9fe2f8a667fa,8a2a8ac64237fff,0,Single-Family Residential,Single-Family Residential,Single-Family Residential
4551883e-42d4-43eb-a603-e420523f74a4,8a2a8ac64237fff,0,Single-Family Residential,Single-Family Residential,Single-Family Residential
b1bc3b60-bb3d-4f06-a0eb-c534f6253e25,8a2a8ac64237fff,0,Single-Family Residential,Single-Family Residential,Single-Family Residential
d9a980da-6a29-4e7b-a22b-e8b260d39449,8a2a8ac64307fff,0,Single-Family Residential,Single-Family Residential,Single-Family Residential
d734a6a6-50b5-482a-a1d2-d5d900b21cfa,8a2a8ac6432ffff,0,Single-Family Residential,Single-Family Residential,Single-Family Residential
d77579b9-5c09-4bc6-93c1-d66dc9d33243,8a2a8ac6432ffff,0,Single-Family Residential,Single-Family Residential,Single-Family Residential
7678a1c6-10b5-419e-be3d-427857645765,8a2a8ac64167fff,0,Single-Family Residential,Multi-Family Residential,Multi-Family Residential
99684f88-37d9-4a4f-8511-bdca88d325f2,8a2a8ac64167fff,0,Single-Family Residential,Multi-Family Residential,Multi-Family Residential
0603972b-a9b7-4b43-a727-a733971e1a17,8a2a8ac64167fff,0,Single-Family Residential,Multi-Family Residential,Multi-Family Residential
1172c0eb-7ec7-4b2c-9ac1-9649f9199c71,8a2a8ac64167fff,0,Single-Family Residential,Multi-Family Residential,Multi-Family Residential
f8fe8de7-16fa-48ef-a5e8-855e600c5477,8a2a8ac64167fff,0,Single-Family Residential,Multi-Family Residential,Multi-Family Residential
0d77c91a-2f33-4de0-9858-8ea48b93e39d,8a2a8ac64167fff,0,Single-Family Residential,Multi-Family Residential,Multi-Family Residential
656b2883-678f-40ca-96f5-c0a5a7ca1baf,8a2a8ac64167fff,0,Single-Family Residential,Multi-Family Residential,Multi-Family Residential
475b7215-cbac-4af4-8134-eeacfb6918cc,8a2a8ac64167fff,0,Single-Family Residential,Multi-Family Residential,Multi-Family Residential
325b7b7e-126c-45c8-a50b-c77b1277f202,8a2a8ac64167fff,0,Single-Family Residential,Multi-Family Residential,Multi-Family Residential
24c2ccbc-0819-4887-b1cf-89d5cbdf6eb0,8a2a8ac64167fff,0,Single-Family Residential,Multi-Family Residential,Multi-Family Residential
607d2cea-eb93-472e-af83-f316f19ea36a,8a2a8ac64167fff,0,Single-Family Residential,Multi-Family Residential,Multi-Family Residential
9452bab5-dc5d-4021-a59b-7123d2829389,8a2a8ac64167fff,0,Multi-Family Residential (Vacant),Unclassified,Mixed Use
b7a6a202-b7d0-44b9-8cc1-5e22a443c8e6,8a2a8ac64167fff,0,Single-Family Residential,Multi-Family Residential,Multi-Family Residential
c04298d2-63a0-402e-87ed-25822efe5ba4,8a2a8ac64167fff,0,Single-Family Residential,Multi-Family Residential,Multi-Family Residential
06d32bb6-648a-4d6d-8ac0-45319754b769,8a2a8ac64167fff,0,Single-Family Residential,Multi-Family Residential,Multi-Family Residential
e94f6176-3715-49de-83bb-b97e9d6624da,8a2a8ac64167fff,0,Single-Family Residential,Multi-Family Residential,Multi-Family Residential
28f350cf-6011-46e9-a381-e639ee5b197d,8a2a8ac64167fff,0,Single-Family Residential,Multi-Family Residential,Multi-Family Residential
bca18ab9-29e8-40f6-b264-b3283996e18d,8a2a8ac64167fff,0,Single-Family Residential,Multi-Family Residential,Multi-Family Residential
85085a91-9e4b-4f13-a7ed-80f85bb5ad67,8a2a8ac64167fff,0,Single-Family Residential,Multi-Family Residential,Multi-Family Residential
b381f5ee-aa87-4e30-a67d-be5a3a4fb069,8a2a8ac64167fff,0,Single-Family Residential,Multi-Family Residential,Multi-Family Residential
66544dc9-d3a1-46c8-b1d8-84e7c35d3b84,8a2a8ac64167fff,0,Single-Family Residential,Multi-Family Residential,Multi-Family Residential
151c53a1-bf47-4ee0-b829-ea816d55011a,8a2a8ac64167fff,0,Single-Family Residential,Multi-Family Residential,Multi-Family Residential
536ef15f-3d18-4e26-9a94-d77f370825a6,8a2a8ac64167fff,0,Single-Family Residential,Multi-Family Residential,Multi-Family Residential
c8165134-b5e6-4ecf-9fbf-0d83b85d278c,8a2a8ac64167fff,0,Single-Family Residential,Multi-Family Residential,Multi-Family Residential
32470045-4ae0-4a37-a8f7-e3d29f83be24,8a2a8ac64167fff,0,Single-Family Residential,Multi-Family Residential,Multi-Family Residential
aad68e20-3b55-4b80-a3c0-0f8fffcaa2d5,8a2a8ac64167fff,0,Single-Family Residential,Multi-Family Residential,Multi-Family Residential
7a5f96df-d456-499c-b9e8-7daa01ec5764,8a2a8ac64167fff,0,Single-Family Residential,Multi-Family Residential,Multi-Family Residential
0c7a5826-b86b-44dd-ab25-bee2426bf581,8a2a8ac64167fff,0,Single-Family Residential,Multi-Family Residential,Multi-Family Residential
f565818a-2c17-49b3-afcd-3f5a767aee9f,8a2a8ac64167fff,0,Single-Family Residential,Multi-Family Residential,Multi-Family Residential
ee0acfb4-74f6-4d9a-95c9-657703503c0f,8a2a8ac64167fff,0,Single-Family Residential,Multi-Family Residential,Multi-Family Residential
734a1d86-4686-4cb9-8fd0-8915e1132b60,8a2a8ac64167fff,0,Single-Family Residential,Multi-Family Residential,Multi-Family Residential
5886c4a7-1762-42ef-9e50-0b52c6a46872,8a2a8ac64167fff,0,Single-Family Residential,Multi-Family Residential,Multi-Family Residential
a0c71dc1-ea54-4cc0-95cf-847d1a26752d,8a2a8ac64167fff,0,Single-Family Residential,Multi-Family Residential,Multi-Family Residential
c9b41fe2-7462-43ac-9a6d-44c5b08ddf27,8a2a8ac64167fff,0,Single-Family Residential,Multi-Family Residential,Multi-Family Residential
357dd4fc-17e7-46d9-a87f-1bcc4b4d80ce,8a2a8ac64167fff,0,Single-Family Residential,Multi-Family Residential,Multi-Family Residential
3f97e14c-da87-4d0e-8f76-aefba9bdc2a1,8a2a8ac64167fff,0,Single-Family Residential,Multi-Family Residential,Multi-Family Residential
1e9598e3-247c-4cff-b43f-1499aeab74be,8a2a8ac64167fff,0,Single-Family Residential,Multi-Family Residential,Multi-Family Residential
d789980e-6d79-4578-8177-2190d108cb7a,8a2a8ac64167fff,0,Single-Family Residential,Multi-Family Residential,Multi-Family Residential
a561ff98-527f-4240-ab23-ceb07d5033fc,8a2a8ac64167fff,0,Single-Family Residential,Multi-Family Residential,Multi-Family Residential
102a3c9a-5566-42fc-a184-bebe9abd697a,8a2a8ac64167fff,0,Single-Family Residential,Multi-Family Residential,Multi-Family Residential
dc40254c-d496-41eb-96e4-def964e96288,8a2a8ac64167fff,0,Single-Family Residential,Multi-Family Residential,Multi-Family Residential
5623d7b7-e711-4c92-a5c4-80a634e8b989,8a2a8ac64167fff,0,Single-Family Residential,Multi-Family Residential,Multi-Family Residential
00244757-19b5-4392-a9de-ef7898d5466d,8a2a8ac64167fff,0,Single-Family Residential,Multi-Family Residential,Multi-Family Residential
6f9b7fc5-6c85-47b4-b646-9956972dc666,8a2a8ac64167fff,0,Single-Family Residential,Multi-Family Residential,Multi-Family Residential
2bcfda81-d12a-4247-904a-f7cf969699dc,8a2a8ac64167fff,0,Single-Family Residential,Multi-Family Residential,Multi-Family Residential
76692590-dce7-4116-8345-c603daa7022c,8a2a8ac64167fff,0,Single-Family Residential,Multi-Family Residential,Multi-Family Residential
0cc4ca26-a06d-4141-9e79-a53a24701cc9,8a2a8ac64167fff,0,Single-Family Residential,Multi-Family Residential,Multi-Family Residential
44e50969-dac9-410c-bba8-d34517de25cb,8a2a8ac64167fff,0,Single-Family Residential,Multi-Family Residential,Multi-Family Residential
87bc9431-512e-409a-963c-46ced672ddf9,8a2a8ac64167fff,0,Single-Family Residential,Multi-Family Residential,Multi-Family Residential
626c61bd-fa7c-4145-8bb1-b9c2a19dc088,8a2a8ac64167fff,0,Single-Family Residential,Multi-Family Residential,Multi-Family Residential
5ce15fe0-09ea-453d-8cea-62f7dd165b86,8a2a8ac64167fff,0,Single-Family Residential,Multi-Family Residential,Multi-Family Residential
671fbec9-da96-4666-83e4-5036ed9b6823,8a2a8ac64167fff,0,Single-Family Residential,Multi-Family Residential,Multi-Family Residential
68d480dd-b87b-42b5-b1b5-1d6de24d37ea,8a2a8ac64167fff,0,Single-Family Residential,Multi-Family Residential,Multi-Family Residential
29a9748e-368a-498a-862b-605390443589,8a2a8ac64167fff,0,Single-Family Residential,Multi-Family Residential,Multi-Family Residential
2cf5a111-6aee-4121-ae64-a76557ff4d5e,8a2a8ac64167fff,0,Single-Family Residential,Multi-Family Residential,Multi-Family Residential
0cfd9698-52f8-4a40-8ebe-84f8ba8ffc9e,8a2a8ac65c9ffff,0,Commercial,Commercial,Commercial
58f6ef32-b348-4270-be45-23edfbf7b8f5,8a2a8ac65cb7fff,0,Multi-Family Residential,Multi-Family Residential,Multi-Family Residential
bb8e0123-2001-4b6b-ac30-4551428489b8,8a2a8ac6416ffff,0,Multi-Family Residential,Multi-Family Residential,Multi-Family Residential
fe264549-112a-4595-82f2-37938e91f933,8a2a8ac65ce7fff,0,Multi-Family Residential,Mixed Use,Mixed Use
a35acb1b-5ca6-4761-a23c-e760729605d6,8a2a8ac65ce7fff,0,Commercial,Commercial,Commercial
09e09680-f306-40b2-9142-a22909992e67,8a2a8ac65ce7fff,0,Multi-Family Residential,Mixed Use,Mixed Use
8081efa3-6536-430c-a82d-ed7432fb9c25,8a2a8ac65c9ffff,0,Multi-Family Residential,Commercial,Mixed Use
e5cdc346-48b0-44be-b69e-ea9eb35a0dd6,8a2a8ac65ce7fff,0,Multi-Family Residential,Mixed Use,Mixed Use
c25977c8-e400-4163-be86-478dffd6ed0c,8a2a8ac64a6ffff,0,Commercial,Commercial,Commercial
51c61209-58b8-408b-94be-7dbd40e3e0ef,8a2a8ac64a6ffff,0,Multi-Family Residential,Multi-Family Residential,Multi-Family Residential
f74e10a6-5d3a-4e12-94e4-075f85262483,8a2a8ac64a6ffff,0,Commercial,Commercial,Commercial
7286c09d-aca6-4dcd-b019-53c4c5d1fd57,8a2a8ac64a4ffff,0,Single-Family Residential,Commercial,Mixed Use
863f6b78-8e6b-44d0-a03d-9fc93699a314,8a2a8ac64a4ffff,0,Single-Family Residential,Commercial,Mixed Use
dc656992-94b5-489f-89a2-ddb492b77e0e,8a2a8ac64a4ffff,0,Single-Family Residential,Commercial,Mixed Use
3bcfdace-a19d-4da8-abaa-ec6de99447df,8a2a8ac64a4ffff,0,Single-Family Residential,Commercial,Mixed Use
81d7a387-c87d-4f03-a693-b65a23f617e8,8a2a8ac64a4ffff,0,Single-Family Residential,Single-Family Residential,Single-Family Residential
149b1dac-4f99-4208-a3c4-c08ff9f7e620,8a2a8ac64a4ffff,0,Single-Family Residential,Single-Family Residential,Single-Family Residential
456651ae-1109-4007-9c9f-414f66e43ccb,8a2a8ac64a4ffff,0,Single-Family Residential,Single-Family Residential,Single-Family Residential
94406baf-336d-4b26-a241-8fcd6df57a5e,8a2a8ac64a4ffff,0,Single-Family Residential,Single-Family Residential,Single-Family Residential
c7aeb1b2-372e-483c-9fca-d27827856de0,8a2a8ac64a6ffff,0,Multi-Family Residential,Multi-Family Residential,Mixed Use
d9cda495-1927-4b13-bee8-1b6a00b0e43c,8a2a8ac64a6ffff,0,Single-Family Residential,Multi-Family Residential,Multi-Family Residential
a4809237-9f2e-4288-a9d1-43b016dae721,8a2a8ac64a6ffff,0,Single-Family Residential,Multi-Family Residential,Multi-Family Residential
81e11dc1-14c4-41ea-9556-ce6f85412210,8a2a8ac64a6ffff,0,Single-Family Residential,Multi-Family Residential,Multi-Family Residential
dd26b9f4-3896-4563-b5cf-9bb2c6a0cf18,8a2a8ac64a6ffff,0,Single-Family Residential,Multi-Family Residential,Multi-Family Residential
2651b9b0-60bf-46b7-b3c0-5bfd4474f882,8a2a8ac64a6ffff,0,Single-Family Residential,Multi-Family Residential,Multi-Family Residential
3a360bf1-8a66-4d7d-9ec1-d7ba87f43928,8a2a8ac64a6ffff,0,Single-Family Residential,Multi-Family Residential,Single-Family Residential
6a494220-f6c1-42f5-810c-0ec3f97c747a,8a2a8ac64a6ffff,0,Multi-Family Residential (Vacant),Unclassified,Mixed Use
b6d7a19f-86d3-4a22-9a42-5659305c7541,8a2a8ac64a6ffff,0,Single-Family Residential,Multi-Family Residential,Multi-Family Residential
9e3d0286-9c9d-4002-b96c-dd169e2d3f7e,8a2a8ac64a4ffff,0,Commercial,Commercial,Commercial
9a0a42c1-2b91-4b18-9447-ed86b3de37b4,8a2a8ac64a4ffff,0,Commercial,Commercial,Commercial
90909e41-a00b-4e0b-ae5b-1c84276b65fd,8a2a8ac64a6ffff,0,Institutional,Institutional,Institutional
90909e41-a00b-4e0b-ae5b-1c84276b65fd,8a2a8ac64a4ffff,0,Institutional,Institutional,Institutional
4c600412-6622-41a5-9b72-a457071240d2,8a2a8ac64a57fff,0,Single-Family Residential,Single-Family Residential,Single-Family Residential
9c2c3a44-d81f-4fd6-8413-4d3cf044a6ff,8a2a8ac64a57fff,0,Single-Family Residential,Single-Family Residential,Single-Family Residential
3f5c79a6-baa3-439f-8e06-184eedc7e8d1,8a2a8ac64a57fff,0,Single-Family Residential,Single-Family Residential,Single-Family Residential
3b17d226-0f16-4392-a7fd-db1313f946ca,8a2a8ac64a57fff,0,Single-Family Residential,Single-Family Residential,Single-Family Residential
e456321c-e646-49bf-aea4-0f7ee6ebc1bc,8a2a8ac64a57fff,0,Single-Family Residential,Single-Family Residential,Mixed Use
88f2c203-9f94-403e-97a9-1b9499397977,8a2a8ac64a57fff,0,Multi-Family Residential,Multi-Family Residential,Mixed Use
ab74c22c-1ed3-45b1-9edc-ed773e522b2f,8a2a8ac64a57fff,0,Single-Family Residential,Single-Family Residential,Single-Family Residential
c58dc28c-d37f-4ebd-b870-b639f2c6b612,8a2a8ac64a57fff,0,Single-Family Residential,Single-Family Residential,Single-Family Residential
a766486f-7fb5-41ed-95ec-c940c6abc422,8a2a8ac64a57fff,0,Single-Family Residential,Single-Family Residential,Single-Family Residential
9c89521e-d5cf-4a60-b2ee-fef621ed5bd7,8a2a8ac64a57fff,0,Single-Family Residential,Single-Family Residential,Single-Family Residential
0374d9bd-6a0e-4fd8-a550-e86e2d1a0db1,8a2a8ac64a57fff,0,Single-Family Residential,Single-Family Residential,Single-Family Residential
64353609-80bd-4531-aeff-bc87398af549,8a2a8ac64a57fff,0,Single-Family Residential,Single-Family Residential,Single-Family Residential
353459f8-6db6-4fd9-bcaa-196c6ca1bb62,8a2a8ac64a57fff,0,Single-Family Residential,Single-Family Residential,Multi-Family Residential
c0905a3b-21f9-4574-98a9-5407bfc9a38d,8a2a8ac64a57fff,0,Single-Family Residential,Single-Family Residential,Single-Family Residential
c062ad66-8e32-4f84-be5c-77c449165274,8a2a8ad4b64ffff,0,Multi-Family Residential,Multi-Family Residential,Multi-Family Residential
bf6f34e8-8117-4d9c-8710-ccd0253ddd8b,8a2a8ad4b64ffff,0,Multi-Family Residential,Multi-Family Residential,Multi-Family Residential
28738848-ddb2-4ee4-ac24-f88d8108e12d,8a2a8ad4b64ffff,0,Multi-Family Residential,Multi-Family Residential,Multi-Family Residential
258f5045-b286-4cb0-a12d-75e4ef6ac2a8,8a2a8ac64a57fff,0,Multi-Family Residential,Multi-Family Residential,Multi-Family Residential
a3b0641f-1f24-45e5-80a3-02213645f044,8a2a8ac64a57fff,0,Single-Family Residential,Single-Family Residential,Single-Family Residential
81415f2f-5025-4c12-a382-c41c49fc201f,8a2a8ad4b21ffff,0,Single-Family Residential,Single-Family Residential,Single-Family Residential
ccd17740-26c7-4c8b-a73f-9176241d5a73,8a2a8ad4b21ffff,0,Single-Family Residential,Single-Family Residential,Single-Family Residential
2c54e770-593a-402e-9456-e861a29b4473,8a2a8ad4b21ffff,0,Single-Family Residential,Single-Family Residential,Single-Family Residential
644bfd7d-8a46-4b00-8813-97c4b1670d4f,8a2a8ad4b21ffff,0,Single-Family Residential,Single-Family Residential,Single-Family Residential
51d391b6-d641-4303-974f-3e64112d3f12,8a2a8ad4b64ffff,0,Single-Family Residential,Single-Family Residential,Single-Family Residential
79d12781-d2f3-4b9d-a49c-e4f50c510a5f,8a2a8ad4b64ffff,0,Single-Family Residential,Single-Family Residential,Single-Family Residential
403a96b3-4dc0-4b29-beff-cf4c1a51cee1,8a2a8ad4b64ffff,0,Single-Family Residential,Single-Family Residential,Single-Family Residential
244484bc-6aab-47d5-a699-7d238c198516,8a2a8ad4b60ffff,0,Single-Family Residential,Single-Family Residential,Single-Family Residential
77e68cf6-826d-49e9-b664-df9965a10bf7,8a2a8ad4b60ffff,0,Single-Family Residential,Single-Family Residential,Single-Family Residential
41eb16c9-dad9-4b22-9c39-db41e9061612,8a2a8ad4b60ffff,0,Single-Family Residential,Single-Family Residential,Single-Family Residential
da19d221-5d06-4ae9-88f4-e0fabce49244,8a2a8ad4b60ffff,0,Single-Family Residential,Single-Family Residential,Single-Family Residential
4005b4e3-df7e-47df-9347-c43a7fb4e6d5,8a2a8ad4b60ffff,0,Single-Family Residential,Single-Family Residential,Single-Family Residential
5e55ae8f-89f1-4b4d-a7d8-fad3d72bbe1b,8a2a8ad4b60ffff,0,Single-Family Residential,Single-Family Residential,Single-Family Residential
3eb7fee4-acab-446e-9838-22678e7d23b5,8a2a8ad4b60ffff,0,Single-Family Residential,Single-Family Residential,Single-Family Residential
1e266a6e-460c-4d2b-874f-0f560f6ecc58,8a2a8ad4b60ffff,0,Single-Family Residential,Single-Family Residential,Single-Family Residential
eb601bd1-00a6-4f75-97e1-b8a4d46bd52a,8a2a8ad4b60ffff,0,Single-Family Residential,Single-Family Residential,Single-Family Residential
9ae9edfe-05ee-4a3b-a360-f59dfe57b85e,8a2a8ad4b6affff,0,Single-Family Residential,Single-Family Residential,Single-Family Residential
adab598b-7979-4b95-94ed-7b2c63499948,8a2a8ad4b60ffff,0,Single-Family Residential,Single-Family Residential,Single-Family Residential
ab114acb-8a50-41ac-b76c-5892bbec457b,8a2a8ad4b60ffff,0,Single-Family Residential,Single-Family Residential,Single-Family Residential
5fcbc98f-1877-45de-895a-eac69ba7f7ae,8a2a8ad4b76ffff,0,Single-Family Residential,Single-Family Residential,Single-Family Residential
030c11d7-32ce-4362-beff-fad7197f0dd5,8a2a8ad4b76ffff,0,Single-Family Residential,Single-Family Residential,Single-Family Residential
8f80e93a-c944-46f7-a7ff-4625c17b6e8f,8a2a8ad4b76ffff,0,Single-Family Residential,Single-Family Residential,Single-Family Residential
f571cf19-95d2-4f36-b413-fa689f38e62b,8a2a8ad4b76ffff,0,Single-Family Residential,Single-Family Residential,Single-Family Residential
dfa66a64-33d0-426b-aabc-1afd493a34a0,8a2a8ad4b76ffff,0,Single-Family Residential,Single-Family Residential,Single-Family Residential
6825c9d6-6394-46d3-b161-0b1d86b61bc2,8a2a8ad4b76ffff,0,Single-Family Residential,Single-Family Residential,Mixed Use
1a80a418-5190-428e-b108-3e1fe627c4f1,8a2a8ad4b76ffff,0,Single-Family Residential,Single-Family Residential,Single-Family Residential
d49ead8d-499e-4dfe-be4d-7435606180ac,8a2a8ad4b31ffff,0,Single-Family Residential,Single-Family Residential,Single-Family Residential
e42c2c58-1b6d-4c6d-9bd1-adb91d1e0bcb,8a2a8ad4b31ffff,0,Single-Family Residential,Single-Family Residential,Single-Family Residential
6a0bf92a-c904-4500-b263-829e6fa86bea,8a2a8ad4b387fff,0,Single-Family Residential,Single-Family Residential,Single-Family Residential
4727fc6c-f80e-4660-8a78-2ad57f9f9426,8a2a8ad4b387fff,0,Single-Family Residential,Single-Family Residential,Single-Family Residential
2d954ada-38b0-465a-ba6a-6f9b56a5a666,8a2a8ad4b387fff,0,Single-Family Residential,Single-Family Residential,Single-Family Residential
fd8d0891-faec-409e-851e-0fc21e2b4694,8a2a8ad4b31ffff,0,Single-Family Residential,Single-Family Residential,Single-Family Residential
b410b56e-5bde-43a1-b107-749f5615d3dd,8a2a8ad4b31ffff,0,Single-Family Residential,Single-Family Residential,Single-Family Residential
95117f9d-21ed-4952-b7f9-0a47e48f1d69,8a2a8ad4b31ffff,0,Single-Family Residential,Single-Family Residential,Single-Family Residential
a2277634-8e2a-43e8-9858-1a41fec26589,8a2a8ad4b06ffff,0,Single-Family Residential,Single-Family Residential,Single-Family Residential
70659d6d-a89f-4ed5-a158-2d96dee93692,8a2a8ad4b387fff,0,Single-Family Residential,Single-Family Residential,Single-Family Residential
b2786e87-792e-410c-81f7-e07ba9d39fa0,8a2a8ad4b76ffff,0,Single-Family Residential,Single-Family Residential,Single-Family Residential
c813e689-a0e8-4ec0-9cf7-743269c29b99,8a2a8ad4b387fff,0,Single-Family Residential,Single-Family Residential,Single-Family Residential
215dedad-7463-471f-b748-bec85eee6367,8a2a8ad4b387fff,0,Single-Family Residential,Single-Family Residential,Single-Family Residential
6a9b9a11-8aad-4866-b331-332af25e6e3b,8a2a8ad4b60ffff,0,Single-Family Residential,Single-Family Residential,Single-Family Residential
e6159b54-31c4-41a6-ab65-f3b65cbbda6c,8a2a8ad4b387fff,0,Single-Family Residential,Single-Family Residential,Single-Family Residential
8332b4dd-878a-4888-afab-97293cf13ad2,8a2a8ad4b387fff,0,Single-Family Residential,Single-Family Residential,Single-Family Residential
15448195-0843-4273-9027-c9f35a810420,8a2a8ad4b387fff,0,Single-Family Residential,Single-Family Residential,Single-Family Residential
5bbeb12e-68a4-4042-af67-a48149fc6bee,8a2a8ad4b21ffff,0,Single-Family Residential,Single-Family Residential,Single-Family Residential
ac8a2128-b479-457a-9aaa-f0d60b124979,8a2a8ad4b21ffff,0,Single-Family Residential,Single-Family Residential,Single-Family Residential
bbabc8c7-3bd6-4a52-8aa9-075cddc28dec,8a2a8ad4b21ffff,0,Single-Family Residential,Single-Family Residential,Single-Family Residential
521836b7-c489-4130-8332-5ebe5c854427,8a2a8ad4b21ffff,0,Single-Family Residential,Single-Family Residential,Single-Family Residential
c2ba06cd-9ac5-4211-81a5-deea1161fbf7,8a2a8ad4b21ffff,0,Single-Family Residential,Single-Family Residential,Single-Family Residential
acd47204-0c02-4eb8-96fe-1a9f203baebc,8a2a8ad4b21ffff,0,Single-Family Residential,Single-Family Residential,Single-Family Residential
0df1950f-09c0-42f5-8c4e-91f51689107d,8a2a8ad4b21ffff,0,Single-Family Residential,Single-Family Residential,Single-Family Residential
c43c9655-0e69-4e1d-a3d0-c8735c6f799d,8a2a8ad4b21ffff,0,Single-Family Residential,Single-Family Residential,Single-Family Residential
3c5af6d1-5940-48fa-a7c7-5ab5703f38e7,8a2a8ac6286ffff,0,Single-Family Residential (Vacant),Single-Family Residential,Single-Family Residential
59cec42e-75a3-4bc5-a0d3-e91c0905d701,8a2a8ac6215ffff,0,Agricultural Land,Agricultural Land,Mixed Use
59cec42e-75a3-4bc5-a0d3-e91c0905d701,8a2a8ac62147fff,0,Agricultural Land,Agricultural Land,Mixed Use
e921dca8-3119-496d-b8ac-9ef8446c2254,8a2a8ac605b7fff,0,Agricultural Land,Agricultural Land,Agricultural Land
e921dca8-3119-496d-b8ac-9ef8446c2254,8a2a8ac6296ffff,0,Agricultural Land,Agricultural Land,Agricultural Land
e921dca8-3119-496d-b8ac-9ef8446c2254,8a2a8ac62967fff,0,Agricultural Land,Agricultural Land,Agricultural Land
14c1c57e-3c03-4ea9-bb14-80a874cd54ab,8a2a8ac6292ffff,0,Agricultural Land (Vacant),Agricultural Land,Agricultural Land
14c1c57e-3c03-4ea9-bb14-80a874cd54ab,8a2a8ac605b7fff,0,Agricultural Land (Vacant),Agricultural Land,Agricultural Land
14c1c57e-3c03-4ea9-bb14-80a874cd54ab,8a2a8ac62967fff,0,Agricultural Land (Vacant),Agricultural Land,Agricultural Land
82920008-8a8c-4149-8ad0-240724a744c1,8a2a8ac62267fff,0,Government/Public,Government/Public,Institutional
82920008-8a8c-4149-8ad0-240724a744c1,8a2a8ac63c5ffff,0,Government/Public,Government/Public,Institutional
82920008-8a8c-4149-8ad0-240724a744c1,8a2a8ac6355ffff,0,Government/Public,Government/Public,Institutional
82920008-8a8c-4149-8ad0-240724a744c1,8a2a8ac63567fff,0,Government/Public,Government/Public,Institutional
82920008-8a8c-4149-8ad0-240724a744c1,8a2a8ac63577fff,0,Government/Public,Government/Public,Institutional
82920008-8a8c-4149-8ad0-240724a744c1,8a2a8ac63c47fff,0,Government/Public,Government/Public,Institutional
82920008-8a8c-4149-8ad0-240724a744c1,8a2a8ac631b7fff,0,Government/Public,Government/Public,Institutional
82920008-8a8c-4149-8ad0-240724a744c1,8a2a8ac63c77fff,0,Government/Public,Government/Public,Institutional
02232360-92a6-4b71-8f8a-7a8c9c0a7e0c,8a2a8ac63587fff,0,Institutional,Institutional,Institutional
e8b3cea4-5be5-4696-99b9-9bb31aea303c,8a2a8ac6008ffff,0,Single-Family Residential,Multi-Family Residential,Multi-Family Residential
d987fd8f-7572-4772-9b32-6141ca72052f,8a2a8ac6008ffff,0,Single-Family Residential,Multi-Family Residential,Multi-Family Residential
3f9abdeb-3257-4378-838e-ce8512b66547,8a2a8ac6008ffff,0,Single-Family Residential,Multi-Family Residential,Multi-Family Residential
51ca3693-8421-4b0d-a5f0-ac984c4bfa00,8a2a8ac6008ffff,0,Single-Family Residential,Multi-Family Residential,Multi-Family Residential
2fa33898-3181-4612-a4e4-6a287bfb57ca,8a2a8ac6008ffff,0,Single-Family Residential,Multi-Family Residential,Multi-Family Residential
59354e32-e47d-4db3-9752-ba98201e0cb8,8a2a8ac6008ffff,0,Single-Family Residential,Multi-Family Residential,Multi-Family Residential
8ac0cd3c-e0d2-47fb-b613-97138daf5868,8a2a8ac6008ffff,0,Single-Family Residential,Multi-Family Residential,Multi-Family Residential
9b61eb29-c50a-4c18-a541-5763816f6fee,8a2a8ac6008ffff,0,Single-Family Residential,Multi-Family Residential,Multi-Family Residential
f118b6a9-5af0-45fc-88ff-aa017bbfd6cb,8a2a8ac6008ffff,0,Single-Family Residential,Multi-Family Residential,Multi-Family Residential
2d105222-200e-4e01-b93d-3e830933688b,8a2a8ac6008ffff,0,Single-Family Residential,Multi-Family Residential,Multi-Family Residential
b1a5d908-8eae-493e-9313-e2d7749292de,8a2a8ac6008ffff,0,Single-Family Residential,Multi-Family Residential,Multi-Family Residential
32ac69b9-6931-4cbf-85b1-df65bfd94106,8a2a8ac60707fff,0,Institutional,Institutional,Institutional
32ac69b9-6931-4cbf-85b1-df65bfd94106,8a2a8ac60737fff,0,Institutional,Institutional,Institutional
f2caf74e-3946-4b08-9576-3fc176885872,8a2a8ac60117fff,0,Hotel/Short-Term Rental,Commercial,Commercial
19b5f4af-e04c-46c8-a613-beb3eee8dd10,8a2a8ac6008ffff,0,Single-Family Residential,Multi-Family Residential,Multi-Family Residential
31b48189-843d-4163-83ae-1669be1e2768,8a2a8ac6008ffff,0,Single-Family Residential,Multi-Family Residential,Multi-Family Residential
3ba6d1aa-a9ec-4b1f-bb39-62f304a01632,8a2a8ac6008ffff,0,Single-Family Residential,Multi-Family Residential,Multi-Family Residential
bf9245a1-b5e2-4df8-91af-3db4e630c18e,8a2a8ac6008ffff,0,Single-Family Residential,Multi-Family Residential,Multi-Family Residential
d85bedf6-0969-4cd1-971b-f0b030f33141,8a2a8ac6008ffff,0,Single-Family Residential,Multi-Family Residential,Multi-Family Residential
e6ee73e5-ff8d-4aa5-800e-6cfaf982164e,8a2a8ac6466ffff,0,Institutional (Vacant),Institutional,Institutional
e6ee73e5-ff8d-4aa5-800e-6cfaf982164e,8a2a8ac6464ffff,0,Institutional (Vacant),Institutional,Institutional
e6ee73e5-ff8d-4aa5-800e-6cfaf982164e,8a2a8ac6099ffff,0,Institutional (Vacant),Institutional,Institutional
0a0f42ee-a5a8-4ffa-9c4e-53b852d0869c,8a2a8ac6008ffff,0,Single-Family Residential,Multi-Family Residential,Multi-Family Residential
26346fc7-21a1-44cb-9948-adffa50aad87,8a2a8ac6008ffff,0,Single-Family Residential,Multi-Family Residential,Multi-Family Residential
a7706cab-0ad0-46c4-bca8-2ac560f77854,8a2a8ac6008ffff,0,Single-Family Residential,Multi-Family Residential,Multi-Family Residential
207dad4b-3318-4b75-b742-3c9be707e384,8a2a8ac6008ffff,0,Single-Family Residential,Multi-Family Residential,Multi-Family Residential
9a7ee00c-4365-41a0-90af-276786a60fa7,8a2a8ac6008ffff,0,Single-Family Residential,Multi-Family Residential,Multi-Family Residential
3fad5e42-8466-4e08-8458-3a3077fbd817,8a2a8ac6008ffff,0,Single-Family Residential,Multi-Family Residential,Multi-Family Residential
06f2551f-1a6b-48ca-9293-d314d9cf0362,8a2a8ac604cffff,0,Agricultural Land,Agricultural Land,Mixed Use
06f2551f-1a6b-48ca-9293-d314d9cf0362,8a2a8ac60617fff,0,Agricultural Land,Agricultural Land,Mixed Use
06f2551f-1a6b-48ca-9293-d314d9cf0362,8a2a8ac604effff,0,Agricultural Land,Agricultural Land,Mixed Use
06f2551f-1a6b-48ca-9293-d314d9cf0362,8a2a8ac60407fff,0,Agricultural Land,Agricultural Land,Mixed Use
06f2551f-1a6b-48ca-9293-d314d9cf0362,8a2a8ac606a7fff,0,Agricultural Land,Agricultural Land,Mixed Use
06f2551f-1a6b-48ca-9293-d314d9cf0362,8a2a8ac606b7fff,0,Agricultural Land,Agricultural Land,Mixed Use
06f2551f-1a6b-48ca-9293-d314d9cf0362,8a2a8ac60717fff,0,Agricultural Land,Agricultural Land,Mixed Use
06f2551f-1a6b-48ca-9293-d314d9cf0362,8a2a8ac60737fff,0,Agricultural Land,Agricultural Land,Mixed Use
06f2551f-1a6b-48ca-9293-d314d9cf0362,8a2a8ac60797fff,0,Agricultural Land,Agricultural Land,Mixed Use
7b1763c1-a30d-4da9-b4bf-72c26292ad5b,8a2a8ac60737fff,0,Commercial,Mixed Use,Multi-Family Residential
127397c2-3001-42ed-97f1-9d1820a047e1,8a2a8ac6008ffff,0,Single-Family Residential,Multi-Family Residential,Multi-Family Residential
d8765cf8-4aa9-4d64-b8e9-f7131ff0914d,8a2a8ac6008ffff,0,Single-Family Residential,Multi-Family Residential,Single-Family Residential
838c7563-122a-4edb-951b-cd90bed78aad,8a2a8ac6002ffff,0,Multi-Family Residential,Multi-Family Residential,Multi-Family Residential
7af36c96-df9d-4692-82bb-22dca5613951,8a2a8ac6008ffff,0,Single-Family Residential,Multi-Family Residential,Multi-Family Residential
a788d6c7-965f-4058-a68f-0df63a747832,8a2a8ac6008ffff,0,Single-Family Residential,Multi-Family Residential,Multi-Family Residential
c6bbc8a7-615a-4439-bd72-8df27b8ba188,8a2a8ac6008ffff,0,Single-Family Residential,Multi-Family Residential,Multi-Family Residential
d0e682c7-599d-47e6-b5d5-0d7759681672,8a2a8ac6008ffff,0,Single-Family Residential,Multi-Family Residential,Multi-Family Residential
4644b177-e915-4b98-b136-ea5b82954a65,8a2a8ac6008ffff,0,Single-Family Residential,Multi-Family Residential,Multi-Family Residential
eebc754d-49b1-49c6-bcdd-f0c79660bcf6,8a2a8ac6008ffff,0,Single-Family Residential,Multi-Family Residential,Multi-Family Residential
355fb356-26c2-496a-a304-ab724d4fd0de,8a2a8ac6008ffff,0,Single-Family Residential,Multi-Family Residential,Multi-Family Residential
7731e323-0d93-47ea-8ced-ff6503f14cf9,8a2a8ac6008ffff,0,Single-Family Residential,Multi-Family Residential,Multi-Family Residential
6aaa9ef4-0472-45b8-8114-d64f83250262,8a2a8ac6002ffff,0,Institutional (Vacant),Institutional,Mixed Use
b46ae36f-992d-4c5a-abf8-329dd94ca7cb,8a2a8ac6002ffff,0,Hotel/Short-Term Rental,Commercial,Hotel/Short-Term Rental
22e6212e-9550-4c77-b11c-fb25ae5e26c4,8a2a8ac6008ffff,0,Single-Family Residential,Multi-Family Residential,Multi-Family Residential
c58474b3-53f6-49c4-a9e5-aa2406b15874,8a2a8ac6008ffff,0,Single-Family Residential,Multi-Family Residential,Multi-Family Residential
adf2df51-2a46-4b53-8652-f72397e36d04,8a2a8ac6008ffff,0,Single-Family Residential,Multi-Family Residential,Multi-Family Residential
4c19ae65-95f6-49e5-a40a-4b840d2f8948,8a2a8ac6008ffff,0,Single-Family Residential,Multi-Family Residential,Multi-Family Residential
5d13dd13-7db3-4201-bc5a-e83fe2c6fc65,8a2a8ac6066ffff,0,Single-Family Residential,Single-Family Residential,Single-Family Residential
c6c4a4ff-3d88-45e8-b5e0-4194faf8ba61,8a2a8ac6066ffff,0,Single-Family Residential,Single-Family Residential,Single-Family Residential
80b0d2ca-7609-4efc-a0de-b8cf12d208b1,8a2a8ac6066ffff,0,Unclassified,Unclassified,Mixed Use
3f4f8e69-ed31-4fd0-b805-c27312cec456,8a2a8ac65107fff,0,Commercial,Commercial,Commercial
a597865a-7b02-47f9-b386-6565e2edf1d8,8a2a8ac65107fff,0,Commercial,Commercial,Commercial
8d237cac-1220-4dd9-a824-dd31947755e4,8a2a8ac65107fff,0,Single-Family Residential,Commercial,Commercial
a58c6f45-fd62-46b2-a11f-7a0efc97b6a3,8a2a8ac65107fff,0,Commercial (Vacant),Commercial,Commercial
73da1233-e2e9-411a-bad9-0e5520da6cbb,8a2a8ac65107fff,0,Commercial,Commercial,Commercial
ccc27de2-b8c7-4511-9b90-33d22e9765ff,8a2a8ac65107fff,0,Commercial (Vacant),Commercial,Commercial
51b2ab5c-295d-444b-abd9-113c5c78fd83,8a2a8ac65887fff,0,Single-Family Residential,Single-Family Residential,Single-Family Residential
855455d1-08d7-401b-a1c4-32c89be56a35,8a2a8ac65887fff,0,Single-Family Residential,Single-Family Residential,Single-Family Residential
38dc4bdf-09fe-432d-9ff4-591c14831f03,8a2a8ac65887fff,0,Single-Family Residential,Single-Family Residential,Single-Family Residential
ff2c4530-bedf-433b-823d-e19fe06b2ee6,8a2a8ac65107fff,0,Commercial,Commercial,Commercial
3f3eee51-ec4d-4d49-8cf9-acb2efb214ab,8a2a8ac65107fff,0,Commercial,Commercial,Mixed Use
fe39957c-76b4-4830-b839-2776af78f1b6,8a2a8ac65887fff,0,Single-Family Residential,Single-Family Residential,Single-Family Residential
34549622-57c7-4111-965e-fbecbdd7dc0f,8a2a8ac65107fff,0,Commercial,Commercial,Institutional
da80d004-3ff2-4355-83ea-cc6fe0fc63b4,8a2a8ac65107fff,0,Commercial,Commercial,Commercial
da58ceec-cc2c-421f-a41e-e5968587cec6,8a2a8ac65107fff,0,Commercial,Commercial,Commercial
cd45654d-2118-4eef-a5a4-42051d0afd79,8a2a8ac65107fff,0,Commercial,Commercial,Commercial
15ae31a8-896f-4bb3-9854-a32380fd0670,8a2a8ac65107fff,0,Commercial,Commercial,Commercial
745fb753-1b3b-41b8-a148-3789db62f97d,8a2a8ac65107fff,0,Commercial (Vacant),Commercial,Commercial
11327ace-c5ca-438a-935f-54b3dd62a2e1,8a2a8ac65107fff,0,Commercial,Commercial,Commercial
1c981dae-7e8a-4065-b8c5-cc9299c622c3,8a2a8ac65107fff,0,Commercial,Commercial,Commercial
5e81c808-ed4c-46fa-a53f-4de468ec3b0a,8a2a8ad4bacffff,0,Multi-Family Residential,Multi-Family Residential,Multi-Family Residential
b83d74f8-ef90-4055-8e4b-f4767c8bfc34,8a2a8ac63877fff,0,Multi-Family Residential,Multi-Family Residential,Multi-Family Residential
b83d74f8-ef90-4055-8e4b-f4767c8bfc34,8a2a8ac63827fff,0,Multi-Family Residential,Multi-Family Residential,Multi-Family Residential
166a1df7-8cee-44e8-b6ce-24d0e7f34c17,8a2a8ac63827fff,0,Commercial,Commercial,Commercial
18c32c95-b0be-41b0-86b0-272478f68b01,8a2a8ac6398ffff,0,Multi-Family Residential,Multi-Family Residential,Multi-Family Residential
18c32c95-b0be-41b0-86b0-272478f68b01,8a2a8ac63827fff,0,Multi-Family Residential,Multi-Family Residential,Multi-Family Residential
a57f98af-1d8d-4889-85b9-03676937919b,8a2a8ac65a8ffff,0,Single-Family Residential,Single-Family Residential,Single-Family Residential
4ce414f1-9cc5-4a3f-830b-1922db79c5df,8a2a8ac65a8ffff,0,Single-Family Residential,Single-Family Residential,Single-Family Residential
57b5accd-9507-403a-bc41-b7049d941b9d,8a2a8ac65327fff,0,Single-Family Residential,Single-Family Residential,Single-Family Residential
0f546ab1-aa98-4588-985f-3e9223d0d557,8a2a8ac65327fff,0,Single-Family Residential,Single-Family Residential,Single-Family Residential
0f546ab1-aa98-4588-985f-3e9223d0d557,8a2a8ac65337fff,0,Single-Family Residential,Single-Family Residential,Single-Family Residential
d47bb1c5-e387-4c64-8c34-9f2c76ebe65b,8a2a8ac65327fff,0,Single-Family Residential,Single-Family Residential,Single-Family Residential
d47bb1c5-e387-4c64-8c34-9f2c76ebe65b,8a2a8ac65a8ffff,0,Single-Family Residential,Single-Family Residential,Single-Family Residential
74977943-b216-4a9e-868a-06c4865f38da,8a2a8ac65337fff,0,Single-Family Residential,Single-Family Residential,Single-Family Residential
ee870dc7-4bde-40ab-aabc-1aafdea8e707,8a2a8ac65337fff,0,Single-Family Residential,Single-Family Residential,Single-Family Residential
b9b11a3c-5a43-404d-912d-238396b923a4,8a2a8ac65337fff,0,Single-Family Residential,Single-Family Residential,Single-Family Residential
b9b11a3c-5a43-404d-912d-238396b923a4,8a2a8ac65317fff,0,Single-Family Residential,Single-Family Residential,Single-Family Residential
e0db0367-36ce-47c5-bb28-d64fc94eacfb,8a2a8ac65337fff,0,Single-Family Residential,Single-Family Residential,Single-Family Residential
8d71f61c-8a46-4396-9c8d-79fe6739b2e6,8a2a8ac65337fff,0,Single-Family Residential,Single-Family Residential,Single-Family Residential
8d71f61c-8a46-4396-9c8d-79fe6739b2e6,8a2a8ac65317fff,0,Single-Family Residential,Single-Family Residential,Single-Family Residential
99c91b2e-c1cf-47c8-b64c-1c1d3fdbdbe1,8a2a8ac65337fff,0,Single-Family Residential,Single-Family Residential,Single-Family Residential
99c91b2e-c1cf-47c8-b64c-1c1d3fdbdbe1,8a2a8ac6504ffff,0,Single-Family Residential,Single-Family Residential,Single-Family Residential
a2790393-7571-4994-ba88-2e47b4838feb,8a2a8ac65337fff,0,Single-Family Residential,Single-Family Residential,Single-Family Residential
a2790393-7571-4994-ba88-2e47b4838feb,8a2a8ac65317fff,0,Single-Family Residential,Single-Family Residential,Single-Family Residential
a2790393-7571-4994-ba88-2e47b4838feb,8a2a8ac6504ffff,0,Single-Family Residential,Single-Family Residential,Single-Family Residential
70a03a16-b228-449e-ad62-33182de76016,8a2a8ac6504ffff,0,Single-Family Residential,Single-Family Residential,Single-Family Residential
6cc22bce-44f5-4568-83ae-22b6611b5d75,8a2a8ac65337fff,0,Single-Family Residential,Single-Family Residential,Single-Family Residential
6cc22bce-44f5-4568-83ae-22b6611b5d75,8a2a8ac6504ffff,0,Single-Family Residential,Single-Family Residential,Single-Family Residential
4563c76f-151a-45b9-9e5c-cb278838b5d4,8a2a8ac6504ffff,0,Single-Family Residential,Single-Family Residential,Single-Family Residential
4bb479fb-97cb-40f3-87d0-441958a2e5b6,8a2a8ac65317fff,0,Single-Family Residential,Single-Family Residential,Single-Family Residential
e3c04fcc-b64f-460f-98ed-fb4a2263817b,8a2a8ac6530ffff,0,Single-Family Residential,Single-Family Residential,Single-Family Residential
569023e1-3b20-474c-bdd5-537e7616caef,8a2a8ac65317fff,0,Single-Family Residential,Single-Family Residential,Single-Family Residential
61ff4ceb-012a-4a60-a20c-a37de82aaf89,8a2a8ac65317fff,0,Single-Family Residential,Single-Family Residential,Single-Family Residential
e7023a85-344a-4d4c-97c3-310ab5fcd049,8a2a8ac6530ffff,0,Single-Family Residential,Single-Family Residential,Single-Family Residential
ffa4c5ca-3d2b-421f-b736-e503677acc2a,8a2a8ac6530ffff,0,Single-Family Residential,Single-Family Residential,Single-Family Residential
09305ca9-b57e-46de-9f31-ecfed43d8a2b,8a2a8ac65a8ffff,0,Single-Family Residential,Single-Family Residential,Single-Family Residential
7c31f03b-0054-4b45-b6a7-5819df1c009c,8a2a8ac65327fff,0,Single-Family Residential,Single-Family Residential,Single-Family Residential
595396e9-87cf-47a1-acd9-80e3f5e030c3,8a2a8ac65327fff,0,Single-Family Residential,Single-Family Residential,Single-Family Residential
9e0e791c-dbbf-48b6-972e-416cc96a3fef,8a2a8ac65317fff,0,Multi-Family Residential,Multi-Family Residential,Multi-Family Residential
1f298468-0c9e-414f-a010-34297b293cc5,8a2a8ac65337fff,0,Single-Family Residential,Single-Family Residential,Single-Family Residential
8e3c3e27-7964-4123-8a71-cdc7373ce082,8a2a8ac65337fff,0,Single-Family Residential,Single-Family Residential,Single-Family Residential
d4deda83-6396-4c00-b611-5604f65c650e,8a2a8ac65337fff,0,Single-Family Residential,Single-Family Residential,Single-Family Residential
d1fef87a-ac86-4dab-877f-7fa838dfb8f7,8a2a8ac65337fff,0,Multi-Family Residential,Multi-Family Residential,Mixed Use
3412526f-1154-4aef-aa18-6c9017a74719,8a2a8ac65337fff,0,Single-Family Residential,Single-Family Residential,Single-Family Residential
28b544fb-93fe-4b9f-bcb1-6adfb5b9b6a5,8a2a8ac65337fff,0,Single-Family Residential,Single-Family Residential,Single-Family Residential
ac7c7c7a-5e4c-4b4a-a3fd-85856aa1876a,8a2a8ac65337fff,0,Single-Family Residential,Single-Family Residential,Single-Family Residential
00ff29d9-0825-45c5-adb5-436ed5d0c292,8a2a8ac65337fff,0,Single-Family Residential,Single-Family Residential,Single-Family Residential
d7c39c2d-d048-44b4-b180-e48b5e95a904,8a2a8ac65337fff,0,Single-Family Residential,Single-Family Residential,Single-Family Residential
f35774d2-4bd5-488a-8c2f-14b27e53ddcb,8a2a8ac65337fff,0,Single-Family Residential,Single-Family Residential,Single-Family Residential
5b053698-acca-4558-8b29-5dee60ea2a54,8a2a8ac65327fff,0,Single-Family Residential,Single-Family Residential,Single-Family Residential
dd2846be-9aba-4f3b-983a-602f18367c2f,8a2a8ac65327fff,0,Single-Family Residential,Single-Family Residential,Single-Family Residential
653599de-292f-4811-a128-5ea1ac99840e,8a2a8ac65327fff,0,Single-Family Residential,Single-Family Residential,Single-Family Residential
fa78b5f9-9082-44f9-a9ef-7f08bd9cf64f,8a2a8ac65327fff,0,Single-Family Residential,Single-Family Residential,Single-Family Residential
fa78b5f9-9082-44f9-a9ef-7f08bd9cf64f,8a2a8ac65337fff,0,Single-Family Residential,Single-Family Residential,Single-Family Residential
75c36e36-29dc-467b-86a4-436f1308a2ae,8a2a8ac65327fff,0,Single-Family Residential,Single-Family Residential,Single-Family Residential
75c36e36-29dc-467b-86a4-436f1308a2ae,8a2a8ac65337fff,0,Single-Family Residential,Single-Family Residential,Single-Family Residential
d60fb9fc-a160-42db-b515-3c85799c8e41,8a2a8ac65327fff,0,Single-Family Residential,Single-Family Residential,Single-Family Residential
4affa93c-598c-473e-9aa6-c69a0bf47a66,8a2a8ac65327fff,0,Single-Family Residential,Single-Family Residential,Single-Family Residential
603b162f-b665-4f10-9a1f-03bcef448045,8a2a8ac65237fff,0,Single-Family Residential,Multi-Family Residential,Multi-Family Residential
a06cb5fa-2040-4db0-b6c5-0a2e8fc6245a,8a2a8ac65237fff,0,Single-Family Residential,Multi-Family Residential,Multi-Family Residential
a5410f06-2403-460c-bd82-7af8f8cc849a,8a2a8ac65237fff,0,Multi-Family Residential,Multi-Family Residential,Multi-Family Residential
3fac471d-bb60-4cfd-bd22-5840f853dddc,8a2a8ac65317fff,0,Single-Family Residential,Multi-Family Residential,Mixed Use
f90855f5-57dc-4c97-80fc-be07b5d16b97,8a2a8ac65237fff,0,Single-Family Residential,Multi-Family Residential,Multi-Family Residential
3a677ffd-3408-43e5-b21c-0a97d9b046d5,8a2a8ac65317fff,0,Single-Family Residential,Multi-Family Residential,Multi-Family Residential
0367a68e-0365-4ac5-b843-e1d5926cd764,8a2a8ac65317fff,0,Single-Family Residential,Multi-Family Residential,Multi-Family Residential
1d7ad80d-0aa2-4bb8-8db0-cb709eed1cda,8a2a8ac6504ffff,0,Multi-Family Residential (Vacant),Multi-Family Residential,Multi-Family Residential
9e4a897a-9652-4f02-8814-3e0721d1df96,8a2a8ac65327fff,0,Single-Family Residential,Single-Family Residential,Single-Family Residential
65b346cf-e6aa-438c-b169-df831e192c21,8a2a8ac65327fff,0,Single-Family Residential,Single-Family Residential,Single-Family Residential
6117d3c0-41bf-445a-b623-691cff7e5d7c,8a2a8ac65a8ffff,0,Single-Family Residential,Single-Family Residential,Single-Family Residential
aab926bd-95b3-4698-bf6e-bbb4b4fc5b2e,8a2a8ac65a8ffff,0,Single-Family Residential,Single-Family Residential,Single-Family Residential
97d6ed0f-9d80-403d-99b9-8e4c6a56800c,8a2a8ac65a8ffff,0,Single-Family Residential,Single-Family Residential,Single-Family Residential
8ddf092a-2371-4bcb-a1da-727d00c7d13f,8a2a8ac65a8ffff,0,Single-Family Residential,Single-Family Residential,Single-Family Residential
934c0ffd-18a0-43b7-9aeb-9992c40137ef,8a2a8ac65a8ffff,0,Single-Family Residential,Single-Family Residential,Single-Family Residential
6f773d90-2c11-4c41-95b0-ac5af5e950c8,8a2a8ac65a8ffff,0,Single-Family Residential,Single-Family Residential,Single-Family Residential
dcd13c7a-c829-4004-8891-ca661665b0f0,8a2a8ac65a8ffff,0,Single-Family Residential,Single-Family Residential,Single-Family Residential
21e99fa9-3f1d-49e8-ac1f-09e321f21951,8a2a8ac65327fff,0,Single-Family Residential,Single-Family Residential,Single-Family Residential
21e99fa9-3f1d-49e8-ac1f-09e321f21951,8a2a8ac65a8ffff,0,Single-Family Residential,Single-Family Residential,Single-Family Residential
bb0e219f-fc57-4ecb-9a23-9167ef0c1574,8a2a8ac65327fff,0,Single-Family Residential,Single-Family Residential,Single-Family Residential
862eff16-bfa0-4aa7-82e7-1194cc93b2a4,8a2a8ac65327fff,0,Single-Family Residential,Single-Family Residential,Single-Family Residential
862eff16-bfa0-4aa7-82e7-1194cc93b2a4,8a2a8ac65a8ffff,0,Single-Family Residential,Single-Family Residential,Single-Family Residential
b91e68f4-3693-4e61-851c-42ce7a56da25,8a2a8ac65327fff,0,Single-Family Residential,Single-Family Residential,Single-Family Residential
b91e68f4-3693-4e61-851c-42ce7a56da25,8a2a8ac65a8ffff,0,Single-Family Residential,Single-Family Residential,Single-Family Residential
4c5dca78-0f10-4b31-b7e1-0583614da4b9,8a2a8ac65327fff,0,Single-Family Residential,Single-Family Residential,Single-Family Residential
4c5dca78-0f10-4b31-b7e1-0583614da4b9,8a2a8ac65a8ffff,0,Single-Family Residential,Single-Family Residential,Single-Family Residential
2131fb1b-f238-4a5f-8ce2-557781dd3550,8a2a8ac65237fff,0,Multi-Family Residential,Multi-Family Residential,Multi-Family Residential
3e2dc0f4-1356-410f-b518-84c5f0774c17,8a2a8ac65317fff,0,Multi-Family Residential,Multi-Family Residential,Multi-Family Residential
3e2dc0f4-1356-410f-b518-84c5f0774c17,8a2a8ac6504ffff,0,Multi-Family Residential,Multi-Family Residential,Multi-Family Residential
d778d2c3-8bdc-49d8-8515-51b153343166,8a2a8ac65237fff,0,Single-Family Residential,Multi-Family Residential,Multi-Family Residential
c62c6104-76f4-4860-a4e9-a7c6bb75c183,8a2a8ac65237fff,0,Single-Family Residential,Multi-Family Residential,Multi-Family Residential
dfc41ef5-1c4d-4571-86ca-ccabc88751fb,8a2a8ac6504ffff,0,Multi-Family Residential (Vacant),Multi-Family Residential,Multi-Family Residential
57e6281d-0eb1-4612-bc59-585cd3782fab,8a2a8ac65237fff,0,Multi-Family Residential,Multi-Family Residential,Multi-Family Residential
179aa39f-dae6-49a8-ba29-22da11e8533a,8a2a8ac6504ffff,0,Multi-Family Residential,Multi-Family Residential,Multi-Family Residential
f2ea626d-1e81-4b69-a084-4921eafb03f6,8a2a8ac65317fff,0,Multi-Family Residential (Vacant),Multi-Family Residential,Multi-Family Residential
34660ab8-a25b-47e3-9033-771b2a52f1ef,8a2a8ac65237fff,0,Single-Family Residential,Multi-Family Residential,Multi-Family Residential
782204c8-b80c-40fb-85ba-f1bfbf8e93af,8a2a8ac65237fff,0,Single-Family Residential,Multi-Family Residential,Multi-Family Residential
bdf5731a-b937-464b-b307-a5b623ad72cc,8a2a8ac65237fff,0,Single-Family Residential,Multi-Family Residential,Multi-Family Residential
c471998d-f5f1-4569-a31f-75a650c74101,8a2a8ac65237fff,0,Single-Family Residential,Multi-Family Residential,Multi-Family Residential
7f570592-9fc9-412f-ba76-054c0f8e17ea,8a2a8ac65317fff,0,Multi-Family Residential,Multi-Family Residential,Multi-Family Residential
d0912f0d-008f-4349-a8b1-a52a90057a1b,8a2a8ac6514ffff,0,Single-Family Residential,Government/Public,Institutional
d0912f0d-008f-4349-a8b1-a52a90057a1b,8a2a8ac6515ffff,0,Single-Family Residential,Government/Public,Institutional
c665d20a-8421-4452-b01f-ed289e01a17f,8a2a8ac6504ffff,0,Single-Family Residential,Single-Family Residential,Single-Family Residential
32207f1e-52ce-4e8f-8b88-a0b364979b1e,8a2a8ac6504ffff,0,Single-Family Residential,Single-Family Residential,Single-Family Residential
448c87a7-700a-420b-bd42-e9ca73c71d10,8a2a8ac6514ffff,0,Commercial (Vacant),Commercial,Commercial
2e46f46c-cdaf-4337-8c23-7880fe7ee03e,8a2a8ac6514ffff,0,Multi-Family Residential,Multi-Family Residential,Mixed Use
a8f22a20-7f7a-4138-9525-cef8d0a6372c,8a2a8ac6514ffff,0,Multi-Family Residential,Multi-Family Residential,Mixed Use
10b27654-db3d-4a7c-a854-ffa5e1990c81,8a2a8ac6500ffff,0,Institutional,Institutional,Institutional
88b96cfa-f6f7-472e-8bf1-5c52135fd78e,8a2a8ac6500ffff,0,Commercial,Commercial,Commercial
2a67fd1c-e577-486d-99df-fb39920dbcef,8a2a8ac6500ffff,0,Institutional,Institutional,Institutional
4cbd628d-ee32-4371-9978-adfee6739e53,8a2a8ac6514ffff,0,Commercial,Commercial,Commercial
5b9b6eef-18f5-4e60-8a73-c7c1617e5b1b,8a2a8ac6514ffff,0,Single-Family Residential,Single-Family Residential,Single-Family Residential
43a8e7c3-b0a8-4c67-9bcd-5679bf883617,8a2a8ac6514ffff,0,Single-Family Residential,Single-Family Residential,Single-Family Residential
599e0e26-7066-467d-8eef-48b3d1f46b56,8a2a8ac6514ffff,0,Single-Family Residential,Single-Family Residential,Single-Family Residential
66bb9bd2-8769-4ac0-a3eb-8fc60229d3c9,8a2a8ac6514ffff,0,Single-Family Residential,Single-Family Residential,Single-Family Residential
7837f487-155b-4c27-9575-63cea4896ee7,8a2a8ac6515ffff,0,Institutional,Institutional,Institutional
7837f487-155b-4c27-9575-63cea4896ee7,8a2a8ac6502ffff,0,Institutional,Institutional,Institutional
80103592-1598-42aa-9a54-cd58030c9080,8a2a8ac6504ffff,0,Single-Family Residential,Multi-Family Residential,Multi-Family Residential
a24a154d-8fa7-477f-898e-729ba208a085,8a2a8ac6502ffff,0,Institutional,Institutional,Institutional
1fae5259-afd6-4c93-a2a8-5e670e30b20f,8a2a8ac6502ffff,0,Single-Family Residential,Single-Family Residential,Mixed Use
dc5aa5b4-f052-4111-9399-e9a91858647b,8a2a8ac6502ffff,0,Commercial (Vacant),Mixed Use,Mixed Use
a3ca70ee-c6f4-4960-b181-a9d2c60e666e,8a2a8ac6502ffff,0,Commercial (Vacant),Mixed Use,Mixed Use
86b94348-952c-465c-86c3-b4f485455c3c,8a2a8ac6500ffff,0,Multi-Family Residential,Multi-Family Residential,Unclassified
aa36d3b2-271b-4338-b175-8f2d40db26b9,8a2a8ac6500ffff,0,Multi-Family Residential,Multi-Family Residential,Mixed Use
c793b22e-d0ad-4e69-a3fe-7d02765162cc,8a2a8ac6500ffff,0,Institutional,Institutional,Institutional
4286b73f-8d8b-485a-a23b-789209059d48,8a2a8ac6500ffff,0,Single-Family Residential,Single-Family Residential,Mixed Use
dc6e6498-9223-4aa9-a18f-4852511a2f96,8a2a8ac6500ffff,0,Institutional,Institutional,Institutional
22a079db-a655-4424-a8ed-38a8e0fa758a,8a2a8ac658c7fff,0,Single-Family Residential,Single-Family Residential,Single-Family Residential
9bb6529a-ecce-4111-9dd8-38902f666403,8a2a8ac658c7fff,0,Single-Family Residential,Single-Family Residential,Single-Family Residential
a3d0032c-ddb1-4e01-ad69-0d95fd792eb9,8a2a8ac658effff,0,Single-Family Residential,Single-Family Residential,Single-Family Residential
560ebcea-42b7-4dc3-af4c-13379f520336,8a2a8ac658c7fff,0,Single-Family Residential,Single-Family Residential,Single-Family Residential
14d3a714-9454-486a-9bcf-a73b5ceb345a,8a2a8ac658effff,0,Single-Family Residential,Single-Family Residential,Single-Family Residential
1a0824e4-49ed-48e7-acce-29499d47f3b0,8a2a8ac658c7fff,0,Single-Family Residential,Single-Family Residential,Single-Family Residential
a082469d-410c-40a0-8532-a2549e08ccc6,8a2a8ac658c7fff,0,Single-Family Residential,Single-Family Residential,Single-Family Residential
b2a723ef-42d9-42d2-bee7-55c20762419b,8a2a8ac658c7fff,0,Single-Family Residential,Single-Family Residential,Single-Family Residential
225bc526-3b90-45d0-a328-992b83ba4fd3,8a2a8ac658c7fff,0,Single-Family Residential,Single-Family Residential,Single-Family Residential
cd4cb8d7-f2fe-45f2-b72e-da36c649f2ae,8a2a8ac658c7fff,0,Single-Family Residential,Single-Family Residential,Single-Family Residential
cd4cb8d7-f2fe-45f2-b72e-da36c649f2ae,8a2a8ac658effff,0,Single-Family Residential,Single-Family Residential,Single-Family Residential
88456bd2-3728-4d65-9e1d-80591081bdec,8a2a8ac658c7fff,0,Single-Family Residential,Single-Family Residential,Single-Family Residential
f4a05e1b-9e5d-4049-99d7-c323e7fd8deb,8a2a8ac658c7fff,0,Single-Family Residential,Single-Family Residential,Mixed Use
131922f5-d75a-4e47-afee-828c88e68f59,8a2a8ac6585ffff,0,Single-Family Residential,Multi-Family Residential,Multi-Family Residential
2b06d914-88c2-4076-ba02-a17c43f8ece4,8a2a8ac6585ffff,0,Multi-Family Residential,Multi-Family Residential,Mixed Use
51d83f5f-b26b-478d-8a6d-49947dd8a60e,8a2a8ac6585ffff,0,Single-Family Residential,Single-Family Residential,Mixed Use
52a9c4f6-4488-40eb-9272-68b786a4800b,8a2a8ac6515ffff,0,Commercial,Government/Public,Government/Public
aa40540b-04f3-448e-aaea-40815a85ae36,8a2a8ac6514ffff,0,Commercial,Commercial,Commercial
7a30da1d-3a91-426f-b546-a843bdd30b04,8a2a8ac6514ffff,0,Commercial (Vacant),Commercial,Commercial
05ce455f-5064-4da9-b344-6ca0012754cd,8a2a8ac6514ffff,0,Commercial (Vacant),Commercial,Commercial
eb889767-94e9-4303-918f-d234014aee9e,8a2a8ac6514ffff,0,Commercial (Vacant),Commercial,Commercial
d4bb83f2-3661-4269-8958-900a02294091,8a2a8ac6514ffff,0,Commercial,Unclassified,Commercial
34a01e44-16f5-4134-8e2d-ea23c3bdf193,8a2a8ac6514ffff,0,Commercial,Commercial,Mixed Use
2f89878b-37d2-4c1a-b615-d39321f48565,8a2a8ac6514ffff,0,Single-Family Residential (Vacant),Unclassified,Mixed Use
afa937e8-81a6-48c9-928a-1aaaca8f84a7,8a2a8ac658effff,0,Single-Family Residential,Single-Family Residential,Single-Family Residential
35e124e8-8e51-44e9-9b78-dcb6770658a8,8a2a8ac658effff,0,Single-Family Residential,Single-Family Residential,Single-Family Residential
d9d3062f-3415-47b5-a252-9a2ce9e478c6,8a2a8ac658c7fff,0,Single-Family Residential,Single-Family Residential,Single-Family Residential
d9d3062f-3415-47b5-a252-9a2ce9e478c6,8a2a8ac658effff,0,Single-Family Residential,Single-Family Residential,Single-Family Residential
a6179933-a1ba-451f-8479-ff17a99007c7,8a2a8ac658effff,0,Single-Family Residential,Single-Family Residential,Single-Family Residential
22b39a17-fcec-4fed-b986-5f2d239be055,8a2a8ac658effff,0,Single-Family Residential,Single-Family Residential,Single-Family Residential
0a89685f-8176-4b6e-8c8a-ff72f5490e92,8a2a8ac658c7fff,0,Single-Family Residential,Single-Family Residential,Single-Family Residential
9a1e0308-050f-4e54-a00b-f0c1be5cb94c,8a2a8ac658effff,0,Single-Family Residential,Single-Family Residential,Single-Family Residential
f6367679-9cd2-4b86-9498-86c2b5c95cda,8a2a8ac658c7fff,0,Single-Family Residential,Single-Family Residential,Single-Family Residential
f6367679-9cd2-4b86-9498-86c2b5c95cda,8a2a8ac658effff,0,Single-Family Residential,Single-Family Residential,Single-Family Residential
4e70c2f3-4d84-4e56-8299-822059dcdc0c,8a2a8ac658effff,0,Single-Family Residential,Single-Family Residential,Single-Family Residential
a196ff72-190e-4397-8046-8df95a5f3982,8a2a8ac658effff,0,Single-Family Residential,Multi-Family Residential,Multi-Family Residential
df2e85dc-ea29-4c52-86a2-4b1be267d43e,8a2a8ac6585ffff,0,Single-Family Residential,Multi-Family Residential,Multi-Family Residential
df2e85dc-ea29-4c52-86a2-4b1be267d43e,8a2a8ac658effff,0,Single-Family Residential,Multi-Family Residential,Multi-Family Residential
22cbdaf3-69a0-4d39-b5ce-fd1b7e647e94,8a2a8ac6585ffff,0,Single-Family Residential,Multi-Family Residential,Multi-Family Residential
22cbdaf3-69a0-4d39-b5ce-fd1b7e647e94,8a2a8ac658effff,0,Single-Family Residential,Multi-Family Residential,Multi-Family Residential
50ecc42e-cb6c-49a5-adfb-e8ade2124a28,8a2a8ac658effff,0,Single-Family Residential,Multi-Family Residential,Multi-Family Residential
2546b0ef-b471-4309-bcf9-1d7e641839a0,8a2a8ac658effff,0,Single-Family Residential,Multi-Family Residential,Multi-Family Residential
1cdb11ec-2056-43df-993c-2ec24d2df552,8a2a8ac658effff,0,Single-Family Residential,Multi-Family Residential,Multi-Family Residential
d975ce8d-f823-4633-920d-4387a4dd8aa9,8a2a8ac658effff,0,Single-Family Residential,Multi-Family Residential,Multi-Family Residential
c3d5acd6-e253-4472-85dc-cf3716780cb5,8a2a8ac658effff,0,Single-Family Residential,Multi-Family Residential,Multi-Family Residential
930adfa5-8851-4558-957d-be0267a2179c,8a2a8ac658effff,0,Single-Family Residential,Multi-Family Residential,Multi-Family Residential
49905c10-1986-4043-9aef-6d50a859b903,8a2a8ac658effff,0,Single-Family Residential,Multi-Family Residential,Multi-Family Residential
30c4862c-961d-4095-8e6b-d49501adf80f,8a2a8ac658effff,0,Single-Family Residential,Multi-Family Residential,Multi-Family Residential
617277a0-5649-49a0-a5d5-ae9244c8df21,8a2a8ac658effff,0,Single-Family Residential,Multi-Family Residential,Multi-Family Residential
b270a7c4-8730-48ad-8aec-a4d841746821,8a2a8ac658effff,0,Single-Family Residential,Multi-Family Residential,Multi-Family Residential
47795784-426e-4b60-b8bd-42a75aaf40c8,8a2a8ac658effff,0,Single-Family Residential,Multi-Family Residential,Multi-Family Residential
09700a86-46db-4008-b05e-f33cf7076eae,8a2a8ac658effff,0,Single-Family Residential,Multi-Family Residential,Multi-Family Residential
3a9828b5-b30b-405c-946f-8f63b718fa03,8a2a8ac658effff,0,Single-Family Residential,Multi-Family Residential,Multi-Family Residential
eeb5e483-fec1-49b6-a6ea-d2967c78e758,8a2a8ac6585ffff,0,Single-Family Residential,Multi-Family Residential,Multi-Family Residential
eeb5e483-fec1-49b6-a6ea-d2967c78e758,8a2a8ac658effff,0,Single-Family Residential,Multi-Family Residential,Multi-Family Residential
58e4add1-1597-41e9-8af0-2417079fa276,8a2a8ac658effff,0,Single-Family Residential,Multi-Family Residential,Multi-Family Residential
436140a2-164a-4da5-bcba-16df8a6ef520,8a2a8ac6585ffff,0,Single-Family Residential,Multi-Family Residential,Single-Family Residential
436140a2-164a-4da5-bcba-16df8a6ef520,8a2a8ac658effff,0,Single-Family Residential,Multi-Family Residential,Single-Family Residential
bdae2fa2-7850-4238-9f94-f98ed087456d,8a2a8ac6585ffff,0,Single-Family Residential,Multi-Family Residential,Multi-Family Residential
bdae2fa2-7850-4238-9f94-f98ed087456d,8a2a8ac658effff,0,Single-Family Residential,Multi-Family Residential,Multi-Family Residential
16033864-1e3d-4bbb-bbb4-5a632a2cc77f,8a2a8ac658effff,0,Single-Family Residential,Multi-Family Residential,Multi-Family Residential
bc9781d7-aff5-41b6-ad72-7c6fb0bc66db,8a2a8ac658effff,0,Single-Family Residential,Multi-Family Residential,Multi-Family Residential
7008a027-9e3c-4472-9156-98ab161aa6c1,8a2a8ac658effff,0,Single-Family Residential,Multi-Family Residential,Multi-Family Residential
0bb0e174-0c89-4c48-9860-2e79ab81e0b8,8a2a8ac658effff,0,Single-Family Residential,Multi-Family Residential,Multi-Family Residential
f5cb0a05-c591-4a24-9395-96e9808f5575,8a2a8ac658effff,0,Single-Family Residential,Multi-Family Residential,Multi-Family Residential
2dae63c5-a482-4752-a176-de34839e6be4,8a2a8ac658effff,0,Single-Family Residential,Multi-Family Residential,Multi-Family Residential
ecb2f332-0062-4978-80a8-12360749dc14,8a2a8ac658effff,0,Single-Family Residential,Multi-Family Residential,Multi-Family Residential
252f522e-84d8-4b86-a098-070b6a796fef,8a2a8ac658effff,0,Single-Family Residential,Multi-Family Residential,Multi-Family Residential
aa10a90d-46e3-40de-ab7d-dc41bc4033a0,8a2a8ac658effff,0,Single-Family Residential,Multi-Family Residential,Multi-Family Residential
d68b088a-c183-4add-84b2-c079c2cfed23,8a2a8ac658effff,0,Single-Family Residential,Multi-Family Residential,Multi-Family Residential
e021dc56-b9a5-4f89-a5f1-fca3c690950f,8a2a8ac658c7fff,0,Single-Family Residential,Single-Family Residential,Single-Family Residential
e021dc56-b9a5-4f89-a5f1-fca3c690950f,8a2a8ac658effff,0,Single-Family Residential,Single-Family Residential,Single-Family Residential
5f340b5b-fb6a-424f-8e96-aa126c3ae4c7,8a2a8a896497fff,0,Single-Family Residential,Single-Family Residential,Single-Family Residential
516ffabb-db49-4a1d-968c-060a7ee66854,8a2a8a896497fff,0,Single-Family Residential,Single-Family Residential,Single-Family Residential
dbce7a7b-3590-49dc-b5e5-d909518f91d1,8a2a8a896497fff,0,Single-Family Residential,Single-Family Residential,Single-Family Residential
53b42366-336b-4b13-9d17-e49dd86b33a0,8a2a8a896497fff,0,Single-Family Residential,Single-Family Residential,Single-Family Residential
2b2a3b16-33f9-418f-a037-28a65d9fa002,8a2a8a896497fff,0,Single-Family Residential,Single-Family Residential,Single-Family Residential
e37d3ca0-650a-469d-bb24-b8733f13a31d,8a2a8a896497fff,0,Single-Family Residential,Single-Family Residential,Single-Family Residential
9302520b-4cfa-4adb-b7de-d16acd7cc1b6,8a2a8a896497fff,0,Single-Family Residential,Single-Family Residential,Single-Family Residential
9868957a-b424-43cf-a487-46627de4a50a,8a2a8a896497fff,0,Single-Family Residential,Single-Family Residential,Single-Family Residential
7ad7a481-54f3-4134-b055-4ed8c1022520,8a2a8a896497fff,0,Single-Family Residential,Single-Family Residential,Single-Family Residential
d7960347-783f-4016-94f4-64e1f0c1c3b5,8a2a8ad4b257fff,0,Single-Family Residential,Single-Family Residential,Single-Family Residential
158e958e-4da8-4d41-86de-fd40e4bdde65,8a2a8ad4b24ffff,0,Single-Family Residential,Single-Family Residential,Single-Family Residential
34cfe1c6-3865-45d3-b169-153590ca4e90,8a2a8a89650ffff,0,Single-Family Residential,Single-Family Residential,Single-Family Residential
68c1efff-67a9-4375-a5e4-88bdb493f751,8a2a8a89650ffff,0,Single-Family Residential,Single-Family Residential,Single-Family Residential
61a599cf-5bed-4678-ae84-36b8d0b754fc,8a2a8a89642ffff,0,Single-Family Residential,Single-Family Residential,Single-Family Residential
43a50cba-fbdd-4b0f-abf2-7c97e972dd63,8a2a8a89642ffff,0,Single-Family Residential,Single-Family Residential,Single-Family Residential
e485075b-8022-4de0-9e23-65d54b14ef0a,8a2a8ad4b24ffff,0,Single-Family Residential,Single-Family Residential,Single-Family Residential
0310ccbc-e1fc-4eb4-b372-a73253bd04c3,8a2a8ad4b24ffff,0,Single-Family Residential,Single-Family Residential,Single-Family Residential
16095a10-4453-46f0-b838-1c01224ed19c,8a2a8ad4b24ffff,0,Single-Family Residential,Single-Family Residential,Single-Family Residential
ec1fa1c3-0d91-43b5-adcc-09ecbe34f180,8a2a8ad4b24ffff,0,Single-Family Residential,Single-Family Residential,Single-Family Residential
1fd33c06-c1d7-4b45-9e29-8baf10279b2a,8a2a8ad4b357fff,0,Single-Family Residential,Single-Family Residential,Single-Family Residential
da70c610-fd72-4478-8bff-8572a82984a5,8a2a8ad4b267fff,0,Single-Family Residential,Single-Family Residential,Single-Family Residential
e3560abb-c429-4304-a047-1377c499adcb,8a2a8ad4b267fff,0,Single-Family Residential,Single-Family Residential,Single-Family Residential
0a9fa3e6-196f-46f3-83be-13a9577c6022,8a2a8ad4b267fff,0,Single-Family Residential,Single-Family Residential,Single-Family Residential
3723ecf4-a3f9-42d6-af6f-3d1f5d41c135,8a2a8ad4b24ffff,0,Single-Family Residential,Single-Family Residential,Single-Family Residential
ef8fea8c-7ea7-430e-bf64-4b8d6dc11d87,8a2a8ad4b24ffff,0,Single-Family Residential,Single-Family Residential,Single-Family Residential
50edf195-5cfd-4ccb-9375-dadc243b067a,8a2a8ad4b357fff,0,Single-Family Residential,Single-Family Residential,Single-Family Residential
861a554b-a6c1-4091-acf2-c4045f6385ff,8a2a8ad4b357fff,0,Single-Family Residential,Single-Family Residential,Single-Family Residential
350c0236-d3f2-4822-9bc2-8dc18159c131,8a2a8ad4b357fff,0,Single-Family Residential,Single-Family Residential,Single-Family Residential
e92eb0cf-0e34-48f1-9849-107751f81ad8,8a2a8ad4b357fff,0,Single-Family Residential,Single-Family Residential,Single-Family Residential
59357b4d-102f-499f-9428-775697b4d123,8a2a8ad4b357fff,0,Single-Family Residential,Single-Family Residential,Single-Family Residential
258e2320-deed-4be4-88a8-757f344d6078,8a2a8ad4b267fff,0,Single-Family Residential,Single-Family Residential,Single-Family Residential
a2ffe454-29f2-4bb6-9402-4746b1d0b5fa,8a2a8ad4b267fff,0,Single-Family Residential,Single-Family Residential,Single-Family Residential
98eb965a-da69-4811-95a2-b38993cfbed2,8a2a8ad4b267fff,0,Single-Family Residential,Single-Family Residential,Single-Family Residential
228db227-4567-42ba-b3c4-eb0c34f539d9,8a2a8a896c9ffff,0,Single-Family Residential,Single-Family Residential,Single-Family Residential
dca051f4-afd7-4401-a5c9-039bdc0bcec8,8a2a8ad4b267fff,0,Single-Family Residential,Single-Family Residential,Single-Family Residential
1981df09-7b73-44d5-b748-80abeb29091a,8a2a8a896c9ffff,0,Single-Family Residential,Single-Family Residential,Single-Family Residential
78e8ef4d-ec74-4e15-9f92-ab88ffa15b8a,8a2a8ad4b267fff,0,Single-Family Residential,Single-Family Residential,Single-Family Residential
847900c1-fe6b-41d4-b6ac-e31dcda386b4,8a2a8ad4b31ffff,0,Single-Family Residential,Single-Family Residential,Single-Family Residential
1755c683-c38a-41d9-b0c1-e99d79f3ac34,8a2a8ad4b357fff,0,Single-Family Residential,Single-Family Residential,Single-Family Residential
e16889f3-2290-4401-9d7f-6693518fd0c7,8a2a8ad4b267fff,0,Single-Family Residential,Single-Family Residential,Single-Family Residential
abc1d965-cddf-4678-af1c-d346d1a3c7d4,8a2a8ad4b25ffff,0,Multi-Family Residential,Multi-Family Residential,Multi-Family Residential
3095ab50-37a8-4738-ab3c-d8c23f4cf7ab,8a2a8ac65357fff,0,Single-Family Residential,Single-Family Residential,Single-Family Residential
51c28262-127e-4bad-bbe7-cf1eb37c382e,8a2a8a892cb7fff,0,Single-Family Residential,Single-Family Residential,Single-Family Residential
7e3ede29-5d1a-4ca6-aa6f-faa9ddbe9f3c,8a2a8a892cb7fff,0,Single-Family Residential,Single-Family Residential,Single-Family Residential
64c7ea26-3773-4c66-ac3f-d4d04b059a90,8a2a8a892cb7fff,0,Single-Family Residential,Single-Family Residential,Single-Family Residential
dfb168b0-6db3-4142-8762-925513074a13,8a2a8a892cb7fff,0,Single-Family Residential,Single-Family Residential,Single-Family Residential
52703949-69cc-4b74-82ef-4e770a03988d,8a2a8ac6526ffff,0,Single-Family Residential,Single-Family Residential,Single-Family Residential
d95012b0-cf0b-43b1-8277-cf5426498db3,8a2a8ac6530ffff,0,Single-Family Residential,Single-Family Residential,Single-Family Residential
9f86b6e1-5292-4931-a716-9bc10843f18e,8a2a8ac6530ffff,0,Single-Family Residential,Single-Family Residential,Single-Family Residential
202da5f9-97e9-4049-bf6e-ee9df604cfd8,8a2a8ac65357fff,0,Single-Family Residential,Single-Family Residential,Single-Family Residential
81193dfe-6b0b-4cfe-b89a-1a5b9f7378d2,8a2a8ac6535ffff,0,Single-Family Residential,Single-Family Residential,Single-Family Residential
eb433227-ff3d-42aa-b054-b5a7f4a843be,8a2a8ac65357fff,0,Single-Family Residential,Single-Family Residential,Single-Family Residential
c669cd08-28cc-4134-8ab0-6894321d61dd,8a2a8ac6535ffff,0,Single-Family Residential,Single-Family Residential,Single-Family Residential
9a3923e7-c42a-4fe2-bedf-187e21412753,8a2a8ac6535ffff,0,Single-Family Residential,Single-Family Residential,Single-Family Residential
ac97de49-0d25-455e-8445-ff0ad8cdf36d,8a2a8ac6535ffff,0,Single-Family Residential,Single-Family Residential,Single-Family Residential
ac97de49-0d25-455e-8445-ff0ad8cdf36d,8a2a8ac65357fff,0,Single-Family Residential,Single-Family Residential,Single-Family Residential
af6c25e0-8f04-4e53-89a5-889ec2700199,8a2a8ac6535ffff,0,Single-Family Residential,Single-Family Residential,Single-Family Residential
44a7a326-31d7-4d0d-9cae-c73f0d42c6bb,8a2a8ac6535ffff,0,Single-Family Residential,Single-Family Residential,Single-Family Residential
44a7a326-31d7-4d0d-9cae-c73f0d42c6bb,8a2a8ac65357fff,0,Single-Family Residential,Single-Family Residential,Single-Family Residential
c0c8f634-4984-4409-b22c-88191943e825,8a2a8ac6535ffff,0,Single-Family Residential,Single-Family Residential,Single-Family Residential
d192e042-60f3-4cd7-876f-c0299d59dcd2,8a2a8ac6535ffff,0,Single-Family Residential,Single-Family Residential,Single-Family Residential
52871407-7751-46b6-831a-26f336da0cbb,8a2a8ac6535ffff,0,Single-Family Residential,Single-Family Residential,Single-Family Residential
52871407-7751-46b6-831a-26f336da0cbb,8a2a8ac65357fff,0,Single-Family Residential,Single-Family Residential,Single-Family Residential
05a1b8b7-0c79-4588-8a70-a50c5d7309af,8a2a8ac6535ffff,0,Single-Family Residential,Single-Family Residential,Single-Family Residential
5f5b3735-4acf-4fb8-90ef-08795178bfb1,8a2a8ac65aaffff,0,Multi-Family Residential (Vacant),Multi-Family Residential,Multi-Family Residential
1d95eb38-d97f-45f8-8b72-4d318613788c,8a2a8ac6535ffff,0,Single-Family Residential,Single-Family Residential,Single-Family Residential
b0e72249-cba5-4fd8-8f01-c958a23cb5d3,8a2a8ac65adffff,0,Single-Family Residential,Single-Family Residential,Single-Family Residential
880a7543-9325-4200-8a76-f67a89edc41f,8a2a8ac65adffff,0,Single-Family Residential,Single-Family Residential,Single-Family Residential
9ce6c906-ab27-49f4-87fc-0874cb7217f6,8a2a8ac65adffff,0,Single-Family Residential,Single-Family Residential,Single-Family Residential
26bc42fa-9601-4e41-95dd-95a73e00a149,8a2a8ac65adffff,0,Single-Family Residential,Single-Family Residential,Single-Family Residential
e8b8cf95-3ef8-473d-8b5a-b91ae00e1e26,8a2a8ac65adffff,0,Single-Family Residential,Single-Family Residential,Single-Family Residential
924c586b-203e-4c6e-8715-27010db1d0f3,8a2a8ac65adffff,0,Single-Family Residential,Single-Family Residential,Single-Family Residential
d7c9328c-4895-4c05-8261-b19fe88c2bf2,8a2a8ac65adffff,0,Single-Family Residential,Single-Family Residential,Single-Family Residential
4a5f8dc0-3a1a-4a4e-9f8a-6e7fcf04b4a0,8a2a8ac65adffff,0,Single-Family Residential,Single-Family Residential,Single-Family Residential
675b84e9-1afb-49dc-ad4e-90116c02f907,8a2a8ac65adffff,0,Single-Family Residential,Single-Family Residential,Single-Family Residential
31bf4553-ebc5-42e1-ae47-2681f375f6ec,8a2a8ac65adffff,0,Single-Family Residential,Single-Family Residential,Single-Family Residential
27c363bb-fa29-43ac-81f3-f40e01e08c60,8a2a8ac65adffff,0,Single-Family Residential,Single-Family Residential,Single-Family Residential
b9e3b406-8fdb-4f83-9960-e683f2045fbe,8a2a8ac65adffff,0,Single-Family Residential,Single-Family Residential,Single-Family Residential
1847a92a-673e-47cb-b9ca-8c53e54a6ff1,8a2a8ac65adffff,0,Single-Family Residential,Single-Family Residential,Single-Family Residential
5e4a9a4e-f699-459c-b5de-2ea4cf6e91e9,8a2a8a892cb7fff,0,Single-Family Residential,Single-Family Residential,Single-Family Residential
89652d42-2aab-49d7-a9e5-0e9782adc215,8a2a8a892cb7fff,0,Single-Family Residential,Single-Family Residential,Single-Family Residential
7255a438-e132-4da5-92e6-95617494b05f,8a2a8a892cb7fff,0,Single-Family Residential,Single-Family Residential,Single-Family Residential
db0c4058-6031-4e08-82c3-8e23bf4a7ddf,8a2a8a892cb7fff,0,Single-Family Residential,Single-Family Residential,Single-Family Residential
7af2d526-bf19-4748-806c-54ecfa6fbed1,8a2a8a892cb7fff,0,Single-Family Residential,Single-Family Residential,Single-Family Residential
c03b925b-8302-4e41-816a-47740bfe725c,8a2a8a892cb7fff,0,Single-Family Residential,Single-Family Residential,Single-Family Residential
bee02f0d-f5b2-4087-be40-a4e2f391752d,8a2a8a892cb7fff,0,Single-Family Residential,Single-Family Residential,Single-Family Residential
c661164c-0a14-4b56-a09c-13f9ad1439fe,8a2a8a892cb7fff,0,Single-Family Residential,Single-Family Residential,Single-Family Residential
cbc2a633-956e-4ce8-af50-1cb29f9b0a52,8a2a8a892cb7fff,0,Single-Family Residential,Single-Family Residential,Single-Family Residential
e7800a42-6681-434d-a072-a2ff89fb4ddf,8a2a8a892cb7fff,0,Single-Family Residential,Single-Family Residential,Single-Family Residential
d8c4f50a-04d2-454e-b723-4a6a369b5800,8a2a8ac6530ffff,0,Single-Family Residential,Single-Family Residential,Single-Family Residential
8d9f1dc5-e4bb-4d4e-b534-57f9fd2549f2,8a2a8ac6530ffff,0,Single-Family Residential,Single-Family Residential,Single-Family Residential
baa5b5c0-da65-4530-9e9f-a1793a468aff,8a2a8ac6530ffff,0,Single-Family Residential,Single-Family Residential,Single-Family Residential
126eaf2c-feff-476b-b380-28e79c4732d0,8a2a8ac6530ffff,0,Single-Family Residential,Single-Family Residential,Single-Family Residential
6364b736-1785-4cb7-8c0b-21fc68aa32d9,8a2a8ac6530ffff,0,Single-Family Residential,Single-Family Residential,Single-Family Residential
70ed73eb-43aa-4a76-9474-dc75dfbc259b,8a2a8ac6530ffff,0,Single-Family Residential,Single-Family Residential,Single-Family Residential
98167f4a-6f18-4b9a-b33c-d710b8c3dec7,8a2a8ac6530ffff,0,Single-Family Residential,Single-Family Residential,Single-Family Residential
ea25121b-c0d6-4251-ab0e-3a90dc41aadd,8a2a8ac6530ffff,0,Single-Family Residential,Single-Family Residential,Single-Family Residential
3116a59b-bc6c-46fb-a17c-167bc64da629,8a2a8ac6535ffff,0,Single-Family Residential,Single-Family Residential,Single-Family Residential
8e176994-0942-4f62-b777-43df052df3c8,8a2a8ac6535ffff,0,Single-Family Residential,Single-Family Residential,Single-Family Residential
201b26ff-eb0c-49ef-a277-2cb2348530c6,8a2a8ac65357fff,0,Single-Family Residential,Single-Family Residential,Single-Family Residential
3cdc0a57-9211-4a41-a1f4-efad93b74205,8a2a8ac65357fff,0,Single-Family Residential,Single-Family Residential,Single-Family Residential
18919af7-7d1c-4802-980e-e8e9524adcce,8a2a8ac6535ffff,0,Single-Family Residential,Single-Family Residential,Single-Family Residential
3cf81977-52d4-4df7-b29d-36d45bc3a943,8a2a8ac6535ffff,0,Single-Family Residential,Single-Family Residential,Single-Family Residential
da2dacc2-56c8-46b0-9a55-78b5e3053f9a,8a2a8ac65357fff,0,Single-Family Residential,Single-Family Residential,Single-Family Residential
96192f75-66c9-417a-bff7-31b085bc70ac,8a2a8ac6535ffff,0,Single-Family Residential,Single-Family Residential,Single-Family Residential
164968e3-83a6-4c7c-bde8-ab92624986c5,8a2a8ac6535ffff,0,Single-Family Residential,Single-Family Residential,Single-Family Residential
7af631b0-69ea-4e80-b99c-4b06ba5a2b68,8a2a8ac65adffff,0,Single-Family Residential,Single-Family Residential,Single-Family Residential
d4d6a708-55e4-4c26-8fe0-f0b4e40ef800,8a2a8ac65327fff,0,Single-Family Residential,Single-Family Residential,Single-Family Residential
a71dc92d-a731-4ca9-b1ff-24f6e4546c8a,8a2a8ac65adffff,0,Single-Family Residential,Single-Family Residential,Single-Family Residential
f8d264d4-8540-4e72-a676-b9a1462f8d96,8a2a8ac65adffff,0,Single-Family Residential,Single-Family Residential,Single-Family Residential
47968e8e-d15e-478d-a017-de2a05e29472,8a2a8ac65adffff,0,Single-Family Residential,Single-Family Residential,Single-Family Residential
d0541541-1782-48c4-bf0d-f2c2e8fc2679,8a2a8ac65adffff,0,Single-Family Residential,Single-Family Residential,Single-Family Residential
838fb827-553e-48d2-b7d1-9d5eceb66d00,8a2a8ac65adffff,0,Single-Family Residential,Single-Family Residential,Single-Family Residential
a4891b21-3bae-44d5-a4f1-b40a65f4030c,8a2a8ac65adffff,0,Single-Family Residential,Single-Family Residential,Single-Family Residential
6f900454-a095-4ca5-8e55-b7c48c285536,8a2a8ac6535ffff,0,Single-Family Residential,Single-Family Residential,Single-Family Residential
ebbe9789-bfb4-4466-94a5-503eb5c7731a,8a2a8ac65357fff,0,Single-Family Residential,Single-Family Residential,Single-Family Residential
bbcc8f2a-2955-4763-b8c7-dc9a1a874ba8,8a2a8ac65357fff,0,Single-Family Residential,Single-Family Residential,Single-Family Residential
890affda-f76e-4dc6-8f14-9a5d0df46f14,8a2a8ac6530ffff,0,Single-Family Residential,Single-Family Residential,Single-Family Residential
890affda-f76e-4dc6-8f14-9a5d0df46f14,8a2a8ac65357fff,0,Single-Family Residential,Single-Family Residential,Single-Family Residential
32808654-8696-4ec9-84c5-798a2eaca006,8a2a8ac6530ffff,0,Single-Family Residential,Single-Family Residential,Single-Family Residential
32808654-8696-4ec9-84c5-798a2eaca006,8a2a8ac65357fff,0,Single-Family Residential,Single-Family Residential,Single-Family Residential
9c3e3274-7ea1-451b-8e33-58c9e3c09777,8a2a8ac6530ffff,0,Single-Family Residential,Single-Family Residential,Single-Family Residential
9c3e3274-7ea1-451b-8e33-58c9e3c09777,8a2a8ac65357fff,0,Single-Family Residential,Single-Family Residential,Single-Family Residential
e53a5e3d-5aa0-4e74-a2c2-11cfbdfc2f9d,8a2a8ac65aaffff,0,Multi-Family Residential,Multi-Family Residential,Mixed Use
50e1c7c8-2920-4823-a7b4-16efc8c027bb,8a2a8ac65aaffff,0,Multi-Family Residential (Vacant),Multi-Family Residential,Multi-Family Residential
368a1c84-8d2e-4414-875e-c9caf7580ed1,8a2a8ac65aaffff,0,Multi-Family Residential (Vacant),Multi-Family Residential,Multi-Family Residential
afd8b280-b982-4d31-b210-3312ca0dc29e,8a2a8ac65aaffff,0,Multi-Family Residential (Vacant),Multi-Family Residential,Multi-Family Residential
abadaae2-ff62-4be9-9e39-17a21421b665,8a2a8ac65aaffff,0,Multi-Family Residential (Vacant),Multi-Family Residential,Multi-Family Residential
9f70ab26-69c8-4045-866e-f7a48aa5b03b,8a2a8ac65aaffff,0,Multi-Family Residential (Vacant),Multi-Family Residential,Multi-Family Residential
44904d61-ef11-4e0a-a664-0cdf85d40a30,8a2a8ac65b9ffff,0,Single-Family Residential,Single-Family Residential,Single-Family Residential
06c05b61-5ca7-4142-b5b7-893ee85ea0bc,8a2a8ac65b9ffff,0,Single-Family Residential,Single-Family Residential,Single-Family Residential
0185295b-db59-4cb3-94c1-63d3eae2d844,8a2a8ac65aaffff,0,Commercial (Vacant),Mixed Use,Mixed Use
5b4d94d6-91f0-43e4-a7e9-afd22f8c7d84,8a2a8ac65a8ffff,0,Commercial,Commercial,Commercial
a845791a-30ee-4ac3-ac1c-1c9c0e9d86d6,8a2a8ac65aaffff,0,Commercial,Mixed Use,Mixed Use
a845791a-30ee-4ac3-ac1c-1c9c0e9d86d6,8a2a8ac65a8ffff,0,Commercial,Mixed Use,Mixed Use
21aa9500-2089-4493-9ed5-d35b2d9809e5,8a2a8ac65a8ffff,0,Commercial,Mixed Use,Mixed Use
bf0dc9d7-0753-4faf-bac9-a60ab9222c55,8a2a8ac65a8ffff,0,Commercial,Commercial,Commercial
79b65bda-05b0-41c3-a7f6-59ebe6dda294,8a2a8ac65aaffff,0,Single-Family Residential,Single-Family Residential,Single-Family Residential
50222e64-4d41-457e-a6c4-1eb6fc83a16a,8a2a8ac65aaffff,0,Single-Family Residential,Single-Family Residential,Single-Family Residential
c759c8dc-d32d-426e-82a6-35fdac6cffc3,8a2a8ac65aaffff,0,Single-Family Residential,Single-Family Residential,Single-Family Residential
1506bfad-8d3f-4ae7-a752-a5946e9d90b2,8a2a8ac65aaffff,0,Single-Family Residential,Single-Family Residential,Single-Family Residential
8bf61060-5695-4ff7-b070-206c314e50aa,8a2a8ac65aaffff,0,Single-Family Residential,Single-Family Residential,Single-Family Residential
6259cbdd-366b-4d02-8ed5-af602baeb577,8a2a8ac65aaffff,0,Single-Family Residential,Single-Family Residential,Single-Family Residential
b7849b79-f8ea-4cc6-93f2-9abe6791b416,8a2a8ac65aaffff,0,Single-Family Residential,Single-Family Residential,Single-Family Residential
9f64a2eb-406d-446e-b615-2b202788f36f,8a2a8ac65aaffff,0,Single-Family Residential,Single-Family Residential,Single-Family Residential
62a80dcc-f735-4cb5-b116-d001ca939ab8,8a2a8ac65aaffff,0,Single-Family Residential,Single-Family Residential,Single-Family Residential
1f00749d-deed-43fe-a94c-c59fa5b93543,8a2a8ac65b1ffff,0,Single-Family Residential,Single-Family Residential,Single-Family Residential
ebd88a33-e28e-4ae1-b162-ce452509fea9,8a2a8ac65b1ffff,0,Single-Family Residential,Single-Family Residential,Single-Family Residential
ebd88a33-e28e-4ae1-b162-ce452509fea9,8a2a8ac65a37fff,0,Single-Family Residential,Single-Family Residential,Single-Family Residential
4ac7b0a4-1529-4ad1-81a7-84ad7975693d,8a2a8ac65a37fff,0,Multi-Family Residential,Multi-Family Residential,Multi-Family Residential
18ac8342-6906-48bb-9718-d0e5d5b14842,8a2a8ac65a37fff,0,Institutional,Institutional,Institutional
3b3ad1dd-ca4c-4579-9d42-d715d5878f36,8a2a8ac65b6ffff,0,Single-Family Residential,Single-Family Residential,Single-Family Residential
b4d7ec06-2203-42f6-bc72-611aa2e3e0d8,8a2a8ac65b6ffff,0,Single-Family Residential,Single-Family Residential,Single-Family Residential
275ab122-eeec-4444-ad16-7668617f8202,8a2a8ac65b1ffff,0,Single-Family Residential,Single-Family Residential,Single-Family Residential
edb8875b-5cf1-422c-91eb-0abe714fd272,8a2a8ac65b1ffff,0,Single-Family Residential,Single-Family Residential,Single-Family Residential
aa18d205-f9cd-4e82-9b89-1a83658790d6,8a2a8ac65b1ffff,0,Single-Family Residential,Single-Family Residential,Single-Family Residential
c216763e-07cc-4ac1-a494-0e3fd90ec09e,8a2a8ac65a37fff,0,Single-Family Residential,Single-Family Residential,Single-Family Residential
532d0ecb-3264-4e02-9256-7e963b7001f0,8a2a8ac65a37fff,0,Single-Family Residential,Single-Family Residential,Single-Family Residential
2bc6e9d7-6370-4e71-90f5-4b51be5bb377,8a2a8ac65a37fff,0,Single-Family Residential,Single-Family Residential,Single-Family Residential
8ac6f682-dc99-4115-b9fd-96999c02f0ef,8a2a8ac65a37fff,0,Single-Family Residential,Single-Family Residential,Single-Family Residential
8ac6f682-dc99-4115-b9fd-96999c02f0ef,8a2a8ac65a27fff,0,Single-Family Residential,Single-Family Residential,Single-Family Residential
89a4c36f-048e-4c24-9a5c-0321ccc77869,8a2a8ac65a2ffff,0,Single-Family Residential,Single-Family Residential,Single-Family Residential
89a4c36f-048e-4c24-9a5c-0321ccc77869,8a2a8ac65a27fff,0,Single-Family Residential,Single-Family Residential,Single-Family Residential
f89a650c-f127-4353-ba9d-6c159fbf830f,8a2a8ac65a2ffff,0,Single-Family Residential,Single-Family Residential,Single-Family Residential
f89a650c-f127-4353-ba9d-6c159fbf830f,8a2a8ac65a27fff,0,Single-Family Residential,Single-Family Residential,Single-Family Residential
ac3add6c-6343-4e9b-8708-802a04c5c981,8a2a8ac65a27fff,0,Single-Family Residential,Single-Family Residential,Single-Family Residential
eb9cfac8-c677-4134-a81d-5d5ab139f0d7,8a2a8ac65a27fff,0,Single-Family Residential,Single-Family Residential,Single-Family Residential
2d2f42fa-ede3-472a-a8cf-55c7b7fb0f25,8a2a8ac65a27fff,0,Single-Family Residential,Single-Family Residential,Single-Family Residential
3426264d-985b-49fc-a956-60a66d16586d,8a2a8ac65a27fff,0,Single-Family Residential,Single-Family Residential,Single-Family Residential
0f8eda33-c123-4c1e-9378-217eb59670f7,8a2a8ac65a27fff,0,Single-Family Residential,Single-Family Residential,Single-Family Residential
ddc3439d-88ca-494f-8983-715a6373d490,8a2a8ac65b57fff,0,Single-Family Residential,Single-Family Residential,Single-Family Residential
ddc3439d-88ca-494f-8983-715a6373d490,8a2a8ac65a27fff,0,Single-Family Residential,Single-Family Residential,Single-Family Residential
8e1f1b68-f6d3-428f-a00a-c9c633b64dd5,8a2a8ac65a27fff,0,Single-Family Residential,Single-Family Residential,Single-Family Residential
ba24ee72-3d35-44c6-b75f-6db0f4cd9e49,8a2a8ac65b57fff,0,Single-Family Residential,Single-Family Residential,Single-Family Residential
0302b5b2-60b0-43cf-af46-b71ab9d5a3d7,8a2a8ac65b57fff,0,Single-Family Residential,Single-Family Residential,Single-Family Residential
29dbcf90-eeec-42b8-89b5-0fb2f9376e54,8a2a8ac65b1ffff,0,Single-Family Residential,Single-Family Residential,Single-Family Residential
d85bab02-b78f-4362-817e-8d4f9e85b0b4,8a2a8ac65b1ffff,0,Single-Family Residential,Single-Family Residential,Single-Family Residential
cdae40c9-3a99-4496-9e1b-779dc87db737,8a2a8ac65b1ffff,0,Single-Family Residential,Single-Family Residential,Single-Family Residential
fceb8a83-68b9-44a7-81ac-40c480ccd6f3,8a2a8ac65b1ffff,0,Single-Family Residential,Single-Family Residential,Single-Family Residential
c5626a11-a310-4aa9-84e6-c53ae7a3ed9a,8a2a8ac65b1ffff,0,Single-Family Residential,Single-Family Residential,Single-Family Residential
d4bf3881-4da3-4d0d-ad38-8b8ff3ca57d9,8a2a8ac65b1ffff,0,Single-Family Residential,Single-Family Residential,Single-Family Residential
99235241-447c-401d-a919-a18834f6adfa,8a2a8ac65b1ffff,0,Single-Family Residential,Single-Family Residential,Single-Family Residential
b8ae87de-74a4-4174-931e-59b465738ba3,8a2a8ac65b1ffff,0,Single-Family Residential,Single-Family Residential,Single-Family Residential
d2da0216-85ce-4f84-b7c2-99ffc066fccd,8a2a8ac65b1ffff,0,Single-Family Residential,Single-Family Residential,Single-Family Residential
efa3f233-6a3b-4ca5-9d95-9a937e5c1f58,8a2a8ac65a27fff,0,Single-Family Residential,Single-Family Residential,Single-Family Residential
60658999-5790-4acd-976c-434318e42075,8a2a8ac65b1ffff,0,Single-Family Residential,Single-Family Residential,Single-Family Residential
60658999-5790-4acd-976c-434318e42075,8a2a8ac65a37fff,0,Single-Family Residential,Single-Family Residential,Single-Family Residential
60658999-5790-4acd-976c-434318e42075,8a2a8ac65a27fff,0,Single-Family Residential,Single-Family Residential,Single-Family Residential
8c29762d-e310-437b-997d-e506a8b019dc,8a2a8ac65b1ffff,0,Single-Family Residential,Single-Family Residential,Single-Family Residential
8c29762d-e310-437b-997d-e506a8b019dc,8a2a8ac65a37fff,0,Single-Family Residential,Single-Family Residential,Single-Family Residential
86388460-970b-4f53-b94a-eaeb073e68be,8a2a8ac65a27fff,0,Single-Family Residential,Single-Family Residential,Single-Family Residential
849482d8-edcc-403c-a0c5-4b2356532454,8a2a8ac65b1ffff,0,Single-Family Residential,Single-Family Residential,Single-Family Residential
849482d8-edcc-403c-a0c5-4b2356532454,8a2a8ac65a37fff,0,Single-Family Residential,Single-Family Residential,Single-Family Residential
31948c6f-5b2e-45f9-9ba7-1528c88ad0fd,8a2a8ac65a27fff,0,Single-Family Residential,Single-Family Residential,Single-Family Residential
36fc6f82-813a-4333-af8f-6f45249c5843,8a2a8ac65b1ffff,0,Single-Family Residential,Single-Family Residential,Single-Family Residential
36fc6f82-813a-4333-af8f-6f45249c5843,8a2a8ac65a37fff,0,Single-Family Residential,Single-Family Residential,Single-Family Residential
3f325593-2f3a-4603-9711-0094b573284a,8a2a8ac65b1ffff,0,Single-Family Residential,Single-Family Residential,Single-Family Residential
3f325593-2f3a-4603-9711-0094b573284a,8a2a8ac65a37fff,0,Single-Family Residential,Single-Family Residential,Single-Family Residential
3f325593-2f3a-4603-9711-0094b573284a,8a2a8ac65a27fff,0,Single-Family Residential,Single-Family Residential,Single-Family Residential
305d646e-3ff7-4242-95aa-5c872ed499c0,8a2a8ac65a37fff,0,Single-Family Residential,Single-Family Residential,Single-Family Residential
7a2187c7-bad2-46bb-9a9d-2c51456f3130,8a2a8ac65a37fff,0,Single-Family Residential,Single-Family Residential,Single-Family Residential
186bd647-a667-475e-8876-2111a6879ad6,8a2a8ac65a37fff,0,Institutional,Institutional,Institutional
f0bada16-633e-4a8b-91fb-e1e754ab7e3c,8a2a8ac65b9ffff,0,Multi-Family Residential (Vacant),Multi-Family Residential,Mixed Use
d5b24922-b749-431e-82e0-2cd9ec40a446,8a2a8ac65b9ffff,0,Multi-Family Residential,Multi-Family Residential,Mixed Use
fcfd36c5-3d49-4522-a885-a41701a7f92e,8a2a8ac65a37fff,0,Single-Family Residential,Single-Family Residential,Single-Family Residential
a5cfffc4-e69b-4bc1-885b-f348a99f90c2,8a2a8ac65b57fff,0,Single-Family Residential,Single-Family Residential,Single-Family Residential
0132a89d-70fd-4b0f-9e9b-853c3e6d1d2a,8a2a8ac65b57fff,0,Single-Family Residential,Single-Family Residential,Single-Family Residential
c64695c1-9ce1-4980-9faf-05921bec9dd6,8a2a8ac65b57fff,0,Single-Family Residential,Single-Family Residential,Single-Family Residential
5e9c7432-1480-4ef8-963a-f2af4495baa7,8a2a8ac65b57fff,0,Single-Family Residential,Single-Family Residential,Single-Family Residential
db37b95a-feeb-4afa-b251-cf14c29a9c7d,8a2a8ac65a2ffff,0,Single-Family Residential,Single-Family Residential,Single-Family Residential
db37b95a-feeb-4afa-b251-cf14c29a9c7d,8a2a8ac65b57fff,0,Single-Family Residential,Single-Family Residential,Single-Family Residential
4b3b424a-fda5-4902-969d-4178e7111f10,8a2a8ac65b57fff,0,Single-Family Residential,Single-Family Residential,Single-Family Residential
4b3b424a-fda5-4902-969d-4178e7111f10,8a2a8ac65a27fff,0,Single-Family Residential,Single-Family Residential,Single-Family Residential
d244d072-eebd-4e9b-8649-dabbe42e48a5,8a2a8ac65b57fff,0,Single-Family Residential,Single-Family Residential,Single-Family Residential
d244d072-eebd-4e9b-8649-dabbe42e48a5,8a2a8ac65a27fff,0,Single-Family Residential,Single-Family Residential,Single-Family Residential
9c20be0b-28cf-4652-807c-d6bf28c9e43f,8a2a8ac65a2ffff,0,Single-Family Residential,Single-Family Residential,Single-Family Residential
9c20be0b-28cf-4652-807c-d6bf28c9e43f,8a2a8ac65b57fff,0,Single-Family Residential,Single-Family Residential,Single-Family Residential
4237a404-8cf8-46be-add7-3a8dfdc1285b,8a2a8ac65a2ffff,0,Single-Family Residential,Single-Family Residential,Single-Family Residential
049e7e2a-ed63-43a6-84e7-b7a8eec33820,8a2a8ac65a2ffff,0,Single-Family Residential,Single-Family Residential,Single-Family Residential
23be09cf-b9a8-4d66-8a95-d205c7030824,8a2a8ac65a2ffff,0,Single-Family Residential,Single-Family Residential,Single-Family Residential
954171d4-9361-4e1f-b971-33c35d51fb1d,8a2a8ac65a2ffff,0,Single-Family Residential,Single-Family Residential,Single-Family Residential
4f9611e2-8e23-44cb-b113-081bc191d282,8a2a8ac65a2ffff,0,Single-Family Residential,Single-Family Residential,Single-Family Residential
aeb9bfa7-4b39-44ef-9f42-7de979239835,8a2a8ac65a2ffff,0,Single-Family Residential,Single-Family Residential,Single-Family Residential
5dd228b5-28d1-44ee-b9b9-2e3393c89e37,8a2a8ac65a2ffff,0,Single-Family Residential,Single-Family Residential,Single-Family Residential
58922c9b-894c-4f17-98b0-3f7b5a7d5d83,8a2a8ac65a2ffff,0,Multi-Family Residential (Vacant),Multi-Family Residential,Multi-Family Residential
5bba0d66-982a-46e7-8995-9052c543e0ef,8a2a8ac65a2ffff,0,Multi-Family Residential,Multi-Family Residential,Multi-Family Residential
ec2fb017-154e-483b-be38-f3f8aaf26a9d,8a2a8ac65a2ffff,0,Multi-Family Residential,Multi-Family Residential,Multi-Family Residential
6b8fb517-3a88-4300-8ef6-801f42c75303,8a2a8ac65b57fff,0,Single-Family Residential,Single-Family Residential,Single-Family Residential
0e412028-b3ed-440b-a0de-26579f237616,8a2a8ac65b57fff,0,Single-Family Residential,Single-Family Residential,Single-Family Residential
e3487e1c-b8f9-4850-8d5e-d667bf895da3,8a2a8ac65b57fff,0,Single-Family Residential,Single-Family Residential,Single-Family Residential
b4369f9c-03ba-4459-bde3-036da89cece5,8a2a8ac65b57fff,0,Single-Family Residential,Single-Family Residential,Single-Family Residential
dbc28563-850d-439a-8419-5cc4ce088315,8a2a8ac65a2ffff,0,Single-Family Residential,Single-Family Residential,Single-Family Residential
dbc28563-850d-439a-8419-5cc4ce088315,8a2a8ac65b57fff,0,Single-Family Residential,Single-Family Residential,Single-Family Residential
8e74f54b-92b9-423f-8003-6b86d85bf9bc,8a2a8ac6526ffff,0,Single-Family Residential,Single-Family Residential,Single-Family Residential
27d2143d-d5b9-4735-a8f5-1cc0720b4d06,8a2a8ac6526ffff,0,Single-Family Residential,Single-Family Residential,Single-Family Residential
1df1fcbe-96a3-4568-9d59-08d3bbe8380c,8a2a8ac6526ffff,0,Single-Family Residential,Single-Family Residential,Single-Family Residential
56b72354-0e2b-48ee-b61c-06d5ac51eed2,8a2a8ac6526ffff,0,Single-Family Residential,Single-Family Residential,Single-Family Residential
843cfc15-ffe3-41ed-bdb2-853ef3fbb410,8a2a8a892507fff,0,Single-Family Residential,Single-Family Residential,Single-Family Residential
843cfc15-ffe3-41ed-bdb2-853ef3fbb410,8a2a8a892527fff,0,Single-Family Residential,Single-Family Residential,Single-Family Residential
8ee16f03-c756-4798-bcf6-2a75e7fea9f3,8a2a8a892527fff,0,Single-Family Residential,Single-Family Residential,Single-Family Residential
708eec7d-264e-4bc5-98be-51610c501544,8a2a8a892507fff,0,Single-Family Residential,Single-Family Residential,Single-Family Residential
708eec7d-264e-4bc5-98be-51610c501544,8a2a8a892527fff,0,Single-Family Residential,Single-Family Residential,Single-Family Residential
1a72a61e-7306-41c2-b9a5-9c46e2fbda1d,8a2a8a892517fff,0,Single-Family Residential (Vacant),Single-Family Residential,Single-Family Residential
1a72a61e-7306-41c2-b9a5-9c46e2fbda1d,8a2a8a892507fff,0,Single-Family Residential (Vacant),Single-Family Residential,Single-Family Residential
5417652d-7be1-4b76-96ef-c5751faffb22,8a2a8a892517fff,0,Single-Family Residential,Single-Family Residential,Single-Family Residential
735b731d-fab7-4e16-9c95-5af93530f511,8a2a8a892517fff,0,Single-Family Residential,Single-Family Residential,Single-Family Residential
878d9165-c039-496a-b8c8-549e453e67a5,8a2a8a892517fff,0,Single-Family Residential,Single-Family Residential,Single-Family Residential
878d9165-c039-496a-b8c8-549e453e67a5,8a2a8a8925affff,0,Single-Family Residential,Single-Family Residential,Single-Family Residential
deb88c70-340f-408d-a8eb-2e2fe665fff9,8a2a8a892517fff,0,Single-Family Residential,Single-Family Residential,Single-Family Residential
1578f24f-aa20-4063-899f-348166d786e2,8a2a8a892517fff,0,Single-Family Residential,Single-Family Residential,Single-Family Residential
8a7bca18-b8a5-44b6-b3fa-e1b090642481,8a2a8a892517fff,0,Single-Family Residential,Single-Family Residential,Single-Family Residential
8a7bca18-b8a5-44b6-b3fa-e1b090642481,8a2a8a892507fff,0,Single-Family Residential,Single-Family Residential,Single-Family Residential
7511dc24-b533-41d0-84c4-bd3790fe5d08,8a2a8a892507fff,0,Single-Family Residential,Single-Family Residential,Single-Family Residential
b607f141-2a99-44c9-b467-064717bc139b,8a2a8a892517fff,0,Single-Family Residential,Single-Family Residential,Single-Family Residential
18962dbe-0030-45f8-b4d0-f2771c897e94,8a2a8a892517fff,0,Single-Family Residential,Single-Family Residential,Single-Family Residential
2d92db83-aaea-4082-aa12-e3c9af2b4d78,8a2a8a892507fff,0,Single-Family Residential,Single-Family Residential,Single-Family Residential
356f0a88-570e-4fd3-b175-1cbebfd205c6,8a2a8a892517fff,0,Single-Family Residential,Single-Family Residential,Single-Family Residential
356f0a88-570e-4fd3-b175-1cbebfd205c6,8a2a8a8925affff,0,Single-Family Residential,Single-Family Residential,Single-Family Residential
073d6595-1dac-451e-a942-3cca3dbe51d7,8a2a8a892517fff,0,Single-Family Residential,Single-Family Residential,Single-Family Residential
a01720ef-65b5-4686-989a-644a5ef52235,8a2a8a892517fff,0,Single-Family Residential,Single-Family Residential,Single-Family Residential
58de137e-1761-4e3f-8050-49e233f0441b,8a2a8a892517fff,0,Single-Family Residential,Single-Family Residential,Single-Family Residential
429d096d-0071-4d91-a111-4162cd807d71,8a2a8a892517fff,0,Single-Family Residential,Single-Family Residential,Single-Family Residential
0601c173-5ba2-4488-b69c-473ed750a737,8a2a8a892517fff,0,Single-Family Residential,Single-Family Residential,Single-Family Residential
59e83c83-bb60-4254-8d53-a143b068acf0,8a2a8a892517fff,0,Single-Family Residential,Single-Family Residential,Single-Family Residential
92ca02fd-dae7-4afc-8d90-a0e4c3c27f9e,8a2a8a892517fff,0,Single-Family Residential,Single-Family Residential,Single-Family Residential
931fb192-1ff0-42ae-8bc1-3f6408aa2d38,8a2a8a892527fff,0,Single-Family Residential,Single-Family Residential,Single-Family Residential
66f6e532-95d7-44e3-b968-b15db9678ca8,8a2a8a892527fff,0,Single-Family Residential,Single-Family Residential,Single-Family Residential
7e87c9d0-0e4a-4b02-9d0c-6e2c2fde22ca,8a2a8a892517fff,0,Single-Family Residential,Single-Family Residential,Single-Family Residential
a58ea51a-e4c4-47d7-8b3a-39d1a3bf4cf6,8a2a8a892517fff,0,Single-Family Residential,Single-Family Residential,Single-Family Residential
64d40316-4e74-4d68-84a9-1dd0d7b8f4f4,8a2a8a892517fff,0,Single-Family Residential,Single-Family Residential,Single-Family Residential
c303c2b4-b8fa-42f8-b861-9b95a89ff884,8a2a8a892517fff,0,Single-Family Residential,Single-Family Residential,Single-Family Residential
7ea9702d-a43d-40b2-8bca-1d356e33ef26,8a2a8a892517fff,0,Single-Family Residential,Single-Family Residential,Single-Family Residential
66aba4d6-e8a5-401c-bc18-6c6f581f0a0d,8a2a8a892517fff,0,Single-Family Residential,Single-Family Residential,Single-Family Residential
f1a94d77-f0b6-4e78-929f-c1ee38804bce,8a2a8a892517fff,0,Single-Family Residential,Single-Family Residential,Single-Family Residential
fda38132-0c3b-4dc9-bff8-996cd181fcca,8a2a8ac65247fff,0,Single-Family Residential,Single-Family Residential,Single-Family Residential
0e4ab677-6de5-4e94-b8c1-710026160f81,8a2a8ac65247fff,0,Single-Family Residential,Single-Family Residential,Single-Family Residential
a4116bbe-1112-4d70-8b2e-f438490eb957,8a2a8ac6526ffff,0,Single-Family Residential,Single-Family Residential,Single-Family Residential
91a934ae-5b0a-498c-a46a-f3ff3041a115,8a2a8ac65247fff,0,Single-Family Residential,Single-Family Residential,Single-Family Residential
91a934ae-5b0a-498c-a46a-f3ff3041a115,8a2a8ac6526ffff,0,Single-Family Residential,Single-Family Residential,Single-Family Residential
d9d0e268-bd27-4152-bafa-8f9eebd35b04,8a2a8ac6526ffff,0,Single-Family Residential,Single-Family Residential,Single-Family Residential
e92059df-93b6-4428-b117-215c3f3497fe,8a2a8ac65247fff,0,Single-Family Residential,Single-Family Residential,Single-Family Residential
fba8c7ad-d211-4cc1-8a0f-3c68924821b9,8a2a8ac65247fff,0,Single-Family Residential,Single-Family Residential,Single-Family Residential
6e48f393-e6d0-4624-a3d2-a9e2acbd0b62,8a2a8ac6526ffff,0,Single-Family Residential,Single-Family Residential,Single-Family Residential
02925bd5-21aa-49ad-9fd4-d20a33776570,8a2a8ac6526ffff,0,Single-Family Residential,Single-Family Residential,Single-Family Residential
d214dad7-b8b4-4110-9da7-c2f75c2f1c15,8a2a8ac6526ffff,0,Single-Family Residential,Single-Family Residential,Single-Family Residential
1613817d-1e2e-4676-86e8-d11f6d3288e7,8a2a8ac6526ffff,0,Single-Family Residential,Single-Family Residential,Single-Family Residential
80ebe64b-39d8-4717-a82b-9e82dec0c1bb,8a2a8ac61d8ffff,0,Institutional,Institutional,Institutional
9325682f-e737-4bf3-85fb-baf41ce42252,8a2a8ac652cffff,0,Institutional,Institutional,Institutional
d7bea940-088a-456c-ab05-e1dc44577238,8a2a8ac652cffff,0,Institutional,Institutional,Institutional
d7bea940-088a-456c-ab05-e1dc44577238,8a2a8ac652e7fff,0,Institutional,Institutional,Institutional
16fcb68a-76c0-4b3b-a2af-ded9f7befd90,8a2a8ac652e7fff,0,Single-Family Residential,Single-Family Residential,Single-Family Residential
0dae6300-69f3-457c-89fa-2b7f5006815a,8a2a8ac652e7fff,0,Single-Family Residential,Single-Family Residential,Single-Family Residential
23030e4b-999c-47db-977a-6827510dfef5,8a2a8ac652e7fff,0,Institutional,Institutional,Institutional
64e7fea3-3efd-4b03-8e3a-3720fd6bff97,8a2a8ac652e7fff,0,Institutional,Institutional,Institutional
97a85f58-58b5-473f-b594-e2aa42216928,8a2a8a892507fff,0,Single-Family Residential,Single-Family Residential,Single-Family Residential
43916c1d-4667-45f6-bc3f-c14ef494fda6,8a2a8a892527fff,0,Single-Family Residential,Single-Family Residential,Single-Family Residential
06a5a919-c882-467e-89cf-dbd4ee23633d,8a2a8a892527fff,0,Single-Family Residential,Single-Family Residential,Single-Family Residential
9ab80bfa-c273-4b68-b058-0233e826e82d,8a2a8a892507fff,0,Single-Family Residential,Single-Family Residential,Single-Family Residential
9ab80bfa-c273-4b68-b058-0233e826e82d,8a2a8a892527fff,0,Single-Family Residential,Single-Family Residential,Single-Family Residential
274ad7d5-acf2-4ace-9915-2be017d33706,8a2a8a892527fff,0,Single-Family Residential,Single-Family Residential,Single-Family Residential
4340cde4-d095-4426-8cd9-09d0835abe41,8a2a8a892507fff,0,Single-Family Residential,Single-Family Residential,Single-Family Residential
4340cde4-d095-4426-8cd9-09d0835abe41,8a2a8a892527fff,0,Single-Family Residential,Single-Family Residential,Single-Family Residential
4d6755bd-e3f3-4af4-bcf8-aed932c15ac0,8a2a8a892527fff,0,Single-Family Residential,Single-Family Residential,Single-Family Residential
7ee336d6-5096-49fa-9cfc-f980a67cf6b2,8a2a8a892527fff,0,Single-Family Residential,Single-Family Residential,Single-Family Residential
329c8dbc-7268-4406-bcf2-6af5c3d7daa7,8a2a8ac65247fff,0,Single-Family Residential,Single-Family Residential,Single-Family Residential
23009006-93b5-45da-b2a9-ec1a39489d94,8a2a8ac65247fff,0,Single-Family Residential,Single-Family Residential,Single-Family Residential
68d66308-e93c-4969-86a5-8304c348b59b,8a2a8ac65247fff,0,Single-Family Residential,Single-Family Residential,Single-Family Residential
68d66308-e93c-4969-86a5-8304c348b59b,8a2a8ac6526ffff,0,Single-Family Residential,Single-Family Residential,Single-Family Residential
0d4fdf0c-ef57-410e-a7d6-0601e4dc5b28,8a2a8ac65247fff,0,Single-Family Residential,Single-Family Residential,Single-Family Residential
0f83826c-f25e-4552-bb91-bcc2287c0892,8a2a8ac6526ffff,0,Single-Family Residential,Single-Family Residential,Single-Family Residential
d766ada0-5b26-41e4-a166-ec35f7e6b593,8a2a8ac6526ffff,0,Single-Family Residential,Single-Family Residential,Single-Family Residential
07553782-fc35-4283-9b2d-1906d8982df4,8a2a8ac6526ffff,0,Single-Family Residential,Single-Family Residential,Single-Family Residential
6e802d4f-4809-4819-b7ce-22315fd5c317,8a2a8ac6526ffff,0,Single-Family Residential,Single-Family Residential,Single-Family Residential
c20373d8-73ad-4be9-ad77-b4dea64a6b92,8a2a8ac6526ffff,0,Single-Family Residential,Single-Family Residential,Single-Family Residential
e43821d5-534c-4e83-b451-75c7084ef7d2,8a2a8ac6526ffff,0,Single-Family Residential,Single-Family Residential,Single-Family Residential
9d4d7b92-4462-4eb8-85c5-0b07b59e1fcf,8a2a8ac6526ffff,0,Single-Family Residential,Single-Family Residential,Single-Family Residential
3bc7cf2a-8f60-4e32-970b-35d0dc16e543,8a2a8ac65247fff,0,Single-Family Residential,Single-Family Residential,Single-Family Residential
d71ced83-6506-42b7-b3b1-d822d1ca4a90,8a2a8ac6526ffff,0,Single-Family Residential,Single-Family Residential,Single-Family Residential
8825bcb4-c00f-47fd-a6cd-c4d17d41ad5a,8a2a8a892527fff,0,Single-Family Residential,Single-Family Residential,Single-Family Residential
f140db98-9e88-40ff-b931-ce4eb8ebb34d,8a2a8a892527fff,0,Single-Family Residential,Single-Family Residential,Single-Family Residential
46a975fe-77ae-494b-b198-e9012b37f255,8a2a8a892527fff,0,Single-Family Residential,Single-Family Residential,Single-Family Residential
7833ec2a-6895-4a69-bb77-efa370416eb9,8a2a8a892817fff,0,Single-Family Residential,Single-Family Residential,Single-Family Residential
9b9ea1da-d794-4d19-972a-d73062be492b,8a2a8a892817fff,0,Single-Family Residential,Single-Family Residential,Single-Family Residential
96cdc280-aca4-4fb4-a43b-2e4602adf551,8a2a8a892d57fff,0,Single-Family Residential,Single-Family Residential,Single-Family Residential
9390bde2-6983-45c8-85fa-7100d6d02ac6,8a2a8a892d57fff,0,Single-Family Residential,Single-Family Residential,Single-Family Residential
8ef199d0-b60c-49e6-abe1-80d015cad233,8a2a8a892887fff,0,Single-Family Residential,Single-Family Residential,Single-Family Residential
b0b02930-4592-4ebe-ade6-c06da314fe0d,8a2a8a892887fff,0,Single-Family Residential,Single-Family Residential,Single-Family Residential
d5aba9d3-a730-484c-acb0-ae59da0d9d8c,8a2a8a892887fff,0,Single-Family Residential,Single-Family Residential,Single-Family Residential
8543f3d0-7a59-4862-ae1a-2d6bcbadded6,8a2a8a892887fff,0,Single-Family Residential,Single-Family Residential,Single-Family Residential
29b43bef-4fbb-4953-a117-563e50efd505,8a2a8a892887fff,0,Single-Family Residential,Single-Family Residential,Single-Family Residential
45a7da65-1574-4381-8346-3c4aa50a4c46,8a2a8a892887fff,0,Single-Family Residential,Single-Family Residential,Single-Family Residential
00abe552-fad1-4b77-870a-0d132c450c61,8a2a8a892817fff,0,Single-Family Residential,Single-Family Residential,Single-Family Residential
12a0f58a-15ae-490a-a852-3a4afc2510da,8a2a8a892817fff,0,Single-Family Residential,Single-Family Residential,Single-Family Residential
6a06df95-b736-42fd-9b23-084587a761e2,8a2a8a892817fff,0,Single-Family Residential,Single-Family Residential,Single-Family Residential
28410e7a-a875-4aa3-b403-6e985c004699,8a2a8a892817fff,0,Single-Family Residential,Single-Family Residential,Single-Family Residential
b3084b48-8e25-4bfe-88fb-bc6d47ba8aeb,8a2a8a892817fff,0,Single-Family Residential,Single-Family Residential,Single-Family Residential
27494883-464a-4852-8a8e-7bd2c6c6be68,8a2a8a892817fff,0,Single-Family Residential,Single-Family Residential,Single-Family Residential
03046a17-9b34-442e-8fab-d7097a3986ae,8a2a8a892817fff,0,Single-Family Residential,Single-Family Residential,Single-Family Residential
4edf26d7-6bdb-42f4-b977-3bd9d13de23a,8a2a8a892817fff,0,Single-Family Residential,Single-Family Residential,Single-Family Residential
7dcbb8fa-647f-44b6-a972-5181d4365fa5,8a2a8a892d57fff,0,Single-Family Residential,Single-Family Residential,Single-Family Residential
db95f56f-e8b9-498e-9015-6b79786efc4c,8a2a8a892d57fff,0,Single-Family Residential,Single-Family Residential,Single-Family Residential
13a52634-e2ae-42dc-9528-716123ece58e,8a2a8ac65827fff,0,Single-Family Residential,Single-Family Residential,Single-Family Residential
5ccadbb9-5292-4c9d-b930-3a537b3d71a1,8a2a8ac65827fff,0,Single-Family Residential,Single-Family Residential,Single-Family Residential
ca089599-c79c-4254-8b92-54d7ca3090d1,8a2a8ac65827fff,0,Single-Family Residential,Single-Family Residential,Single-Family Residential
e109fdd8-cd84-434a-9c34-888988fc990a,8a2a8ac65827fff,0,Single-Family Residential,Single-Family Residential,Single-Family Residential
ac891073-862d-4c72-af5e-266b3af4d768,8a2a8a8966cffff,0,Single-Family Residential,Single-Family Residential,Single-Family Residential
4ae7daef-d383-4b5d-b700-271ed8623e7d,8a2a8a892c57fff,0,Commercial,Commercial,Commercial
99ca2f6d-1be6-4bba-b41a-1deedf7002d8,8a2a8a892c57fff,0,Commercial,Commercial,Commercial
2e8efb0e-52f9-4363-b735-b7e0012eb6d0,8a2a8a892d57fff,0,Single-Family Residential,Single-Family Residential,Single-Family Residential
f3c05e6b-1ec1-4915-884b-ce26fde2ba69,8a2a8a892887fff,0,Single-Family Residential,Single-Family Residential,Single-Family Residential
fd7dd802-0923-4818-8b4b-d0a20d343315,8a2a8a892887fff,0,Single-Family Residential,Single-Family Residential,Single-Family Residential
28f4bbcd-106e-4472-b0bc-4471dd51d2b5,8a2a8a892887fff,0,Single-Family Residential,Single-Family Residential,Single-Family Residential
b4c86a4e-44d2-4dfb-ab46-555adedd466d,8a2a8a89218ffff,0,Commercial,Commercial,Commercial
b4c86a4e-44d2-4dfb-ab46-555adedd466d,8a2a8a89219ffff,0,Commercial,Commercial,Commercial
b8598b6c-7857-4dea-bcfc-0a4178427b69,8a2a8a892c57fff,0,Commercial,Commercial,Commercial
3d813c0d-f17f-4045-a39d-8a210efb16f3,8a2a8a890597fff,0,Single-Family Residential,Single-Family Residential,Single-Family Residential
10683d97-94d3-40e8-ad50-525e0400c938,8a2a8a896297fff,0,Institutional (Vacant),Institutional,Institutional
10683d97-94d3-40e8-ad50-525e0400c938,8a2a8a89630ffff,0,Institutional (Vacant),Institutional,Institutional
e5322556-0f7a-47bb-9d5a-816b76ae78af,8a2a8a8966e7fff,0,Single-Family Residential,Single-Family Residential,Single-Family Residential
e066efc4-421d-4234-8446-ca5a851a1a03,8a2a8a8966e7fff,0,Single-Family Residential,Single-Family Residential,Single-Family Residential
2edda956-32f4-4d8f-ae90-45b5f13927f1,8a2a8a8966e7fff,0,Single-Family Residential,Single-Family Residential,Single-Family Residential
f058f3d1-b381-461d-b9b1-2f1fbaf5b9ba,8a2a8a8966e7fff,0,Single-Family Residential,Single-Family Residential,Single-Family Residential
049babd0-e673-4ff3-81e4-ee03f8362b6a,8a2a8a8966e7fff,0,Single-Family Residential,Single-Family Residential,Single-Family Residential
f16b548b-5a99-4bf5-9724-397adfe8dca8,8a2a8a8966effff,0,Single-Family Residential,Single-Family Residential,Single-Family Residential
ffd3874f-fc50-4b1c-a0f3-89337d1c239b,8a2a8a8966e7fff,0,Single-Family Residential,Single-Family Residential,Single-Family Residential
01910943-ab79-4a6b-86c5-2f1145a76ae4,8a2a8a8966effff,0,Single-Family Residential,Single-Family Residential,Single-Family Residential
ae215237-1b18-4745-a2c0-65806ff8c584,8a2a8a8966effff,0,Single-Family Residential,Single-Family Residential,Single-Family Residential
3b414883-7a6f-440b-9a2f-de13d6ed4b72,8a2a8a8966effff,0,Single-Family Residential,Single-Family Residential,Single-Family Residential
3b414883-7a6f-440b-9a2f-de13d6ed4b72,8a2a8a8966e7fff,0,Single-Family Residential,Single-Family Residential,Single-Family Residential
bb41ee51-9195-4535-9e54-9d8fa48e9d6d,8a2a8a8966effff,0,Single-Family Residential,Single-Family Residential,Single-Family Residential
8407e27f-2190-4ff6-b18a-4eb30f1cc79a,8a2a8a8966cffff,0,Single-Family Residential,Single-Family Residential,Single-Family Residential
8407e27f-2190-4ff6-b18a-4eb30f1cc79a,8a2a8a8966effff,0,Single-Family Residential,Single-Family Residential,Single-Family Residential
38d51c72-63a9-44a8-88d4-f05880d76184,8a2a8a8966effff,0,Single-Family Residential,Single-Family Residential,Single-Family Residential
0eed46c0-0cad-441f-9abe-86bc7a00a02f,8a2a8a8966effff,0,Single-Family Residential,Single-Family Residential,Single-Family Residential
340be2fc-3518-4b47-a39a-1e763c8b56ba,8a2a8a8966effff,0,Single-Family Residential,Single-Family Residential,Single-Family Residential
f57d3885-ddb5-49fa-8db6-5cef623e3e00,8a2a8a8966cffff,0,Single-Family Residential,Single-Family Residential,Single-Family Residential
f57d3885-ddb5-49fa-8db6-5cef623e3e00,8a2a8a8966effff,0,Single-Family Residential,Single-Family Residential,Single-Family Residential
07b5f1d7-5419-4183-acd0-0e42bb9d17f3,8a2a8a8966cffff,0,Single-Family Residential,Single-Family Residential,Single-Family Residential
07b5f1d7-5419-4183-acd0-0e42bb9d17f3,8a2a8a8966effff,0,Single-Family Residential,Single-Family Residential,Single-Family Residential
85724b63-95ef-417d-a62d-6bce7fea78ff,8a2a8a892907fff,0,Single-Family Residential,Single-Family Residential,Single-Family Residential
b716653e-4f80-45ac-8257-e7ef6b59e99d,8a2a8a896747fff,0,Single-Family Residential,Single-Family Residential,Single-Family Residential
49dc3d64-3359-45b4-a74c-08b9aa3c6407,8a2a8a89675ffff,0,Single-Family Residential,Single-Family Residential,Single-Family Residential
49dc3d64-3359-45b4-a74c-08b9aa3c6407,8a2a8a896747fff,0,Single-Family Residential,Single-Family Residential,Single-Family Residential
9e7d506f-e874-4779-9d35-796b882f32b8,8a2a8a896747fff,0,Single-Family Residential,Single-Family Residential,Single-Family Residential
1f77de25-e5e0-4c9e-9242-aebccf0d66e5,8a2a8a896747fff,0,Single-Family Residential,Single-Family Residential,Single-Family Residential
16ddf5a8-2525-4cef-ab32-769af658f05f,8a2a8a896747fff,0,Single-Family Residential,Single-Family Residential,Single-Family Residential
eaf5201e-8c24-4335-bab9-b9daaddaec4d,8a2a8a896747fff,0,Single-Family Residential,Single-Family Residential,Single-Family Residential
ee527b74-1fe9-4ffe-87c3-0b26aba4dd59,8a2a8a896747fff,0,Single-Family Residential,Single-Family Residential,Single-Family Residential
90950ea4-027b-40cc-b446-b2730203f183,8a2a8a896747fff,0,Single-Family Residential,Single-Family Residential,Single-Family Residential
6560ffec-1aa8-4021-97d1-5a03632f2174,8a2a8a896747fff,0,Single-Family Residential,Single-Family Residential,Single-Family Residential
c652ff1a-9504-4370-8cfa-a88e87422bad,8a2a8a896747fff,0,Single-Family Residential,Single-Family Residential,Single-Family Residential
3546e749-45cb-403c-8b5f-93e6629fcc5a,8a2a8a896627fff,0,Single-Family Residential,Single-Family Residential,Single-Family Residential
b5bf8a53-99b6-43bd-bf26-47599c323ec7,8a2a8a89675ffff,0,Single-Family Residential,Single-Family Residential,Single-Family Residential
426d1541-349b-48b9-967b-a020a8c676ad,8a2a8a89675ffff,0,Single-Family Residential,Single-Family Residential,Single-Family Residential
f7431bce-cd25-44ac-b16d-cfc6cb27435d,8a2a8a89675ffff,0,Single-Family Residential,Single-Family Residential,Single-Family Residential
6937de45-6a69-4943-be20-1c365bea96b5,8a2a8a896627fff,0,Single-Family Residential,Single-Family Residential,Single-Family Residential
998a5c3f-f45c-49c0-ac1c-797619b9c0b7,8a2a8a896627fff,0,Single-Family Residential,Single-Family Residential,Single-Family Residential
835bacbe-35ce-44ea-b40a-789418cd8628,8a2a8a896627fff,0,Single-Family Residential,Single-Family Residential,Single-Family Residential
2823e077-33c4-49b0-8874-a1eecba3d9c9,8a2a8a896627fff,0,Single-Family Residential,Single-Family Residential,Single-Family Residential
e0dfb7e1-358f-41ed-9375-8ae127c4ffb2,8a2a8a8966e7fff,0,Single-Family Residential,Single-Family Residential,Single-Family Residential
0b9d50a9-1e8d-4e54-b704-71b4ec6b59bf,8a2a8a8966effff,0,Single-Family Residential,Single-Family Residential,Single-Family Residential
81aaa15e-e4eb-4d76-8dd3-e962abfb7492,8a2a8a8966effff,0,Single-Family Residential,Single-Family Residential,Single-Family Residential
81aaa15e-e4eb-4d76-8dd3-e962abfb7492,8a2a8a8966e7fff,0,Single-Family Residential,Single-Family Residential,Single-Family Residential
37f43326-ff6c-4386-ad68-0457374e17d1,8a2a8a89666ffff,0,Single-Family Residential,Single-Family Residential,Single-Family Residential
b5aff53e-ea20-42a2-a22f-d4de08a5ef74,8a2a8a89666ffff,0,Single-Family Residential,Single-Family Residential,Single-Family Residential
548a0fc4-81ff-425e-9129-c8cd09d4311f,8a2a8a89666ffff,0,Single-Family Residential,Single-Family Residential,Single-Family Residential
682f0667-9291-43f8-ae19-b16e130bc2e7,8a2a8a89666ffff,0,Single-Family Residential,Single-Family Residential,Single-Family Residential
6577ba53-d067-4e76-ba13-90d2dff02723,8a2a8a89666ffff,0,Single-Family Residential,Single-Family Residential,Single-Family Residential
d2d9d2df-aac4-4cc7-aba2-2a6828a66b02,8a2a8a89666ffff,0,Single-Family Residential,Single-Family Residential,Single-Family Residential
5b42fd97-3513-48f9-a73f-1237b9c5bc83,8a2a8a89666ffff,0,Single-Family Residential (Vacant),Single-Family Residential,Single-Family Residential
47188fe2-a795-415d-9895-a0f5b295c045,8a2a8a89675ffff,0,Single-Family Residential,Single-Family Residential,Single-Family Residential
48585112-8e0b-42c7-ab9d-544f0355fc66,8a2a8a89675ffff,0,Single-Family Residential,Single-Family Residential,Single-Family Residential
0c96e060-b43e-4f7f-9faa-94225c81e75b,8a2a8a89675ffff,0,Single-Family Residential,Single-Family Residential,Single-Family Residential
c6f8c09d-bdd2-44f3-a107-ab03a783cce0,8a2a8a896747fff,0,Single-Family Residential,Single-Family Residential,Single-Family Residential
325ad6ec-0323-4b08-897a-3800460d14ce,8a2a8a89675ffff,0,Single-Family Residential,Single-Family Residential,Single-Family Residential
325ad6ec-0323-4b08-897a-3800460d14ce,8a2a8a896747fff,0,Single-Family Residential,Single-Family Residential,Single-Family Residential
3320e2cb-8ac4-413a-982b-00836dc498e1,8a2a8a89675ffff,0,Single-Family Residential,Single-Family Residential,Single-Family Residential
5eb4240c-dab1-4ea0-b082-99962f08b693,8a2a8a89675ffff,0,Single-Family Residential,Single-Family Residential,Single-Family Residential
9054ecbe-af3a-4b72-ab56-22a3940febad,8a2a8a8966cffff,0,Single-Family Residential,Single-Family Residential,Single-Family Residential
00659909-6cbb-44d4-bf4e-695e7a9dba15,8a2a8a8966cffff,0,Single-Family Residential,Single-Family Residential,Single-Family Residential
d3285102-4cfe-4b9d-a273-b0a3fc46c54a,8a2a8a8966cffff,0,Single-Family Residential,Single-Family Residential,Single-Family Residential
d3285102-4cfe-4b9d-a273-b0a3fc46c54a,8a2a8a8966effff,0,Single-Family Residential,Single-Family Residential,Single-Family Residential
a14b6a79-1cf0-42da-b5f2-6c67440fbe9a,8a2a8a8966cffff,0,Single-Family Residential,Single-Family Residential,Single-Family Residential
a608bda2-c19f-4610-986f-cbfb05aef82e,8a2a8a892907fff,0,Single-Family Residential,Single-Family Residential,Single-Family Residential
b6868c51-919c-4ef1-b38d-f107dadf9fde,8a2a8a892907fff,0,Single-Family Residential,Single-Family Residential,Single-Family Residential
4b75888b-660a-44f4-87bf-da505f052c5f,8a2a8a892907fff,0,Single-Family Residential,Single-Family Residential,Single-Family Residential
d10ad20c-c137-4d48-9c24-2982faa4b38b,8a2a8a892907fff,0,Single-Family Residential,Single-Family Residential,Single-Family Residential
66638779-0cda-4e61-840e-75c6604c332c,8a2a8a892907fff,0,Single-Family Residential,Single-Family Residential,Single-Family Residential
5011cb45-63b0-47d2-aa2c-d11187bfe6ee,8a2a8a892907fff,0,Single-Family Residential,Single-Family Residential,Single-Family Residential
aa4c5d27-166c-4d1f-9684-5985438d6ce1,8a2a8a892907fff,0,Single-Family Residential,Single-Family Residential,Single-Family Residential
ec20e3a8-1054-4674-99ec-c7e6781069ab,8a2a8a896297fff,0,Single-Family Residential,Single-Family Residential,Single-Family Residential
afc7e286-3a0b-4e62-b4e5-7f720d880559,8a2a8a89675ffff,0,Single-Family Residential,Single-Family Residential,Single-Family Residential
945cffd0-b1fa-4851-8785-dac1ab9ba329,8a2a8a89675ffff,0,Single-Family Residential,Single-Family Residential,Single-Family Residential
a666bc1f-49df-4306-8d44-6aa244ea32e3,8a2a8a896297fff,0,Single-Family Residential,Single-Family Residential,Single-Family Residential
a666bc1f-49df-4306-8d44-6aa244ea32e3,8a2a8a89666ffff,0,Single-Family Residential,Single-Family Residential,Single-Family Residential
8112cbda-3c4c-459b-b15c-ca25d49a067f,8a2a8a89666ffff,0,Single-Family Residential,Single-Family Residential,Single-Family Residential
707b6cfd-51c8-4a5b-a6e1-304add8307be,8a2a8a89675ffff,0,Single-Family Residential,Single-Family Residential,Single-Family Residential
b490adea-0741-4a12-9265-e284beea3831,8a2a8a89675ffff,0,Single-Family Residential,Single-Family Residential,Single-Family Residential
5f2c97f8-e409-416b-988c-9a368a5b4378,8a2a8a89675ffff,0,Single-Family Residential,Single-Family Residential,Single-Family Residential
9a0c585b-4753-47c7-b4b1-2cdab0425630,8a2a8a89620ffff,0,Single-Family Residential,Single-Family Residential,Single-Family Residential
9a0c585b-4753-47c7-b4b1-2cdab0425630,8a2a8a896277fff,0,Single-Family Residential,Single-Family Residential,Single-Family Residential
bbc9aa5d-5cc3-42b2-a867-1a63c70872f7,8a2a8a89620ffff,0,Single-Family Residential,Single-Family Residential,Single-Family Residential
bbc9aa5d-5cc3-42b2-a867-1a63c70872f7,8a2a8a896277fff,0,Single-Family Residential,Single-Family Residential,Single-Family Residential
1159e985-9fb8-4ed3-8f7f-8c44ef8675f7,8a2a8a892097fff,0,Single-Family Residential,Single-Family Residential,Single-Family Residential
de8bf4bf-5f59-4fcf-ab35-23bf16870057,8a2a8a892097fff,0,Single-Family Residential,Single-Family Residential,Single-Family Residential
23296f67-7a80-481a-9fad-e61bfb1a2ae6,8a2a8a892097fff,0,Single-Family Residential,Single-Family Residential,Single-Family Residential
322c5e2c-a419-4886-b0c3-c68961a1746a,8a2a8a892097fff,0,Single-Family Residential,Single-Family Residential,Single-Family Residential
6d683c60-6f00-48cd-8428-cb32bf9f20d4,8a2a8a892097fff,0,Single-Family Residential,Single-Family Residential,Single-Family Residential
a8e6f6f8-da09-4406-988c-6254815bf5bd,8a2a8a892097fff,0,Single-Family Residential,Single-Family Residential,Single-Family Residential
892fc639-c8d8-4f62-a48a-1327a38ae6a1,8a2a8a89219ffff,0,Single-Family Residential,Single-Family Residential,Single-Family Residential
e6cd09e5-fe45-4f8e-9dc8-2ed059d146f7,8a2a8a89219ffff,0,Single-Family Residential,Single-Family Residential,Single-Family Residential
7fc01903-9119-44b3-8500-31e67728305c,8a2a8a89219ffff,0,Single-Family Residential,Single-Family Residential,Single-Family Residential
e2d80138-92a4-4b35-bae2-107890761124,8a2a8a89219ffff,0,Single-Family Residential,Single-Family Residential,Single-Family Residential
b2ad1ca0-0723-49dc-adb0-72a6e324faf3,8a2a8a89219ffff,0,Single-Family Residential (Vacant),Single-Family Residential,Single-Family Residential
861b04d1-f39a-4aef-9dd5-e0ee00f83f47,8a2a8a89219ffff,0,Single-Family Residential,Single-Family Residential,Single-Family Residential
712b28ae-f506-4050-8fe5-353600983152,8a2a8a89219ffff,0,Single-Family Residential,Single-Family Residential,Single-Family Residential
40b1e763-ee7b-434d-af88-e7bcb421dfe3,8a2a8a89219ffff,0,Single-Family Residential,Single-Family Residential,Single-Family Residential
c1b4b796-915c-4085-9bb6-8ea76adece89,8a2a8a892097fff,0,Single-Family Residential,Single-Family Residential,Single-Family Residential
a054af1b-637b-4b6f-a0e0-233a374ec117,8a2a8a89241ffff,0,Single-Family Residential,Single-Family Residential,Single-Family Residential
be3fc12e-a3cd-4dd6-8aab-e5ead1f4b93f,8a2a8a89241ffff,0,Single-Family Residential,Single-Family Residential,Single-Family Residential
f6236963-86f6-41a2-883f-bf7d70852a65,8a2a8a892097fff,0,Multi-Family Residential,Multi-Family Residential,Multi-Family Residential
ddbc12fd-134a-419b-9513-7fd940eef0a3,8a2a8a892037fff,0,Commercial (Vacant),Commercial,Commercial
0bc4c2ec-fbc8-47c7-9f37-f098659de7f5,8a2a8a892037fff,0,Commercial (Vacant),Commercial,Commercial
8d621bb7-36ae-4a93-8839-d5c2e6cf45c4,8a2a8a892037fff,0,Commercial (Vacant),Commercial,Commercial
704a2410-fa3c-43da-8022-5ad1f8ebb9e7,8a2a8a892037fff,0,Commercial (Vacant),Commercial,Commercial
040e36c6-412b-4be9-8459-20d806100e0a,8a2a8a892037fff,0,Commercial (Vacant),Commercial,Commercial
df5e9906-e45c-4ed8-b10f-7f11fc254f05,8a2a8a892037fff,0,Commercial,Commercial,Commercial
4bda9a37-1f76-4466-8a90-8c893737194a,8a2a8a892037fff,0,Commercial (Vacant),Commercial,Commercial
3a9362ce-d351-45c6-9903-e033ace9e66a,8a2a8a892037fff,0,Commercial (Vacant),Commercial,Commercial
115d970d-5a68-4b36-bf48-562f72fac808,8a2a8a892037fff,0,Commercial (Vacant),Commercial,Commercial
9b219543-21ff-4be3-b2db-ab517a086340,8a2a8a892037fff,0,Commercial (Vacant),Commercial,Commercial
190187ed-e930-4b38-b26b-b0ca35ff26c9,8a2a8a89218ffff,0,Commercial,Commercial,Commercial
190187ed-e930-4b38-b26b-b0ca35ff26c9,8a2a8a892037fff,0,Commercial,Commercial,Commercial
190187ed-e930-4b38-b26b-b0ca35ff26c9,8a2a8a89219ffff,0,Commercial,Commercial,Commercial
642c26b2-77e5-4393-8ab2-48b67aef262c,8a2a8a892037fff,0,Commercial (Vacant),Commercial,Commercial
13574c34-c569-4eb1-b94f-55a1d4525171,8a2a8a892887fff,0,Single-Family Residential,Single-Family Residential,Single-Family Residential
98eb3900-022b-49bb-b606-7ee6e4ec2a0d,8a2a8a892887fff,0,Single-Family Residential,Single-Family Residential,Single-Family Residential
6fe8eb66-ce15-4a27-9d13-3f1988bddba2,8a2a8a892887fff,0,Single-Family Residential,Single-Family Residential,Single-Family Residential
83fa8423-700e-4436-9975-ade3e4e1e6da,8a2a8a892887fff,0,Single-Family Residential,Single-Family Residential,Single-Family Residential
ddfad9df-4745-42d8-b41d-aed8c9e7ac28,8a2a8a892887fff,0,Single-Family Residential,Single-Family Residential,Single-Family Residential
d06f6945-1494-4165-b0ff-c9a867f95c9d,8a2a8a892887fff,0,Single-Family Residential,Single-Family Residential,Single-Family Residential
6e6012aa-bcd8-43d0-b7e5-641564b36b86,8a2a8a892887fff,0,Single-Family Residential,Single-Family Residential,Single-Family Residential
a840fc6c-6364-4631-b824-441c23266849,8a2a8a892887fff,0,Single-Family Residential,Single-Family Residential,Single-Family Residential
58a293c5-2936-4374-8c0c-00b95645be00,8a2a8a892887fff,0,Single-Family Residential,Single-Family Residential,Single-Family Residential
c376b812-3cee-4c27-80f1-5668a2544ea4,8a2a8a892887fff,0,Single-Family Residential,Single-Family Residential,Single-Family Residential
3cc348c5-b920-4258-9193-110f2691e93a,8a2a8a892817fff,0,Single-Family Residential,Single-Family Residential,Single-Family Residential
20d01882-d823-400f-950a-7c35061eb787,8a2a8a892817fff,0,Single-Family Residential,Single-Family Residential,Single-Family Residential
888b2d10-7181-4ede-b6c8-1d6087d6ffcf,8a2a8a892817fff,0,Single-Family Residential,Single-Family Residential,Single-Family Residential
5138ba4a-9eb4-4cb7-93ac-837f8e3dde9e,8a2a8a892167fff,0,Single-Family Residential,Single-Family Residential,Single-Family Residential
b53a5f4e-ae0c-4e22-a6f7-a369e2393cf7,8a2a8a892167fff,0,Single-Family Residential,Single-Family Residential,Single-Family Residential
2ef36ef2-5f01-4439-affc-f36bfb67f44f,8a2a8a892167fff,0,Single-Family Residential,Single-Family Residential,Mixed Use
f266b66c-f57b-49a7-a1df-e96d67b3063c,8a2a8a892167fff,0,Single-Family Residential,Single-Family Residential,Single-Family Residential
351e903b-8346-4c06-bafe-10cf6ec2f559,8a2a8a892167fff,0,Single-Family Residential,Single-Family Residential,Single-Family Residential
b3131cec-9a02-414d-b344-379627698f2d,8a2a8a892167fff,0,Single-Family Residential,Single-Family Residential,Single-Family Residential
1713c0e0-5fd3-4eb8-8fb9-b794479dcb02,8a2a8a892167fff,0,Single-Family Residential,Single-Family Residential,Single-Family Residential
9b3a1389-479a-4a73-b411-b4313498e8d0,8a2a8a892167fff,0,Single-Family Residential,Single-Family Residential,Single-Family Residential
9b4eb0b7-90bf-41ca-a88b-8362bb355234,8a2a8a892167fff,0,Single-Family Residential,Single-Family Residential,Single-Family Residential
e1fb787e-113f-4f5c-86c1-81ad3ed5e5b1,8a2a8a892167fff,0,Single-Family Residential,Single-Family Residential,Single-Family Residential
83a8e40c-9001-4f54-9111-e99501d0ff75,8a2a8a892baffff,0,Single-Family Residential,Single-Family Residential,Single-Family Residential
b595d7ee-f624-439f-80ba-79f058cb06d5,8a2a8a892baffff,0,Single-Family Residential,Single-Family Residential,Single-Family Residential
578a21c0-b823-406f-a54c-a59505147a6b,8a2a8a892baffff,0,Single-Family Residential,Single-Family Residential,Single-Family Residential
66d7b9f1-c089-4676-9a54-afdb9c59c26e,8a2a8a892baffff,0,Single-Family Residential,Single-Family Residential,Single-Family Residential
271d5a58-1e68-459b-abce-4e46031dd95a,8a2a8ac65c9ffff,0,Multi-Family Residential,Multi-Family Residential,Mixed Use
271d5a58-1e68-459b-abce-4e46031dd95a,8a2a8ac65cb7fff,0,Multi-Family Residential,Multi-Family Residential,Mixed Use
abd1ccae-b5ea-47c7-b2d0-db7ae9d9a62c,8a2a8a892baffff,0,Single-Family Residential,Single-Family Residential,Single-Family Residential
da8f6c03-2b05-428b-95da-57c77a23d69e,8a2a8a892baffff,0,Single-Family Residential,Single-Family Residential,Single-Family Residential
d17827bf-e19a-4dfc-a35b-7ad42df27dd6,8a2a8a892baffff,0,Single-Family Residential,Single-Family Residential,Single-Family Residential
0b78f94b-5493-4098-8724-58c45a35441e,8a2a8a892baffff,0,Single-Family Residential,Single-Family Residential,Single-Family Residential
5030b139-131d-441d-9a45-e9d1e8232699,8a2a8ac6028ffff,0,Multi-Family Residential,Multi-Family Residential,Multi-Family Residential
8171d1d0-b7ac-4936-b713-b20fa3fc06d3,8a2a8a892167fff,0,Single-Family Residential,Single-Family Residential,Single-Family Residential
64d02922-9bd6-424d-923e-634ac802affa,8a2a8a892167fff,0,Single-Family Residential,Single-Family Residential,Single-Family Residential
ff2485e6-aa4a-42a2-9a01-3b85d335210a,8a2a8a892167fff,0,Single-Family Residential,Single-Family Residential,Single-Family Residential
179dc188-596f-44d2-b8f1-7d88201fe88d,8a2a8a892167fff,0,Single-Family Residential,Single-Family Residential,Single-Family Residential
4145873f-6dfe-4b9c-a22d-ec9623922abe,8a2a8a892167fff,0,Single-Family Residential,Single-Family Residential,Single-Family Residential
650341d1-d7b4-49f5-8916-6bed27c67d56,8a2a8a892167fff,0,Single-Family Residential,Single-Family Residential,Single-Family Residential
c2a6d820-b720-4f07-86f2-841343e3aa8b,8a2a8a892167fff,0,Single-Family Residential,Single-Family Residential,Single-Family Residential
c1eb7964-1de2-4bb0-84a9-be8335045eba,8a2a8a892167fff,0,Single-Family Residential,Single-Family Residential,Single-Family Residential
7edcfe37-10cb-4357-9282-97142ebdfe95,8a2a8a892167fff,0,Single-Family Residential,Single-Family Residential,Single-Family Residential
8dd078b4-85db-4b0e-af3f-e6f3fba634af,8a2a8a892167fff,0,Single-Family Residential,Single-Family Residential,Single-Family Residential
4b6f814c-06d7-4e5f-add3-c0c5c5d097d4,8a2a8a892167fff,0,Single-Family Residential,Single-Family Residential,Single-Family Residential
021ef256-1279-4f71-afbb-11da5e479d94,8a2a8a892167fff,0,Single-Family Residential,Single-Family Residential,Single-Family Residential
776bd167-ccda-4011-96f4-db3146b44452,8a2a8a892167fff,0,Single-Family Residential,Single-Family Residential,Single-Family Residential
14e931b3-eb7b-45f2-84b5-b7c1ed8c6a0d,8a2a8a892167fff,0,Single-Family Residential,Single-Family Residential,Single-Family Residential
e53f4a9d-1e29-4d97-b84d-50ad8dd28618,8a2a8a892167fff,0,Single-Family Residential,Single-Family Residential,Single-Family Residential
e3ce3fdf-c061-419f-8047-175d183e69f1,8a2a8ac6cc4ffff,0,Single-Family Residential,Single-Family Residential,Single-Family Residential
3d956892-a676-4500-86e6-82c0d27a08e7,8a2a8ac6cc4ffff,0,Single-Family Residential,Single-Family Residential,Single-Family Residential
31b981c0-ce26-455f-8b2f-c4ffde1642b6,8a2a8ac6cc4ffff,0,Single-Family Residential,Single-Family Residential,Single-Family Residential
46b16f58-316c-40ac-98ad-4c1ef86ba456,8a2a8ac6cc57fff,0,Single-Family Residential,Single-Family Residential,Single-Family Residential
46b16f58-316c-40ac-98ad-4c1ef86ba456,8a2a8ac6cc4ffff,0,Single-Family Residential,Single-Family Residential,Single-Family Residential
17c49ee9-ec7b-479d-8150-1d95108ea12b,8a2a8ac6cc57fff,0,Single-Family Residential,Single-Family Residential,Single-Family Residential
f165af28-a55c-45e5-bcf6-f696eb279c07,8a2a8ac6cc57fff,0,Single-Family Residential,Single-Family Residential,Single-Family Residential
1d4b5250-774b-4cfa-9217-6b6937d8bda7,8a2a8ac6cc57fff,0,Single-Family Residential,Single-Family Residential,Single-Family Residential
1d4b5250-774b-4cfa-9217-6b6937d8bda7,8a2a8ac6cc4ffff,0,Single-Family Residential,Single-Family Residential,Single-Family Residential
3925851d-0687-4cc7-9cfd-5cc6bad368d6,8a2a8ac6cc57fff,0,Single-Family Residential,Single-Family Residential,Single-Family Residential
b6e374d3-84c2-4e28-9756-aa5102a5dc82,8a2a8ac6cc57fff,0,Single-Family Residential,Single-Family Residential,Single-Family Residential
b6e374d3-84c2-4e28-9756-aa5102a5dc82,8a2a8ac6cc4ffff,0,Single-Family Residential,Single-Family Residential,Single-Family Residential
b1345c4e-0da6-418e-b366-e3e6fac4434f,8a2a8ac6cd87fff,0,Single-Family Residential,Single-Family Residential,Single-Family Residential
b1345c4e-0da6-418e-b366-e3e6fac4434f,8a2a8ac6cc17fff,0,Single-Family Residential,Single-Family Residential,Single-Family Residential
44113028-54ef-4d88-9d10-108e6a49a204,8a2a8ac6cc57fff,0,Single-Family Residential,Single-Family Residential,Single-Family Residential
5421e735-b762-4e68-a5ea-1de9d152ee25,8a2a8ac6c057fff,0,Single-Family Residential,Single-Family Residential,Single-Family Residential
891dbd90-51a2-4c93-ab8d-933e72e4e8ca,8a2a8ac6c12ffff,0,Single-Family Residential,Single-Family Residential,Single-Family Residential
4b5ed5f7-b479-4f7c-85e5-ee0b1955e3ed,8a2a8ac6c10ffff,0,Single-Family Residential,Single-Family Residential,Single-Family Residential
177a5283-6394-4e2c-8faa-3f6e75c2927a,8a2a8ac6c12ffff,0,Single-Family Residential,Single-Family Residential,Single-Family Residential
177a5283-6394-4e2c-8faa-3f6e75c2927a,8a2a8ac6c10ffff,0,Single-Family Residential,Single-Family Residential,Single-Family Residential
dd90b456-c3bd-411c-8a87-c28f74a31899,8a2a8ac6c10ffff,0,Single-Family Residential,Single-Family Residential,Single-Family Residential
f213d3d9-50cd-4e94-9364-45656180fe6d,8a2a8ac6c10ffff,0,Single-Family Residential,Single-Family Residential,Single-Family Residential
59c18dba-8a8a-45af-ab1e-25275bf8b967,8a2a8ac6c10ffff,0,Single-Family Residential,Single-Family Residential,Single-Family Residential
5d2c13a0-51c3-48a3-90bc-76d1f5267cf0,8a2a8ac6c10ffff,0,Single-Family Residential,Single-Family Residential,Single-Family Residential
5c8d03fb-0c63-4209-a07f-3349295c91cc,8a2a8ac6c0effff,0,Single-Family Residential,Single-Family Residential,Single-Family Residential
c850dc63-30fe-41fa-8455-e6442ce66ce8,8a2a8ac6cd87fff,0,Institutional,Institutional,Institutional
e70302e3-f370-4391-a987-3a75bbf420ec,8a2a8ac6c8effff,0,Commercial,Commercial,Commercial
e659e07c-a285-44a1-bb0a-f93366372c32,8a2a8ac6c99ffff,0,Institutional,Institutional,Institutional
e659e07c-a285-44a1-bb0a-f93366372c32,8a2a8ac6c987fff,0,Institutional,Institutional,Institutional
1b9f33f0-6de9-448a-b025-8d9e50379ffd,8a2a8a89265ffff,0,Commercial,Commercial,Commercial
f0ee6ca9-d9a5-41e2-8284-36cfb883acad,8a2a8a89265ffff,0,Commercial,Commercial,Commercial
89cf9712-909c-4197-8504-71f619322648,8a2a8a89265ffff,0,Single-Family Residential,Commercial,Mixed Use
d8260821-34e7-4b95-b08d-05784ffbfe58,8a2a8ac6c987fff,0,Single-Family Residential,Commercial,Mixed Use
50e195f7-f2f2-488f-a4c2-9222676cb0ff,8a2a8ac6c987fff,0,Single-Family Residential,Commercial,Commercial
55898955-7560-4094-a590-ace93cf7337d,8a2a8a892217fff,0,Single-Family Residential,Single-Family Residential,Single-Family Residential
b4dd4288-737a-4c63-99de-131f7679e6e6,8a2a8a892217fff,0,Single-Family Residential,Single-Family Residential,Single-Family Residential
1eb69908-0171-4a56-8b68-873a01e171ee,8a2a8a892217fff,0,Single-Family Residential,Single-Family Residential,Single-Family Residential
f631b3ca-e983-44e7-88ad-dc01362d9c39,8a2a8a892217fff,0,Single-Family Residential,Single-Family Residential,Single-Family Residential
eed41117-b6e4-49ad-8868-6540c6176ee6,8a2a8a892217fff,0,Single-Family Residential,Single-Family Residential,Single-Family Residential
f5431d75-4248-4087-881f-e0469e3abdca,8a2a8a892047fff,0,Multi-Family Residential,Unclassified,Mixed Use
e7245e3b-bb51-41e2-a338-337120ea02f7,8a2a8a892367fff,0,Single-Family Residential,Single-Family Residential,Single-Family Residential
d5d8e2e7-e654-4577-a77d-8394f05a0a74,8a2a8a892367fff,0,Single-Family Residential,Single-Family Residential,Single-Family Residential
cd4e5b1b-af1e-4fef-ac70-34d07562710f,8a2a8a892367fff,0,Single-Family Residential,Single-Family Residential,Single-Family Residential
205ee1cb-839f-4f72-a688-a7bf21155863,8a2a8a892ad7fff,0,Single-Family Residential,Single-Family Residential,Single-Family Residential
f0b2c85c-577c-41bd-9eb2-a64a332be1b6,8a2a8a892ac7fff,0,Single-Family Residential,Single-Family Residential,Single-Family Residential
f0b2c85c-577c-41bd-9eb2-a64a332be1b6,8a2a8a892ad7fff,0,Single-Family Residential,Single-Family Residential,Single-Family Residential
f8071d08-9589-404a-8d7c-7130bb8b9496,8a2a8a892ad7fff,0,Single-Family Residential,Single-Family Residential,Single-Family Residential
c2710374-b93f-4018-97d7-582a8980c107,8a2a8a892ac7fff,0,Single-Family Residential,Single-Family Residential,Single-Family Residential
c2710374-b93f-4018-97d7-582a8980c107,8a2a8a892ad7fff,0,Single-Family Residential,Single-Family Residential,Single-Family Residential
1472cffb-875c-4407-ac40-47f5769adef4,8a2a8a892ad7fff,0,Single-Family Residential,Single-Family Residential,Single-Family Residential
8f8fa0ed-ab2b-4f06-9331-997bc3f22279,8a2a8a892167fff,0,Multi-Family Residential,Multi-Family Residential,Multi-Family Residential
13438763-8cfe-4e46-a150-98d86b75a84b,8a2a8a892167fff,0,Multi-Family Residential,Multi-Family Residential,Multi-Family Residential
edd884fd-6294-4ed2-9fbd-f37c31a26fc6,8a2a8a892167fff,0,Single-Family Residential,Multi-Family Residential,Multi-Family Residential
f793ccdf-7f0d-4969-b773-987cb0d4dcaa,8a2a8a892167fff,0,Multi-Family Residential,Multi-Family Residential,Multi-Family Residential
c84d5f9f-54fd-4251-8074-fdc3f76f7013,8a2a8a892167fff,0,Multi-Family Residential,Multi-Family Residential,Multi-Family Residential
34a9cd57-6081-46a2-9f95-e5f09198140f,8a2a8a892167fff,0,Single-Family Residential,Multi-Family Residential,Multi-Family Residential
c6ce9b0c-f605-405e-80ae-ef31ab2ba52d,8a2a8a892a8ffff,0,Single-Family Residential,Single-Family Residential,Single-Family Residential
7bcae58c-4e70-4cbe-830e-2a9fb5e62cb9,8a2a8a892a8ffff,0,Single-Family Residential,Single-Family Residential,Single-Family Residential
7bcae58c-4e70-4cbe-830e-2a9fb5e62cb9,8a2a8a892ad7fff,0,Single-Family Residential,Single-Family Residential,Single-Family Residential
7161d9c0-9022-4b0f-866c-6b4816b11d06,8a2a8a892a8ffff,0,Single-Family Residential,Single-Family Residential,Single-Family Residential
fe6cc420-4d12-40a9-b3e4-27f544423e2e,8a2a8a892ad7fff,0,Single-Family Residential,Single-Family Residential,Single-Family Residential
4d41cf50-589b-4082-beb4-d605f88c90ba,8a2a8a892a8ffff,0,Single-Family Residential,Single-Family Residential,Single-Family Residential
123b3f96-6e2a-46c1-ad4f-5a0bbb9dad53,8a2a8a892a8ffff,0,Single-Family Residential,Single-Family Residential,Single-Family Residential
0e70fb66-737f-48dd-9832-a4d8d08304b5,8a2a8a892047fff,0,Multi-Family Residential,Multi-Family Residential,Multi-Family Residential
fb98ea7b-c0cb-418a-a3e3-e87de61f7597,8a2a8a892a8ffff,0,Multi-Family Residential,Multi-Family Residential,Multi-Family Residential
fb98ea7b-c0cb-418a-a3e3-e87de61f7597,8a2a8a892a9ffff,0,Multi-Family Residential,Multi-Family Residential,Multi-Family Residential
fb98ea7b-c0cb-418a-a3e3-e87de61f7597,8a2a8a892ad7fff,0,Multi-Family Residential,Multi-Family Residential,Multi-Family Residential
31d36238-edcf-4eff-8ae6-9ae86c8cb478,8a2a8a892a9ffff,0,Multi-Family Residential,Multi-Family Residential,Multi-Family Residential
734f5f13-1d02-483d-9325-dfd48f668ab8,8a2a8a892367fff,0,Multi-Family Residential,Multi-Family Residential,Multi-Family Residential
ca66ba41-7f07-4962-9f05-f81d0f5b4c1f,8a2a8a892047fff,0,Single-Family Residential,Multi-Family Residential,Multi-Family Residential
30d881a3-3bc6-4605-9d03-f46d450b2869,8a2a8a892047fff,0,Single-Family Residential,Multi-Family Residential,Multi-Family Residential
105a11b2-2fbb-4041-ab1f-176332e39fb9,8a2a8a892047fff,0,Single-Family Residential,Multi-Family Residential,Multi-Family Residential
17cc8ce8-cd8e-46d8-8f80-b6ec2b58a61a,8a2a8a892047fff,0,Single-Family Residential,Multi-Family Residential,Multi-Family Residential
25869052-fd7c-4ebf-96ff-feff30773d74,8a2a8a892047fff,0,Single-Family Residential,Multi-Family Residential,Multi-Family Residential
9f51db2e-6416-422b-aa47-86167acdaf5f,8a2a8a892047fff,0,Single-Family Residential,Multi-Family Residential,Multi-Family Residential
4d218feb-46b1-4cf7-908c-5471b7d9a684,8a2a8a892047fff,0,Single-Family Residential,Multi-Family Residential,Multi-Family Residential
d8b60c2b-9760-4170-859b-6340189660d1,8a2a8a892047fff,0,Single-Family Residential,Multi-Family Residential,Multi-Family Residential
d01a6d76-ebc1-43ba-9c91-78b8af011ccf,8a2a8a893407fff,0,Commercial,Industrial,Commercial
63b3ebd2-0fd6-41e8-9b04-b940fc20397b,8a2a8a89349ffff,0,Institutional,Institutional,Mixed Use
63b3ebd2-0fd6-41e8-9b04-b940fc20397b,8a2a8ac6cb27fff,0,Institutional,Institutional,Mixed Use
808dd819-7b00-4d05-9ee1-1ffda1252702,8a2a8a893737fff,0,Commercial,Industrial,Commercial
a1915129-ec5b-4c02-b8a0-c834704695ab,8a2a8ac6cb47fff,0,Commercial,Industrial,Industrial
a1915129-ec5b-4c02-b8a0-c834704695ab,8a2a8ac6ca37fff,0,Commercial,Industrial,Industrial
a1915129-ec5b-4c02-b8a0-c834704695ab,8a2a8ac6cb27fff,0,Commercial,Industrial,Industrial
a1915129-ec5b-4c02-b8a0-c834704695ab,8a2a8ac6ca27fff,0,Commercial,Industrial,Industrial
4ed6dd3d-f085-47e8-83e6-5513d711643b,8a2a8ac6cb27fff,0,Commercial,Industrial,Industrial
031969b2-9ee8-407d-8f5e-9160ba389e26,8a2a8a8934a7fff,0,Commercial,Industrial,Industrial
57e20db6-87aa-4d4a-b050-ab8404f97fd3,8a2a8a8934a7fff,0,Industrial,Industrial,Industrial
9460efe6-c228-432f-ab83-0b2cbec77f95,8a2a8a893407fff,0,Commercial,Industrial,Commercial
756313d4-6162-4a3f-8cd8-29864a235adc,8a2a8a8937b7fff,0,Commercial,Industrial,Industrial
a1c24646-015f-49f0-beb6-d445f5d1266e,8a2a8a8937b7fff,0,Commercial,Industrial,Commercial
dc9003b6-11c6-4108-8b36-5aef9d52e8de,8a2a8a8937b7fff,0,Industrial,Industrial,Industrial
da541a59-8ef1-4850-9249-c44684637a2c,8a2a8a892ac7fff,0,Multi-Family Residential,Multi-Family Residential,Mixed Use
2f3aa2bb-18a3-4d31-899f-b2e8b25ee167,8a2a8a892ac7fff,0,Multi-Family Residential,Multi-Family Residential,Multi-Family Residential
436c7137-0f53-41d1-a709-affdb1428483,8a2a8a892ac7fff,0,Multi-Family Residential,Multi-Family Residential,Mixed Use
1f008141-a5b8-4165-a5ba-771dcef41ff7,8a2a8a892ac7fff,0,Multi-Family Residential,Multi-Family Residential,Multi-Family Residential
f04a0a3e-ce93-44ab-b9bc-890ee9a41fcb,8a2a8ac61a37fff,0,Institutional,Institutional,Institutional
f04a0a3e-ce93-44ab-b9bc-890ee9a41fcb,8a2a8ac61a17fff,0,Institutional,Institutional,Institutional
f04a0a3e-ce93-44ab-b9bc-890ee9a41fcb,8a2a8ac61ae7fff,0,Institutional,Institutional,Institutional
f04a0a3e-ce93-44ab-b9bc-890ee9a41fcb,8a2a8ac61a57fff,0,Institutional,Institutional,Institutional
71562561-da7c-465a-aae6-d4f941f5476e,8a2a8ac61ae7fff,0,Commercial (Vacant),Commercial,Commercial
fce1ef2b-0457-4da3-b20d-c4627009d23a,8a2a8a892047fff,0,Single-Family Residential,Multi-Family Residential,Multi-Family Residential
6463235e-7a24-4c62-8ae8-9d62e858f41a,8a2a8a892047fff,0,Single-Family Residential,Multi-Family Residential,Multi-Family Residential
e590d50f-22d8-4213-9348-d86f9880d21a,8a2a8a892047fff,0,Single-Family Residential,Multi-Family Residential,Multi-Family Residential
3e69a3c7-4665-44b2-a09c-580991afa449,8a2a8a892047fff,0,Single-Family Residential,Multi-Family Residential,Multi-Family Residential
b8c4280f-f10e-4881-8ffa-aa23ba0d350e,8a2a8a892047fff,0,Single-Family Residential,Multi-Family Residential,Multi-Family Residential
a53121e4-4c8b-44ac-9c95-a533ca6599a2,8a2a8a892047fff,0,Single-Family Residential,Multi-Family Residential,Multi-Family Residential
6015fbd8-6872-4c4f-a094-7a489c376466,8a2a8a892047fff,0,Single-Family Residential,Multi-Family Residential,Multi-Family Residential
c4086d4b-d565-41a0-9b87-338dc2cb652f,8a2a8a892047fff,0,Single-Family Residential,Multi-Family Residential,Multi-Family Residential
a33711cd-85da-4c72-b94a-35e0c2182d46,8a2a8a892047fff,0,Single-Family Residential,Multi-Family Residential,Multi-Family Residential
3e495e50-d610-495c-b825-61120de47bb9,8a2a8a892047fff,0,Single-Family Residential,Multi-Family Residential,Multi-Family Residential
5c3e4eb0-5cba-48e5-aaeb-4643103915fe,8a2a8a892047fff,0,Single-Family Residential,Multi-Family Residential,Multi-Family Residential
a13834bc-d2d1-42d4-8cdb-0c4463a4a6d7,8a2a8a892047fff,0,Single-Family Residential,Multi-Family Residential,Multi-Family Residential
87f7d9cf-7833-4c5e-809c-1e2c214e905b,8a2a8a892047fff,0,Single-Family Residential,Multi-Family Residential,Multi-Family Residential
8690309e-e248-435a-8e82-53ed2dd12eef,8a2a8ac61ae7fff,0,Commercial (Vacant),Commercial,Commercial
bbbb2e4b-2f51-4274-bc7f-06b76bde6b2f,8a2a8ac64167fff,0,Single-Family Residential,Multi-Family Residential,Multi-Family Residential
438712c2-6530-4fd7-9540-c111e554ee11,8a2a8a892047fff,0,Multi-Family Residential,Multi-Family Residential,Multi-Family Residential
9f21fe51-48bd-49c7-937c-a98047e1e9f8,8a2a8ac64167fff,0,Single-Family Residential,Multi-Family Residential,Multi-Family Residential
0d95be4e-c8fc-44b4-837d-6e26891db407,8a2a8ac64167fff,0,Single-Family Residential,Multi-Family Residential,Multi-Family Residential
182e3475-0242-4bd6-a87a-e9d695274eaf,8a2a8ac64167fff,0,Single-Family Residential,Multi-Family Residential,Multi-Family Residential
cd897be3-cb30-4cf6-bfc6-f8fae9bdc38d,8a2a8ac61bb7fff,0,Institutional (Vacant),Institutional,Institutional
cd897be3-cb30-4cf6-bfc6-f8fae9bdc38d,8a2a8ac61167fff,0,Institutional (Vacant),Institutional,Institutional
cd897be3-cb30-4cf6-bfc6-f8fae9bdc38d,8a2a8ac61ae7fff,0,Institutional (Vacant),Institutional,Institutional
cd897be3-cb30-4cf6-bfc6-f8fae9bdc38d,8a2a8ac61a57fff,0,Institutional (Vacant),Institutional,Institutional
f5f1b31a-3adc-41c4-a9d1-749bedb665d4,8a2a8ac61ae7fff,0,Commercial,Commercial,Commercial
db52fa56-d275-4a09-af0c-cb9d1ca257ed,8a2a8a89349ffff,0,Commercial,Commercial,Industrial
5c89c758-5ec4-4b66-899d-261c528bd350,8a2a8a89349ffff,0,Industrial (Vacant),Infrastructure,Unclassified
75631f3b-894c-4956-966b-c1dca5d0bd85,8a2a8a89349ffff,0,Commercial,Commercial,Industrial
ed3f33a8-788d-4d08-b75a-cff995b2b423,8a2a8ac6c38ffff,0,Commercial,Commercial,Commercial
5a0d0861-cb79-41d8-8b4e-4265fba7e8e4,8a2a8ac6c75ffff,0,Commercial,Commercial,Commercial
64ed5ea3-4f96-4df1-a816-ae43e54e579e,8a2a8ac6c75ffff,0,Commercial,Commercial,Institutional
623a86c1-cd7d-4b4c-9845-f7697ad2d73d,8a2a8ac6c38ffff,0,Commercial,Commercial,Commercial
d3c4643e-987d-42fb-add0-2eecafe1e30e,8a2a8ac6c207fff,0,Commercial,Commercial,Commercial
ee38d3ed-31fb-4641-80a3-d06c506fe0a8,8a2a8ac6c767fff,0,Commercial,Commercial,Institutional
ee38d3ed-31fb-4641-80a3-d06c506fe0a8,8a2a8ac6c0effff,0,Commercial,Commercial,Institutional
ee38d3ed-31fb-4641-80a3-d06c506fe0a8,8a2a8ac6c057fff,0,Commercial,Commercial,Institutional
ee38d3ed-31fb-4641-80a3-d06c506fe0a8,8a2a8ac6c38ffff,0,Commercial,Commercial,Institutional
6e64a864-a8ab-42df-ba51-1e65c8323cfa,8a2a8ac6c38ffff,0,Commercial,Commercial,Commercial
565d7ba1-06e4-4a86-98b6-a367b99b0c45,8a2a8ac65d2ffff,0,Single-Family Residential,Single-Family Residential,Single-Family Residential
6e908c46-5526-4f75-911c-4be431834940,8a2a8ac65d2ffff,0,Single-Family Residential,Single-Family Residential,Single-Family Residential
39f248f7-0f19-4d46-ba4d-ee29d089d344,8a2a8ac65d2ffff,0,Single-Family Residential,Single-Family Residential,Single-Family Residential
ceef606c-affc-496f-9e2e-fcaf3c7106f7,8a2a8ac65d2ffff,0,Single-Family Residential,Single-Family Residential,Single-Family Residential
16be8b3a-a4f8-4c81-bcfc-b67039165e52,8a2a8ac65d2ffff,0,Single-Family Residential,Single-Family Residential,Single-Family Residential
7a5eeed5-9b9e-4cc8-9abd-aa9d495acec2,8a2a8ad4b6affff,0,Institutional,Institutional,Institutional
38e0aa51-ffd1-4f92-8da5-13de1d02fbf7,8a2a8ad4b6affff,0,Single-Family Residential,Single-Family Residential,Single-Family Residential
1d0046d2-c2e3-4c37-a6a8-b7fc04c987e4,8a2a8ad4b6affff,0,Single-Family Residential,Single-Family Residential,Single-Family Residential
7e191853-95be-4a46-a368-a8e8256b617f,8a2a8ad4b6affff,0,Single-Family Residential,Single-Family Residential,Single-Family Residential
938f094a-09fd-4a61-ba78-5422e418349d,8a2a8ad4b6affff,0,Single-Family Residential,Single-Family Residential,Single-Family Residential
f69da4d5-ef71-4b79-9229-a3dc404061d9,8a2a8ad4b6affff,0,Single-Family Residential,Single-Family Residential,Single-Family Residential
fc7c4eba-b92f-40ad-9b09-41d752a4bcae,8a2a8ac65d57fff,0,Single-Family Residential,Single-Family Residential,Single-Family Residential
3a3a893f-99ca-4422-a042-557df372e46a,8a2a8ac65d2ffff,0,Single-Family Residential,Single-Family Residential,Single-Family Residential
09baa382-f0ba-4b2f-a14a-001b7c4bfa3a,8a2a8ac65d2ffff,0,Single-Family Residential,Single-Family Residential,Single-Family Residential
9f3c4c1d-97d9-484f-98da-fd2678a6a308,8a2a8ac65d2ffff,0,Single-Family Residential,Single-Family Residential,Single-Family Residential
5f708561-cdac-4abb-9d94-163ba3b88231,8a2a8ac65d2ffff,0,Single-Family Residential,Single-Family Residential,Single-Family Residential
dfa75878-7b16-4122-bad0-fc2b040aaa9b,8a2a8ac65d2ffff,0,Single-Family Residential,Single-Family Residential,Single-Family Residential
48c203c6-f1a7-4009-b129-7214bebec4f6,8a2a8ac65d57fff,0,Single-Family Residential,Single-Family Residential,Single-Family Residential
f2907489-17c2-4048-8af4-c383d9d799f6,8a2a8ac65d57fff,0,Single-Family Residential,Single-Family Residential,Single-Family Residential
681bdd9e-bb17-4d68-a70b-8bafe7325602,8a2a8ac65d57fff,0,Single-Family Residential,Single-Family Residential,Single-Family Residential
51643840-82bc-4a4d-b16d-cea7da075a36,8a2a8ac65d57fff,0,Single-Family Residential,Single-Family Residential,Single-Family Residential
e8f19c90-dea5-40ab-87a6-550b308e38d3,8a2a8ac65d57fff,0,Single-Family Residential,Single-Family Residential,Single-Family Residential
c068944e-3b5b-440e-be24-f5d1391434d7,8a2a8ac65d57fff,0,Single-Family Residential,Single-Family Residential,Single-Family Residential
ba2c409f-dce7-4a56-ae9a-07a929e3926f,8a2a8ac65d57fff,0,Single-Family Residential,Single-Family Residential,Single-Family Residential
b56e7b0b-6574-4341-af3b-866ba354a502,8a2a8ac65d57fff,0,Single-Family Residential,Single-Family Residential,Single-Family Residential
bbca396c-54a9-4323-8844-e5d1c592e803,8a2a8ac65d57fff,0,Single-Family Residential,Single-Family Residential,Mixed Use
76cb3e8d-aa3f-438c-a818-5ae94d01695c,8a2a8ac65d57fff,0,Single-Family Residential,Single-Family Residential,Single-Family Residential
7eef46f8-d725-42ab-b446-6ce741075c39,8a2a8ac65d57fff,0,Single-Family Residential,Single-Family Residential,Single-Family Residential
c5f09325-606a-4fd5-b060-51065582e144,8a2a8ac65d57fff,0,Single-Family Residential,Single-Family Residential,Single-Family Residential
1c2fbf5a-0ee3-49fa-957a-e7c1eac617df,8a2a8ac65d57fff,0,Single-Family Residential,Single-Family Residential,Mixed Use
35127639-7abd-4251-a7d6-36561e51e339,8a2a8ac65d2ffff,0,Single-Family Residential,Single-Family Residential,Single-Family Residential
5d4724fb-f5d5-4de0-907d-8de114eb7273,8a2a8ac65d57fff,0,Single-Family Residential,Single-Family Residential,Single-Family Residential
ab0a57ba-f9ee-434b-afbd-40483f2a5158,8a2a8ac65d57fff,0,Single-Family Residential,Single-Family Residential,Single-Family Residential
11698302-06b0-4154-ae0c-be8e153d31ea,8a2a8ac65d57fff,0,Single-Family Residential,Single-Family Residential,Single-Family Residential
586b5439-13d8-4a26-8c3a-4c048a9af3c0,8a2a8ac65d57fff,0,Single-Family Residential,Single-Family Residential,Single-Family Residential
5241d4ef-e72b-4b7b-99c8-b817075a6c2d,8a2a8ac65d57fff,0,Multi-Family Residential,Multi-Family Residential,Mixed Use
18a6da3a-82f7-4788-bbe2-51a1301425eb,8a2a8ac65d57fff,0,Multi-Family Residential (Vacant),Multi-Family Residential,Mixed Use
dc0f8d45-03f4-4c06-8d7e-1e317372d530,8a2a8ac65887fff,0,Multi-Family Residential,Multi-Family Residential,Multi-Family Residential
4d4462ac-5e2f-4b4a-91ec-bb6b78bbde3f,8a2a8ac65887fff,0,Single-Family Residential,Single-Family Residential,Single-Family Residential
5cbdd4bf-882d-4419-b8d7-a24f2e545482,8a2a8ac65887fff,0,Single-Family Residential,Single-Family Residential,Single-Family Residential
a26068f7-6ea5-4687-b662-6bdc1d4c5f12,8a2a8ac65887fff,0,Single-Family Residential,Single-Family Residential,Single-Family Residential
4430ee52-ab80-498a-b8c6-23d3bb5e05ed,8a2a8ac65887fff,0,Single-Family Residential,Single-Family Residential,Single-Family Residential
3079bfa3-6222-4dea-9768-311cb8aa5f0f,8a2a8ac65887fff,0,Single-Family Residential,Single-Family Residential,Single-Family Residential
e32546b4-7ded-4d52-b56b-ff20af8f8c8b,8a2a8ac65887fff,0,Single-Family Residential,Single-Family Residential,Single-Family Residential
b10a268f-1bd1-4185-ad1a-834212189a81,8a2a8ac65887fff,0,Single-Family Residential,Single-Family Residential,Single-Family Residential
d5c3b02d-c239-460e-80fb-cc0c077f0d17,8a2a8ac65887fff,0,Single-Family Residential,Single-Family Residential,Single-Family Residential
b31cc23b-b491-45b8-bddc-c69568d1e962,8a2a8ac65887fff,0,Single-Family Residential,Single-Family Residential,Single-Family Residential
17912beb-adf5-4fca-aae1-b40ea43b8bf5,8a2a8ac65887fff,0,Single-Family Residential,Single-Family Residential,Single-Family Residential
5504acc6-8c77-4b4e-b030-9dfb9eb37175,8a2a8ac65887fff,0,Single-Family Residential,Single-Family Residential,Single-Family Residential
263a2c87-ba31-4b2a-86dd-9271cd908445,8a2a8ac65887fff,0,Single-Family Residential,Single-Family Residential,Single-Family Residential
5d761b5d-4477-4cae-9710-f49461cf3f58,8a2a8ac65887fff,0,Single-Family Residential,Single-Family Residential,Single-Family Residential
aec73799-cd18-41e2-9fa1-01dadf845a3b,8a2a8ac65887fff,0,Single-Family Residential,Single-Family Residential,Mixed Use
9ebd385e-7f56-4f22-ad34-1d5bee672d7d,8a2a8ac65887fff,0,Single-Family Residential,Single-Family Residential,Single-Family Residential
35f96a9e-f7c1-48cd-8d69-c8ee48096c20,8a2a8ac65887fff,0,Single-Family Residential,Single-Family Residential,Mixed Use
3a9a86e8-277f-416d-b493-9fcba7eadccc,8a2a8ac65887fff,0,Single-Family Residential,Single-Family Residential,Single-Family Residential
815784a2-3887-491e-aa0a-f966ba7e512b,8a2a8ac65887fff,0,Single-Family Residential,Single-Family Residential,Single-Family Residential
89f403eb-49b1-4b86-9e30-0b7118276124,8a2a8ac65887fff,0,Multi-Family Residential,Multi-Family Residential,Multi-Family Residential
dbabe6bb-b13e-4c3a-bf99-a0fbfc244d03,8a2a8ac65d57fff,0,Multi-Family Residential,Multi-Family Residential,Mixed Use
2b6978ad-406f-423e-87b1-cfde3eece797,8a2a8ac65d57fff,0,Multi-Family Residential (Vacant),Multi-Family Residential,Multi-Family Residential
cd9e3340-a361-4c61-9a16-a64d030d0e5c,8a2a8ac65d57fff,0,Multi-Family Residential (Vacant),Multi-Family Residential,Multi-Family Residential
0a674506-cf38-400b-937a-d48ba18f4b8e,8a2a8ac65107fff,0,Commercial,Commercial,Commercial
59b2409f-a4be-4a00-9d4c-973737ad4d90,8a2a8ac65107fff,0,Commercial,Commercial,Commercial
e6d4abba-6abb-4d1d-8732-d670d3a4448c,8a2a8ac65107fff,0,Commercial,Commercial,Commercial
3e772be0-a0af-4c55-a43a-d69533e09733,8a2a8ac6500ffff,0,Single-Family Residential,Single-Family Residential,Single-Family Residential
1857321e-b350-443b-b777-8c81c835540c,8a2a8ac6502ffff,0,Single-Family Residential,Single-Family Residential,Single-Family Residential
2976233d-18d8-41e6-8104-72fc146edd4d,8a2a8ac6502ffff,0,Institutional (Vacant),Institutional,Institutional
693a9611-3eb9-440d-971b-d4c7400ce59f,8a2a8ac6502ffff,0,Single-Family Residential,Single-Family Residential,Single-Family Residential
1fc1fea6-91e6-41db-a428-2b48f1fa8adf,8a2a8ac6502ffff,0,Institutional,Institutional,Institutional
232a660f-14a1-454a-afad-c04faa271879,8a2a8ac6502ffff,0,Single-Family Residential,Single-Family Residential,Single-Family Residential
fab4955c-6eb4-4143-af8d-41c9c5014957,8a2a8ac6502ffff,0,Single-Family Residential,Single-Family Residential,Single-Family Residential
358ed07a-2139-4be6-b31c-f21b5c62c612,8a2a8ac6502ffff,0,Single-Family Residential,Single-Family Residential,Single-Family Residential
331c9b9e-3650-4b0b-a510-daff60d63b56,8a2a8ac6502ffff,0,Single-Family Residential,Single-Family Residential,Single-Family Residential
b2fe0f61-4474-4355-907d-c912bf228841,8a2a8ac6500ffff,0,Single-Family Residential,Single-Family Residential,Single-Family Residential
b2fe0f61-4474-4355-907d-c912bf228841,8a2a8ac6502ffff,0,Single-Family Residential,Single-Family Residential,Single-Family Residential
8aab3f6d-b64c-4088-939f-cc27862d5e06,8a2a8ac6500ffff,0,Single-Family Residential,Single-Family Residential,Single-Family Residential
8b27fd31-1888-4059-b727-35b2bda4432b,8a2a8ac6500ffff,0,Single-Family Residential,Single-Family Residential,Single-Family Residential
8b27fd31-1888-4059-b727-35b2bda4432b,8a2a8ac6502ffff,0,Single-Family Residential,Single-Family Residential,Single-Family Residential
67567288-e103-4d91-9af6-3aa574332d22,8a2a8ac65827fff,0,Multi-Family Residential,Multi-Family Residential,Multi-Family Residential
7d5ae5cf-b2c4-4aeb-85e5-ad24c72808c4,8a2a8ac65957fff,0,Single-Family Residential,Single-Family Residential,Single-Family Residential
4acc3d82-23f7-4d73-83f6-68ffd5464e55,8a2a8ac65957fff,0,Single-Family Residential,Single-Family Residential,Single-Family Residential
915f1fc4-c2f2-4abf-9bb2-b05f96a695bb,8a2a8ac65957fff,0,Single-Family Residential,Single-Family Residential,Single-Family Residential
1625a3ce-6e30-4534-8bb6-2f3c9fff6d35,8a2a8ac65957fff,0,Single-Family Residential,Single-Family Residential,Single-Family Residential
6d31505a-6374-446c-b178-0d4779d8c371,8a2a8ac65957fff,0,Single-Family Residential,Single-Family Residential,Single-Family Residential
618a4d3b-1bbe-4c25-9348-3a6fc3786d08,8a2a8ad4b21ffff,0,Single-Family Residential,Single-Family Residential,Single-Family Residential
acaea050-cbb4-4c38-b8fa-03a59c8348ab,8a2a8ad4b21ffff,0,Single-Family Residential,Single-Family Residential,Single-Family Residential
2d7357b6-0390-4009-a895-0504ad058ddf,8a2a8ad4b21ffff,0,Single-Family Residential,Single-Family Residential,Single-Family Residential
8f62f260-12a6-47dd-9481-ca9b4bcd786a,8a2a8ad4b21ffff,0,Single-Family Residential,Single-Family Residential,Single-Family Residential
337f3eb6-b8b5-4ee6-b227-c110a8bbe6f8,8a2a8ac65827fff,0,Single-Family Residential,Single-Family Residential,Single-Family Residential
337f3eb6-b8b5-4ee6-b227-c110a8bbe6f8,8a2a8ac65957fff,0,Single-Family Residential,Single-Family Residential,Single-Family Residential
9b8eae3e-8621-4d46-939c-3d68573edd25,8a2a8a896627fff,0,Government/Public,Government/Public,Government/Public
9b8eae3e-8621-4d46-939c-3d68573edd25,8a2a8a8966affff,0,Government/Public,Government/Public,Government/Public
9b8eae3e-8621-4d46-939c-3d68573edd25,8a2a8a8967a7fff,0,Government/Public,Government/Public,Government/Public
9b8eae3e-8621-4d46-939c-3d68573edd25,8a2a8ac65b6ffff,0,Government/Public,Government/Public,Government/Public
9b8eae3e-8621-4d46-939c-3d68573edd25,8a2a8a89679ffff,0,Government/Public,Government/Public,Government/Public
d4c80916-067f-48c4-93e5-524843847015,8a2a8ac65b6ffff,0,Agricultural Land (Vacant),Agricultural Land,Mixed Use
d4c80916-067f-48c4-93e5-524843847015,8a2a8ac65b67fff,0,Agricultural Land (Vacant),Agricultural Land,Mixed Use
3d7cbd29-8428-40fe-950d-b2bc10be2120,8a2a8a8967a7fff,0,Single-Family Residential,Single-Family Residential,Single-Family Residential
56548efd-364a-48c8-8bc7-f3576e337d5d,8a2a8ac65b57fff,0,Single-Family Residential,Single-Family Residential,Single-Family Residential
8d65e1b9-ea57-47fa-8586-d0054905d146,8a2a8ac65b57fff,0,Single-Family Residential,Single-Family Residential,Single-Family Residential
70b40636-734d-452d-95cd-c13888dc2335,8a2a8ac65b57fff,0,Single-Family Residential,Single-Family Residential,Single-Family Residential
b0005ef3-9c70-43aa-bfff-c7baea9f5ebc,8a2a8ac64837fff,0,Single-Family Residential,Single-Family Residential,Single-Family Residential
5fddb03f-eaf6-4a6e-acd3-1ba016f68c94,8a2a8ac64837fff,0,Single-Family Residential,Single-Family Residential,Single-Family Residential
a766fb8d-b2cc-4249-9977-154c2d7657bf,8a2a8ac64837fff,0,Single-Family Residential,Single-Family Residential,Single-Family Residential
674d9ffe-ae7a-440c-ae5b-b39c5a25f106,8a2a8ac6494ffff,0,Single-Family Residential,Single-Family Residential,Single-Family Residential
61ed44a0-9939-445c-85ce-df7f58237c91,8a2a8ac6494ffff,0,Single-Family Residential,Single-Family Residential,Single-Family Residential
2df96ef5-c88a-4f89-8bf4-d7a49fd5057c,8a2a8ac6494ffff,0,Single-Family Residential,Single-Family Residential,Single-Family Residential
c12a90d1-a1b8-4d2a-99fd-093a8ab0da47,8a2a8ac6494ffff,0,Single-Family Residential,Single-Family Residential,Single-Family Residential
9571eff4-2df4-4046-afdf-e8d0f55cea56,8a2a8ac6494ffff,0,Single-Family Residential,Single-Family Residential,Single-Family Residential
54622bdd-39b8-4b66-850e-59349b26aad5,8a2a8ac64a87fff,0,Multi-Family Residential (Vacant),Multi-Family Residential,Multi-Family Residential
44a15f7c-a1cf-4287-836a-9904e495a5e8,8a2a8ad4b497fff,0,Single-Family Residential,Single-Family Residential,Single-Family Residential
2b58cffc-9482-44d0-a443-28bea276ac1e,8a2a8ac6494ffff,0,Single-Family Residential,Single-Family Residential,Single-Family Residential
2b58cffc-9482-44d0-a443-28bea276ac1e,8a2a8ad4b497fff,0,Single-Family Residential,Single-Family Residential,Single-Family Residential
1c4afd7e-25c1-496f-8585-de577aa4ea49,8a2a8ac6494ffff,0,Single-Family Residential,Single-Family Residential,Single-Family Residential
1c4afd7e-25c1-496f-8585-de577aa4ea49,8a2a8ad4b497fff,0,Single-Family Residential,Single-Family Residential,Single-Family Residential
4e47bb48-bc58-4d83-8aea-11e86422f8c7,8a2a8ac6494ffff,0,Single-Family Residential,Single-Family Residential,Single-Family Residential
4e47bb48-bc58-4d83-8aea-11e86422f8c7,8a2a8ad4b497fff,0,Single-Family Residential,Single-Family Residential,Single-Family Residential
d8490050-a7ad-4740-a4a4-60c9e9b8d281,8a2a8ad4a287fff,0,Single-Family Residential,Single-Family Residential,Single-Family Residential
d8490050-a7ad-4740-a4a4-60c9e9b8d281,8a2a8ad4a2b7fff,0,Single-Family Residential,Single-Family Residential,Single-Family Residential
8e6528f7-ebe6-46a5-bcc2-ff8c5ef6ae81,8a2a8ac6481ffff,0,Institutional,Institutional,Institutional
8e6528f7-ebe6-46a5-bcc2-ff8c5ef6ae81,8a2a8ac64837fff,0,Institutional,Institutional,Institutional
fd844e95-d796-4c76-a664-9a2d3e3ea8d5,8a2a8ad4b48ffff,0,Multi-Family Residential,Multi-Family Residential,Multi-Family Residential
1c49fd20-cd67-411f-8f9a-56a47abd9323,8a2a8ad4b407fff,0,Institutional (Vacant),Institutional,Institutional
de9ac839-e08f-4379-9600-03cae3187f8a,8a2a8ad4b407fff,0,Commercial,Commercial,Commercial
8300a460-14bd-42ed-9ae5-819e7f431a4d,8a2a8ad4b48ffff,0,Multi-Family Residential,Multi-Family Residential,Multi-Family Residential
258bb23d-8425-46f1-80b7-41534621063e,8a2a8ac64a87fff,0,Multi-Family Residential (Vacant),Multi-Family Residential,Multi-Family Residential
b562c2b1-acb8-4545-89e8-5d9af4e07b97,8a2a8ad4b48ffff,0,Multi-Family Residential,Multi-Family Residential,Multi-Family Residential
aa01087a-3fc4-42c1-a619-882dae0b919e,8a2a8ad4b497fff,0,Government/Public,Government/Public,Government/Public
1d09c450-0d54-4f39-8082-d372dd970b96,8a2a8ac64877fff,0,Single-Family Residential,Single-Family Residential,Single-Family Residential
deb51c41-be86-45e0-8feb-1558b000020b,8a2a8ac64877fff,0,Single-Family Residential,Single-Family Residential,Single-Family Residential
699993b3-bd5b-4c12-8339-bd2986980416,8a2a8ac64877fff,0,Single-Family Residential,Single-Family Residential,Single-Family Residential
6de9e05b-8896-4ea9-a964-2794b7a908c3,8a2a8ac64877fff,0,Single-Family Residential,Single-Family Residential,Single-Family Residential
4d764f9b-4135-421e-a110-f4243113ec3a,8a2a8ac6481ffff,0,Single-Family Residential,Single-Family Residential,Single-Family Residential
1d4ea72c-47cf-4efb-82fd-f3a8ff61650c,8a2a8ac64877fff,0,Single-Family Residential,Single-Family Residential,Single-Family Residential
4b6a581a-8d5b-4f43-8d17-7987e965b3cb,8a2a8ac64877fff,0,Single-Family Residential,Single-Family Residential,Single-Family Residential
c7d61b4d-63c5-4a34-83e9-a33f1157d15e,8a2a8ac64877fff,0,Single-Family Residential,Single-Family Residential,Single-Family Residential
c7fdb311-79fe-469c-893e-03a01ee0b12d,8a2a8ac64877fff,0,Single-Family Residential,Single-Family Residential,Single-Family Residential
4f58aa06-82cf-4e9b-8675-f897af96f81a,8a2a8ac64877fff,0,Single-Family Residential,Single-Family Residential,Single-Family Residential
fbbd4ad4-d680-4454-8e27-200300187b76,8a2a8ac6481ffff,0,Single-Family Residential,Single-Family Residential,Single-Family Residential
4c94f697-b34c-4626-bfe2-6efb1592242d,8a2a8ac6481ffff,0,Single-Family Residential,Single-Family Residential,Single-Family Residential
36904357-09e8-452b-b4cc-9efbc1958c1a,8a2a8ac64877fff,0,Single-Family Residential,Single-Family Residential,Single-Family Residential
bd58dc5c-4815-4deb-84ae-62f5b8d4a535,8a2a8ac64877fff,0,Single-Family Residential,Single-Family Residential,Single-Family Residential
e741b49f-0902-49cc-a9ec-7a722c29536a,8a2a8ac64b1ffff,0,Single-Family Residential,Multi-Family Residential,Multi-Family Residential
5c2c66d4-2304-4646-9e2a-43e26d49ddbd,8a2a8ac64b1ffff,0,Single-Family Residential,Multi-Family Residential,Multi-Family Residential
e471de80-a17a-4635-968f-78d430907881,8a2a8ac64b1ffff,0,Single-Family Residential,Multi-Family Residential,Multi-Family Residential
8dd66ddc-044e-47fb-bcf9-ae060dbcba9f,8a2a8ac64b1ffff,0,Single-Family Residential,Multi-Family Residential,Multi-Family Residential
53a8acf0-5a3b-4550-90de-a981c1c47a9e,8a2a8ac64b1ffff,0,Single-Family Residential,Multi-Family Residential,Multi-Family Residential
db21f53b-e9b5-4305-b183-6183edfc7fcc,8a2a8ac64b1ffff,0,Single-Family Residential,Multi-Family Residential,Multi-Family Residential
5d21d3fc-8972-4ce3-911a-3815d07a9f74,8a2a8ac64b1ffff,0,Single-Family Residential,Multi-Family Residential,Multi-Family Residential
271fad9f-b01a-41d4-8171-e4d52776fc57,8a2a8ac64b1ffff,0,Single-Family Residential,Multi-Family Residential,Multi-Family Residential
80f55f99-e1e1-46ae-b4e9-a43967afdaec,8a2a8ac64b1ffff,0,Single-Family Residential,Multi-Family Residential,Multi-Family Residential
2d609c2c-e1fb-4eac-af1d-5b6a4f215200,8a2a8ac64b07fff,0,Single-Family Residential,Multi-Family Residential,Multi-Family Residential
8ed7d0f7-f0b3-41eb-be7c-ecb3dfbb5f69,8a2a8ac64b07fff,0,Single-Family Residential,Multi-Family Residential,Multi-Family Residential
10ef35af-d8e0-4a94-8a1f-e166f9390bff,8a2a8ac64b07fff,0,Single-Family Residential,Multi-Family Residential,Multi-Family Residential
feaeb78c-6fcb-4736-8e16-b94b863be951,8a2a8ac64b07fff,0,Single-Family Residential,Multi-Family Residential,Multi-Family Residential
2e525edf-182f-47ca-9c83-6b04fe85c170,8a2a8ac64b07fff,0,Single-Family Residential,Multi-Family Residential,Multi-Family Residential
9658214e-09f6-4ef1-95ea-ad1ca95c2ce0,8a2a8ac64b07fff,0,Single-Family Residential,Multi-Family Residential,Multi-Family Residential
0f2ac5f8-a138-4cd5-b4b2-6e025358efa7,8a2a8ac64b07fff,0,Single-Family Residential,Multi-Family Residential,Multi-Family Residential
e2847e41-ea19-4fda-9c67-06dbf75b26b1,8a2a8ac64b07fff,0,Single-Family Residential,Multi-Family Residential,Multi-Family Residential
79e0be5f-78df-4bc5-8b35-afca9f2c7c4f,8a2a8ac64b07fff,0,Single-Family Residential,Multi-Family Residential,Multi-Family Residential
ab92fef6-f4e7-4c30-bfb1-a956a7553ea6,8a2a8ac64b07fff,0,Single-Family Residential,Multi-Family Residential,Multi-Family Residential
8dbe9367-3ab2-4784-bfae-decb5ebb42c9,8a2a8ac64b07fff,0,Single-Family Residential,Multi-Family Residential,Multi-Family Residential
0d1c9fcc-10fa-4dd5-a57f-fabe2e77cb83,8a2a8ac64b07fff,0,Single-Family Residential,Multi-Family Residential,Multi-Family Residential
7771b2b2-5b2d-4f20-b459-568d89e47079,8a2a8ac64b07fff,0,Single-Family Residential,Multi-Family Residential,Multi-Family Residential
e53037b7-ea74-45b3-85c6-d5adf35d1471,8a2a8ac64b07fff,0,Single-Family Residential,Multi-Family Residential,Multi-Family Residential
6a477259-0f1f-4c12-a2d1-fe5cdfeb1e90,8a2a8ac64b07fff,0,Single-Family Residential,Multi-Family Residential,Multi-Family Residential
f8237476-ea4e-43aa-818b-05393a01840c,8a2a8ac64b07fff,0,Single-Family Residential,Multi-Family Residential,Multi-Family Residential
34b9f566-324b-4670-952c-5e78194d9af4,8a2a8ac64b07fff,0,Single-Family Residential,Multi-Family Residential,Multi-Family Residential
1cec2418-408d-49e4-98b5-150a6e3cac92,8a2a8ac64b07fff,0,Single-Family Residential,Multi-Family Residential,Multi-Family Residential
426cbb9a-c8d0-4ba0-8b92-97f876dd30b0,8a2a8ac64b07fff,0,Single-Family Residential,Multi-Family Residential,Multi-Family Residential
31aa5695-6bee-49de-b80f-93fc914fddce,8a2a8ac64b1ffff,0,Single-Family Residential,Multi-Family Residential,Multi-Family Residential
d8699b0b-ba5b-4b10-8412-fad4f01daf3d,8a2a8ac64b1ffff,0,Single-Family Residential,Multi-Family Residential,Multi-Family Residential
bb2ccbf3-d997-4734-865a-7de3c0882548,8a2a8ac64b1ffff,0,Single-Family Residential,Multi-Family Residential,Multi-Family Residential
7cbb2c5b-c5fb-4239-a878-4f86447052dc,8a2a8ac64b1ffff,0,Single-Family Residential,Multi-Family Residential,Multi-Family Residential
fb1dc976-4374-4ed9-9ab7-fc10f54b8e0e,8a2a8ac64b1ffff,0,Single-Family Residential,Multi-Family Residential,Multi-Family Residential
44f7fe1a-d2dd-4d68-a538-fe5487c8919d,8a2a8ac64b1ffff,0,Single-Family Residential,Multi-Family Residential,Multi-Family Residential
df716d92-f496-4292-910e-72b153c7b08b,8a2a8ac64b1ffff,0,Single-Family Residential,Multi-Family Residential,Multi-Family Residential
c403b1bc-81cd-49b8-93a7-30b4fa7b154f,8a2a8ac64b1ffff,0,Single-Family Residential,Multi-Family Residential,Multi-Family Residential
96c060ff-56e2-4057-9f8f-0425c95e22f2,8a2a8ac64b1ffff,0,Single-Family Residential,Multi-Family Residential,Multi-Family Residential
09b751dd-01b9-48a2-b76a-ab5cf79c89f2,8a2a8ac64b1ffff,0,Single-Family Residential,Multi-Family Residential,Multi-Family Residential
9b90a1e3-45a7-4f5e-8d30-51a61f3ea7dc,8a2a8ac63827fff,0,Multi-Family Residential,Multi-Family Residential,Multi-Family Residential
32a5d987-38c5-4315-9d7d-f5650c581646,8a2a8ac63c67fff,0,Single-Family Residential,Single-Family Residential,Single-Family Residential
c2409930-e40d-47e0-a1c9-2909d9a8555c,8a2a8ac63c67fff,0,Single-Family Residential,Single-Family Residential,Single-Family Residential
c2409930-e40d-47e0-a1c9-2909d9a8555c,8a2a8ac63c47fff,0,Single-Family Residential,Single-Family Residential,Single-Family Residential
e5dbdea7-c4bc-49c2-9d83-d5d7c8bc76a6,8a2a8ac63c67fff,0,Single-Family Residential,Single-Family Residential,Single-Family Residential
e5dbdea7-c4bc-49c2-9d83-d5d7c8bc76a6,8a2a8ac63c47fff,0,Single-Family Residential,Single-Family Residential,Single-Family Residential
b2a74289-cf73-4947-a5a2-5b74e819ab82,8a2a8ac63c77fff,0,Single-Family Residential,Single-Family Residential,Single-Family Residential
4043041d-93b9-47b0-8db8-e83a85fe7e7d,8a2a8ac63c47fff,0,Single-Family Residential,Single-Family Residential,Single-Family Residential
2416e293-13de-4e2b-b564-5b27044d4302,8a2a8ac63c5ffff,0,Single-Family Residential,Single-Family Residential,Single-Family Residential
2416e293-13de-4e2b-b564-5b27044d4302,8a2a8ac63c47fff,0,Single-Family Residential,Single-Family Residential,Single-Family Residential
ffcd70c2-53d2-410e-ad87-fe9f0ecca99b,8a2a8ac63c47fff,0,Single-Family Residential,Single-Family Residential,Single-Family Residential
1ca23f97-3341-43e1-90b1-a20c9e559b89,8a2a8ac63c47fff,0,Single-Family Residential,Single-Family Residential,Single-Family Residential
1ca23f97-3341-43e1-90b1-a20c9e559b89,8a2a8ac63c77fff,0,Single-Family Residential,Single-Family Residential,Single-Family Residential
199b299b-4030-47a9-bbe0-ebc32e83fcfc,8a2a8ac63c47fff,0,Single-Family Residential,Single-Family Residential,Single-Family Residential
199b299b-4030-47a9-bbe0-ebc32e83fcfc,8a2a8ac63c77fff,0,Single-Family Residential,Single-Family Residential,Single-Family Residential
758b0d95-557e-41fb-9d0c-eae0a7daa4c9,8a2a8ac63c5ffff,0,Single-Family Residential,Single-Family Residential,Single-Family Residential
758b0d95-557e-41fb-9d0c-eae0a7daa4c9,8a2a8ac63c47fff,0,Single-Family Residential,Single-Family Residential,Single-Family Residential
a053612a-9bde-4ae7-9845-c2f1c7c700d3,8a2a8ac63c47fff,0,Single-Family Residential,Single-Family Residential,Single-Family Residential
a46467d0-8ff6-4b40-9cf1-21d2bc7f4ea7,8a2a8ac63c77fff,0,Single-Family Residential,Single-Family Residential,Single-Family Residential
6cf147c3-41e3-4691-853a-00925013c2dc,8a2a8ac63c67fff,0,Single-Family Residential,Single-Family Residential,Single-Family Residential
a57a7a77-ca50-42dc-82aa-c56468999e28,8a2a8ac63c67fff,0,Single-Family Residential,Single-Family Residential,Single-Family Residential
a42048f2-637f-45ca-8b0e-63ab95e1f03f,8a2a8ac63027fff,0,Single-Family Residential,Single-Family Residential,Single-Family Residential
fdf2cda9-f444-4517-9778-f38a81dfa4d0,8a2a8ac63027fff,0,Single-Family Residential,Single-Family Residential,Single-Family Residential
30609c76-c66f-4fcd-a56b-3df8ad5bb474,8a2a8ac63117fff,0,Single-Family Residential,Single-Family Residential,Single-Family Residential
47975a85-8bba-413f-a072-f7d184b29a9f,8a2a8ac606effff,0,Multi-Family Residential,Multi-Family Residential,Multi-Family Residential
e109cad7-2857-4136-8138-af37e9359749,8a2a8ac63c5ffff,0,Single-Family Residential,Single-Family Residential,Single-Family Residential
f5d7c4ab-82a1-4c81-b29f-79714e067214,8a2a8ac63c5ffff,0,Single-Family Residential,Single-Family Residential,Single-Family Residential
9b75d843-d25c-4c08-bc1a-fe4f36a39e56,8a2a8ac63117fff,0,Single-Family Residential,Single-Family Residential,Single-Family Residential
539e9c79-7d7a-419e-92f2-00d6a753c808,8a2a8ac63107fff,0,Single-Family Residential,Single-Family Residential,Single-Family Residential
c19ca204-5465-4b2c-a7fc-12b6d9d8e496,8a2a8ac63117fff,0,Single-Family Residential,Single-Family Residential,Single-Family Residential
6786332e-5854-41f2-b478-5519ecef2eea,8a2a8ac63107fff,0,Single-Family Residential,Single-Family Residential,Single-Family Residential
6786332e-5854-41f2-b478-5519ecef2eea,8a2a8ac63117fff,0,Single-Family Residential,Single-Family Residential,Single-Family Residential
8bd2b687-0668-4d49-9149-57adadfe6009,8a2a8ac63117fff,0,Single-Family Residential,Single-Family Residential,Single-Family Residential
ef3ef72d-9d21-4f10-a594-fce1f1aa1b66,8a2a8ac63117fff,0,Single-Family Residential,Single-Family Residential,Single-Family Residential
02386806-70fa-4dcd-85ff-187e04df4d9d,8a2a8ac63117fff,0,Single-Family Residential,Single-Family Residential,Single-Family Residential
292a6bc6-8aaf-482d-a2e6-56c2962cc3cf,8a2a8ac63067fff,0,Single-Family Residential,Single-Family Residential,Single-Family Residential
8bcaa7b7-b904-43bb-8636-31fe24575254,8a2a8ac63067fff,0,Single-Family Residential,Single-Family Residential,Single-Family Residential
9877dc75-3cfc-4878-b6bf-5c7c67451ad6,8a2a8ac63027fff,0,Single-Family Residential,Single-Family Residential,Single-Family Residential
a419a25c-4207-464a-952c-f62dac0b0631,8a2a8ac63027fff,0,Single-Family Residential,Single-Family Residential,Single-Family Residential
54c9de36-971c-482b-a6d5-1f66b7ac9fff,8a2a8ac63027fff,0,Single-Family Residential,Single-Family Residential,Single-Family Residential
7475167f-e26d-4d79-8db7-ea15d3278c51,8a2a8ac63897fff,0,Single-Family Residential,Single-Family Residential,Single-Family Residential
260e40c8-857b-40fe-97a3-483edda87afb,8a2a8ac63c67fff,0,Single-Family Residential,Single-Family Residential,Single-Family Residential
3fd87723-002a-47c5-863f-37a668b74fff,8a2a8ac63c67fff,0,Single-Family Residential,Single-Family Residential,Single-Family Residential
a5c61584-6077-492b-9cdc-0f5da5297560,8a2a8ac63c67fff,0,Single-Family Residential,Single-Family Residential,Single-Family Residential
a5c61584-6077-492b-9cdc-0f5da5297560,8a2a8ac63897fff,0,Single-Family Residential,Single-Family Residential,Single-Family Residential
4012d920-9e15-497a-a399-e2a6f747f348,8a2a8ac63c67fff,0,Single-Family Residential,Single-Family Residential,Single-Family Residential
926ade58-514e-4234-a0b2-1c0e4ce87a92,8a2a8ac63c67fff,0,Single-Family Residential,Single-Family Residential,Single-Family Residential
926ade58-514e-4234-a0b2-1c0e4ce87a92,8a2a8ac63897fff,0,Single-Family Residential,Single-Family Residential,Single-Family Residential
d0c98007-5427-4505-837c-dc5c9f08d6e5,8a2a8ac63897fff,0,Single-Family Residential,Single-Family Residential,Single-Family Residential
32d4b253-e3f3-4c00-bad6-c51bff6a432a,8a2a8ac63897fff,0,Single-Family Residential,Single-Family Residential,Single-Family Residential
000963eb-43f0-473b-a8ae-0719ed9468f9,8a2a8ac63c67fff,0,Single-Family Residential,Single-Family Residential,Single-Family Residential
000963eb-43f0-473b-a8ae-0719ed9468f9,8a2a8ac63897fff,0,Single-Family Residential,Single-Family Residential,Single-Family Residential
af1b5969-e226-4179-92e6-bb4fd3c50aeb,8a2a8ac63157fff,0,Single-Family Residential,Single-Family Residential,Single-Family Residential
af1b5969-e226-4179-92e6-bb4fd3c50aeb,8a2a8ac63027fff,0,Single-Family Residential,Single-Family Residential,Single-Family Residential
d4c01030-9183-41b8-8c3f-4c214e3647f0,8a2a8ac63157fff,0,Single-Family Residential,Single-Family Residential,Single-Family Residential
4c377e63-0ee6-47f0-92ca-dbd47cf5e524,8a2a8ac63157fff,0,Single-Family Residential,Single-Family Residential,Single-Family Residential
4c377e63-0ee6-47f0-92ca-dbd47cf5e524,8a2a8ac63027fff,0,Single-Family Residential,Single-Family Residential,Single-Family Residential
7c827fa0-836f-41dc-9fd5-4a82ffd8d386,8a2a8ac63157fff,0,Single-Family Residential,Single-Family Residential,Single-Family Residential
94ef635a-5ea6-4602-831a-4372045973ff,8a2a8ac63157fff,0,Single-Family Residential,Single-Family Residential,Single-Family Residential
2e008e1a-1cbd-40c8-ba3e-2807acf719b5,8a2a8ac63157fff,0,Single-Family Residential,Single-Family Residential,Single-Family Residential
2e008e1a-1cbd-40c8-ba3e-2807acf719b5,8a2a8ac63027fff,0,Single-Family Residential,Single-Family Residential,Single-Family Residential
3f8fa37e-bafe-4344-8f2e-2d996ad601ed,8a2a8ac63157fff,0,Single-Family Residential,Single-Family Residential,Single-Family Residential
a925b13a-bb19-4cdd-b387-e4af85a8a141,8a2a8ac63027fff,0,Single-Family Residential,Single-Family Residential,Single-Family Residential
4e916de4-4942-437c-a081-568abbb17bf2,8a2a8ac63c47fff,0,Single-Family Residential,Single-Family Residential,Single-Family Residential
d8bff465-656c-4739-9384-e1f82f0ff8af,8a2a8ac63c67fff,0,Single-Family Residential,Single-Family Residential,Single-Family Residential
d8bff465-656c-4739-9384-e1f82f0ff8af,8a2a8ac63c47fff,0,Single-Family Residential,Single-Family Residential,Single-Family Residential
e6ebf3d0-8fcb-4c76-b755-5ad04374c136,8a2a8ac63c47fff,0,Single-Family Residential,Single-Family Residential,Single-Family Residential
768ac7fc-7ebb-4bfc-8155-ff16bbd1b42b,8a2a8ac63027fff,0,Single-Family Residential,Single-Family Residential,Single-Family Residential
9ee124d1-d8d2-4fea-a23d-b6b2ab5ad0bd,8a2a8ac63027fff,0,Single-Family Residential,Single-Family Residential,Single-Family Residential
f9c11030-5ed8-4ff3-8001-4913c6cb8fd9,8a2a8ac63027fff,0,Single-Family Residential,Single-Family Residential,Single-Family Residential
f67d5e1c-a3d6-4fb7-9a05-a2259a44c282,8a2a8ac63027fff,0,Single-Family Residential,Single-Family Residential,Single-Family Residential
b3c08a8c-5288-4b7f-8321-d937f6a07ec8,8a2a8ac63107fff,0,Single-Family Residential,Single-Family Residential,Single-Family Residential
761950c8-4941-41c5-9334-c96a82879a8f,8a2a8ac63027fff,0,Single-Family Residential,Single-Family Residential,Single-Family Residential
bb243021-97c4-4fea-9b8a-8fe68179523b,8a2a8ac63107fff,0,Single-Family Residential,Single-Family Residential,Single-Family Residential
bb243021-97c4-4fea-9b8a-8fe68179523b,8a2a8ac63117fff,0,Single-Family Residential,Single-Family Residential,Single-Family Residential
8bf8fb01-0ce2-41b1-bf1a-dc982cbab295,8a2a8ac63117fff,0,Single-Family Residential,Single-Family Residential,Single-Family Residential
a7b60197-148e-4924-8a54-a0deda55b7cf,8a2a8ac63117fff,0,Single-Family Residential,Single-Family Residential,Single-Family Residential
701bc62d-3ead-4321-b5d5-bdf777c53395,8a2a8ac63117fff,0,Single-Family Residential,Single-Family Residential,Single-Family Residential
4e00c7bc-7271-4d9e-8de6-f4f7c03d928b,8a2a8ac63897fff,0,Agricultural Land,Agricultural Land,Agricultural Land
4e00c7bc-7271-4d9e-8de6-f4f7c03d928b,8a2a8ac63157fff,0,Agricultural Land,Agricultural Land,Agricultural Land
4e00c7bc-7271-4d9e-8de6-f4f7c03d928b,8a2a8ac63107fff,0,Agricultural Land,Agricultural Land,Agricultural Land
4e00c7bc-7271-4d9e-8de6-f4f7c03d928b,8a2a8ac63117fff,0,Agricultural Land,Agricultural Land,Agricultural Land
4e00c7bc-7271-4d9e-8de6-f4f7c03d928b,8a2a8ac638f7fff,0,Agricultural Land,Agricultural Land,Agricultural Land
44d9c263-9236-4523-8109-eba64e107a95,8a2a8ac63027fff,0,Single-Family Residential,Single-Family Residential,Single-Family Residential
3a04aa51-de31-4265-a620-4216733b7775,8a2a8ac63067fff,0,Single-Family Residential,Single-Family Residential,Single-Family Residential
fb65c13d-243d-4277-92fe-42db601e44b8,8a2a8ac630e7fff,0,Single-Family Residential,Single-Family Residential,Single-Family Residential
fa1d45e9-ca35-4636-b8ec-4f6a4e903cad,8a2a8ac630e7fff,0,Single-Family Residential,Single-Family Residential,Single-Family Residential
5831868e-388c-47da-b2bf-3d5879d37a81,8a2a8ac630e7fff,0,Single-Family Residential,Single-Family Residential,Single-Family Residential
c1086a66-2d1a-4c94-9885-eb0a852266e5,8a2a8ac630e7fff,0,Single-Family Residential,Single-Family Residential,Single-Family Residential
d202331c-97b6-4a7f-b7bd-366958dd8d1d,8a2a8ac60717fff,0,Single-Family Residential,Single-Family Residential,Single-Family Residential
34513f24-df11-4ccb-b08a-4a4ec94b4757,8a2a8ac60707fff,0,Single-Family Residential,Single-Family Residential,Single-Family Residential
34513f24-df11-4ccb-b08a-4a4ec94b4757,8a2a8ac60717fff,0,Single-Family Residential,Single-Family Residential,Single-Family Residential
24cc367c-f889-413f-b239-a98994ea69ba,8a2a8ac60707fff,0,Single-Family Residential,Single-Family Residential,Single-Family Residential
24cc367c-f889-413f-b239-a98994ea69ba,8a2a8ac60717fff,0,Single-Family Residential,Single-Family Residential,Single-Family Residential
24cc367c-f889-413f-b239-a98994ea69ba,8a2a8ac60737fff,0,Single-Family Residential,Single-Family Residential,Single-Family Residential
ab6932e9-8d47-4b3c-af30-b975efd808ac,8a2a8ac60717fff,0,Single-Family Residential,Single-Family Residential,Single-Family Residential
3c72806c-3cd9-4b57-a309-26d68f6ee9a2,8a2a8ac60707fff,0,Single-Family Residential,Single-Family Residential,Single-Family Residential
3c72806c-3cd9-4b57-a309-26d68f6ee9a2,8a2a8ac60717fff,0,Single-Family Residential,Single-Family Residential,Single-Family Residential
326417e2-223b-480c-aea0-eaaa117d0cfa,8a2a8ac60707fff,0,Single-Family Residential,Single-Family Residential,Single-Family Residential
326417e2-223b-480c-aea0-eaaa117d0cfa,8a2a8ac60717fff,0,Single-Family Residential,Single-Family Residential,Single-Family Residential
27b020b2-a27c-4e46-b5cb-a922b50e5d1d,8a2a8ac60717fff,0,Single-Family Residential,Single-Family Residential,Single-Family Residential
713cb580-961e-48bb-aa0a-0639002c6141,8a2a8ac60717fff,0,Single-Family Residential,Single-Family Residential,Single-Family Residential
713cb580-961e-48bb-aa0a-0639002c6141,8a2a8ac60737fff,0,Single-Family Residential,Single-Family Residential,Single-Family Residential
c56f6c2f-ffd3-4f9f-bcb1-b4a11b380079,8a2a8ac60717fff,0,Single-Family Residential,Single-Family Residential,Single-Family Residential
db21ba32-059c-4b51-9eb9-9db464b57590,8a2a8ac60717fff,0,Single-Family Residential,Single-Family Residential,Single-Family Residential
e4e43c5d-de5b-4534-aebd-1edfe6184175,8a2a8ac60717fff,0,Single-Family Residential,Single-Family Residential,Single-Family Residential
aa59652f-72be-4d77-a05d-f93b0d792392,8a2a8ac60717fff,0,Single-Family Residential,Single-Family Residential,Single-Family Residential
2a48de07-e5f8-4531-a631-672a6ecde065,8a2a8ac60717fff,0,Single-Family Residential,Single-Family Residential,Single-Family Residential
0da48fb0-cb04-43e4-9e70-1225ef417aa5,8a2a8ac60717fff,0,Single-Family Residential,Single-Family Residential,Single-Family Residential
0da48fb0-cb04-43e4-9e70-1225ef417aa5,8a2a8ac60737fff,0,Single-Family Residential,Single-Family Residential,Single-Family Residential
9ca3ca42-3968-4266-bf85-f5376644549f,8a2a8ac60717fff,0,Single-Family Residential,Single-Family Residential,Single-Family Residential
6dd35f30-c76f-437a-a3a6-243222d7c4a5,8a2a8ac60707fff,0,Single-Family Residential,Single-Family Residential,Single-Family Residential
7ddf37cb-3dbe-44ae-b5da-3cbc21c6a0cc,8a2a8ac60707fff,0,Single-Family Residential,Single-Family Residential,Single-Family Residential
b3ca5b5d-bdc0-49fe-8059-e87f6699415d,8a2a8ac60707fff,0,Single-Family Residential,Single-Family Residential,Single-Family Residential
72d50b78-92dc-4762-8925-267fd7160e56,8a2a8ac60707fff,0,Single-Family Residential,Single-Family Residential,Single-Family Residential
b8891b51-b222-4281-b837-c99788a0ec5e,8a2a8ac60707fff,0,Single-Family Residential,Single-Family Residential,Single-Family Residential
1db407e7-9aac-4bde-91b8-ae53a529cf04,8a2a8ac60707fff,0,Single-Family Residential,Single-Family Residential,Single-Family Residential
5fa9788e-e08f-49e4-b5b2-cbc3c3f921b8,8a2a8ac60707fff,0,Single-Family Residential,Single-Family Residential,Single-Family Residential
a55efeda-53a2-464c-a8c0-981f27aa6a1a,8a2a8ac60707fff,0,Single-Family Residential,Single-Family Residential,Single-Family Residential
15a2351e-da5c-4d95-8117-18bcb88b5116,8a2a8ac60617fff,0,Commercial,Commercial,Commercial
560ab56c-ffba-46d8-bd03-451abb5ecc45,8a2a8ac60617fff,0,Commercial,Commercial,Commercial
47bb7fb4-96ad-4cd6-9fbb-a8dff4e98d54,8a2a8ad4ad5ffff,0,Single-Family Residential,Single-Family Residential,Mixed Use
47bb7fb4-96ad-4cd6-9fbb-a8dff4e98d54,8a2a8ad4ac77fff,0,Single-Family Residential,Single-Family Residential,Mixed Use
47bb7fb4-96ad-4cd6-9fbb-a8dff4e98d54,8a2a8ad4ac0ffff,0,Single-Family Residential,Single-Family Residential,Mixed Use
b37f3dde-a4e8-4447-96e6-b0b6cf7cae05,8a2a8ad4ac77fff,0,Single-Family Residential,Single-Family Residential,Single-Family Residential
b37f3dde-a4e8-4447-96e6-b0b6cf7cae05,8a2a8ad4ac0ffff,0,Single-Family Residential,Single-Family Residential,Single-Family Residential
5c96dc32-1221-4693-9391-f85870a2015c,8a2a8ad4acc7fff,0,Single-Family Residential,Single-Family Residential,Single-Family Residential
7a1772dc-eca0-4ba0-a3b1-f196d7f80023,8a2a8ad4e607fff,0,Agricultural Land,Agricultural Land,Mixed Use
7a1772dc-eca0-4ba0-a3b1-f196d7f80023,8a2a8ad4e6a7fff,0,Agricultural Land,Agricultural Land,Mixed Use
7a1772dc-eca0-4ba0-a3b1-f196d7f80023,8a2a8ad4ad67fff,0,Agricultural Land,Agricultural Land,Mixed Use
7a1772dc-eca0-4ba0-a3b1-f196d7f80023,8a2a8ad4e6c7fff,0,Agricultural Land,Agricultural Land,Mixed Use
7a1772dc-eca0-4ba0-a3b1-f196d7f80023,8a2a8ad4e6f7fff,0,Agricultural Land,Agricultural Land,Mixed Use
d628a9f2-5c3e-481f-bcb4-589dd3a03acf,8a2a8ad4ad5ffff,0,Agricultural Land,Agricultural Land,Single-Family Residential
d628a9f2-5c3e-481f-bcb4-589dd3a03acf,8a2a8ad4ac47fff,0,Agricultural Land,Agricultural Land,Single-Family Residential
d628a9f2-5c3e-481f-bcb4-589dd3a03acf,8a2a8ad4ac67fff,0,Agricultural Land,Agricultural Land,Single-Family Residential
d628a9f2-5c3e-481f-bcb4-589dd3a03acf,8a2a8ad4ad4ffff,0,Agricultural Land,Agricultural Land,Single-Family Residential
d628a9f2-5c3e-481f-bcb4-589dd3a03acf,8a2a8ad4ad67fff,0,Agricultural Land,Agricultural Land,Single-Family Residential
d628a9f2-5c3e-481f-bcb4-589dd3a03acf,8a2a8ad4ac77fff,0,Agricultural Land,Agricultural Land,Single-Family Residential
30da545e-e162-413e-9f8c-37b3d5647182,8a2a8ac64b07fff,0,Single-Family Residential,Multi-Family Residential,Multi-Family Residential
1e79e55e-cede-4c30-9e46-4aad7a5a7a50,8a2a8ac64b07fff,0,Single-Family Residential,Multi-Family Residential,Multi-Family Residential
db5bf804-5a8a-41b8-9952-3f3a760cd984,8a2a8ac64b07fff,0,Single-Family Residential,Multi-Family Residential,Multi-Family Residential
3a07d42b-7cc7-4fdf-8865-f456a951ffa2,8a2a8ac64b07fff,0,Single-Family Residential,Multi-Family Residential,Multi-Family Residential
28c09d63-ae0a-4de2-832b-30d6e557be63,8a2a8ac64b07fff,0,Single-Family Residential,Multi-Family Residential,Multi-Family Residential
69cf2265-8521-4997-8045-f0bb709f5369,8a2a8ac64b07fff,0,Single-Family Residential,Multi-Family Residential,Multi-Family Residential
b04e4031-389f-4737-be8f-e8daa337743f,8a2a8ac64b07fff,0,Single-Family Residential,Multi-Family Residential,Multi-Family Residential
f718b058-b07c-4cde-899c-315a82f805f2,8a2a8ac64b07fff,0,Single-Family Residential,Multi-Family Residential,Multi-Family Residential
1a3933b7-fc38-43fa-9027-363489fe3134,8a2a8ac64b07fff,0,Single-Family Residential,Multi-Family Residential,Multi-Family Residential
822fa240-2028-4514-9bc0-ccce6ea57a42,8a2a8ac64b07fff,0,Single-Family Residential,Multi-Family Residential,Multi-Family Residential
69ecea8b-a092-44e6-bcc8-c381beb81b1b,8a2a8ac64b07fff,0,Single-Family Residential,Multi-Family Residential,Multi-Family Residential
17f3e5ed-b26e-4527-9bb7-36096d064c8a,8a2a8ac64b07fff,0,Single-Family Residential,Multi-Family Residential,Multi-Family Residential
1a70a010-2d16-4e62-8acc-8f082a14a7c5,8a2a8ac64b07fff,0,Single-Family Residential,Multi-Family Residential,Multi-Family Residential
2eb9f4b5-3dd4-4705-a583-48494d0b96bb,8a2a8ac6081ffff,0,Institutional (Vacant),Institutional,Institutional
2eb9f4b5-3dd4-4705-a583-48494d0b96bb,8a2a8ac60857fff,0,Institutional (Vacant),Institutional,Institutional
3660c269-83e7-4315-9fae-a012291cc928,8a2a8ad4878ffff,0,Single-Family Residential,Single-Family Residential,Single-Family Residential
3660c269-83e7-4315-9fae-a012291cc928,8a2a8ad48787fff,0,Single-Family Residential,Single-Family Residential,Single-Family Residential
3660c269-83e7-4315-9fae-a012291cc928,8a2a8ad48797fff,0,Single-Family Residential,Single-Family Residential,Single-Family Residential
a6288ce5-72fc-46a7-a3c6-74df09b52f71,8a2a8ad4878ffff,0,Single-Family Residential,Single-Family Residential,Single-Family Residential
a6288ce5-72fc-46a7-a3c6-74df09b52f71,8a2a8ad48787fff,0,Single-Family Residential,Single-Family Residential,Single-Family Residential
a6288ce5-72fc-46a7-a3c6-74df09b52f71,8a2a8ad487a7fff,0,Single-Family Residential,Single-Family Residential,Single-Family Residential
47362a7a-fa50-48ee-870b-5151201574a2,8a2a8ad4878ffff,0,Single-Family Residential,Single-Family Residential,Single-Family Residential
47362a7a-fa50-48ee-870b-5151201574a2,8a2a8ad48797fff,0,Single-Family Residential,Single-Family Residential,Single-Family Residential
34f65953-4fc9-4654-a8e6-fbcb737a75bf,8a2a8ac60aaffff,0,Institutional (Vacant),Institutional,Institutional
34f65953-4fc9-4654-a8e6-fbcb737a75bf,8a2a8ac60a1ffff,0,Institutional (Vacant),Institutional,Institutional
34f65953-4fc9-4654-a8e6-fbcb737a75bf,8a2a8ac60ad7fff,0,Institutional (Vacant),Institutional,Institutional
500c0ab3-ae75-4183-8987-5f1804f94747,8a2a8ad480a7fff,0,Single-Family Residential,Single-Family Residential,Single-Family Residential
173e2e61-f6d4-4383-9142-c00a6645e67c,8a2a8ad480a7fff,0,Single-Family Residential,Single-Family Residential,Single-Family Residential
19be68e7-8cdc-4cad-bd7e-54b30d232b4d,8a2a8ad480a7fff,0,Single-Family Residential,Single-Family Residential,Single-Family Residential
ca93f230-ed47-4b47-8c32-4a1b14842c3d,8a2a8ad480a7fff,0,Single-Family Residential,Single-Family Residential,Single-Family Residential
4c6135d5-a95c-4acb-9592-9d2d9b181648,8a2a8ad48447fff,0,Single-Family Residential,Single-Family Residential,Single-Family Residential
4c6135d5-a95c-4acb-9592-9d2d9b181648,8a2a8ad48467fff,0,Single-Family Residential,Single-Family Residential,Single-Family Residential
2bad2a7d-62e1-4696-9b45-ba3e74fa9a3b,8a2a8ad48447fff,0,Single-Family Residential,Single-Family Residential,Single-Family Residential
2bad2a7d-62e1-4696-9b45-ba3e74fa9a3b,8a2a8ad48467fff,0,Single-Family Residential,Single-Family Residential,Single-Family Residential
6f4ec105-b1a7-45ea-9931-b74e50d89a9b,8a2a8ad48447fff,0,Single-Family Residential,Single-Family Residential,Single-Family Residential
6f4ec105-b1a7-45ea-9931-b74e50d89a9b,8a2a8ad48467fff,0,Single-Family Residential,Single-Family Residential,Single-Family Residential
97e7f2f7-e909-4976-a0ae-decbd6caab2c,8a2a8ad48447fff,0,Single-Family Residential,Single-Family Residential,Single-Family Residential
97e7f2f7-e909-4976-a0ae-decbd6caab2c,8a2a8ad48467fff,0,Single-Family Residential,Single-Family Residential,Single-Family Residential
852173b8-01bb-4723-a576-740a9fd36ce5,8a2a8ad48447fff,0,Single-Family Residential,Single-Family Residential,Single-Family Residential
ef1fcb4c-db74-4437-b525-f545d38c4bcf,8a2a8ad48447fff,0,Single-Family Residential,Single-Family Residential,Single-Family Residential
4a655ed8-517a-4672-bfd4-fc052a2329ae,8a2a8ad48447fff,0,Single-Family Residential,Single-Family Residential,Single-Family Residential
086a254c-3860-439b-ae56-98c2d997e1c7,8a2a8ad48447fff,0,Single-Family Residential,Single-Family Residential,Single-Family Residential
e6da3b8f-8c32-45d6-a1cd-2a19ba2ef671,8a2a8ad48447fff,0,Single-Family Residential,Single-Family Residential,Single-Family Residential
00bca989-bf33-49fa-8d56-8fdc413df22b,8a2a8ad48447fff,0,Single-Family Residential,Single-Family Residential,Single-Family Residential
8ce28501-3c6a-4752-9371-d01f66a9ac6b,8a2a8ad48447fff,0,Single-Family Residential,Single-Family Residential,Single-Family Residential
3f7fd4d3-3df4-4d62-ae9c-a8806077c809,8a2a8ad48447fff,0,Single-Family Residential,Single-Family Residential,Single-Family Residential
3f440b35-3f4a-4401-839d-17a003896957,8a2a8ad48447fff,0,Single-Family Residential,Single-Family Residential,Single-Family Residential
aa50f32d-6a04-4e2e-a260-7173d1782917,8a2a8ad48447fff,0,Single-Family Residential,Single-Family Residential,Single-Family Residential
36070db9-670d-454f-9648-2811442bc38b,8a2a8ad487a7fff,0,Single-Family Residential,Single-Family Residential,Single-Family Residential
1fba6261-5e7d-4716-ae22-b36e9049f3fa,8a2a8ad487a7fff,0,Single-Family Residential,Single-Family Residential,Single-Family Residential
040e5b62-4083-45c5-9e8d-d2bcab814e4a,8a2a8ad487a7fff,0,Single-Family Residential,Single-Family Residential,Single-Family Residential
4b1cc692-2cba-4471-a1c0-e52ad3a0b36e,8a2a8ad4ba8ffff,0,Single-Family Residential,Single-Family Residential,Single-Family Residential
c16627ed-334c-4c50-b660-28d7be6166fc,8a2a8ad4ba8ffff,0,Single-Family Residential,Single-Family Residential,Single-Family Residential
92a6a14f-e901-45a6-b0ec-28fdd4524b2b,8a2a8ad4ba8ffff,0,Single-Family Residential,Single-Family Residential,Single-Family Residential
d831371b-68ba-408a-83b8-d59a392b9f2c,8a2a8ad4ba8ffff,0,Single-Family Residential,Single-Family Residential,Single-Family Residential
f197e445-9c39-4bdc-9fe5-37063c00033c,8a2a8ad4b06ffff,0,Single-Family Residential,Single-Family Residential,Single-Family Residential
05a452c5-58d3-4830-b0fc-b119d1b58c8c,8a2a8ad4b06ffff,0,Single-Family Residential,Single-Family Residential,Single-Family Residential
5ec628e3-f8e0-4be3-a0eb-5f6f432765b2,8a2a8ad4b06ffff,0,Single-Family Residential,Single-Family Residential,Single-Family Residential
3e698c71-677f-47cd-8809-536d52462c56,8a2a8ac641affff,0,Single-Family Residential,Single-Family Residential,Single-Family Residential
416b907c-4328-48f2-b202-3c014d919dc6,8a2a8ad487a7fff,0,Single-Family Residential,Single-Family Residential,Single-Family Residential
2ac50dcf-aee3-4a57-9088-887a430afc10,8a2a8ad487a7fff,0,Single-Family Residential,Single-Family Residential,Single-Family Residential
983e8a6f-5f97-40cd-9a74-1d320e606692,8a2a8ad487a7fff,0,Single-Family Residential,Single-Family Residential,Single-Family Residential
cf8ee8b6-18f8-4a56-814b-c5a9497e715e,8a2a8ac65ce7fff,0,Institutional (Vacant),Institutional,Institutional
a13c4977-d310-4636-9029-63b4d840c060,8a2a8ac651affff,0,Commercial,Commercial,Commercial
80380a25-f2e1-4e0d-adeb-03699cbf4050,8a2a8ac6500ffff,0,Institutional (Vacant),Institutional,Institutional
80380a25-f2e1-4e0d-adeb-03699cbf4050,8a2a8ac61d4ffff,0,Institutional (Vacant),Institutional,Institutional
80380a25-f2e1-4e0d-adeb-03699cbf4050,8a2a8ac6191ffff,0,Institutional (Vacant),Institutional,Institutional
80380a25-f2e1-4e0d-adeb-03699cbf4050,8a2a8ac65ce7fff,0,Institutional (Vacant),Institutional,Institutional
80380a25-f2e1-4e0d-adeb-03699cbf4050,8a2a8ac61977fff,0,Institutional (Vacant),Institutional,Institutional
80380a25-f2e1-4e0d-adeb-03699cbf4050,8a2a8ac6192ffff,0,Institutional (Vacant),Institutional,Institutional
80380a25-f2e1-4e0d-adeb-03699cbf4050,8a2a8ac61bb7fff,0,Institutional (Vacant),Institutional,Institutional
80380a25-f2e1-4e0d-adeb-03699cbf4050,8a2a8ac6096ffff,0,Institutional (Vacant),Institutional,Institutional
80380a25-f2e1-4e0d-adeb-03699cbf4050,8a2a8ac61907fff,0,Institutional (Vacant),Institutional,Institutional
80380a25-f2e1-4e0d-adeb-03699cbf4050,8a2a8ac656cffff,0,Institutional (Vacant),Institutional,Institutional
80380a25-f2e1-4e0d-adeb-03699cbf4050,8a2a8ac61a37fff,0,Institutional (Vacant),Institutional,Institutional
80380a25-f2e1-4e0d-adeb-03699cbf4050,8a2a8ac65297fff,0,Institutional (Vacant),Institutional,Institutional
80380a25-f2e1-4e0d-adeb-03699cbf4050,8a2a8ac65677fff,0,Institutional (Vacant),Institutional,Institutional
80380a25-f2e1-4e0d-adeb-03699cbf4050,8a2a8ac65447fff,0,Institutional (Vacant),Institutional,Institutional
80380a25-f2e1-4e0d-adeb-03699cbf4050,8a2a8ac6568ffff,0,Institutional (Vacant),Institutional,Institutional
80380a25-f2e1-4e0d-adeb-03699cbf4050,8a2a8ac65637fff,0,Institutional (Vacant),Institutional,Institutional
80380a25-f2e1-4e0d-adeb-03699cbf4050,8a2a8ac61d6ffff,0,Institutional (Vacant),Institutional,Institutional
80380a25-f2e1-4e0d-adeb-03699cbf4050,8a2a8ac61837fff,0,Institutional (Vacant),Institutional,Institutional
80380a25-f2e1-4e0d-adeb-03699cbf4050,8a2a8ac6575ffff,0,Institutional (Vacant),Institutional,Institutional
80380a25-f2e1-4e0d-adeb-03699cbf4050,8a2a8ac6565ffff,0,Institutional (Vacant),Institutional,Institutional
80380a25-f2e1-4e0d-adeb-03699cbf4050,8a2a8ac652cffff,0,Institutional (Vacant),Institutional,Institutional
80380a25-f2e1-4e0d-adeb-03699cbf4050,8a2a8ac61167fff,0,Institutional (Vacant),Institutional,Institutional
80380a25-f2e1-4e0d-adeb-03699cbf4050,8a2a8ac65737fff,0,Institutional (Vacant),Institutional,Institutional
80380a25-f2e1-4e0d-adeb-03699cbf4050,8a2a8ac6544ffff,0,Institutional (Vacant),Institutional,Institutional
80380a25-f2e1-4e0d-adeb-03699cbf4050,8a2a8ac60847fff,0,Institutional (Vacant),Institutional,Institutional
80380a25-f2e1-4e0d-adeb-03699cbf4050,8a2a8ac6081ffff,0,Institutional (Vacant),Institutional,Institutional
80380a25-f2e1-4e0d-adeb-03699cbf4050,8a2a8ac65287fff,0,Institutional (Vacant),Institutional,Institutional
80380a25-f2e1-4e0d-adeb-03699cbf4050,8a2a8ac60b47fff,0,Institutional (Vacant),Institutional,Institutional
80380a25-f2e1-4e0d-adeb-03699cbf4050,8a2a8ac65ceffff,0,Institutional (Vacant),Institutional,Institutional
80380a25-f2e1-4e0d-adeb-03699cbf4050,8a2a8ac6186ffff,0,Institutional (Vacant),Institutional,Institutional
80380a25-f2e1-4e0d-adeb-03699cbf4050,8a2a8ac6564ffff,0,Institutional (Vacant),Institutional,Institutional
80380a25-f2e1-4e0d-adeb-03699cbf4050,8a2a8ac651affff,0,Institutional (Vacant),Institutional,Institutional
80380a25-f2e1-4e0d-adeb-03699cbf4050,8a2a8ac61997fff,0,Institutional (Vacant),Institutional,Institutional
80380a25-f2e1-4e0d-adeb-03699cbf4050,8a2a8ac61987fff,0,Institutional (Vacant),Institutional,Institutional
80380a25-f2e1-4e0d-adeb-03699cbf4050,8a2a8ac65617fff,0,Institutional (Vacant),Institutional,Institutional
80380a25-f2e1-4e0d-adeb-03699cbf4050,8a2a8ac619a7fff,0,Institutional (Vacant),Institutional,Institutional
80380a25-f2e1-4e0d-adeb-03699cbf4050,8a2a8ac65727fff,0,Institutional (Vacant),Institutional,Institutional
80380a25-f2e1-4e0d-adeb-03699cbf4050,8a2a8ac618c7fff,0,Institutional (Vacant),Institutional,Institutional
80380a25-f2e1-4e0d-adeb-03699cbf4050,8a2a8ac65747fff,0,Institutional (Vacant),Institutional,Institutional
80380a25-f2e1-4e0d-adeb-03699cbf4050,8a2a8ac60857fff,0,Institutional (Vacant),Institutional,Institutional
80380a25-f2e1-4e0d-adeb-03699cbf4050,8a2a8ac65547fff,0,Institutional (Vacant),Institutional,Institutional
80380a25-f2e1-4e0d-adeb-03699cbf4050,8a2a8ac618dffff,0,Institutional (Vacant),Institutional,Institutional
80380a25-f2e1-4e0d-adeb-03699cbf4050,8a2a8ac651a7fff,0,Institutional (Vacant),Institutional,Institutional
80380a25-f2e1-4e0d-adeb-03699cbf4050,8a2a8ac61887fff,0,Institutional (Vacant),Institutional,Institutional
80380a25-f2e1-4e0d-adeb-03699cbf4050,8a2a8ac6194ffff,0,Institutional (Vacant),Institutional,Institutional
80380a25-f2e1-4e0d-adeb-03699cbf4050,8a2a8ac611b7fff,0,Institutional (Vacant),Institutional,Institutional
80380a25-f2e1-4e0d-adeb-03699cbf4050,8a2a8ac65717fff,0,Institutional (Vacant),Institutional,Institutional
80380a25-f2e1-4e0d-adeb-03699cbf4050,8a2a8ac657a7fff,0,Institutional (Vacant),Institutional,Institutional
80380a25-f2e1-4e0d-adeb-03699cbf4050,8a2a8ac6572ffff,0,Institutional (Vacant),Institutional,Institutional
80380a25-f2e1-4e0d-adeb-03699cbf4050,8a2a8ac61ceffff,0,Institutional (Vacant),Institutional,Institutional
b0e5086e-1331-4d22-bc71-8de2ca65c53b,8a2a8ac651affff,0,Institutional (Vacant),Institutional,Institutional
cefa77b8-60ca-423e-85fb-8b45affb8ccb,8a2a8ac65247fff,0,Institutional (Vacant),Institutional,Unclassified
2b0bd658-d9a9-436b-8739-87984ec81498,8a2a8a8935b7fff,0,Industrial (Vacant),Industrial,Government/Public
bf2c48f5-8896-455d-9e1a-f39378e09e9b,8a2a8a892217fff,0,Commercial (Vacant),Commercial,Unclassified
bf038a78-e5b9-4669-b9e5-2722cc53d246,8a2a8ac63587fff,0,Government/Public (Vacant),Government/Public,Government/Public
10f0814e-cc5b-4cba-9de1-5c195c44f916,8a2a8a892167fff,0,Multi-Family Residential (Vacant),Unclassified,Mixed Use
6c3fb6b4-2c57-41f9-84bb-6b064a16ca43,8a2a8ac60617fff,0,Commercial (Vacant),Commercial,Commercial
16d306af-a587-4b7f-8140-569f67ce53be,8a2a8a892d57fff,0,Commercial,Commercial,Mixed Use
2b02d624-048b-40bb-a11f-c1f50efa9d4a,8a2a8ac6515ffff,0,Government/Public,Government/Public,Government/Public
2b02d624-048b-40bb-a11f-c1f50efa9d4a,8a2a8ac6502ffff,0,Government/Public,Government/Public,Government/Public
6d52385a-4833-4610-9cfb-9daf50711a60,8a2a8ac658c7fff,0,Government/Public,Government/Public,Government/Public
c011431c-0346-4337-bbdb-e6f2d9018a1b,8a2a8ac66207fff,0,Single-Family Residential,Single-Family Residential,Single-Family Residential
2c11861f-c5f0-43c0-a380-19fe38699b91,8a2a8ac66a17fff,0,Single-Family Residential (Vacant),Single-Family Residential,Single-Family Residential
86a09018-71f5-45c8-bfef-53a01096c791,8a2a8ac664e7fff,0,Single-Family Residential,Single-Family Residential,Single-Family Residential
0f7d7de6-66dc-41c4-a4f0-a29dda3ee7c3,8a2a8ac6c207fff,0,Commercial,Commercial,Commercial
0f7d7de6-66dc-41c4-a4f0-a29dda3ee7c3,8a2a8ac6c38ffff,0,Commercial,Commercial,Commercial
2c88403e-a0c9-4ec5-9237-c4a56e7e958c,8a2a8a8936e7fff,0,Commercial (Vacant),Industrial,Industrial
975a159e-276d-4da5-8e4a-0f43b532c378,8a2a8ac6c12ffff,0,Residential (unspecified) (Vacant),Unclassified,Institutional
975a159e-276d-4da5-8e4a-0f43b532c378,8a2a8ac6c10ffff,0,Residential (unspecified) (Vacant),Unclassified,Institutional
3f830d54-64d9-472e-a16c-b706d36012f8,8a2a8ac6c147fff,0,Commercial (Vacant),Commercial,Government/Public
3f830d54-64d9-472e-a16c-b706d36012f8,8a2a8ac6c067fff,0,Commercial (Vacant),Commercial,Government/Public
3f830d54-64d9-472e-a16c-b706d36012f8,8a2a8ac6c12ffff,0,Commercial (Vacant),Commercial,Government/Public
3f830d54-64d9-472e-a16c-b706d36012f8,8a2a8ac6c057fff,0,Commercial (Vacant),Commercial,Government/Public
cc192a08-fb1f-4607-ba9c-112a1ffa9960,8a2a8a89355ffff,0,Commercial,Industrial,Industrial
4101a24c-a00a-40f9-a700-27deb18e55b8,8a2a8ac6c987fff,0,Commercial (Vacant),Commercial,Commercial
12383c0f-bf44-4853-82c6-9671b63073fc,8a2a8ac6332ffff,0,Residential (unspecified),Government/Public,Unclassified
d1c29a61-c613-40b3-9872-11f80440ace7,8a2a8ac6c99ffff,0,Institutional,Institutional,Institutional
2fee31d1-379f-4822-ae2f-68f6a5ef8f75,8a2a8a892217fff,0,Institutional (Vacant),Institutional,Institutional
f40de689-7e35-464f-a89e-10f70ee43768,8a2a8a892217fff,0,Commercial (Vacant),Commercial,Government/Public
7c6cdfa9-0f79-4133-bcc9-8f8dc3ae65ca,8a2a8a892217fff,0,Commercial (Vacant),Commercial,Unclassified
fde527c6-cdbf-4f30-9024-f7b7af4e6d05,8a2a8a892217fff,0,Institutional,Institutional,Institutional
00f8a872-084d-4c3a-af3f-0c4ce4c3d73b,8a2a8ac63107fff,0,Single-Family Residential (Vacant),Single-Family Residential,Single-Family Residential
db8cfbef-c56b-4d93-aa00-2c44ccc97d54,8a2a8a89219ffff,0,Single-Family Residential (Vacant),Single-Family Residential,Single-Family Residential
c2a87388-7128-4273-b4eb-074e870b1b93,8a2a8ac6398ffff,0,Commercial (Vacant),Commercial,Commercial
07ebda70-5551-490b-ad66-b50cc570f598,8a2a8ac6028ffff,0,Multi-Family Residential,Multi-Family Residential,Multi-Family Residential
5864e02c-0091-4a08-8e2f-0552b8baed1a,8a2a8ac6066ffff,0,Multi-Family Residential,Multi-Family Residential,Multi-Family Residential
5864e02c-0091-4a08-8e2f-0552b8baed1a,8a2a8ac6064ffff,0,Multi-Family Residential,Multi-Family Residential,Multi-Family Residential
50f2da3a-fc82-4549-a0ff-35f1697eeadb,8a2a8ac606effff,0,Multi-Family Residential,Multi-Family Residential,Multi-Family Residential
c04c4be0-b689-4391-a8ce-033c99f7fd6d,8a2a8a892817fff,0,Government/Public (Vacant),Government/Public,Government/Public
9ef006a6-d5d5-4ec6-aba3-6368830c5ac0,8a2a8ac606effff,0,Multi-Family Residential,Multi-Family Residential,Multi-Family Residential
60d4bc44-2ce6-491d-8dc1-1d6087ea7bc7,8a2a8ac6066ffff,0,Unclassified,Unclassified,Institutional
88c58a7a-d93d-4d4d-b51e-bb772ca2d654,8a2a8a892907fff,0,Single-Family Residential (Vacant),Single-Family Residential,Single-Family Residential
35c28029-a58f-4b26-b5f7-457998a9fcd7,8a2a8ac60617fff,0,Commercial (Vacant),Commercial,Commercial
cb00bdbf-07bc-463b-a7f2-77b90df22a04,8a2a8ac60617fff,0,Commercial (Vacant),Commercial,Commercial
0bbe271c-8117-4aac-a05b-c0584ce7cc5a,8a2a8ac60617fff,0,Commercial (Vacant),Commercial,Commercial
b410e951-095a-4b1c-9564-9c41b00f368b,8a2a8ac60617fff,0,Commercial (Vacant),Commercial,Commercial
b431454a-c46f-43bb-9136-eac120bb7228,8a2a8ac60617fff,0,Commercial (Vacant),Commercial,Commercial
b7d82896-2c2a-4169-a16a-e7dd017d5563,8a2a8ac60617fff,0,Commercial (Vacant),Commercial,Commercial
88cfb17e-49fa-42e6-ac26-5ec435b855f1,8a2a8ac60617fff,0,Commercial (Vacant),Commercial,Commercial
947cc84b-e410-409e-9c63-61103b0fea92,8a2a8a896297fff,0,Government/Public (Vacant),Government/Public,Government/Public
88f677f0-4529-41b1-bfcc-693d1769275c,8a2a8ac60a77fff,0,Institutional (Vacant),Institutional,Institutional
88f677f0-4529-41b1-bfcc-693d1769275c,8a2a8ac60a1ffff,0,Institutional (Vacant),Institutional,Institutional
88f677f0-4529-41b1-bfcc-693d1769275c,8a2a8ac60b47fff,0,Institutional (Vacant),Institutional,Institutional
88f677f0-4529-41b1-bfcc-693d1769275c,8a2a8ac60ad7fff,0,Institutional (Vacant),Institutional,Institutional
88f677f0-4529-41b1-bfcc-693d1769275c,8a2a8ac60a67fff,0,Institutional (Vacant),Institutional,Institutional
88f677f0-4529-41b1-bfcc-693d1769275c,8a2a8ac60a57fff,0,Institutional (Vacant),Institutional,Institutional
ca0efebb-fb8b-4446-8a09-006e39f57a50,8a2a8ac65b9ffff,0,Commercial (Vacant),Commercial,Commercial
6beb355e-32aa-4a3c-adda-e14a33f8670e,8a2a8ac65107fff,0,Commercial,Commercial,Commercial
dd3866a1-824e-4ddd-a269-4dbdac9f27ac,8a2a8ac60cc7fff,0,Agricultural Land (Vacant),Agricultural Land,Mixed Use
805f639c-2c37-4de1-8aac-f6ae75ceb7b8,8a2a8ac60c47fff,0,Single-Family Residential (Vacant),Single-Family Residential,Single-Family Residential
805f639c-2c37-4de1-8aac-f6ae75ceb7b8,8a2a8ac60cc7fff,0,Single-Family Residential (Vacant),Single-Family Residential,Single-Family Residential
805f639c-2c37-4de1-8aac-f6ae75ceb7b8,8a2a8ac60c1ffff,0,Single-Family Residential (Vacant),Single-Family Residential,Single-Family Residential
c4cf58b6-4031-4efd-a15c-76abf49a9002,8a2a8ac60c2ffff,0,Single-Family Residential (Vacant),Single-Family Residential,Single-Family Residential
1c00ca56-bd39-4aa7-a928-bce77035a9f7,8a2a8ac6090ffff,0,Institutional,Commercial,Mixed Use
39157789-bf37-4a04-9df3-89008afd502d,8a2a8ac65ce7fff,0,Commercial,Commercial,Commercial
f60b0ff6-e574-4979-b49a-f306cfc3a536,8a2a8ac66277fff,0,Single-Family Residential (Vacant),Unclassified,Single-Family Residential
f60b0ff6-e574-4979-b49a-f306cfc3a536,8a2a8ac6625ffff,0,Single-Family Residential (Vacant),Unclassified,Single-Family Residential
5670c4de-a286-4e91-901b-eadba172bdfc,8a2a8ac60c2ffff,0,Single-Family Residential (Vacant),Single-Family Residential,Single-Family Residential
5670c4de-a286-4e91-901b-eadba172bdfc,8a2a8ac60c27fff,0,Single-Family Residential (Vacant),Single-Family Residential,Single-Family Residential
a221dfa4-7807-4ab9-9592-80f1c6fcbeef,8a2a8ac65ce7fff,0,Institutional,Commercial,Commercial
ab67aa10-b3d4-4810-8159-ac48d1fa151f,8a2a8ad4b25ffff,0,Single-Family Residential (Vacant),Single-Family Residential,Single-Family Residential
0ca0a19e-970a-41bd-9d25-94499043fc97,8a2a8ac65827fff,0,Single-Family Residential (Vacant),Government/Public,Government/Public
f295face-7355-414c-85a8-705478d5dd76,8a2a8ad4b21ffff,0,Single-Family Residential (Vacant),Single-Family Residential,Single-Family Residential
2c5ce0bc-6af7-4857-993c-fac605c28c8b,8a2a8ac64237fff,0,Single-Family Residential (Vacant),Single-Family Residential,Single-Family Residential
bd9168c2-25e1-4da4-83b4-ed96f1d9c88d,8a2a8ac66ac7fff,0,Government/Public (Vacant),Government/Public,Government/Public
bd9168c2-25e1-4da4-83b4-ed96f1d9c88d,8a2a8ac66ae7fff,0,Government/Public (Vacant),Government/Public,Government/Public
00a5f203-adfb-4041-9b26-9a5a173a3f21,8a2a8ac660d7fff,0,Single-Family Residential (Vacant),Single-Family Residential,Single-Family Residential
9edaa011-196b-410f-be5b-83cfcfecee15,8a2a8ac660d7fff,0,Single-Family Residential (Vacant),Single-Family Residential,Single-Family Residential
e4c80d07-5f4c-40c3-a210-501035ac868e,8a2a8ac664dffff,0,Government/Public (Vacant),Government/Public,Government/Public
46ebfc75-c2dc-42ed-8e91-0a70bada5d15,8a2a8ac66087fff,0,Single-Family Residential (Vacant),Single-Family Residential,Single-Family Residential
ae6aee25-3db0-499e-a645-1508eb6d621a,8a2a8ac64b77fff,0,Commercial,Commercial,Commercial
8531a96b-2a65-40cd-b9a1-be9f8b2092b4,8a2a8ac64b37fff,0,Multi-Family Residential,Multi-Family Residential,Multi-Family Residential
8531a96b-2a65-40cd-b9a1-be9f8b2092b4,8a2a8ac64b07fff,0,Multi-Family Residential,Multi-Family Residential,Multi-Family Residential
8531a96b-2a65-40cd-b9a1-be9f8b2092b4,8a2a8ad4b48ffff,0,Multi-Family Residential,Multi-Family Residential,Multi-Family Residential
a10f993a-2d81-4bc0-9112-181428e73cb1,8a2a8ac66127fff,0,Government/Public (Vacant),Government/Public,Government/Public
a10f993a-2d81-4bc0-9112-181428e73cb1,8a2a8ac66a9ffff,0,Government/Public (Vacant),Government/Public,Government/Public
a10f993a-2d81-4bc0-9112-181428e73cb1,8a2a8ac6601ffff,0,Government/Public (Vacant),Government/Public,Government/Public
a10f993a-2d81-4bc0-9112-181428e73cb1,8a2a8ac6615ffff,0,Government/Public (Vacant),Government/Public,Government/Public
a10f993a-2d81-4bc0-9112-181428e73cb1,8a2a8ac66087fff,0,Government/Public (Vacant),Government/Public,Government/Public
a10f993a-2d81-4bc0-9112-181428e73cb1,8a2a8ac66017fff,0,Government/Public (Vacant),Government/Public,Government/Public
a10f993a-2d81-4bc0-9112-181428e73cb1,8a2a8ac660affff,0,Government/Public (Vacant),Government/Public,Government/Public
a10f993a-2d81-4bc0-9112-181428e73cb1,8a2a8ac66ad7fff,0,Government/Public (Vacant),Government/Public,Government/Public
a10f993a-2d81-4bc0-9112-181428e73cb1,8a2a8ac66077fff,0,Government/Public (Vacant),Government/Public,Government/Public
a10f993a-2d81-4bc0-9112-181428e73cb1,8a2a8ac66ac7fff,0,Government/Public (Vacant),Government/Public,Government/Public
a10f993a-2d81-4bc0-9112-181428e73cb1,8a2a8ac66167fff,0,Government/Public (Vacant),Government/Public,Government/Public
a10f993a-2d81-4bc0-9112-181428e73cb1,8a2a8ac6618ffff,0,Government/Public (Vacant),Government/Public,Government/Public
a10f993a-2d81-4bc0-9112-181428e73cb1,8a2a8ac66a97fff,0,Government/Public (Vacant),Government/Public,Government/Public
290cf399-a4c3-4b7e-be34-15bf9e19debc,8a2a8ac648d7fff,0,Unclassified,Unclassified,Residential (unspecified)
c0fbbb91-1bef-4d88-9494-f74ea821ede2,8a2a8ad4bd97fff,0,Single-Family Residential (Vacant),Single-Family Residential,Single-Family Residential
ffcc0500-2033-477b-8e9a-7700cb77b43b,8a2a8ac64d67fff,0,Agricultural Land (Vacant),Agricultural Land,Agricultural Land
ffcc0500-2033-477b-8e9a-7700cb77b43b,8a2a8ac64d27fff,0,Agricultural Land (Vacant),Agricultural Land,Agricultural Land
ffcc0500-2033-477b-8e9a-7700cb77b43b,8a2a8ac64d2ffff,0,Agricultural Land (Vacant),Agricultural Land,Agricultural Land
ffcc0500-2033-477b-8e9a-7700cb77b43b,8a2a8ac64c2ffff,0,Agricultural Land (Vacant),Agricultural Land,Agricultural Land
ffcc0500-2033-477b-8e9a-7700cb77b43b,8a2a8ad4a6affff,0,Agricultural Land (Vacant),Agricultural Land,Agricultural Land
ffcc0500-2033-477b-8e9a-7700cb77b43b,8a2a8ac64d77fff,0,Agricultural Land (Vacant),Agricultural Land,Agricultural Land
9dcefcef-87b2-4c03-8538-9c18ac44b970,8a2a8ad4a0dffff,0,Government/Public (Vacant),Government/Public,Government/Public
9dcefcef-87b2-4c03-8538-9c18ac44b970,8a2a8ad4a057fff,0,Government/Public (Vacant),Government/Public,Government/Public
9dcefcef-87b2-4c03-8538-9c18ac44b970,8a2a8ad4a0e7fff,0,Government/Public (Vacant),Government/Public,Government/Public
8c78550c-1760-40fd-8cc3-e2290198d286,8a2a8ad4a79ffff,0,Agricultural Land (Vacant),Agricultural Land,Agricultural Land
8c78550c-1760-40fd-8cc3-e2290198d286,8a2a8ad4a6a7fff,0,Agricultural Land (Vacant),Agricultural Land,Agricultural Land
9b82c680-6b3a-44ec-b61f-cab7095c15f9,8a2a8ad48097fff,0,Single-Family Residential (Vacant),Single-Family Residential,Single-Family Residential
8c2aa175-43ab-454b-ada8-0ad4d2510f64,8a2a8ad48467fff,0,Single-Family Residential (Vacant),Single-Family Residential,Single-Family Residential
8c2aa175-43ab-454b-ada8-0ad4d2510f64,8a2a8ad48097fff,0,Single-Family Residential (Vacant),Single-Family Residential,Single-Family Residential
55e2d545-ff0a-46f3-8c22-ceadc51a830d,8a2a8ad4858ffff,0,Single-Family Residential (Vacant),Unclassified,Mixed Use
80f27568-ccd1-4362-a067-e9b2e2be9edf,8a2a8ad4a8effff,0,Institutional,Institutional,Institutional
3ce32bf9-d805-4b06-a4a2-08f83a5b99d3,8a2a8ad4851ffff,0,Single-Family Residential (Vacant),Single-Family Residential,Single-Family Residential
f6181e9f-b122-4bc4-8535-532b579c2d9a,8a2a8ad48597fff,0,Single-Family Residential (Vacant),Unclassified,Mixed Use
996bee8b-0d53-4436-a93c-a162534c987f,8a2a8ad4ad37fff,0,Single-Family Residential (Vacant),Single-Family Residential,Single-Family Residential
996bee8b-0d53-4436-a93c-a162534c987f,8a2a8ad4adb7fff,0,Single-Family Residential (Vacant),Single-Family Residential,Single-Family Residential
ece4783b-13da-4f80-a267-4b3cd31bb9ca,8a2a8ad4e2b7fff,0,Single-Family Residential (Vacant),Single-Family Residential,Single-Family Residential
4a3aa742-72d6-48ae-9e7b-0e96a064bfca,8a2a8ad4e2b7fff,0,Single-Family Residential (Vacant),Single-Family Residential,Single-Family Residential
d91a30e8-f461-473f-978f-4f63182323a4,8a2a8ad4e607fff,0,Residential (unspecified) (Vacant),Government/Public,Residential (unspecified)
d91a30e8-f461-473f-978f-4f63182323a4,8a2a8ad4e2b7fff,0,Residential (unspecified) (Vacant),Government/Public,Residential (unspecified)
65631abd-847a-45f3-bcb9-92e15590c179,8a2a8ad4ab67fff,0,Unclassified,Unclassified,Residential (unspecified)
c6c3a5b3-93b8-4259-98b0-1a37743dd4ed,8a2a8ac65aaffff,0,Institutional (Vacant),Institutional,Institutional
093d8965-e56c-4131-85a7-af0adc2af2c5,8a2a8a892507fff,0,Institutional,Institutional,Government/Public
526a007e-97be-43c8-a262-df453990f40d,8a2a8ac60317fff,0,Institutional (Vacant),Institutional,Unclassified
27517f7e-adfd-4c7d-9cd5-b081614776a3,8a2a8ad4b257fff,0,Single-Family Residential (Vacant),Single-Family Residential,Single-Family Residential
9d1cb7ee-2a75-4418-baa2-401cc4e0e0b8,8a2a8ad4b257fff,0,Single-Family Residential (Vacant),Single-Family Residential,Single-Family Residential
ddde9daa-79d9-4c6c-87b6-0d0f8865e1c8,8a2a8ac6064ffff,0,Multi-Family Residential (Vacant),Multi-Family Residential,Multi-Family Residential
01b44d09-cacf-481a-99c8-c577e9ad2618,8a2a8ac60617fff,0,Commercial,Commercial,Commercial
3833da03-6184-4270-b1ac-fe87d3e33391,8a2a8ac65107fff,0,Single-Family Residential,Commercial,Mixed Use
ccb22dab-a9c2-48f8-9198-3f842dc56545,8a2a8ac6066ffff,0,Multi-Family Residential (Vacant),Multi-Family Residential,Multi-Family Residential
e0256e6b-87f5-4310-9e00-a99f99c16671,8a2a8ac65aaffff,0,Institutional,Institutional,Institutional
e75358ba-79b9-4ede-9545-02a7e6aeda26,8a2a8ac6504ffff,0,Single-Family Residential,Multi-Family Residential,Multi-Family Residential
222aaa58-5aed-4690-8dc2-19a0323ec71b,8a2a8ac6025ffff,0,Institutional (Vacant),Institutional,Unclassified
222aaa58-5aed-4690-8dc2-19a0323ec71b,8a2a8ac60267fff,0,Institutional (Vacant),Institutional,Unclassified
e6f338b2-4520-4d45-8a26-edba25a4202c,8a2a8ac6284ffff,0,Institutional (Vacant),Institutional,Unclassified
f8a48977-124a-4527-9c79-55356d830a26,8a2a8ad4a907fff,0,Single-Family Residential (Vacant),Unclassified,Single-Family Residential
f8a48977-124a-4527-9c79-55356d830a26,8a2a8ad4a98ffff,0,Single-Family Residential (Vacant),Unclassified,Single-Family Residential
ce165238-1b16-46c7-be34-9598462da4e6,8a2a8ad4b407fff,0,Government/Public (Vacant),Government/Public,Government/Public
ce165238-1b16-46c7-be34-9598462da4e6,8a2a8ad4b437fff,0,Government/Public (Vacant),Government/Public,Government/Public
93916f88-1112-41dd-b43a-ddf65b35e608,8a2a8ac65aaffff,0,Institutional (Vacant),Institutional,Institutional
1c5ce560-691b-410c-8cdf-0d01e75b7f05,8a2a8ac61d8ffff,0,Institutional (Vacant),Institutional,Institutional
0ee6c1f1-3b25-4f2d-9621-1952d90b1023,8a2a8ac64097fff,0,Unclassified,Unclassified,Residential (unspecified)
d1033472-a780-492c-84cc-6f6f7452eae6,8a2a8ac6218ffff,0,,,Agricultural Land
d1033472-a780-492c-84cc-6f6f7452eae6,8a2a8ac62c1ffff,0,,,Agricultural Land
d1033472-a780-492c-84cc-6f6f7452eae6,8a2a8ac62017fff,0,,,Agricultural Land
d1033472-a780-492c-84cc-6f6f7452eae6,8a2a8ac62cc7fff,0,,,Agricultural Land
d1033472-a780-492c-84cc-6f6f7452eae6,8a2a8ac62c07fff,0,,,Agricultural Land
d1033472-a780-492c-84cc-6f6f7452eae6,8a2a8ac620b7fff,0,,,Agricultural Land
793a223d-3403-4af5-9dfc-a4223eacb86d,8a2a8ad4b21ffff,0,Single-Family Residential (Vacant),Unclassified,Residential (unspecified)
2d341529-ad77-4a84-aa73-f201faca4655,8a2a8ac65107fff,0,Single-Family Residential,Commercial,Mixed Use
64e95328-7262-475b-bfb9-97dce7203a10,8a2a8ac6064ffff,0,Multi-Family Residential,Multi-Family Residential,Multi-Family Residential
bdfd6674-76a0-4227-8659-0bc086f83f1e,8a2a8a892167fff,0,Single-Family Residential (Vacant),Unclassified,Mixed Use
d3cdc4f4-e911-4194-8456-56970ecc2803,8a2a8a892517fff,0,Institutional (Vacant),Institutional,Institutional
d3cdc4f4-e911-4194-8456-56970ecc2803,8a2a8ac65247fff,0,Institutional (Vacant),Institutional,Institutional
d3cdc4f4-e911-4194-8456-56970ecc2803,8a2a8a8924cffff,0,Institutional (Vacant),Institutional,Institutional
d3cdc4f4-e911-4194-8456-56970ecc2803,8a2a8a8925affff,0,Institutional (Vacant),Institutional,Institutional
d3cdc4f4-e911-4194-8456-56970ecc2803,8a2a8a892787fff,0,Institutional (Vacant),Institutional,Institutional
d3cdc4f4-e911-4194-8456-56970ecc2803,8a2a8a892797fff,0,Institutional (Vacant),Institutional,Institutional
d3cdc4f4-e911-4194-8456-56970ecc2803,8a2a8a89241ffff,0,Institutional (Vacant),Institutional,Institutional
d3cdc4f4-e911-4194-8456-56970ecc2803,8a2a8a8927a7fff,0,Institutional (Vacant),Institutional,Institutional
d3cdc4f4-e911-4194-8456-56970ecc2803,8a2a8a892297fff,0,Institutional (Vacant),Institutional,Institutional
d3cdc4f4-e911-4194-8456-56970ecc2803,8a2a8a89276ffff,0,Institutional (Vacant),Institutional,Institutional
60528b14-fbd6-41c3-8bba-a644fa136d70,8a2a8ac60207fff,0,Institutional (Vacant),Institutional,Unclassified
2830e77e-31b5-44ed-9af6-9ee7ec0132c1,8a2a8ac6568ffff,0,Institutional (Vacant),Institutional,Institutional
2830e77e-31b5-44ed-9af6-9ee7ec0132c1,8a2a8ac60a67fff,0,Institutional (Vacant),Institutional,Institutional
2830e77e-31b5-44ed-9af6-9ee7ec0132c1,8a2a8ac60a57fff,0,Institutional (Vacant),Institutional,Institutional
2830e77e-31b5-44ed-9af6-9ee7ec0132c1,8a2a8ac61d27fff,0,Institutional (Vacant),Institutional,Institutional
df6ab400-a8c7-44d6-a8c6-2a97a95335d4,8a2a8ac6154ffff,0,Institutional (Vacant),Institutional,Institutional
df6ab400-a8c7-44d6-a8c6-2a97a95335d4,8a2a8ac614b7fff,0,Institutional (Vacant),Institutional,Institutional
df6ab400-a8c7-44d6-a8c6-2a97a95335d4,8a2a8ac63b67fff,0,Institutional (Vacant),Institutional,Institutional
df6ab400-a8c7-44d6-a8c6-2a97a95335d4,8a2a8ac6138ffff,0,Institutional (Vacant),Institutional,Institutional
df6ab400-a8c7-44d6-a8c6-2a97a95335d4,8a2a8ac6172ffff,0,Institutional (Vacant),Institutional,Institutional
df6ab400-a8c7-44d6-a8c6-2a97a95335d4,8a2a8ac610dffff,0,Institutional (Vacant),Institutional,Institutional
df6ab400-a8c7-44d6-a8c6-2a97a95335d4,8a2a8ac6152ffff,0,Institutional (Vacant),Institutional,Institutional
df6ab400-a8c7-44d6-a8c6-2a97a95335d4,8a2a8ac6130ffff,0,Institutional (Vacant),Institutional,Institutional
df6ab400-a8c7-44d6-a8c6-2a97a95335d4,8a2a8ac61407fff,0,Institutional (Vacant),Institutional,Institutional
df6ab400-a8c7-44d6-a8c6-2a97a95335d4,8a2a8ac61537fff,0,Institutional (Vacant),Institutional,Institutional
df6ab400-a8c7-44d6-a8c6-2a97a95335d4,8a2a8ac60217fff,0,Institutional (Vacant),Institutional,Institutional
df6ab400-a8c7-44d6-a8c6-2a97a95335d4,8a2a8ac61227fff,0,Institutional (Vacant),Institutional,Institutional
df6ab400-a8c7-44d6-a8c6-2a97a95335d4,8a2a8ac6108ffff,0,Institutional (Vacant),Institutional,Institutional
df6ab400-a8c7-44d6-a8c6-2a97a95335d4,8a2a8ac60207fff,0,Institutional (Vacant),Institutional,Institutional
df6ab400-a8c7-44d6-a8c6-2a97a95335d4,8a2a8ac61527fff,0,Institutional (Vacant),Institutional,Institutional
df6ab400-a8c7-44d6-a8c6-2a97a95335d4,8a2a8ac61627fff,0,Institutional (Vacant),Institutional,Institutional
df6ab400-a8c7-44d6-a8c6-2a97a95335d4,8a2a8ac6156ffff,0,Institutional (Vacant),Institutional,Institutional
df6ab400-a8c7-44d6-a8c6-2a97a95335d4,8a2a8ac6132ffff,0,Institutional (Vacant),Institutional,Institutional
df6ab400-a8c7-44d6-a8c6-2a97a95335d4,8a2a8ac616b7fff,0,Institutional (Vacant),Institutional,Institutional
df6ab400-a8c7-44d6-a8c6-2a97a95335d4,8a2a8ac6025ffff,0,Institutional (Vacant),Institutional,Institutional
df6ab400-a8c7-44d6-a8c6-2a97a95335d4,8a2a8ac6155ffff,0,Institutional (Vacant),Institutional,Institutional
df6ab400-a8c7-44d6-a8c6-2a97a95335d4,8a2a8ac6028ffff,0,Institutional (Vacant),Institutional,Institutional
df6ab400-a8c7-44d6-a8c6-2a97a95335d4,8a2a8ac61307fff,0,Institutional (Vacant),Institutional,Institutional
df6ab400-a8c7-44d6-a8c6-2a97a95335d4,8a2a8ac61047fff,0,Institutional (Vacant),Institutional,Institutional
df6ab400-a8c7-44d6-a8c6-2a97a95335d4,8a2a8ac61747fff,0,Institutional (Vacant),Institutional,Institutional
df6ab400-a8c7-44d6-a8c6-2a97a95335d4,8a2a8ac61077fff,0,Institutional (Vacant),Institutional,Institutional
c5f7bdbb-961a-4ac2-9500-b8a051ad3dcb,8a2a8ac65aaffff,0,Institutional (Vacant),Institutional,Institutional
c27aaf7c-05c9-4e2e-8cd9-c784c3aea465,8a2a8ac604cffff,0,Institutional (Vacant),Institutional,Unclassified
c27aaf7c-05c9-4e2e-8cd9-c784c3aea465,8a2a8ac62aaffff,0,Institutional (Vacant),Institutional,Unclassified
c27aaf7c-05c9-4e2e-8cd9-c784c3aea465,8a2a8ac62a07fff,0,Institutional (Vacant),Institutional,Unclassified
c27aaf7c-05c9-4e2e-8cd9-c784c3aea465,8a2a8ac604d7fff,0,Institutional (Vacant),Institutional,Unclassified
c27aaf7c-05c9-4e2e-8cd9-c784c3aea465,8a2a8ac604effff,0,Institutional (Vacant),Institutional,Unclassified
c27aaf7c-05c9-4e2e-8cd9-c784c3aea465,8a2a8ac60407fff,0,Institutional (Vacant),Institutional,Unclassified
c27aaf7c-05c9-4e2e-8cd9-c784c3aea465,8a2a8ac6286ffff,0,Institutional (Vacant),Institutional,Unclassified
c27aaf7c-05c9-4e2e-8cd9-c784c3aea465,8a2a8ac6284ffff,0,Institutional (Vacant),Institutional,Unclassified
c27aaf7c-05c9-4e2e-8cd9-c784c3aea465,8a2a8ac605b7fff,0,Institutional (Vacant),Institutional,Unclassified
c27aaf7c-05c9-4e2e-8cd9-c784c3aea465,8a2a8ac606b7fff,0,Institutional (Vacant),Institutional,Unclassified
c27aaf7c-05c9-4e2e-8cd9-c784c3aea465,8a2a8ac60537fff,0,Institutional (Vacant),Institutional,Unclassified
c27aaf7c-05c9-4e2e-8cd9-c784c3aea465,8a2a8ac62b4ffff,0,Institutional (Vacant),Institutional,Unclassified
c27aaf7c-05c9-4e2e-8cd9-c784c3aea465,8a2a8ac62ac7fff,0,Institutional (Vacant),Institutional,Unclassified
c27aaf7c-05c9-4e2e-8cd9-c784c3aea465,8a2a8ac6625ffff,0,Institutional (Vacant),Institutional,Unclassified
c27aaf7c-05c9-4e2e-8cd9-c784c3aea465,8a2a8ac60507fff,0,Institutional (Vacant),Institutional,Unclassified
c27aaf7c-05c9-4e2e-8cd9-c784c3aea465,8a2a8ac60797fff,0,Institutional (Vacant),Institutional,Unclassified
957b12af-d6f3-4c88-88d4-c8b65cb940e2,8a2a8ac6090ffff,0,Institutional (Vacant),Institutional,Institutional
957b12af-d6f3-4c88-88d4-c8b65cb940e2,8a2a8ac608affff,0,Institutional (Vacant),Institutional,Institutional
957b12af-d6f3-4c88-88d4-c8b65cb940e2,8a2a8ac6466ffff,0,Institutional (Vacant),Institutional,Institutional
957b12af-d6f3-4c88-88d4-c8b65cb940e2,8a2a8ac6081ffff,0,Institutional (Vacant),Institutional,Institutional
957b12af-d6f3-4c88-88d4-c8b65cb940e2,8a2a8ac6464ffff,0,Institutional (Vacant),Institutional,Institutional
957b12af-d6f3-4c88-88d4-c8b65cb940e2,8a2a8ac60917fff,0,Institutional (Vacant),Institutional,Institutional
9e0e60ec-ef22-48f3-b709-810ca6c93186,8a2a8ac640f7fff,0,Multi-Family Residential (Vacant),Multi-Family Residential,Multi-Family Residential
9e0e60ec-ef22-48f3-b709-810ca6c93186,8a2a8ac64007fff,0,Multi-Family Residential (Vacant),Multi-Family Residential,Multi-Family Residential
bbece591-c2ec-4c1c-a806-1b5be09fa84a,8a2a8ad59047fff,0,Institutional,Institutional,Institutional
c0e96a6a-dce8-423a-a711-573ca858c767,8a2a8ac64c47fff,0,Government/Public (Vacant),Government/Public,Government/Public
5ba78d67-019d-49a7-8d5d-32e8cab3f885,8a2a8ac65aaffff,0,Institutional (Vacant),Institutional,Institutional
914733fd-9c5a-4fcc-b9db-993315649c4b,8a2a8ac65107fff,0,Single-Family Residential,Commercial,Mixed Use
069f2d1f-77f8-438c-a8dd-cde7f1ec7a93,8a2a8ac65107fff,0,Single-Family Residential,Mixed Use,Mixed Use
619a4f38-730f-4b1a-8536-b35d2c77aad3,8a2a8ac65107fff,0,Single-Family Residential,Unclassified,Mixed Use
2a00f462-a0bb-4a98-b11b-4ba26f567bd6,8a2a8ac65107fff,0,Single-Family Residential,Commercial,Mixed Use
97e92fa8-cdb1-45cf-a1a9-7c0add4517bd,8a2a8ad4a9b7fff,0,Single-Family Residential (Vacant),Single-Family Residential,Single-Family Residential
11a99447-3758-4954-8e4d-70f89d0ed743,8a2a8ad4a9b7fff,0,Single-Family Residential (Vacant),Single-Family Residential,Single-Family Residential
