region_id,Zoning
8b2a8ac614c2fff,15
8b2a8ac61948fff,3
8b2a8ad59a98fff,15
8b2a8a89225bfff,6
8b2a8ad5924cfff,15
8b2a8ac6084dfff,5
8b2a8ad4bd75fff,2
8b2a8a893694fff,6
8b2a8ac61c51fff,3
8b2a8ac6c136fff,15
8b2a8ac64918fff,0
8b2a8ac62cf1fff,15
8b2a8ac65165fff,7
8b2a8ac65165fff,1
8b2a8ac65165fff,4
8b2a8ac61690fff,15
8b2a8ac61b9efff,3
8b2a8ac60c21fff,15
8b2a8ac61154fff,3
8b2a8ac600ddfff,15
8b2a8ac75b41fff,15
8b2a8ac6528bfff,3
8b2a8ac6528bfff,5
8b2a8ac6168bfff,15
8b2a8ac61563fff,15
8b2a8ad4a755fff,15
8b2a8a892551fff,0
8b2a8ac63132fff,2
8b2a8ad596a4fff,15
8b2a8ac63432fff,15
8b2a8ad4a91dfff,15
8b2a8ad5b383fff,15
8b2a8ac65c5cfff,5
8b2a8ad59a6dfff,15
8b2a8ad4b503fff,3
8b2a8ac65b34fff,1
8b2a8ac65b34fff,0
8b2a8ad4e203fff,15
8b2a8ad4a268fff,9
8b2a8ad4a268fff,2
8b2a8ac6178dfff,15
8b2a8ad4bd33fff,2
8b2a8a892856fff,0
8b2a8ad4bc61fff,2
8b2a8ac601b6fff,2
8b2a8ad4aacefff,0
8b2a8ac6341efff,15
8b2a8ac6049efff,15
8b2a8ad4a256fff,9
8b2a8ac65c26fff,0
8b2a8ac65c26fff,1
8b2a8ac6062bfff,2
8b2a8ac6c993fff,3
8b2a8ac61d6dfff,3
8b2a8ac61d6dfff,5
8b2a8ac6691cfff,15
8b2a8ad484f5fff,2
8b2a8ad59743fff,15
8b2a8a8966cefff,0
8b2a8ac62cc9fff,15
8b2a8ad4819dfff,0
8b2a8a893505fff,15
8b2a8ac64514fff,15
8b2a8ac669a3fff,15
8b2a8ac65361fff,0
8b2a8ac75b6efff,15
8b2a8ac61918fff,3
8b2a8ad4e6e6fff,15
8b2a8a896586fff,11
8b2a8a896586fff,0
8b2a8ac6dc32fff,7
8b2a8ac6405bfff,0
8b2a8a8962e4fff,2
8b2a8ad4ace8fff,15
8b2a8ac60a73fff,5
8b2a8ac642a3fff,0
8b2a8ac642a3fff,11
8b2a8ad4b2b0fff,0
8b2a8ac61c6cfff,3
8b2a8ac6c896fff,7
8b2a8ac6c896fff,3
8b2a8ad4e22bfff,15
8b2a8ac6464afff,8
8b2a8ac6464afff,10
8b2a8ac64411fff,15
8b2a8ac6405afff,0
8b2a8ad4bc94fff,2
8b2a8ac66040fff,15
8b2a8ad4bc2cfff,2
8b2a8ad5ba66fff,15
8b2a8a892189fff,10
8b2a8ac64168fff,2
8b2a8ac6679bfff,15
8b2a8ad4a309fff,0
8b2a8ac639a2fff,2
8b2a8ad4b98cfff,2
8b2a8a896786fff,0
8b2a8a892a9afff,8
8b2a8ad4aa94fff,0
8b2a8ac6c816fff,11
8b2a8ac6c816fff,3
8b2a8a892ba9fff,0
8b2a8ac6570efff,5
8b2a8ad4b309fff,0
8b2a8ad4ab02fff,2
8b2a8ac600d1fff,11
8b2a8ac600d1fff,15
8b2a8a892c56fff,10
8b2a8ac63010fff,2
8b2a8ac66953fff,15
8b2a8ac66129fff,15
8b2a8ac6cce1fff,15
8b2a8ac64048fff,0
8b2a8ac66573fff,15
8b2a8ac64b80fff,2
8b2a8ac640f0fff,2
8b2a8ac640f0fff,8
8b2a8ad4b216fff,0
8b2a8ac602edfff,15
8b2a8ac60761fff,15
8b2a8ac6281efff,15
8b2a8a892571fff,0
8b2a8ac6c183fff,15
8b2a8ad59226fff,15
8b2a8ac66158fff,15
8b2a8a8962d6fff,2
8b2a8ac66074fff,15
8b2a8ac6312bfff,15
8b2a8ac6439afff,0
8b2a8ac6439afff,11
8b2a8ac64301fff,0
8b2a8ac60a95fff,5
8b2a8ac61943fff,3
8b2a8ac63820fff,2
8b2a8ac6032cfff,5
8b2a8ad5976cfff,15
8b2a8ac60628fff,2
8b2a8ad4e6dafff,15
8b2a8ac64791fff,15
8b2a8a892058fff,1
8b2a8a892058fff,10
8b2a8ac62b30fff,15
8b2a8ac65c64fff,1
8b2a8ac65b09fff,0
8b2a8ac6621efff,15
8b2a8ac6cd2bfff,3
8b2a8ac650d1fff,5
8b2a8ac65371fff,0
8b2a8ac64c81fff,15
8b2a8ad4b328fff,8
8b2a8ac61963fff,3
8b2a8ac6ca4efff,7
8b2a8ac63816fff,15
8b2a8ac6459afff,15
8b2a8ad59333fff,15
8b2a8ad592d9fff,15
8b2a8ac66326fff,15
8b2a8ad4b704fff,0
8b2a8ac65c85fff,4
8b2a8ac65c85fff,8
8b2a8ad59696fff,15
8b2a8a892c0dfff,10
8b2a8ac658c8fff,1
8b2a8ac6312cfff,15
8b2a8ac64740fff,2
8b2a8ad4b2d2fff,0
8b2a8ad4b22dfff,0
8b2a8ac652aefff,3
8b2a8ac652aefff,11
8b2a8ac652aefff,5
8b2a8ac601a8fff,13
8b2a8ac60a61fff,5
8b2a8a893404fff,6
8b2a8ac63d1bfff,15
8b2a8ac63581fff,15
8b2a8ac61d85fff,5
8b2a8ad48419fff,2
8b2a8ac63580fff,15
8b2a8ac66b70fff,15
8b2a8ac63833fff,2
8b2a8ac63833fff,15
8b2a8ad4b628fff,0
8b2a8ad4a00bfff,0
8b2a8ac648c0fff,2
8b2a8ac608cafff,5
8b2a8ac65842fff,11
8b2a8ac6c31cfff,10
8b2a8ac6566efff,5
8b2a8ac61171fff,3
8b2a8a896323fff,0
8b2a8ad59a5cfff,15
8b2a8a8935a9fff,6
8b2a8ac6cba0fff,6
8b2a8ac6cba0fff,7
8b2a8ac65514fff,5
8b2a8ac62b0dfff,15
8b2a8ac61b64fff,3
8b2a8ac60aebfff,5
8b2a8a892746fff,3
8b2a8ac6c989fff,7
8b2a8ac6c989fff,11
8b2a8ac6c989fff,3
8b2a8ac612b6fff,15
8b2a8ac6106bfff,15
8b2a8a8922c2fff,2
8b2a8a892aebfff,1
8b2a8ac60a30fff,5
8b2a8a89668cfff,0
8b2a8ad4b305fff,0
8b2a8ad5925dfff,15
8b2a8ac658cdfff,1
8b2a8ad4b353fff,0
8b2a8ad4bcb0fff,1
8b2a8ad4bcb0fff,2
8b2a8ac60c9cfff,15
8b2a8ad4b71cfff,0
8b2a8a89275dfff,3
8b2a8ac6199afff,3
8b2a8a893475fff,6
8b2a8ac6062efff,2
8b2a8ac62a5dfff,15
8b2a8ac64969fff,2
8b2a8ac64d0bfff,2
8b2a8a892c03fff,10
8b2a8ad4b194fff,0
8b2a8ac61b66fff,3
8b2a8ad4a948fff,2
8b2a8ac6295bfff,15
8b2a8ac62b8cfff,15
8b2a8ac6422afff,0
8b2a8ac6115cfff,3
8b2a8ac65135fff,4
8b2a8a89291efff,0
8b2a8ac62069fff,2
8b2a8ac6cd98fff,15
8b2a8ac6200cfff,15
8b2a8ad4b3b5fff,0
8b2a8ac62ae1fff,15
8b2a8ac61373fff,15
8b2a8ac62833fff,15
8b2a8ad4a39bfff,0
8b2a8ac61071fff,15
8b2a8a89249bfff,3
8b2a8ac61152fff,3
8b2a8a896398fff,0
8b2a8ac63d42fff,2
8b2a8ac63d42fff,15
8b2a8ac602d5fff,2
8b2a8ac602d5fff,15
8b2a8a89210bfff,2
8b2a8a89210bfff,1
8b2a8a89210bfff,0
8b2a8ac60980fff,8
8b2a8ac61ae0fff,3
8b2a8ac60070fff,12
8b2a8ad4b4a1fff,2
8b2a8ac6188efff,3
8b2a8ac6104efff,15
8b2a8ac64491fff,15
8b2a8ad48581fff,15
8b2a8ac61919fff,3
8b2a8ad4a236fff,0
8b2a8ac6cdaafff,3
8b2a8ac6cdaafff,15
8b2a8ac64522fff,15
8b2a8ad59392fff,15
8b2a8ad486e1fff,2
8b2a8ac60b8dfff,5
8b2a8ac64143fff,10
8b2a8ac66c33fff,15
8b2a8ac65942fff,1
8b2a8ad4a262fff,9
8b2a8a892d2efff,0
8b2a8ac66761fff,15
8b2a8ac6168afff,15
8b2a8ac64cc8fff,15
8b2a8ac61886fff,3
8b2a8ac6cb2efff,6
8b2a8a896233fff,0
8b2a8ad4a254fff,9
8b2a8ad4a555fff,15
8b2a8ac6628dfff,15
8b2a8ad4a014fff,15
8b2a8ac6671afff,15
8b2a8ac66a32fff,2
8b2a8ac64520fff,15
8b2a8a896434fff,0
8b2a8ac6cd4cfff,3
8b2a8ad5b372fff,15
8b2a8ad4b661fff,0
8b2a8a89350bfff,6
8b2a8a89350bfff,15
8b2a8ac64b44fff,3
8b2a8a89279bfff,3
8b2a8a89205afff,10
8b2a8ac654eafff,5
8b2a8ac65721fff,5
8b2a8ad4a204fff,0
8b2a8ad48694fff,1
8b2a8ac60b58fff,5
8b2a8ac61a93fff,3
8b2a8ac61a93fff,15
8b2a8ad4b75efff,0
8b2a8ad4bd6efff,2
8b2a8a896296fff,0
8b2a8ac6cda8fff,3
8b2a8ac6c82cfff,7
8b2a8ac6c82cfff,10
8b2a8ac6cc06fff,15
8b2a8ad485aafff,15
8b2a8ac62a15fff,15
8b2a8ad4bd88fff,1
8b2a8ac60b70fff,5
8b2a8ad4b0adfff,0
8b2a8ac638c3fff,15
8b2a8a896718fff,0
8b2a8ad592c4fff,15
8b2a8ac6660cfff,15
8b2a8ac648e9fff,2
8b2a8ac65a0afff,0
8b2a8ad4a51cfff,15
8b2a8ac61525fff,15
8b2a8ad4bc32fff,1
8b2a8ad4bc32fff,2
8b2a8ac602cafff,2
8b2a8ac602cafff,15
8b2a8ac63d56fff,2
8b2a8ad4bcc4fff,0
8b2a8ac65791fff,5
8b2a8ad4e253fff,15
8b2a8ad4a6d5fff,2
8b2a8ad590eefff,15
8b2a8ac656b2fff,5
8b2a8ac63909fff,2
8b2a8ac6c819fff,7
8b2a8ad59324fff,15
8b2a8ac65c83fff,4
8b2a8ac65c83fff,8
8b2a8a892448fff,3
8b2a8ac66504fff,15
8b2a8ac63943fff,15
8b2a8a892c12fff,13
8b2a8a892c12fff,0
8b2a8a892c12fff,10
8b2a8a892830fff,0
8b2a8ac60198fff,2
8b2a8ad4a8e8fff,15
8b2a8ad4a8e8fff,0
8b2a8ac66300fff,15
8b2a8ac62ba0fff,15
8b2a8ac60754fff,2
8b2a8ac61b15fff,3
8b2a8ac60651fff,2
8b2a8ac6090afff,8
8b2a8ad4808efff,0
8b2a8ad4b4eefff,10
8b2a8ac66a58fff,15
8b2a8ac640c8fff,0
8b2a8a892a6cfff,1
8b2a8ac60944fff,5
8b2a8ac6648afff,15
8b2a8ad4b683fff,0
8b2a8ad4b683fff,8
8b2a8ac63546fff,15
8b2a8ac60921fff,10
8b2a8a892460fff,0
8b2a8ac65b0cfff,0
8b2a8ad4b60efff,0
8b2a8ac6436efff,2
8b2a8ac6436efff,0
8b2a8ac66ad5fff,15
8b2a8ac64391fff,0
8b2a8ad4b2c5fff,0
8b2a8ad4a29efff,0
8b2a8ac64349fff,2
8b2a8ad4aab1fff,0
8b2a8ac62c65fff,15
8b2a8ad4b311fff,0
8b2a8ac62820fff,15
8b2a8ac64b0dfff,3
8b2a8ac668e3fff,15
8b2a8a896511fff,0
8b2a8ac63500fff,15
8b2a8ad4bd52fff,2
8b2a8ac6c224fff,10
8b2a8ac6c81cfff,7
8b2a8ad59246fff,15
8b2a8a893420fff,6
8b2a8ac64db6fff,15
8b2a8ad4ad28fff,15
8b2a8ad4b730fff,0
8b2a8ac60256fff,15
8b2a8ad5b25afff,15
8b2a8a892889fff,0
8b2a8ac61376fff,15
8b2a8a89674dfff,0
8b2a8ac61ac5fff,3
8b2a8a896256fff,2
8b2a8ad4b553fff,10
8b2a8ad4b553fff,2
8b2a8ad4a1b2fff,15
8b2a8ac60541fff,15
8b2a8ac63c40fff,2
8b2a8ac66268fff,15
8b2a8ad4a255fff,9
8b2a8ac6645bfff,15
8b2a8ac6456cfff,2
8b2a8ac65013fff,5
8b2a8ad4ac82fff,15
8b2a8ad4b771fff,0
8b2a8ad4b771fff,2
8b2a8ac6690cfff,15
8b2a8ac62bb1fff,15
8b2a8ac63cabfff,15
8b2a8ac60241fff,15
8b2a8ad4ac11fff,15
8b2a8ac6cdb0fff,3
8b2a8ac61505fff,15
8b2a8ad4b648fff,11
8b2a8a892db0fff,1
8b2a8ac644e2fff,15
8b2a8ac644e2fff,2
8b2a8ac65adafff,0
8b2a8ac61518fff,15
8b2a8ac621a0fff,15
8b2a8ac605a2fff,15
8b2a8ac66c18fff,15
8b2a8ad484b4fff,2
8b2a8ad4b65cfff,0
8b2a8ac64510fff,15
8b2a8ac60622fff,2
8b2a8a89274bfff,3
8b2a8a89666cfff,0
8b2a8ac61616fff,15
8b2a8ac66818fff,15
8b2a8ac6082cfff,5
8b2a8ad59761fff,15
8b2a8ac66919fff,15
8b2a8ad596c6fff,15
8b2a8a8922dcfff,2
8b2a8a892ceefff,10
8b2a8ac61130fff,3
8b2a8ac66bb2fff,15
8b2a8a892d66fff,0
8b2a8ac6c12bfff,15
8b2a8ad4a936fff,15
8b2a8a8964d1fff,0
8b2a8ac60cc6fff,15
8b2a8ad48082fff,0
8b2a8ac64d69fff,15
8b2a8ac63335fff,15
8b2a8ad4a020fff,0
8b2a8ad4b675fff,0
8b2a8ad4a85dfff,2
8b2a8ad4a85dfff,15
8b2a8ad5b31bfff,15
8b2a8ac61c5afff,3
8b2a8a893752fff,15
8b2a8ac65bb4fff,2
8b2a8ac65bb4fff,11
8b2a8ac656d4fff,5
8b2a8ac64c5afff,15
8b2a8ac66515fff,15
8b2a8ad59766fff,15
8b2a8ac61d86fff,5
8b2a8ac628d2fff,15
8b2a8ac64d68fff,15
8b2a8ac66ae6fff,15
8b2a8ad4ad81fff,15
8b2a8ac64165fff,11
8b2a8ac64165fff,2
8b2a8a89276afff,3
8b2a8ac6471dfff,2
8b2a8ad4b249fff,0
8b2a8ad4b315fff,0
8b2a8ac64cf3fff,15
8b2a8ac66501fff,15
8b2a8ac61572fff,15
8b2a8ad59a96fff,15
8b2a8ac65d1afff,1
8b2a8a892005fff,10
8b2a8a8936b2fff,6
8b2a8ac64095fff,2
8b2a8ac669a1fff,15
8b2a8ac62991fff,15
8b2a8ac62033fff,15
8b2a8ac648eefff,2
8b2a8ac65790fff,5
8b2a8ac65065fff,0
8b2a8ac65b23fff,0
8b2a8ac6428efff,10
8b2a8ac66441fff,15
8b2a8ad4a1aefff,15
8b2a8ad4b21cfff,1
8b2a8ad59681fff,15
8b2a8a892790fff,3
8b2a8ac6045afff,15
8b2a8ac6185bfff,3
8b2a8ac61968fff,3
8b2a8ac669aefff,15
8b2a8ad4b893fff,2
8b2a8ac61691fff,15
8b2a8a893628fff,15
8b2a8a893628fff,6
8b2a8ac61932fff,5
8b2a8ad4a7b2fff,15
8b2a8a89215afff,11
8b2a8ac60ba1fff,5
8b2a8ad4ad95fff,15
8b2a8ac63b83fff,15
8b2a8ac6415bfff,8
8b2a8a8964e5fff,0
8b2a8ac662d6fff,15
8b2a8ac64549fff,2
8b2a8a893785fff,6
8b2a8ad4b34cfff,0
8b2a8ad4b34cfff,8
8b2a8ac64a5efff,1
8b2a8a8964e0fff,0
8b2a8ad592a3fff,15
8b2a8ac61410fff,15
8b2a8ac602adfff,15
8b2a8ac63c4cfff,2
8b2a8ac63572fff,15
8b2a8a892019fff,10
8b2a8a89211cfff,10
8b2a8a89211cfff,0
8b2a8ac6c102fff,15
8b2a8ac663a4fff,15
8b2a8a896385fff,0
8b2a8ac60a34fff,5
8b2a8ac65a8dfff,1
8b2a8ac6ddadfff,7
8b2a8ad4844cfff,0
8b2a8ac61415fff,15
8b2a8ac61435fff,15
8b2a8ac61d52fff,5
8b2a8a8922c3fff,6
8b2a8a8922c3fff,2
8b2a8a8922c3fff,0
8b2a8ac63c54fff,15
8b2a8ac60319fff,15
8b2a8ac60a9efff,5
8b2a8ad5b2ccfff,15
8b2a8ac64388fff,0
8b2a8a893574fff,15
8b2a8ac64533fff,15
8b2a8ac6eda6fff,15
8b2a8ac6c202fff,10
8b2a8ad4b2c8fff,1
8b2a8a892499fff,3
8b2a8a89295efff,2
8b2a8a89295efff,0
8b2a8ac63541fff,15
8b2a8ad4a542fff,15
8b2a8ac614abfff,15
8b2a8ac6c055fff,7
8b2a8ad4bd73fff,2
8b2a8ac63134fff,2
8b2a8ad59b8dfff,15
8b2a8ad59b8dfff,2
8b2a8ad5b39bfff,15
8b2a8ac6132afff,15
8b2a8ac63cd8fff,15
8b2a8ac6458afff,15
8b2a8a8928d1fff,0
8b2a8ad4ab14fff,2
8b2a8ac6cac8fff,7
8b2a8a8926a9fff,2
8b2a8a8926a9fff,3
8b2a8ac6c009fff,7
8b2a8ac6c009fff,15
8b2a8ad4ab34fff,2
8b2a8ac6665afff,15
8b2a8ac6c196fff,15
8b2a8ac60a66fff,5
8b2a8ac6098afff,8
8b2a8ac65a52fff,1
8b2a8ac6505dfff,11
8b2a8ac6505dfff,14
8b2a8ac61c91fff,15
8b2a8ac66c28fff,15
8b2a8ac6cd1dfff,3
8b2a8ac63baefff,15
8b2a8ad4a543fff,15
8b2a8ac63324fff,15
8b2a8ad596f6fff,15
8b2a8ac6c813fff,3
8b2a8ac61842fff,3
8b2a8ac6136efff,15
8b2a8ac65d84fff,2
8b2a8ac661b1fff,15
8b2a8ad4a346fff,0
8b2a8ac6422cfff,0
8b2a8ac600a4fff,2
8b2a8ad4a852fff,15
8b2a8ac6636efff,15
8b2a8ac62b42fff,15
8b2a8ac65024fff,14
8b2a8ac66791fff,15
8b2a8ad5b2a6fff,15
8b2a8ad59368fff,15
8b2a8ad5b30dfff,15
8b2a8a8930d1fff,6
8b2a8a8930d1fff,15
8b2a8ac615a1fff,15
8b2a8ac62c09fff,15
8b2a8ac61cc3fff,3
8b2a8ac61cc3fff,15
8b2a8ac6432afff,0
8b2a8ac65d92fff,2
8b2a8ac65d92fff,0
8b2a8ac6614afff,15
8b2a8ad59a28fff,15
8b2a8ad59a28fff,2
8b2a8ad4b356fff,0
8b2a8a89286dfff,0
8b2a8ad4b413fff,2
8b2a8ad4a6ddfff,15
8b2a8ad4a6ddfff,2
8b2a8a896295fff,0
8b2a8ac6410dfff,2
8b2a8a892011fff,10
8b2a8ac63d50fff,2
8b2a8ac63d50fff,15
8b2a8ad48652fff,2
8b2a8a892203fff,0
8b2a8ac656b1fff,5
8b2a8a892586fff,0
8b2a8ac63cc2fff,15
8b2a8ac63136fff,2
8b2a8ac64accfff,0
8b2a8ac64accfff,1
8b2a8ac65b84fff,2
8b2a8ac60036fff,13
8b2a8ac63ccdfff,15
8b2a8ad4ad93fff,15
8b2a8ad59a9bfff,15
8b2a8ac64653fff,15
8b2a8ac64653fff,2
8b2a8ac658e8fff,11
8b2a8ac640f1fff,8
8b2a8ad4bcabfff,2
8b2a8ad4bcabfff,10
8b2a8ac651b6fff,5
8b2a8ac60d5afff,15
8b2a8ad4b266fff,0
8b2a8a8928e3fff,0
8b2a8a8934a0fff,6
8b2a8ac64d5cfff,15
8b2a8ac64d5cfff,2
8b2a8ac62d2cfff,15
8b2a8ad4a2ecfff,2
8b2a8ad4a2ecfff,9
8b2a8a892a8cfff,8
8b2a8a892a8cfff,0
8b2a8ad4a614fff,15
8b2a8ac61768fff,15
8b2a8ac65c02fff,4
8b2a8ac6c758fff,7
8b2a8ac65095fff,5
8b2a8ac65cc0fff,5
8b2a8ac6c886fff,3
8b2a8ac62a30fff,15
8b2a8ac63d02fff,15
8b2a8ac63d16fff,15
8b2a8ac628f0fff,15
8b2a8a89232bfff,1
8b2a8a892d00fff,0
8b2a8ac61cd1fff,15
8b2a8ac64954fff,2
8b2a8ac628e8fff,15
8b2a8ac602c0fff,15
8b2a8ac64614fff,2
8b2a8ac65cdafff,5
8b2a8ac64c52fff,15
8b2a8ad48456fff,2
8b2a8ac6086afff,5
8b2a8ac62943fff,15
8b2a8ac66b1dfff,15
8b2a8ac66b1dfff,2
8b2a8ac6682cfff,15
8b2a8ad4adacfff,15
8b2a8ac607a4fff,15
8b2a8ac6004efff,15
8b2a8a892961fff,2
8b2a8ac62baafff,15
8b2a8ad4a665fff,0
8b2a8ac62b45fff,15
8b2a8ad4a843fff,15
8b2a8a896589fff,0
8b2a8ac66990fff,15
8b2a8ac61a01fff,3
8b2a8ac6506dfff,0
8b2a8ad4b41dfff,10
8b2a8ad4b41dfff,2
8b2a8ac60289fff,2
8b2a8ac60289fff,15
8b2a8ac65333fff,0
8b2a8a892295fff,7
8b2a8a892295fff,3
8b2a8ad4a14efff,0
8b2a8ac66173fff,15
8b2a8ad4ad6bfff,15
8b2a8ac658cbfff,1
8b2a8ac61869fff,3
8b2a8ac61ca0fff,5
8b2a8ac62324fff,2
8b2a8ad4b895fff,2
8b2a8ac665a0fff,15
8b2a8ad4ab49fff,1
8b2a8ac63154fff,2
8b2a8ac63154fff,15
8b2a8a8920b4fff,0
8b2a8ad59051fff,15
8b2a8ad4bdb4fff,0
8b2a8a89355efff,6
8b2a8ac642f6fff,10
8b2a8ac642f6fff,0
8b2a8ac65768fff,5
8b2a8ac6045bfff,15
8b2a8ac6198efff,3
8b2a8a8937b1fff,6
8b2a8ad5bb48fff,15
8b2a8a8924c8fff,3
8b2a8ac610d5fff,15
8b2a8ac65d82fff,2
8b2a8ac65d82fff,2
8b2a8ac65d82fff,10
8b2a8ac65b29fff,0
8b2a8ad4a0a1fff,15
8b2a8ac61d74fff,5
8b2a8ac64688fff,15
8b2a8ac602b2fff,2
8b2a8ac602b2fff,15
8b2a8ad5b39afff,15
8b2a8ad4ab35fff,2
8b2a8ad4b6e1fff,0
8b2a8ac64730fff,2
8b2a8ac608ccfff,5
8b2a8ad4b891fff,2
8b2a8ad4a608fff,15
8b2a8ac63151fff,2
8b2a8ac63151fff,15
8b2a8ac62c6dfff,15
8b2a8ac62153fff,2
8b2a8ac644f0fff,15
8b2a8ad4a575fff,15
8b2a8ad4b320fff,0
8b2a8ac61a2afff,3
8b2a8ac6cd89fff,15
8b2a8ac60949fff,5
8b2a8ac64c26fff,2
8b2a8ad59282fff,15
8b2a8ad4e2c2fff,15
8b2a8ac6c90bfff,10
8b2a8ac65a53fff,1
8b2a8ac60652fff,2
8b2a8ac6459dfff,15
8b2a8ac60aa3fff,5
8b2a8ad4b7aefff,0
8b2a8ad4b20cfff,0
8b2a8ad4b20cfff,1
8b2a8ad4b20cfff,2
8b2a8a892063fff,8
8b2a8a892063fff,11
8b2a8ad59210fff,15
8b2a8ad59b9bfff,15
8b2a8ac62949fff,15
8b2a8ad4e2f0fff,15
8b2a8ac64486fff,15
8b2a8ac60465fff,15
8b2a8ac64ae0fff,0
8b2a8ac60a94fff,5
8b2a8ac6199bfff,3
8b2a8ac61263fff,15
8b2a8ad48405fff,2
8b2a8ac64a58fff,2
8b2a8ac64a58fff,1
8b2a8ac64a58fff,10
8b2a8ac64316fff,0
8b2a8ac64a96fff,10
8b2a8ac64a96fff,8
8b2a8a892782fff,3
8b2a8ac65a45fff,1
8b2a8ac65255fff,0
8b2a8ac609a4fff,8
8b2a8ac62166fff,15
8b2a8a890593fff,2
8b2a8a89631dfff,0
8b2a8ac65873fff,11
8b2a8ac66722fff,15
8b2a8ac60a93fff,5
8b2a8ac668b2fff,15
8b2a8ac658cefff,1
8b2a8a8962c3fff,2
8b2a8ac62871fff,15
8b2a8a896581fff,0
8b2a8ad4848afff,2
8b2a8ad5920bfff,15
8b2a8ac654a4fff,5
8b2a8a8962b2fff,0
8b2a8ac6622bfff,15
8b2a8ad4b4e5fff,10
8b2a8ac63b13fff,15
8b2a8ac60a2bfff,5
8b2a8ac66a0dfff,15
8b2a8ac646eafff,15
8b2a8ad4b506fff,1
8b2a8ad4b506fff,3
8b2a8ac666aafff,15
8b2a8ad4b471fff,8
8b2a8ad4b25efff,11
8b2a8ad4b25efff,0
8b2a8a89220bfff,0
8b2a8ac65a4dfff,0
8b2a8ac65aa8fff,1
8b2a8ac65aa8fff,2
8b2a8ac64183fff,15
8b2a8ac60a2efff,5
8b2a8ad4a04efff,0
8b2a8ac603a3fff,15
8b2a8a89215efff,11
8b2a8ac60ac4fff,5
8b2a8ad4ad35fff,15
8b2a8ac619a8fff,3
8b2a8a892559fff,0
8b2a8ac64ab6fff,8
8b2a8ac64ab6fff,2
8b2a8ad4b0b1fff,0
8b2a8a8934eafff,6
8b2a8a89664afff,0
8b2a8ac61446fff,15
8b2a8ac66cb6fff,15
8b2a8a8962a8fff,2
8b2a8a8962a8fff,0
8b2a8ac64d9efff,15
8b2a8ad4b6ecfff,0
8b2a8ad4aa98fff,0
8b2a8ad593aafff,15
8b2a8ad4acedfff,15
8b2a8ac658c2fff,1
8b2a8ac66743fff,15
8b2a8ad4ababfff,2
8b2a8ad4ababfff,0
8b2a8ad59286fff,15
8b2a8ad4b48bfff,8
8b2a8ad4b48bfff,2
8b2a8ac655a1fff,5
8b2a8ac6598afff,11
8b2a8ad4b39efff,0
8b2a8ac66771fff,15
8b2a8ac65653fff,5
8b2a8ad4b0d6fff,2
8b2a8ac61916fff,3
8b2a8ac61916fff,5
8b2a8a893693fff,6
8b2a8ac61494fff,15
8b2a8ad484a6fff,2
8b2a8ad4ba8efff,0
8b2a8ac60466fff,15
8b2a8a8926dafff,3
8b2a8ac66770fff,15
8b2a8ac6398dfff,2
8b2a8ac64a03fff,0
8b2a8ac62a9afff,2
8b2a8a892ce5fff,10
8b2a8ad4a632fff,15
8b2a8ac60209fff,15
8b2a8ac66559fff,15
8b2a8ad4a031fff,15
8b2a8ad4a031fff,0
8b2a8ac63549fff,15
8b2a8a8926cbfff,3
8b2a8ac6679efff,15
8b2a8a892673fff,2
8b2a8a8926defff,3
8b2a8ac66b91fff,15
8b2a8ac61511fff,15
8b2a8ac65c51fff,5
8b2a8ac75b09fff,15
8b2a8ac6476efff,0
8b2a8ac62918fff,15
8b2a8ac64795fff,15
8b2a8ac61b89fff,3
8b2a8ac6218bfff,15
8b2a8ad4ad4dfff,15
8b2a8ac6cb74fff,6
8b2a8ac64813fff,0
8b2a8ad5bb4dfff,15
8b2a8ac6119afff,15
8b2a8a8930aafff,15
8b2a8ac63cdcfff,15
8b2a8ad4ac30fff,15
8b2a8ad4b4abfff,2
8b2a8a89640dfff,0
8b2a8ac64229fff,0
8b2a8ac6565cfff,5
8b2a8ac64b5afff,1
8b2a8ac6670dfff,15
8b2a8ad4b58efff,2
8b2a8ac660c9fff,15
8b2a8ac61a58fff,3
8b2a8ac6380cfff,15
8b2a8ac65092fff,5
8b2a8a892566fff,0
8b2a8ac66933fff,15
8b2a8ac65243fff,0
8b2a8a893446fff,6
8b2a8ac6531bfff,0
8b2a8ac6531bfff,11
8b2a8a892630fff,3
8b2a8ac65da9fff,1
8b2a8ac664adfff,15
8b2a8ac6c226fff,10
8b2a8ac64840fff,2
8b2a8ac6560dfff,5
8b2a8ac64331fff,0
8b2a8ad4b714fff,0
8b2a8ac6175bfff,15
8b2a8ad4a36bfff,1
8b2a8ad4a0ebfff,0
8b2a8ad59650fff,15
8b2a8ac60d84fff,15
8b2a8ad4aa26fff,2
8b2a8ad4aa26fff,0
8b2a8ad4ab70fff,2
8b2a8ad4ab70fff,0
8b2a8ac66244fff,15
8b2a8a892033fff,10
8b2a8ac64b88fff,8
8b2a8ac65965fff,1
8b2a8ac65965fff,11
8b2a8a892accfff,1
8b2a8ac63aa6fff,15
8b2a8ac6055efff,15
8b2a8ac610e8fff,15
8b2a8ac66cddfff,9
8b2a8ad4a0c4fff,0
8b2a8a893586fff,6
8b2a8ac6511efff,4
8b2a8ac6130efff,15
8b2a8ac61c6efff,3
8b2a8ad4a000fff,0
8b2a8ad59b6bfff,2
8b2a8ac65104fff,4
8b2a8a89250bfff,0
8b2a8ac60b10fff,5
8b2a8ad59208fff,15
8b2a8ac64505fff,15
8b2a8ad4a2dcfff,2
8b2a8ad4a2dcfff,0
8b2a8ac62129fff,15
8b2a8a892828fff,0
8b2a8ad4e20efff,15
8b2a8ac6462efff,2
8b2a8ac66858fff,15
8b2a8ac65204fff,3
8b2a8ac65204fff,11
8b2a8a8926e6fff,2
8b2a8a8926e6fff,3
8b2a8ac60005fff,7
8b2a8ac60005fff,12
8b2a8ac66cd5fff,9
8b2a8ac64c2cfff,2
8b2a8ad59b2dfff,2
8b2a8a892b1afff,0
8b2a8ac65272fff,0
8b2a8ac6cc64fff,7
8b2a8ac6cc64fff,3
8b2a8ac6cc64fff,15
8b2a8ac6460cfff,2
8b2a8ac62a68fff,15
8b2a8ad4aa8efff,0
8b2a8ac63c14fff,15
8b2a8a892958fff,2
8b2a8a892958fff,0
8b2a8ad484b0fff,2
8b2a8a8964cdfff,0
8b2a8ac6408afff,2
8b2a8ad4bcccfff,0
8b2a8ac61705fff,15
8b2a8ad4a652fff,15
8b2a8ac6421cfff,0
8b2a8ad59ab0fff,15
8b2a8ac6cc69fff,15
8b2a8ac65a05fff,0
8b2a8ac613a2fff,15
8b2a8ac648d1fff,2
8b2a8ac63c74fff,2
8b2a8ac63c74fff,15
8b2a8ac603adfff,15
8b2a8ac662b3fff,15
8b2a8ac6472dfff,2
8b2a8ac6472dfff,8
8b2a8ad4ab82fff,0
8b2a8ac6318cfff,2
8b2a8ac6318cfff,15
8b2a8ac6000cfff,7
8b2a8ac6000cfff,12
8b2a8a8921aafff,10
8b2a8ac6c3a2fff,3
8b2a8ac66586fff,15
8b2a8ad4bacafff,8
8b2a8ad4bacafff,0
8b2a8ac60962fff,5
8b2a8ac60962fff,10
8b2a8a892d54fff,0
8b2a8ac65c99fff,8
8b2a8ac65c99fff,5
8b2a8ac62a16fff,15
8b2a8ac638c1fff,15
8b2a8ad48445fff,0
8b2a8ac6528afff,5
8b2a8ac64380fff,0
8b2a8ac6195cfff,3
8b2a8ac63a46fff,15
8b2a8ac658d1fff,7
8b2a8ac658d1fff,1
8b2a8ad4e289fff,15
8b2a8ad4bc90fff,2
8b2a8ad4bc90fff,2
8b2a8a893591fff,6
8b2a8ac60ccefff,2
8b2a8ad4b2e3fff,0
8b2a8ac61d2efff,5
8b2a8a89255efff,0
8b2a8ac64b4dfff,8
8b2a8ac64b4dfff,10
8b2a8ac65358fff,0
8b2a8ac656e0fff,5
8b2a8a892552fff,0
8b2a8a89215bfff,11
8b2a8ac602dcfff,2
8b2a8ac602dcfff,15
8b2a8a8962aafff,2
8b2a8a8962aafff,0
8b2a8ac66404fff,15
8b2a8a89202efff,10
8b2a8a89202efff,11
8b2a8ac6144afff,15
8b2a8ac6ca64fff,6
8b2a8ac6cd74fff,3
8b2a8ad4e35afff,15
8b2a8ac646d8fff,15
8b2a8ac61c10fff,5
8b2a8ac64892fff,16
8b2a8ad5b330fff,15
8b2a8ac66204fff,15
8b2a8ac6102cfff,3
8b2a8ac646e2fff,15
8b2a8ac646e2fff,2
8b2a8ad593a5fff,15
8b2a8a892335fff,8
8b2a8ad4a194fff,15
8b2a8a892cb1fff,0
8b2a8ad4a69efff,15
8b2a8ad590c1fff,15
8b2a8ac65d1efff,1
8b2a8ac66d19fff,15
8b2a8ac628c6fff,15
8b2a8ac63564fff,15
8b2a8ac64125fff,2
8b2a8a896305fff,0
8b2a8ac6575efff,5
8b2a8ac64276fff,0
8b2a8ac642a6fff,0
8b2a8ac642a6fff,11
8b2a8ac62a6efff,15
8b2a8ac64493fff,15
8b2a8ad4a4e1fff,15
8b2a8ac643aefff,0
8b2a8ac6ccb1fff,15
8b2a8ac60950fff,5
8b2a8ac64071fff,8
8b2a8a8962e0fff,2
8b2a8ac644c6fff,15
8b2a8ac6cd66fff,3
8b2a8ac62b50fff,15
8b2a8ac6106efff,15
8b2a8a892765fff,13
8b2a8a892765fff,3
8b2a8ac60d8afff,15
8b2a8ad4a36efff,1
8b2a8ad4a36efff,0
8b2a8ac6151bfff,15
8b2a8ad4b212fff,0
8b2a8ad4b212fff,1
8b2a8a896758fff,0
8b2a8ad4b49dfff,8
8b2a8ad4b49dfff,2
8b2a8a892108fff,1
8b2a8a892108fff,0
8b2a8ac64a0dfff,1
8b2a8ad4a408fff,15
8b2a8a8927a2fff,3
8b2a8ac6605cfff,15
8b2a8a8928ddfff,1
8b2a8a8928ddfff,0
8b2a8a89275cfff,3
8b2a8ad4a5aefff,15
8b2a8ac61510fff,15
8b2a8ac65031fff,14
8b2a8ac65031fff,4
8b2a8ad4e6cdfff,15
8b2a8ac66b4bfff,15
8b2a8ad59773fff,15
8b2a8a892488fff,3
8b2a8ad4b580fff,2
8b2a8a89665dfff,0
8b2a8ac658b5fff,1
8b2a8ac654e9fff,5
8b2a8ac660f2fff,15
8b2a8ac65140fff,4
8b2a8ac630b4fff,15
8b2a8ac65a8efff,0
8b2a8ac65a8efff,1
8b2a8ac65352fff,0
8b2a8ac6c19efff,15
8b2a8ac64a28fff,1
8b2a8ad4b488fff,2
8b2a8ad59315fff,15
8b2a8ad5d26cfff,15
8b2a8ad4a694fff,15
8b2a8ad4a694fff,2
8b2a8ac64618fff,2
8b2a8ac642ebfff,0
8b2a8a8926ebfff,3
8b2a8ac6631afff,15
8b2a8ac6459efff,15
8b2a8ac61cabfff,5
8b2a8ac6cb45fff,6
8b2a8a893792fff,6
8b2a8ac662f0fff,15
8b2a8ac63cacfff,15
8b2a8ac657a1fff,5
8b2a8ac66580fff,15
8b2a8ac65622fff,5
8b2a8ac61b70fff,3
8b2a8a896518fff,0
8b2a8ac61519fff,15
8b2a8ac660eefff,15
8b2a8ac60d8cfff,15
8b2a8ad4bd04fff,2
8b2a8ac6554efff,5
8b2a8ac615aefff,15
8b2a8a892d6dfff,0
8b2a8ad59313fff,15
8b2a8ac60210fff,15
8b2a8ad59b1cfff,15
8b2a8ad59b1cfff,2
8b2a8ad4841bfff,2
8b2a8ac61531fff,15
8b2a8ac64550fff,15
8b2a8ac64550fff,2
8b2a8ac63bacfff,15
8b2a8ad4ab2afff,2
8b2a8ac60b75fff,5
8b2a8ac6525dfff,0
8b2a8ac6569afff,5
8b2a8ac60011fff,7
8b2a8ad59b09fff,2
8b2a8ad596b4fff,15
8b2a8ad4a4e0fff,15
8b2a8a896658fff,0
8b2a8ac64512fff,15
8b2a8ad5b2ebfff,15
8b2a8ac63406fff,15
8b2a8ac63c9cfff,15
8b2a8ad5d349fff,15
8b2a8a892c2efff,1
8b2a8a892c2efff,2
8b2a8ad59330fff,15
8b2a8ac608a8fff,8
8b2a8ac64763fff,0
8b2a8a89358efff,6
8b2a8ac62c28fff,15
8b2a8ac63d90fff,15
8b2a8ac64344fff,0
8b2a8ac60c30fff,15
8b2a8a892163fff,11
8b2a8ad4b663fff,0
8b2a8ac643a2fff,0
8b2a8ad4e222fff,15
8b2a8ac60582fff,15
8b2a8ac65746fff,5
8b2a8a892c01fff,10
8b2a8ad4a950fff,15
8b2a8ac610dafff,15
8b2a8ac66893fff,15
8b2a8ac6cd19fff,3
8b2a8ac60c35fff,15
8b2a8ac6291dfff,15
8b2a8a89359efff,6
8b2a8a892503fff,0
8b2a8a896250fff,2
8b2a8ac6c9a3fff,7
8b2a8a892529fff,0
8b2a8ac60116fff,13
8b2a8ac60116fff,15
8b2a8ac65436fff,5
8b2a8a892a91fff,8
8b2a8ac61b6efff,3
8b2a8ad4e672fff,15
8b2a8ac61aaafff,3
8b2a8ac60529fff,15
8b2a8ac65355fff,0
8b2a8ad484e6fff,2
8b2a8a89352efff,15
8b2a8ac6078afff,15
8b2a8ac6cd5efff,3
8b2a8ac668dcfff,15
8b2a8a8924f3fff,3
8b2a8ac60473fff,15
8b2a8ac629a5fff,15
8b2a8ac61b98fff,3
8b2a8ac63c75fff,2
8b2a8ac65034fff,4
8b2a8ac6691efff,15
8b2a8ad592cdfff,15
8b2a8ad5b312fff,15
8b2a8ad5d26efff,15
8b2a8ac65d2bfff,0
8b2a8ac64a4bfff,10
8b2a8ac648d8fff,2
8b2a8ac66572fff,15
8b2a8ac62198fff,15
8b2a8ad4a992fff,15
8b2a8ac66a18fff,15
8b2a8ad5b39dfff,15
8b2a8ac6630bfff,15
8b2a8ac66d50fff,15
8b2a8ac64a0efff,0
8b2a8ac64a0efff,1
8b2a8ac654d6fff,5
8b2a8ad4a269fff,1
8b2a8ad4a269fff,9
8b2a8ad4a269fff,2
8b2a8ac621b2fff,15
8b2a8ad5b2e9fff,15
8b2a8ac60580fff,15
8b2a8ac63d80fff,15
8b2a8ad4bce8fff,0
8b2a8ac6c0cbfff,3
8b2a8ad4b451fff,10
8b2a8ad5bb5dfff,15
8b2a8ac61cb4fff,5
8b2a8ac6022afff,15
8b2a8ad4b261fff,0
8b2a8a896660fff,0
8b2a8ac61062fff,15
8b2a8ad4b7a6fff,1
8b2a8ac6116bfff,3
8b2a8ac63c45fff,2
8b2a8ad4a70dfff,15
8b2a8ad4a853fff,15
8b2a8a89665afff,0
8b2a8a896351fff,2
8b2a8ac6518cfff,4
8b2a8ad59749fff,15
8b2a8ac6094afff,5
8b2a8a892758fff,3
8b2a8ad4bc18fff,2
8b2a8ad4a945fff,2
8b2a8ad4a945fff,15
8b2a8ad4a145fff,0
8b2a8a892841fff,0
8b2a8ac66d28fff,15
8b2a8ad4b7a1fff,0
8b2a8ad4a61dfff,15
8b2a8ad4e21bfff,15
8b2a8ad4e6dbfff,15
8b2a8ac6601bfff,15
8b2a8ac61009fff,15
8b2a8ac6534dfff,0
8b2a8ac65409fff,5
8b2a8ac6014cfff,5
8b2a8ad4b201fff,1
8b2a8ad4b201fff,2
8b2a8ac66984fff,15
8b2a8ac6480afff,2
8b2a8ac63854fff,15
8b2a8ac61865fff,3
8b2a8ac65a6bfff,0
8b2a8ad4b08bfff,0
8b2a8ad4b08bfff,2
8b2a8ad4bd2efff,2
8b2a8ac6389bfff,2
8b2a8ac6389bfff,15
8b2a8ac668a3fff,15
8b2a8ac600a9fff,11
8b2a8ac65b9bfff,4
8b2a8ac6c01efff,15
8b2a8ad4ad41fff,15
8b2a8ac64815fff,2
8b2a8ac64815fff,0
8b2a8ac61686fff,15
8b2a8ac61ae5fff,3
8b2a8ad4ad40fff,15
8b2a8ac64a95fff,8
8b2a8a892b12fff,0
8b2a8ac6c72afff,7
8b2a8ac61724fff,15
8b2a8ac6442dfff,2
8b2a8ac63506fff,15
8b2a8ac64993fff,15
8b2a8ac6cb24fff,6
8b2a8ad4b894fff,2
8b2a8ac603a8fff,15
8b2a8ac60a5efff,5
8b2a8ac65b99fff,0
8b2a8ac65b99fff,4
8b2a8ad4a321fff,0
8b2a8a8924cbfff,3
8b2a8a8962dbfff,2
8b2a8ad4bc2afff,2
8b2a8a89282afff,0
8b2a8ac6c3a1fff,10
8b2a8ac6c3a1fff,3
8b2a8ac62926fff,15
8b2a8ac617b0fff,15
8b2a8ac62862fff,15
8b2a8ac6cc51fff,15
8b2a8ad4b4d9fff,3
8b2a8ad4b4d9fff,10
8b2a8ad4b4d9fff,2
8b2a8ac62569fff,15
8b2a8ad4a283fff,0
8b2a8ac61acdfff,3
8b2a8ac6292afff,15
8b2a8ac66175fff,15
8b2a8ad5920cfff,15
8b2a8a892436fff,3
8b2a8ac65975fff,1
8b2a8ac63b51fff,15
8b2a8a893652fff,6
8b2a8ac60a2dfff,5
8b2a8ad4b0c2fff,2
8b2a8ad4a228fff,0
8b2a8ac61422fff,15
8b2a8ac63b1afff,15
8b2a8ac63d20fff,2
8b2a8ac6014afff,5
8b2a8ac6014afff,15
8b2a8ad4ab6dfff,2
8b2a8ad4ab6dfff,1
8b2a8ac654a8fff,5
8b2a8ac648d4fff,2
8b2a8ac65010fff,4
8b2a8ac65010fff,5
8b2a8ac62d65fff,15
8b2a8a892ab6fff,11
8b2a8ac65765fff,5
8b2a8ac600e0fff,7
8b2a8ac600e0fff,15
8b2a8ac65c90fff,7
8b2a8a89261cfff,3
8b2a8ad5b2e1fff,15
8b2a8ac6234dfff,15
8b2a8ac66088fff,15
8b2a8ac63512fff,15
8b2a8ad48658fff,2
8b2a8ac66603fff,15
8b2a8ac60c1afff,15
8b2a8ac61cd9fff,15
8b2a8ad4ace9fff,15
8b2a8ac65375fff,0
8b2a8ad4a203fff,0
8b2a8ac65421fff,5
8b2a8ac6538afff,2
8b2a8ac6538afff,5
8b2a8ad4a24efff,9
8b2a8ac659b0fff,0
8b2a8ad4b41afff,2
8b2a8ad48446fff,0
8b2a8ad48446fff,2
8b2a8ac6495afff,2
8b2a8ad4859efff,2
8b2a8ad4859efff,15
8b2a8ac60b59fff,5
8b2a8ac65a63fff,1
8b2a8ac65a63fff,0
8b2a8ac61904fff,3
8b2a8ac65558fff,5
8b2a8ac62ce0fff,15
8b2a8a892310fff,8
8b2a8ac602aafff,15
8b2a8ac65182fff,4
8b2a8ac65182fff,5
8b2a8ad4a650fff,15
8b2a8ac65059fff,11
8b2a8ac62b86fff,15
8b2a8ad4b045fff,0
8b2a8ad4b003fff,0
8b2a8a892d26fff,0
8b2a8ac61d34fff,5
8b2a8ad4a6a6fff,15
8b2a8ac61d63fff,5
8b2a8ac60812fff,8
8b2a8ac6c832fff,7
8b2a8ac6c832fff,11
8b2a8ac62b85fff,15
8b2a8ac63864fff,15
8b2a8ad4b086fff,0
8b2a8ac640a3fff,2
8b2a8ad4a9aefff,15
8b2a8a8924f5fff,3
8b2a8ad4a8ddfff,0
8b2a8ad4b4f2fff,2
8b2a8ac660c1fff,15
8b2a8ac61150fff,3
8b2a8ac63146fff,15
8b2a8ac61501fff,15
8b2a8ac6049cfff,15
8b2a8ad4809bfff,0
8b2a8ac61198fff,15
8b2a8ac63c68fff,2
8b2a8ac65b72fff,0
8b2a8ac62b44fff,15
8b2a8ac6cd65fff,3
8b2a8ad5926efff,15
8b2a8ac6188bfff,3
8b2a8ac6314cfff,15
8b2a8ac6035bfff,15
8b2a8ac64b02fff,8
8b2a8ac6618bfff,15
8b2a8ac62144fff,15
8b2a8ad486f3fff,2
8b2a8ac65189fff,4
8b2a8ac64810fff,0
8b2a8ad4b0f6fff,0
8b2a8ac61596fff,15
8b2a8ad4b132fff,2
8b2a8a893691fff,6
8b2a8ad4aaf6fff,0
8b2a8ac60990fff,16
8b2a8ac6ca44fff,6
8b2a8ad4a56afff,15
8b2a8ad593a0fff,15
8b2a8a89285efff,0
8b2a8ac6531afff,11
8b2a8a892743fff,3
8b2a8ac66a30fff,2
8b2a8ac61d64fff,5
8b2a8ac66a45fff,15
8b2a8ac66a2dfff,15
8b2a8ac66a2dfff,2
8b2a8ac60710fff,2
8b2a8ac654e1fff,5
8b2a8ac60ae5fff,5
8b2a8ad4a8d8fff,0
8b2a8a893571fff,6
8b2a8a893571fff,15
8b2a8ac64ab4fff,8
8b2a8ac64ab4fff,2
8b2a8ac656cafff,5
8b2a8ac62aeafff,15
8b2a8ac61384fff,15
8b2a8a8967b0fff,0
8b2a8ac65113fff,4
8b2a8ac62b19fff,15
8b2a8ac650ebfff,14
8b2a8ac650ebfff,5
8b2a8ac6636cfff,15
8b2a8ac61848fff,3
8b2a8ac60590fff,15
8b2a8ac62370fff,15
8b2a8ac6caf0fff,7
8b2a8ad5b2dcfff,15
8b2a8ac63418fff,15
8b2a8ad4a30efff,0
8b2a8ac65690fff,5
8b2a8ac61a60fff,3
8b2a8ac66026fff,15
8b2a8ac65b2dfff,0
8b2a8ac65cacfff,4
8b2a8ac65cacfff,10
8b2a8ac66935fff,15
8b2a8ac61c83fff,5
8b2a8ac61c83fff,15
8b2a8ac64aa6fff,8
8b2a8ac6c964fff,6
8b2a8ac6c964fff,2
8b2a8ad4a65dfff,15
8b2a8a8926dcfff,3
8b2a8ac6046bfff,15
8b2a8ad5b28afff,15
8b2a8a8920b0fff,0
8b2a8ac64235fff,0
8b2a8ac65350fff,0
8b2a8ac639aefff,2
8b2a8ad59b88fff,15
8b2a8ac6611cfff,15
8b2a8ac63435fff,15
8b2a8ad4ab75fff,2
8b2a8ac60a8afff,5
8b2a8ac6cd01fff,3
8b2a8ac66811fff,15
8b2a8ac61b49fff,3
8b2a8ac65d6bfff,1
8b2a8ad4b215fff,1
8b2a8a89371dfff,6
8b2a8ac65053fff,14
8b2a8ac6650efff,15
8b2a8ac64185fff,15
8b2a8ac6564dfff,5
8b2a8ad59608fff,15
8b2a8ac601a5fff,13
8b2a8ac601a5fff,15
8b2a8ac6108dfff,15
8b2a8ac6435efff,0
8b2a8ac6342cfff,15
8b2a8ac653a8fff,11
8b2a8ac6585bfff,2
8b2a8ad59a21fff,2
8b2a8ac60963fff,5
8b2a8ac61b4dfff,3
8b2a8ad4a0dafff,15
8b2a8ad4bc10fff,2
8b2a8ac63535fff,15
8b2a8ac64c02fff,15
8b2a8ad4ac56fff,15
8b2a8ac61ad1fff,3
8b2a8ac61ad1fff,15
8b2a8ac61805fff,3
8b2a8ac61873fff,3
8b2a8ac656c8fff,5
8b2a8ac622e8fff,15
8b2a8ad5960cfff,15
8b2a8ad4ad51fff,15
8b2a8ac6dc35fff,7
8b2a8ac61320fff,15
8b2a8ac668cdfff,15
8b2a8ad4a563fff,15
8b2a8ac650adfff,5
8b2a8ac6c914fff,7
8b2a8ad5b249fff,15
8b2a8ac63d4dfff,2
8b2a8ac60708fff,2
8b2a8ac65d61fff,0
8b2a8ac60b32fff,5
8b2a8ac6c72cfff,3
8b2a8ad4a74efff,0
8b2a8ac652e0fff,0
8b2a8ac652e0fff,2
8b2a8ad4a404fff,15
8b2a8ac6525afff,0
8b2a8ac63c0dfff,15
8b2a8ac63173fff,15
8b2a8ad4bcb1fff,1
8b2a8ad59042fff,15
8b2a8ac64668fff,8
8b2a8ac64668fff,10
8b2a8ac62a32fff,15
8b2a8ac65c28fff,1
8b2a8a89240efff,0
8b2a8a89272dfff,3
8b2a8ac61d88fff,5
8b2a8ad59a0efff,15
8b2a8ad59a0efff,2
8b2a8ac6452bfff,15
8b2a8ac6074efff,2
8b2a8ac64a51fff,1
8b2a8ac6cb12fff,6
8b2a8ac6cb12fff,7
8b2a8ad4e6d0fff,15
8b2a8ac608e5fff,5
8b2a8ac60670fff,2
8b2a8ad4a653fff,15
8b2a8ad4ba9efff,0
8b2a8ac65a4efff,1
8b2a8ac65a4efff,0
8b2a8a8920cbfff,13
8b2a8a8920cbfff,3
8b2a8ad4a05afff,0
8b2a8ac6510bfff,14
8b2a8ac6510bfff,4
8b2a8ac62b32fff,15
8b2a8ac6cb21fff,6
8b2a8ac65519fff,5
8b2a8ac65600fff,5
8b2a8ac6300efff,2
8b2a8ad59a91fff,15
8b2a8ac6c39cfff,3
8b2a8ac60669fff,2
8b2a8a892772fff,3
8b2a8ac60646fff,2
8b2a8ac652ddfff,3
8b2a8ac652ddfff,2
8b2a8a89212dfff,0
8b2a8ac6005afff,15
8b2a8ac64c91fff,15
8b2a8ac66b9dfff,2
8b2a8ac6c1a2fff,15
8b2a8ac664c2fff,15
8b2a8ac66b6dfff,15
8b2a8ac64390fff,0
8b2a8ad4b0d2fff,2
8b2a8ac6600efff,15
8b2a8ac61da2fff,5
8b2a8ac6489bfff,16
8b2a8a89354bfff,15
8b2a8ac61621fff,15
8b2a8ac61545fff,15
8b2a8a8924e9fff,0
8b2a8a8924e9fff,3
8b2a8ac64c73fff,15
8b2a8ac64c73fff,16
8b2a8ad4b6eafff,0
8b2a8ac62266fff,15
8b2a8ac60d80fff,15
8b2a8ad4b768fff,0
8b2a8ac6c81bfff,7
8b2a8ac6c81bfff,3
8b2a8ac66a2afff,15
8b2a8ad4e75bfff,15
8b2a8ad4b282fff,0
8b2a8a892d86fff,0
8b2a8a892d86fff,1
8b2a8a8964b6fff,0
8b2a8ac654acfff,5
8b2a8ad4a046fff,0
8b2a8ad4e219fff,15
8b2a8ac66352fff,15
8b2a8ac6cc18fff,15
8b2a8ac6c854fff,7
8b2a8ad5b3b1fff,15
8b2a8ac61c5dfff,3
8b2a8a893090fff,15
8b2a8ac64af1fff,0
8b2a8ad48786fff,0
8b2a8ad48786fff,1
8b2a8ac63a02fff,15
8b2a8ac6dda1fff,7
8b2a8a8924aafff,3
8b2a8ac61b18fff,3
8b2a8ad5bb4cfff,15
8b2a8a892a90fff,8
8b2a8a892a90fff,11
8b2a8ac63810fff,15
8b2a8ad4851bfff,15
8b2a8ac6684cfff,15
8b2a8ac6106afff,15
8b2a8a8937a8fff,6
8b2a8a896299fff,2
8b2a8ac66062fff,15
8b2a8a893555fff,6
8b2a8ac65288fff,5
8b2a8ac6159bfff,15
8b2a8ac64b56fff,3
8b2a8a892170fff,1
8b2a8ac66091fff,15
8b2a8a892602fff,3
8b2a8ac60019fff,7
8b2a8ac65445fff,5
8b2a8ac62358fff,15
8b2a8ad4a81cfff,15
8b2a8ac6ddb1fff,7
8b2a8ac65590fff,5
8b2a8ac65590fff,10
8b2a8ac65590fff,0
8b2a8ad4ac01fff,15
8b2a8ac65124fff,7
8b2a8ac65124fff,14
8b2a8ac65124fff,4
8b2a8ac61ce8fff,3
8b2a8a896603fff,0
8b2a8a892584fff,0
8b2a8ac63913fff,2
8b2a8ad48421fff,2
8b2a8ad48421fff,15
8b2a8ad4a890fff,15
8b2a8ad4e2d1fff,15
8b2a8ac6470efff,2
8b2a8ac62234fff,15
8b2a8ac605a6fff,15
8b2a8ac602f1fff,15
8b2a8ac6044cfff,15
8b2a8ac64ce3fff,15
8b2a8a892200fff,0
8b2a8a892a15fff,0
8b2a8ac60991fff,16
8b2a8ac60991fff,8
8b2a8ac652a1fff,11
8b2a8ac652a1fff,5
8b2a8a892cddfff,0
8b2a8a892cddfff,10
8b2a8ac640b2fff,2
8b2a8ac60ce4fff,15
8b2a8ad4ac05fff,15
8b2a8a8921acfff,10
8b2a8ac64cb2fff,15
8b2a8ac66355fff,15
8b2a8a892404fff,0
8b2a8ad48475fff,0
8b2a8ad48475fff,2
8b2a8ac6342afff,15
8b2a8ac65821fff,1
8b2a8ac62229fff,15
8b2a8ad4b2a4fff,0
8b2a8a89662dfff,0
8b2a8ac63965fff,15
8b2a8ac62b4dfff,15
8b2a8a892d2dfff,0
8b2a8ac6058efff,15
8b2a8ac65b98fff,4
8b2a8ad4b762fff,0
8b2a8ad4b762fff,2
8b2a8ac60d65fff,16
8b2a8ac60d65fff,15
8b2a8ac6c54dfff,15
8b2a8ac6699dfff,15
8b2a8ac62c01fff,15
8b2a8ad59366fff,15
8b2a8a892d62fff,0
8b2a8ac60aaefff,5
8b2a8ad4a0e8fff,0
8b2a8a892960fff,2
8b2a8ac63183fff,15
8b2a8ac6690afff,15
8b2a8ad4ac72fff,15
8b2a8ac61cc2fff,3
8b2a8ac61cc2fff,5
8b2a8ac61cc2fff,15
8b2a8a89296afff,2
8b2a8ad4b612fff,0
8b2a8a892434fff,0
8b2a8a892434fff,3
8b2a8ac648a3fff,15
8b2a8ac648a3fff,0
8b2a8a8965b1fff,11
8b2a8a8965b1fff,0
8b2a8ac65daefff,1
8b2a8ac65daefff,10
8b2a8ac6396efff,15
8b2a8ac62a11fff,15
8b2a8ac642f5fff,0
8b2a8ad4ad55fff,15
8b2a8ad4ac55fff,15
8b2a8ac65961fff,1
8b2a8ac65961fff,11
8b2a8ad4b370fff,8
8b2a8ac6469afff,15
8b2a8ac6ed34fff,15
8b2a8ac6c815fff,7
8b2a8ac6c815fff,11
8b2a8ad4aad4fff,0
8b2a8ad4bd40fff,2
8b2a8ad59671fff,15
8b2a8ac6558cfff,5
8b2a8ac65c84fff,8
8b2a8ac65c84fff,2
8b2a8ac64419fff,15
8b2a8ad4e6cafff,15
8b2a8ac611a5fff,3
8b2a8ac62aabfff,15
8b2a8ad4acacfff,15
8b2a8a892250fff,0
8b2a8ad4846efff,0
8b2a8ac60484fff,15
8b2a8a893709fff,6
8b2a8ac66c24fff,15
8b2a8ac61740fff,15
8b2a8ac63b8dfff,15
8b2a8ac64752fff,2
8b2a8ad5b0cdfff,15
8b2a8a892483fff,3
8b2a8ad4a462fff,15
8b2a8a892102fff,10
8b2a8a892102fff,0
8b2a8ac6520dfff,0
8b2a8a8921a4fff,10
8b2a8ac6486cfff,2
8b2a8ac62d5dfff,15
8b2a8ac61546fff,15
8b2a8ac6529efff,5
8b2a8ad5b389fff,15
8b2a8ac6039bfff,15
8b2a8ac63562fff,15
8b2a8a896cb5fff,8
8b2a8ac60c12fff,15
8b2a8ad4b0cdfff,0
8b2a8ad4b0cdfff,2
8b2a8ac6584afff,2
8b2a8ac6584afff,1
8b2a8ac6c304fff,2
8b2a8ac6c072fff,7
8b2a8ac6211afff,15
8b2a8ac65b66fff,0
8b2a8ad4b188fff,0
8b2a8ac652d3fff,3
8b2a8a896742fff,0
8b2a8ac60581fff,15
8b2a8ac66998fff,15
8b2a8ac638d4fff,15
8b2a8ad4bc6cfff,2
8b2a8ad4ac66fff,15
8b2a8ac65863fff,1
8b2a8ac65863fff,11
8b2a8ac65863fff,0
8b2a8ad4a4edfff,15
8b2a8ac64392fff,0
8b2a8ac60185fff,13
8b2a8ac60185fff,2
8b2a8ac6648efff,15
8b2a8ac664ddfff,15
8b2a8ad4e290fff,15
8b2a8ac65d0bfff,0
8b2a8ac66525fff,15
8b2a8ac66525fff,9
8b2a8ac65af6fff,1
8b2a8ac60a53fff,5
8b2a8ac63c94fff,15
8b2a8ac64b19fff,3
8b2a8ac64b19fff,8
8b2a8a892c93fff,0
8b2a8ac65501fff,5
8b2a8ac6290afff,15
8b2a8ad4b459fff,1
8b2a8a893706fff,6
8b2a8a89229efff,7
8b2a8a89229efff,2
8b2a8ac64b8dfff,8
8b2a8a89629bfff,2
8b2a8a89629bfff,0
8b2a8ac63c76fff,15
8b2a8a89282efff,0
8b2a8ac656a2fff,5
8b2a8a89238dfff,1
8b2a8a89238dfff,10
8b2a8a89296efff,2
8b2a8a896202fff,2
8b2a8a896202fff,0
8b2a8ac64161fff,11
8b2a8ac64161fff,2
8b2a8ac60398fff,15
8b2a8ac64643fff,8
8b2a8ad4b0d8fff,2
8b2a8ac62805fff,15
8b2a8ac64543fff,2
8b2a8ac65cecfff,4
8b2a8ac65cecfff,5
8b2a8ac6350dfff,15
8b2a8ac6078bfff,15
8b2a8ac65cf0fff,4
8b2a8ac65cf0fff,8
8b2a8ac65cf0fff,5
8b2a8ad4b9b0fff,2
8b2a8ac61aa0fff,3
8b2a8ac64024fff,2
8b2a8ac66206fff,15
8b2a8ad4b08afff,0
8b2a8ac62b35fff,15
8b2a8ad4b369fff,8
8b2a8a8927b4fff,3
8b2a8ac62ac0fff,15
8b2a8ad4844efff,0
8b2a8ac63305fff,15
8b2a8ac64b55fff,3
8b2a8a892c5bfff,10
8b2a8ad596b0fff,15
8b2a8a89291cfff,0
8b2a8a892d05fff,0
8b2a8ac6c8f4fff,3
8b2a8ad4a01afff,15
8b2a8ac65520fff,5
8b2a8ac644abfff,15
8b2a8ac603a1fff,15
8b2a8ac662dbfff,15
8b2a8ac6071bfff,2
8b2a8a892455fff,0
8b2a8ac6c841fff,6
8b2a8ac660c5fff,15
8b2a8ac62016fff,15
8b2a8a892191fff,10
8b2a8ac6695bfff,15
8b2a8ad59202fff,15
8b2a8ad4ad63fff,15
8b2a8ac64451fff,2
8b2a8ac6cba6fff,6
8b2a8ac6cba6fff,7
8b2a8ac660ccfff,15
8b2a8ac66332fff,15
8b2a8a893795fff,6
8b2a8ac667a8fff,15
8b2a8ac604d6fff,15
8b2a8ad59b54fff,2
8b2a8ac666acfff,15
8b2a8ac6118efff,15
8b2a8ac61b43fff,3
8b2a8a8923a6fff,1
8b2a8a8923a6fff,10
8b2a8ad4aa76fff,2
8b2a8ac6049bfff,15
8b2a8ac608f5fff,5
8b2a8ac62a2dfff,15
8b2a8ad4a76bfff,0
8b2a8ac75b45fff,15
8b2a8ac6445dfff,2
8b2a8ac6156efff,15
8b2a8a8924e6fff,3
8b2a8ac65b2cfff,0
8b2a8ad4a6f2fff,2
8b2a8ad4b209fff,0
8b2a8ac63c73fff,2
8b2a8ac63c73fff,15
8b2a8ac65506fff,5
8b2a8ac6231efff,15
8b2a8ad5924dfff,15
8b2a8ac61476fff,15
8b2a8a892741fff,3
8b2a8ac644a8fff,15
8b2a8a896218fff,2
8b2a8a89308efff,15
8b2a8ac6046efff,15
8b2a8ad4b443fff,1
8b2a8ad4b443fff,10
8b2a8ac65229fff,0
8b2a8ac66b9cfff,15
8b2a8ac66b9cfff,2
8b2a8ac600dbfff,15
8b2a8a892d23fff,0
8b2a8ac62122fff,15
8b2a8ad4e21afff,15
8b2a8ad59669fff,15
8b2a8ad4e620fff,15
8b2a8a8927a3fff,3
8b2a8ad5b281fff,15
8b2a8ac60048fff,15
8b2a8a892114fff,10
8b2a8ac60312fff,15
8b2a8ac6109efff,15
8b2a8ac65b14fff,2
8b2a8ac65b14fff,0
8b2a8ad59751fff,15
8b2a8ac66a06fff,15
8b2a8ac66a06fff,2
8b2a8a89674efff,0
8b2a8ac6c701fff,7
8b2a8ac614c0fff,15
8b2a8ac61c40fff,3
8b2a8ac64956fff,2
8b2a8ac65290fff,5
8b2a8ad5931cfff,15
8b2a8ac6430dfff,0
8b2a8ad5b300fff,15
8b2a8ad4a2a0fff,0
8b2a8ac66c0efff,15
8b2a8ac638dafff,15
8b2a8ac66833fff,15
8b2a8ad4a966fff,15
8b2a8a892589fff,3
8b2a8ad48523fff,15
8b2a8ac64315fff,0
8b2a8ac601a2fff,13
8b2a8ac601a2fff,2
8b2a8ac60ab0fff,5
8b2a8ac66686fff,15
8b2a8ac60795fff,15
8b2a8ad4a985fff,15
8b2a8ac6180dfff,3
8b2a8ac64a6afff,2
8b2a8ac64a6afff,10
8b2a8ac66028fff,15
8b2a8ad5925afff,15
8b2a8ad4b62bfff,0
8b2a8ac6092bfff,10
8b2a8a892699fff,3
8b2a8ad4e601fff,15
8b2a8ac60d0dfff,15
8b2a8ad4a12efff,0
8b2a8ad59a10fff,2
8b2a8ad4a6b4fff,2
8b2a8a892ab0fff,11
8b2a8ac61d4efff,3
8b2a8ac61d4efff,5
8b2a8ac66c51fff,15
8b2a8ac66c51fff,9
8b2a8ac6100dfff,15
8b2a8ac65258fff,0
8b2a8a89248dfff,3
8b2a8ad4a911fff,15
8b2a8ad5d261fff,15
8b2a8ac64ca8fff,15
8b2a8ad4a6a4fff,15
8b2a8ad4a2a1fff,0
8b2a8ad59a2efff,2
8b2a8ad4a273fff,9
8b2a8a892b88fff,0
8b2a8ac610b3fff,15
8b2a8ac61a74fff,3
8b2a8ac64644fff,8
8b2a8ac61104fff,3
8b2a8ad4a31efff,0
8b2a8ac6c994fff,3
8b2a8ad4a8a3fff,15
8b2a8ac65249fff,0
8b2a8a8926d1fff,3
8b2a8ad5916afff,15
8b2a8ac61049fff,15
8b2a8ad48092fff,0
8b2a8ac60205fff,15
8b2a8a892111fff,10
8b2a8ac62936fff,15
8b2a8ad4bce0fff,0
8b2a8ac63ad1fff,15
8b2a8ac6ddb4fff,7
8b2a8ac665a9fff,15
8b2a8ac62a01fff,15
8b2a8ac66812fff,15
8b2a8ac66459fff,15
8b2a8ac64206fff,0
8b2a8a892a96fff,11
8b2a8ac64b60fff,3
8b2a8ac64b60fff,10
8b2a8ad59b1dfff,2
8b2a8ac64b92fff,11
8b2a8ac64b92fff,2
8b2a8ad4a350fff,0
8b2a8ad4a524fff,15
8b2a8ad4b7b0fff,1
8b2a8ad4b7b0fff,10
8b2a8ad59a80fff,15
8b2a8ac66600fff,15
8b2a8a892d36fff,0
8b2a8ac63b02fff,15
8b2a8ac6cb22fff,6
8b2a8ac6011efff,13
8b2a8ac6011efff,15
8b2a8a892805fff,0
8b2a8a8920a0fff,0
8b2a8a8920a0fff,10
8b2a8ac628a0fff,15
8b2a8a8928e0fff,0
8b2a8ac62c55fff,15
8b2a8ac6dd20fff,7
8b2a8ad484a9fff,2
8b2a8ad4a421fff,15
8b2a8ac60c90fff,15
8b2a8ad4a925fff,15
8b2a8ad4b302fff,0
8b2a8ac64765fff,0
8b2a8a89620bfff,2
8b2a8ad486ddfff,2
8b2a8ad4a6d4fff,2
8b2a8ad5975afff,15
8b2a8ac61149fff,3
8b2a8ac645a2fff,15
8b2a8ad4a300fff,0
8b2a8ac65084fff,5
8b2a8a892536fff,0
8b2a8a893623fff,6
8b2a8ad4a628fff,15
8b2a8ac6068cfff,2
8b2a8ac6226dfff,15
8b2a8ad5b298fff,15
8b2a8ad4b034fff,0
8b2a8a8964a0fff,0
8b2a8ac6c185fff,15
8b2a8ad4b48efff,2
8b2a8a892ce0fff,10
8b2a8ac6c39dfff,3
8b2a8ac658f1fff,14
8b2a8ac658f1fff,1
8b2a8ac60973fff,5
8b2a8ac60973fff,10
8b2a8ac660e6fff,15
8b2a8ac6411cfff,15
8b2a8ac6411cfff,2
8b2a8ac60213fff,15
8b2a8ad59268fff,15
8b2a8ad4b4e9fff,10
8b2a8ac60352fff,15
8b2a8a8964e1fff,0
8b2a8ac60506fff,15
8b2a8ac614e6fff,15
8b2a8ac62d4bfff,15
8b2a8ac60b11fff,5
8b2a8ac654defff,5
8b2a8ac6100afff,15
8b2a8ac640b3fff,2
8b2a8a89298afff,0
8b2a8ac60588fff,15
8b2a8ac66269fff,15
8b2a8ac6c14cfff,7
8b2a8ac6669cfff,15
8b2a8ac62aa2fff,15
8b2a8ac63b06fff,15
8b2a8ac6695cfff,15
8b2a8ac650c9fff,5
8b2a8ac66b93fff,15
8b2a8ad4b608fff,0
8b2a8ad48430fff,2
8b2a8ad48430fff,15
8b2a8ad4b435fff,10
8b2a8ad4b435fff,2
8b2a8ad4ad23fff,15
8b2a8a89205dfff,1
8b2a8a89205dfff,8
8b2a8ac64c8dfff,15
8b2a8ac66808fff,15
8b2a8ac61a9efff,3
8b2a8ac61a9efff,15
8b2a8ac616a9fff,15
8b2a8ac65d91fff,2
8b2a8ac65d91fff,10
8b2a8ad4b276fff,0
8b2a8ac65752fff,5
8b2a8ac6c84efff,6
8b2a8ac61a18fff,3
8b2a8ac64ab1fff,8
8b2a8ad4a3b0fff,0
8b2a8ad4a6a0fff,15
8b2a8ad4ad62fff,15
8b2a8ac6c3adfff,10
8b2a8ac6c9b4fff,7
8b2a8ac6c9b4fff,3
8b2a8ac64585fff,15
8b2a8ac6469bfff,15
8b2a8ac61c0efff,5
8b2a8ac65925fff,0
8b2a8a892b9cfff,0
8b2a8ac64088fff,2
8b2a8ad4a8e6fff,15
8b2a8ad4a8e6fff,0
8b2a8ad4b1abfff,0
8b2a8ac628cefff,15
8b2a8ac66142fff,15
8b2a8ac61394fff,15
8b2a8ad4a69cfff,15
8b2a8a892b94fff,11
8b2a8ac662a2fff,15
8b2a8ad5bb5efff,15
8b2a8a89265afff,7
8b2a8a89265afff,2
8b2a8ac62b16fff,15
8b2a8ac6cd4efff,3
8b2a8ad4bc11fff,2
8b2a8ac6286efff,15
8b2a8ad4b601fff,0
8b2a8ad484c3fff,2
8b2a8ac6c0a5fff,15
8b2a8ac614ccfff,15
8b2a8ac61420fff,15
8b2a8a893500fff,15
8b2a8ac66410fff,15
8b2a8a89270afff,3
8b2a8ac6194cfff,3
8b2a8ac6c303fff,7
8b2a8ac6c303fff,10
8b2a8ac6c303fff,2
8b2a8ac63b28fff,15
8b2a8a892733fff,3
8b2a8ac6354cfff,15
8b2a8ac63053fff,2
8b2a8ad4ada2fff,15
8b2a8ac6694dfff,15
8b2a8ac6cb13fff,6
8b2a8ac65395fff,5
8b2a8ac61460fff,15
8b2a8ad59321fff,15
8b2a8ad485b1fff,15
8b2a8ac6161dfff,15
8b2a8ac61d2bfff,5
8b2a8ac60263fff,15
8b2a8ad4b260fff,0
8b2a8ac60504fff,15
8b2a8ad4a029fff,0
8b2a8ac662ecfff,15
8b2a8a896632fff,0
8b2a8ac66596fff,15
8b2a8ad4ab2dfff,2
8b2a8ac62063fff,2
8b2a8ac6cc92fff,15
8b2a8ad4a54bfff,15
8b2a8ac66d6efff,15
8b2a8ac65724fff,5
8b2a8a892c00fff,10
8b2a8ac658a8fff,14
8b2a8ac658a8fff,11
8b2a8ac658a8fff,1
8b2a8ac63c24fff,2
8b2a8ac63c24fff,15
8b2a8ad4b059fff,0
8b2a8ad4e26bfff,15
8b2a8ad4e284fff,15
8b2a8a89262afff,3
8b2a8ac60a99fff,5
8b2a8ac668b6fff,15
8b2a8ac638c6fff,15
8b2a8ac65308fff,0
8b2a8ad59374fff,15
8b2a8ac61a5efff,3
8b2a8ad59271fff,15
8b2a8ac66721fff,15
8b2a8ac60a2afff,5
8b2a8ac64621fff,2
8b2a8ac646a0fff,15
8b2a8ac654b4fff,5
8b2a8ac66a2bfff,15
8b2a8ac66a2bfff,2
8b2a8ac6ed30fff,15
8b2a8ac60796fff,15
8b2a8a892c2bfff,10
8b2a8a892c2bfff,2
8b2a8ad4bd89fff,1
8b2a8ad4bd89fff,2
8b2a8ac615a6fff,15
8b2a8ad59a5afff,15
8b2a8ac6479efff,15
8b2a8ad4bd0bfff,2
8b2a8ac62c62fff,15
8b2a8ad4e609fff,15
8b2a8ac6cb65fff,6
8b2a8ac616adfff,15
8b2a8ad5ba6dfff,15
8b2a8ac668a9fff,15
8b2a8ac644cefff,15
8b2a8ac64a9efff,0
8b2a8ad4aad3fff,0
8b2a8ac6c12afff,15
8b2a8ac6c3a9fff,10
8b2a8ac6036efff,5
8b2a8ac66922fff,15
8b2a8a8923a4fff,1
8b2a8a8923a4fff,8
8b2a8ac66ce0fff,15
8b2a8ac66ce0fff,9
8b2a8ac63d11fff,15
8b2a8a8964f6fff,0
8b2a8a892066fff,11
8b2a8ac60d92fff,15
8b2a8ac6394bfff,15
8b2a8ad59309fff,15
8b2a8ac61b54fff,3
8b2a8ac60721fff,11
8b2a8ac61d0cfff,5
8b2a8ac6c153fff,7
8b2a8ac6c153fff,15
8b2a8ac6659efff,15
8b2a8ad4b219fff,0
8b2a8ad4b219fff,1
8b2a8ac6396cfff,15
8b2a8a89651afff,0
8b2a8ad4a623fff,15
8b2a8ac64448fff,2
8b2a8ac63cd4fff,15
8b2a8ac62968fff,15
8b2a8ad4a264fff,2
8b2a8ad4a342fff,0
8b2a8ad4b2d9fff,1
8b2a8ac6c848fff,6
8b2a8ad4bdabfff,1
8b2a8ad4e6e4fff,15
8b2a8a896798fff,0
8b2a8ac60c26fff,15
8b2a8a892bb1fff,0
8b2a8ac65c1cfff,4
8b2a8ac66d42fff,15
8b2a8ac652dbfff,3
8b2a8ac60c69fff,15
8b2a8ac62242fff,15
8b2a8ad4a363fff,0
8b2a8ac6c0cafff,3
8b2a8ad48550fff,2
8b2a8ad48550fff,15
8b2a8ad5920dfff,15
8b2a8ac604c2fff,15
8b2a8ad4a371fff,0
8b2a8ad4a6d9fff,15
8b2a8ad4a6d9fff,2
8b2a8a893570fff,15
8b2a8ac64323fff,0
8b2a8ac6cd71fff,3
8b2a8ad4b65afff,0
8b2a8a893514fff,15
8b2a8ac6cb1afff,6
8b2a8ac6cb1afff,7
8b2a8a896285fff,0
8b2a8ac642a5fff,0
8b2a8ac64755fff,2
8b2a8ac64930fff,0
8b2a8ac6391afff,2
8b2a8ad5b26cfff,15
8b2a8ac668c9fff,15
8b2a8ac65715fff,5
8b2a8ac6056cfff,2
8b2a8ac65372fff,0
8b2a8ac6675bfff,15
8b2a8ac6235cfff,15
8b2a8ac623a4fff,15
8b2a8a892d88fff,0
8b2a8a892d88fff,7
8b2a8ac65c29fff,1
8b2a8ac66050fff,15
8b2a8ad4e229fff,15
8b2a8ad593aefff,15
8b2a8ac66a33fff,15
8b2a8ac66a33fff,2
8b2a8a892903fff,0
8b2a8ac64c20fff,2
8b2a8ad48462fff,0
8b2a8ac65459fff,5
8b2a8ac66b94fff,15
8b2a8ad59b53fff,15
8b2a8ad59b53fff,2
8b2a8ac6535afff,0
8b2a8ac62054fff,15
8b2a8a89242bfff,0
8b2a8ac65ab6fff,1
8b2a8ac65ab6fff,4
8b2a8ac6102dfff,3
8b2a8ac610d9fff,15
8b2a8a892ac8fff,1
8b2a8ac667acfff,15
8b2a8ac664d3fff,15
8b2a8ac60368fff,5
8b2a8a892bb0fff,11
8b2a8a892bb0fff,0
8b2a8ad5966dfff,15
8b2a8ac65c24fff,0
8b2a8ac65c24fff,1
8b2a8ac64046fff,8
8b2a8ac6cc1afff,15
8b2a8ac66343fff,15
8b2a8ac6688cfff,15
8b2a8ac66cf3fff,9
8b2a8ac66b40fff,15
8b2a8ac6599efff,1
8b2a8ad59b25fff,2
8b2a8ac66a15fff,15
8b2a8ac66a15fff,2
8b2a8ac65974fff,1
8b2a8ac6cce5fff,15
8b2a8ac6100efff,15
8b2a8ac64726fff,2
8b2a8ac64905fff,0
8b2a8ac608e0fff,5
8b2a8ac6642cfff,15
8b2a8ac62ba5fff,15
8b2a8a89648dfff,0
8b2a8ad59a85fff,15
8b2a8ac64263fff,0
8b2a8ad4a18efff,15
8b2a8ac654dbfff,5
8b2a8ac6174bfff,15
8b2a8ad59a1afff,15
8b2a8ad59a1afff,2
8b2a8ac64318fff,0
8b2a8ac65776fff,5
8b2a8ac61066fff,3
8b2a8ac61066fff,15
8b2a8ac6628bfff,15
8b2a8ad4ab4dfff,2
8b2a8ad4ab4dfff,1
8b2a8ac655a9fff,5
8b2a8ac6192cfff,3
8b2a8ac65db0fff,2
8b2a8ac65db0fff,1
8b2a8ac66055fff,15
8b2a8ad4b06cfff,0
8b2a8ac6cba5fff,6
8b2a8ac6cba5fff,7
8b2a8a89369cfff,6
8b2a8ad4a2c6fff,0
8b2a8ac62a06fff,15
8b2a8ac6399cfff,2
8b2a8ac606d8fff,2
8b2a8ad59224fff,15
8b2a8ad592e4fff,15
8b2a8ac6586efff,1
8b2a8ac6586efff,0
8b2a8ac6480cfff,2
8b2a8ac6c9a9fff,7
8b2a8ac655a8fff,5
8b2a8ac60871fff,5
8b2a8ac64305fff,0
8b2a8ac65a32fff,0
8b2a8ad5b2d4fff,15
8b2a8ad4bd0efff,2
8b2a8ac6518bfff,4
8b2a8ac6518bfff,5
8b2a8a89622dfff,2
8b2a8ac60acdfff,5
8b2a8ac62b5efff,15
8b2a8ac6c863fff,6
8b2a8ac6c863fff,7
8b2a8ad4a05efff,0
8b2a8ac62353fff,15
8b2a8ac64d59fff,16
8b2a8ac75920fff,15
8b2a8ad5b31efff,15
8b2a8ad5928dfff,15
8b2a8ac6c8e6fff,7
8b2a8ac6c8e6fff,3
8b2a8ac66432fff,15
8b2a8ac660aafff,15
8b2a8ac6c746fff,7
8b2a8ac60b12fff,5
8b2a8ad4b30afff,0
8b2a8ad59aecfff,15
8b2a8ac66325fff,15
8b2a8ad4bc72fff,2
8b2a8ac61165fff,3
8b2a8ac61bb3fff,3
8b2a8ac6500efff,14
8b2a8ac66126fff,15
8b2a8ac6c8c4fff,3
8b2a8ac6595efff,1
8b2a8ad5d241fff,15
8b2a8a8964b4fff,0
8b2a8ac65a99fff,0
8b2a8ad4ac45fff,15
8b2a8ac60683fff,15
8b2a8ad4ad05fff,15
8b2a8ac66826fff,15
8b2a8ac646cafff,15
8b2a8ad4b098fff,0
8b2a8ac65899fff,4
8b2a8ac65899fff,1
8b2a8ac65d2afff,0
8b2a8ac618b2fff,3
8b2a8ac6288cfff,15
8b2a8ac604d8fff,15
8b2a8ac61676fff,15
8b2a8ac62070fff,2
8b2a8ac62070fff,15
8b2a8ac60740fff,2
8b2a8ac646d9fff,15
8b2a8ac6c2a4fff,3
8b2a8ac651a2fff,4
8b2a8ac651a2fff,5
8b2a8ad4a6f1fff,15
8b2a8ad4a6f1fff,2
8b2a8ac66890fff,15
8b2a8ac62911fff,15
8b2a8ac660b1fff,15
8b2a8ac65793fff,5
8b2a8ac66969fff,15
8b2a8ad4a956fff,15
8b2a8ac63d66fff,2
8b2a8ac62ae2fff,15
8b2a8ac64c1efff,15
8b2a8a892354fff,0
8b2a8a892354fff,1
8b2a8a892136fff,10
8b2a8a892136fff,0
8b2a8ad4acdbfff,15
8b2a8a89225dfff,6
8b2a8ac65d26fff,0
8b2a8ac65d26fff,2
8b2a8ac65d26fff,8
8b2a8ac61b2bfff,3
8b2a8ad4a8b2fff,15
8b2a8a8964f4fff,0
8b2a8a8936b5fff,6
8b2a8ac65134fff,4
8b2a8ac66272fff,15
8b2a8ad4a1a4fff,15
8b2a8a892d0cfff,0
8b2a8ad4b182fff,0
8b2a8ad4e291fff,15
8b2a8ac64085fff,2
8b2a8ac60c43fff,15
8b2a8ad4a2b3fff,0
8b2a8ac64833fff,2
8b2a8ac64833fff,0
8b2a8a892d76fff,0
8b2a8a89205efff,1
8b2a8a89205efff,10
8b2a8ac65073fff,14
8b2a8a8965b4fff,11
8b2a8a896499fff,0
8b2a8ac6c882fff,7
8b2a8ac6c882fff,3
8b2a8ac61109fff,3
8b2a8ac6005bfff,15
8b2a8ac6149cfff,15
8b2a8a89266efff,2
8b2a8a892711fff,3
8b2a8ac6162cfff,15
8b2a8ad4b743fff,0
8b2a8ac63c58fff,15
8b2a8ad4bd48fff,2
8b2a8ac653abfff,11
8b2a8ad4a958fff,15
8b2a8ac60690fff,15
8b2a8a89262dfff,3
8b2a8ac6448efff,15
8b2a8ac60d4afff,16
8b2a8ac60d4afff,15
8b2a8ac60480fff,15
8b2a8ad484d6fff,2
8b2a8ad4a703fff,15
8b2a8ac653b0fff,11
8b2a8ac653b0fff,14
8b2a8ac653b0fff,5
8b2a8ac6155afff,15
8b2a8ac60020fff,12
8b2a8ac60020fff,15
8b2a8ad4e631fff,15
8b2a8ad4bc60fff,2
8b2a8ac642c2fff,10
8b2a8ac62325fff,2
8b2a8ac62325fff,15
8b2a8a89231afff,0
8b2a8a89231afff,1
8b2a8ac65673fff,5
8b2a8ac659b5fff,0
8b2a8ad4b283fff,0
8b2a8ac65b4afff,0
8b2a8ac64826fff,2
8b2a8ac64826fff,0
8b2a8ad4a2f6fff,0
8b2a8ac6c0d3fff,3
8b2a8ac6c080fff,15
8b2a8ac6630afff,15
8b2a8ac6cb50fff,6
8b2a8ac6c875fff,7
8b2a8ac6576dfff,5
8b2a8ac65c73fff,4
8b2a8ac65c73fff,5
8b2a8ac6294efff,15
8b2a8ad4a299fff,0
8b2a8a893401fff,6
8b2a8a892332fff,8
8b2a8ac66470fff,15
8b2a8a896635fff,0
8b2a8ac610e6fff,15
8b2a8ac66259fff,15
8b2a8ad4acd2fff,15
8b2a8a892713fff,3
8b2a8a892999fff,0
8b2a8ad593b2fff,15
8b2a8ac64a83fff,2
8b2a8ac64a83fff,8
8b2a8ac64d35fff,15
8b2a8ac607aefff,2
8b2a8ac607aefff,15
8b2a8ac66658fff,15
8b2a8ad4b0dbfff,2
8b2a8ac6169afff,15
8b2a8ac64dacfff,15
8b2a8ac6225bfff,15
8b2a8ad4b0c0fff,2
8b2a8ac66a82fff,15
8b2a8a892931fff,0
8b2a8ac60d94fff,15
8b2a8ac61a15fff,3
8b2a8a892375fff,1
8b2a8ac65729fff,5
8b2a8ad5b262fff,15
8b2a8ac65380fff,2
8b2a8ac65380fff,11
8b2a8ac6639dfff,15
8b2a8ac66643fff,15
8b2a8ac6675dfff,15
8b2a8ac65a02fff,0
8b2a8ac646defff,15
8b2a8ad5bb4bfff,15
8b2a8a892718fff,3
8b2a8ac6618cfff,15
8b2a8ad4e612fff,15
8b2a8a892913fff,0
8b2a8ac66292fff,15
8b2a8ad59394fff,15
8b2a8ac628dcfff,15
8b2a8a892088fff,3
8b2a8ac618a4fff,3
8b2a8a892061fff,8
8b2a8a892061fff,11
8b2a8ac62a61fff,15
8b2a8ac66aecfff,15
8b2a8a89218bfff,10
8b2a8a8920c9fff,13
8b2a8ac65110fff,4
8b2a8ac65110fff,5
8b2a8ad4b3a9fff,0
8b2a8ad5b2a0fff,15
8b2a8a892658fff,7
8b2a8a892658fff,2
8b2a8ac66163fff,15
8b2a8ad4b191fff,0
8b2a8a892aa5fff,0
8b2a8ac654a2fff,5
8b2a8ac64595fff,15
8b2a8ac63c5afff,15
8b2a8ac65003fff,14
8b2a8ad4a553fff,15
8b2a8ac61ab2fff,3
8b2a8ac6c94efff,6
8b2a8ac6c94efff,7
8b2a8ac61d56fff,5
8b2a8ac6cd32fff,3
8b2a8ac6138dfff,15
8b2a8ac61186fff,3
8b2a8ac61186fff,15
8b2a8ac66b2afff,15
8b2a8ad4b6aafff,0
8b2a8ad4bc56fff,2
8b2a8ac658a2fff,1
8b2a8ad592d5fff,15
8b2a8a892c04fff,1
8b2a8a892c04fff,10
8b2a8ad4a86afff,2
8b2a8ac600c3fff,15
8b2a8ac63121fff,15
8b2a8ac610e1fff,15
8b2a8ad4a903fff,15
8b2a8ac75b6bfff,15
8b2a8a89622bfff,2
8b2a8a896765fff,0
8b2a8ad4a86bfff,2
8b2a8ad4a98afff,15
8b2a8ac611aafff,3
8b2a8a89242efff,0
8b2a8a89242dfff,0
8b2a8ad4b121fff,2
8b2a8ad4b886fff,2
8b2a8ac63516fff,15
8b2a8ac60b92fff,5
8b2a8a896633fff,0
8b2a8ac64b16fff,8
8b2a8ac60b99fff,5
8b2a8ac66ab4fff,15
8b2a8ac66ab4fff,2
8b2a8ac62b2bfff,15
8b2a8ad4b55dfff,8
8b2a8ac6c92cfff,10
8b2a8ac61c2dfff,5
8b2a8ac60b01fff,5
8b2a8ac65982fff,11
8b2a8ac65982fff,0
8b2a8ac65982fff,1
8b2a8ac6046afff,15
8b2a8ac64a24fff,3
8b2a8ac64a24fff,8
8b2a8ac6c834fff,7
8b2a8ac6c834fff,11
8b2a8ad4b880fff,2
8b2a8ad5968dfff,15
8b2a8ac66886fff,15
8b2a8ad4a21dfff,0
8b2a8a893541fff,6
8b2a8ad5b2c2fff,15
8b2a8ac6646efff,15
8b2a8ac6189afff,3
8b2a8ac614dbfff,15
8b2a8ad596aafff,15
8b2a8ad4b29bfff,0
8b2a8ac6ca34fff,6
8b2a8ac6ca34fff,7
8b2a8ad4aac5fff,0
8b2a8ac6474bfff,10
8b2a8ac6474bfff,2
8b2a8ad4b534fff,1
8b2a8ad4b534fff,2
8b2a8ad4a756fff,15
8b2a8ad4a8c6fff,0
8b2a8a893794fff,6
8b2a8ad4b284fff,0
8b2a8ac604a5fff,15
8b2a8ac641b6fff,15
8b2a8a892592fff,3
8b2a8ac650defff,5
8b2a8ac6555cfff,5
8b2a8ac62a9efff,2
8b2a8ad59a8afff,15
8b2a8a892934fff,0
8b2a8ac60adefff,5
8b2a8ac65432fff,5
8b2a8ad592b6fff,15
8b2a8ad4a713fff,15
8b2a8ac6cce8fff,15
8b2a8a892791fff,3
8b2a8ad4aac6fff,0
8b2a8ac6638dfff,15
8b2a8ad4b411fff,2
8b2a8a893491fff,6
8b2a8ad4a50dfff,15
8b2a8ac6112afff,3
8b2a8a8964edfff,0
8b2a8ac60903fff,8
8b2a8a892161fff,11
8b2a8ad4bd90fff,1
8b2a8ad4bd90fff,0
8b2a8ad4aa4afff,2
8b2a8ac64bb0fff,2
8b2a8ac66975fff,15
8b2a8ad4a8d2fff,0
8b2a8ac6c884fff,3
8b2a8ad4bcf6fff,2
8b2a8ad4bcf6fff,10
8b2a8ac61736fff,15
8b2a8a89208afff,3
8b2a8a896510fff,0
8b2a8ac609a2fff,8
8b2a8ad4a216fff,0
8b2a8ac620a4fff,15
8b2a8ac6ca80fff,7
8b2a8ac6665bfff,15
8b2a8a892705fff,3
8b2a8ac6015efff,12
8b2a8ac6015efff,15
8b2a8ad4a8c3fff,0
8b2a8a8966e5fff,0
8b2a8ac638f6fff,15
8b2a8ac62a13fff,15
8b2a8ac66a9bfff,15
8b2a8ac6c8a9fff,3
8b2a8ac65c72fff,4
8b2a8ac610defff,15
8b2a8a892258fff,6
8b2a8ac63961fff,15
8b2a8ad48454fff,2
8b2a8ac64b33fff,8
8b2a8ad4b6f1fff,0
8b2a8ac66382fff,15
8b2a8ac608c8fff,5
8b2a8ac62cd8fff,15
8b2a8ad4b45bfff,1
8b2a8ad4b45bfff,10
8b2a8a892769fff,3
8b2a8ad4b2c6fff,0
8b2a8a892445fff,0
8b2a8a8964dcfff,0
8b2a8ac66029fff,15
8b2a8ac63b24fff,15
8b2a8ac63d5afff,2
8b2a8ac63d5afff,15
8b2a8a893470fff,6
8b2a8ac61374fff,15
8b2a8ad48711fff,0
8b2a8ac60c06fff,15
8b2a8ad4a551fff,15
8b2a8ac66b8dfff,2
8b2a8ac65b2afff,0
8b2a8ac6c052fff,15
8b2a8ad4ada1fff,15
8b2a8ad4a403fff,15
8b2a8ac62aaafff,15
8b2a8a89360bfff,6
8b2a8ac6471cfff,2
8b2a8ac646cdfff,16
8b2a8ac646cdfff,15
8b2a8a89340afff,6
8b2a8ac65385fff,11
8b2a8ad4a65bfff,15
8b2a8ac6354efff,15
8b2a8a893415fff,6
8b2a8ac615b1fff,15
8b2a8ac635a8fff,15
8b2a8ad59204fff,15
8b2a8a89289bfff,0
8b2a8ac61cf2fff,5
8b2a8ac61cf2fff,15
8b2a8ad4a419fff,15
8b2a8a896274fff,2
8b2a8ac668f3fff,15
8b2a8a896425fff,0
8b2a8ac66836fff,15
8b2a8ac6462cfff,2
8b2a8a89349bfff,6
8b2a8ac60da2fff,15
8b2a8ac6dd21fff,7
8b2a8a892693fff,3
8b2a8ac63019fff,2
8b2a8ac60c48fff,15
8b2a8a892288fff,7
8b2a8a892288fff,10
8b2a8a8962d2fff,2
8b2a8ac60189fff,13
8b2a8ac60189fff,2
8b2a8ad4a431fff,15
8b2a8ac60274fff,15
8b2a8a89676cfff,0
8b2a8ad4b74efff,0
8b2a8ac65b32fff,2
8b2a8ac65b32fff,1
8b2a8ac65b32fff,0
8b2a8ac63a93fff,15
8b2a8ac6104bfff,15
8b2a8a892ca6fff,0
8b2a8ad59bb5fff,15
8b2a8ad59bb5fff,2
8b2a8ac65424fff,5
8b2a8ac61342fff,15
8b2a8ad4e213fff,15
8b2a8ac6069dfff,2
8b2a8ac6069dfff,15
8b2a8ac66753fff,15
8b2a8ac6318afff,15
8b2a8ad4bd55fff,2
8b2a8ac603a6fff,15
8b2a8ac63ae3fff,15
8b2a8a89212efff,0
8b2a8ad4846afff,0
8b2a8ac66ccdfff,15
8b2a8ac66ccdfff,9
8b2a8ac62310fff,15
8b2a8ac62ce2fff,15
8b2a8ac621a2fff,15
8b2a8a8924e8fff,0
8b2a8a8924e8fff,3
8b2a8ac60965fff,5
8b2a8ac60965fff,10
8b2a8ad59323fff,15
8b2a8ac64a80fff,8
8b2a8ad59b9dfff,15
8b2a8ad4bd08fff,2
8b2a8a89271afff,3
8b2a8ac60959fff,5
8b2a8ac6176efff,15
8b2a8ad4a61bfff,15
8b2a8ac66a63fff,15
8b2a8ac6c332fff,7
8b2a8ac6c332fff,10
8b2a8ac6c332fff,2
8b2a8ac6cd90fff,15
8b2a8ad4b9a3fff,2
8b2a8ac60546fff,15
8b2a8ac6110afff,3
8b2a8ad4a136fff,15
8b2a8a8926a3fff,3
8b2a8ad4aa35fff,2
8b2a8ad4aa35fff,0
8b2a8ac6c968fff,6
8b2a8ac63503fff,15
8b2a8ac63ac3fff,15
8b2a8ad4bd30fff,2
8b2a8ac6570afff,5
8b2a8a892d5afff,10
8b2a8a892d5afff,2
8b2a8ac652a2fff,5
8b2a8ac6494bfff,2
8b2a8ac64cf4fff,15
8b2a8ad4a042fff,0
8b2a8ac61008fff,15
8b2a8ac63a00fff,15
8b2a8ac608dafff,5
8b2a8ad4b501fff,3
8b2a8ac614cdfff,15
8b2a8a89379efff,6
8b2a8ac64780fff,15
8b2a8ac64780fff,2
8b2a8ac61884fff,3
8b2a8ac66b2bfff,15
8b2a8ad4a571fff,15
8b2a8ad4ac52fff,15
8b2a8a896456fff,0
8b2a8ac61c1afff,5
8b2a8ad59b6dfff,2
8b2a8a8924c0fff,3
8b2a8ac6dd06fff,7
8b2a8ac6009bfff,2
8b2a8ac6009bfff,11
8b2a8a892252fff,0
8b2a8ad4ab21fff,2
8b2a8ad4b64efff,11
8b2a8ad4b64efff,0
8b2a8ad4b78efff,0
8b2a8a8935adfff,6
8b2a8a8935adfff,15
8b2a8ad4b594fff,2
8b2a8ad4b594fff,9
8b2a8ac61765fff,15
8b2a8ac6cb46fff,6
8b2a8ac6068bfff,2
8b2a8ac60252fff,15
8b2a8ac60ad4fff,5
8b2a8a893495fff,6
8b2a8ac6656efff,15
8b2a8ac6656efff,9
8b2a8ad4a108fff,0
8b2a8a892c64fff,0
8b2a8a8924d0fff,3
8b2a8ac64253fff,0
8b2a8ac65495fff,5
8b2a8ad4b2f3fff,0
8b2a8ac60ce6fff,15
8b2a8a8928d0fff,0
8b2a8a892135fff,0
8b2a8ac64768fff,0
8b2a8ac66726fff,15
8b2a8ac66cabfff,9
8b2a8ac61b58fff,3
8b2a8ad5b349fff,15
8b2a8a892763fff,3
8b2a8ac60b48fff,5
8b2a8ac64ab3fff,8
8b2a8ad4a605fff,15
8b2a8ad59662fff,15
8b2a8ac6624dfff,15
8b2a8ad59336fff,15
8b2a8ac628e9fff,15
8b2a8ac63cddfff,15
8b2a8ad4a328fff,0
8b2a8ad4b555fff,8
8b2a8ad4b555fff,1
8b2a8ad4b555fff,2
8b2a8ad4a516fff,15
8b2a8ac60931fff,8
8b2a8ac60931fff,10
8b2a8ad4a153fff,0
8b2a8ac61a36fff,3
8b2a8a892141fff,11
8b2a8a89260afff,3
8b2a8ac64cedfff,15
8b2a8a8930adfff,15
8b2a8ac61685fff,15
8b2a8ad4bd68fff,2
8b2a8ac6c38efff,10
8b2a8ac6c38efff,3
8b2a8ad4a8c0fff,0
8b2a8ac616abfff,15
8b2a8ac618d5fff,3
8b2a8ac64cdbfff,15
8b2a8ac64cdbfff,2
8b2a8ac65a69fff,0
8b2a8ac6c129fff,7
8b2a8ac6c129fff,15
8b2a8a89348dfff,6
8b2a8ac652b5fff,5
8b2a8ad59a6efff,15
8b2a8ac65032fff,4
8b2a8ad4b22afff,0
8b2a8ad4b22afff,2
8b2a8ac65325fff,0
8b2a8ac666f6fff,15
8b2a8ad4bd45fff,2
8b2a8ac65049fff,0
8b2a8ac65049fff,11
8b2a8ac65521fff,5
8b2a8ac6651cfff,15
8b2a8ad4a919fff,15
8b2a8ac63c05fff,15
8b2a8a896661fff,0
8b2a8ac66cd4fff,9
8b2a8a89639dfff,0
8b2a8ac64360fff,0
8b2a8ad4ac89fff,15
8b2a8a892785fff,3
8b2a8ad4bcdafff,10
8b2a8ac6dd23fff,7
8b2a8ac63870fff,15
8b2a8ac6594afff,11
8b2a8ad5974cfff,15
8b2a8ac6091afff,8
8b2a8ac64c89fff,15
8b2a8ac6039dfff,15
8b2a8ac61d82fff,5
8b2a8ac64735fff,2
8b2a8ad4a771fff,15
8b2a8ac65782fff,5
8b2a8ac64b06fff,8
8b2a8ac65a6afff,1
8b2a8ac65a6afff,0
8b2a8ac63b29fff,15
8b2a8ac65469fff,5
8b2a8ac6285bfff,15
8b2a8ac666e1fff,15
8b2a8a892a63fff,1
8b2a8ac63193fff,15
8b2a8ac66964fff,15
8b2a8ad4ab03fff,2
8b2a8ac6cca0fff,15
8b2a8ac66bb4fff,15
8b2a8ac63cb6fff,15
8b2a8ac6072dfff,15
8b2a8ac65693fff,5
8b2a8ac60614fff,2
8b2a8ac6475afff,2
8b2a8ac64943fff,2
8b2a8ac6662cfff,15
8b2a8ac64acdfff,1
8b2a8ac60b35fff,5
8b2a8ac6608dfff,15
8b2a8ac6caccfff,7
8b2a8ac61622fff,15
8b2a8ad59a88fff,15
8b2a8ad4a809fff,15
8b2a8ad4841cfff,2
8b2a8ac60da1fff,15
8b2a8ac6055bfff,15
8b2a8a8934cafff,6
8b2a8ad4b38efff,0
8b2a8ac650cbfff,5
8b2a8ac6cb0bfff,6
8b2a8ac63b9cfff,15
8b2a8a892001fff,10
8b2a8ac614c1fff,15
8b2a8ac64c8cfff,15
8b2a8ac61011fff,15
8b2a8ac64a4dfff,8
8b2a8ac64a4dfff,10
8b2a8ac63ce6fff,15
8b2a8a89361efff,6
8b2a8ac63b95fff,15
8b2a8a893672fff,15
8b2a8a893672fff,6
8b2a8a89208efff,0
8b2a8a89208efff,3
8b2a8a8965a2fff,11
8b2a8a8965a2fff,0
8b2a8ac66695fff,15
8b2a8ac6600dfff,15
8b2a8ad4a7b5fff,15
8b2a8ac62a2efff,15
8b2a8ac6cd8dfff,15
8b2a8ac64ceefff,15
8b2a8ac6418efff,15
8b2a8ac63ab1fff,15
8b2a8ad4b316fff,0
8b2a8ac652cafff,3
8b2a8ac652cafff,2
8b2a8ad4a285fff,0
8b2a8ad4ac4cfff,15
8b2a8ac60543fff,15
8b2a8ad4bc89fff,10
8b2a8a892899fff,0
8b2a8ac6104afff,15
8b2a8ad59610fff,15
8b2a8ac63d76fff,2
8b2a8ac60af4fff,5
8b2a8ac64275fff,0
8b2a8ac65483fff,5
8b2a8ac61b26fff,3
8b2a8ac61a13fff,3
8b2a8ac66201fff,15
8b2a8a8928ecfff,0
8b2a8ac6576efff,5
8b2a8ac63c33fff,15
8b2a8ad4b629fff,0
8b2a8ad4a10cfff,0
8b2a8ad4bd50fff,2
8b2a8ad48086fff,0
8b2a8a89370bfff,6
8b2a8ac6180efff,3
8b2a8ac6392efff,2
8b2a8ac64ce8fff,15
8b2a8ad4b0d4fff,2
8b2a8ac615adfff,15
8b2a8ac6cb5efff,6
8b2a8a89279cfff,3
8b2a8a89285cfff,0
8b2a8ac6c02dfff,7
8b2a8ac6c02dfff,15
8b2a8ad4a195fff,15
8b2a8ac604ebfff,15
8b2a8ad4b8c3fff,2
8b2a8ac62b81fff,15
8b2a8ac61b4efff,3
8b2a8ad5b2b2fff,15
8b2a8ad596c4fff,15
8b2a8ac65a73fff,1
8b2a8ac61b1dfff,3
8b2a8ac60b0efff,5
8b2a8ad4b703fff,0
8b2a8a896459fff,0
8b2a8ad4a51dfff,15
8b2a8ac628b5fff,15
8b2a8ac6c31efff,10
8b2a8ac6579afff,5
8b2a8ad4b603fff,0
8b2a8ac66645fff,15
8b2a8ac65a98fff,0
8b2a8ad59350fff,15
8b2a8ac62a43fff,15
8b2a8a8964dbfff,0
8b2a8ac6588bfff,7
8b2a8ac6588bfff,14
8b2a8ac62a53fff,15
8b2a8ac66524fff,15
8b2a8ac6cc80fff,15
8b2a8ad4b395fff,0
8b2a8ad4a8e1fff,15
8b2a8ad4a009fff,0
8b2a8ac604b6fff,15
8b2a8a89259cfff,0
8b2a8a892a02fff,0
8b2a8ac6256dfff,15
8b2a8ac6131cfff,15
8b2a8a8927a1fff,3
8b2a8ac65183fff,4
8b2a8ac65183fff,5
8b2a8ad4b45cfff,1
8b2a8ad4b45cfff,10
8b2a8ad4ad43fff,15
8b2a8ac6610dfff,15
8b2a8ac6280bfff,15
8b2a8ac611a0fff,3
8b2a8ac6401cfff,8
8b2a8ac65c43fff,5
8b2a8ac60896fff,16
8b2a8ac60896fff,15
8b2a8ac61ae6fff,3
8b2a8ac6c763fff,3
8b2a8ac6c763fff,7
8b2a8ad4b2ebfff,1
8b2a8ad4b2ebfff,0
8b2a8ac61822fff,3
8b2a8ac65616fff,5
8b2a8ac62acafff,15
8b2a8ac66988fff,15
8b2a8ad592a2fff,15
8b2a8ac65516fff,5
8b2a8ad4a104fff,15
8b2a8ad4a104fff,0
8b2a8ac66b28fff,15
8b2a8a8964eefff,0
8b2a8ac610a0fff,15
8b2a8a8928a3fff,0
8b2a8ac66802fff,15
8b2a8ac666e0fff,15
8b2a8ac60828fff,5
8b2a8ad4a892fff,15
8b2a8ac75926fff,15
8b2a8ac60855fff,5
8b2a8a892ab3fff,11
8b2a8ac61582fff,15
8b2a8ac63c9dfff,15
8b2a8ad4a25cfff,9
8b2a8ac618c2fff,3
8b2a8ad4a270fff,9
8b2a8ac62808fff,15
8b2a8ad486dafff,2
8b2a8ad5b314fff,15
8b2a8ac65214fff,2
8b2a8ac65214fff,11
8b2a8ac664dafff,15
8b2a8ad4a780fff,15
8b2a8ad4a276fff,9
8b2a8ac660e8fff,15
8b2a8a892c0cfff,10
8b2a8ac63a81fff,15
8b2a8ad4a20efff,0
8b2a8ac6c76afff,7
8b2a8ac65985fff,11
8b2a8ac61115fff,3
8b2a8ac6081bfff,5
8b2a8ac6081bfff,8
8b2a8ac64748fff,2
8b2a8a8962c5fff,2
8b2a8ac62a0bfff,15
8b2a8ad4aaf5fff,0
8b2a8ac606d2fff,2
8b2a8ac66a61fff,15
8b2a8ad59641fff,15
8b2a8ac644c0fff,15
8b2a8ac6ca41fff,7
8b2a8ad5b396fff,15
8b2a8ac63a96fff,15
8b2a8ac6c12cfff,7
8b2a8ac6c12cfff,15
8b2a8ac63904fff,2
8b2a8a892994fff,0
8b2a8ad4a95dfff,2
8b2a8ad4a95dfff,15
8b2a8ac6559bfff,5
8b2a8ac65996fff,0
8b2a8ac60b05fff,5
8b2a8a892a9efff,8
8b2a8ac61a35fff,3
8b2a8ac6caabfff,10
8b2a8ac6caabfff,7
8b2a8ad4bceefff,0
8b2a8a892721fff,3
8b2a8a8920e4fff,13
8b2a8a8920e4fff,10
8b2a8ad4a930fff,15
8b2a8ac666b5fff,15
8b2a8ac63d4bfff,2
8b2a8ac63cedfff,15
8b2a8ac66b2cfff,15
8b2a8ad4a4ecfff,15
8b2a8ac62b24fff,15
8b2a8ac6059dfff,15
8b2a8a892612fff,3
8b2a8ac66601fff,15
8b2a8ac61c21fff,5
8b2a8ac61d71fff,5
8b2a8ad48536fff,15
8b2a8a8924a3fff,3
8b2a8ac64ad3fff,0
8b2a8ad48555fff,2
8b2a8ad48555fff,15
8b2a8a8937a9fff,6
8b2a8ac61cccfff,3
8b2a8ac61cccfff,15
8b2a8ac6395efff,2
8b2a8ac66b23fff,15
8b2a8ac61856fff,3
8b2a8ac64593fff,15
8b2a8ad5b319fff,15
8b2a8ac60c8afff,15
8b2a8ac60984fff,8
8b2a8ac66112fff,15
8b2a8ac62945fff,15
8b2a8ac60ca5fff,15
8b2a8ad4e2e6fff,15
8b2a8a892d9cfff,0
8b2a8ac65304fff,0
8b2a8ad4ac34fff,15
8b2a8ac600adfff,11
8b2a8ac63a1bfff,15
8b2a8ac610d0fff,15
8b2a8ac6696efff,15
8b2a8ac666e3fff,15
8b2a8ac6c895fff,7
8b2a8ac6c895fff,3
8b2a8ac64d48fff,15
8b2a8ac64d48fff,16
8b2a8ac62d51fff,15
8b2a8a890494fff,0
8b2a8ac60a6efff,5
8b2a8ac609b0fff,16
8b2a8ac609b0fff,8
8b2a8ac609b0fff,15
8b2a8ac60c41fff,15
8b2a8ac608c9fff,5
8b2a8ad4b532fff,1
8b2a8ad4b532fff,2
8b2a8ad4bca3fff,1
8b2a8ad4bca3fff,10
8b2a8ac66aa9fff,15
8b2a8ac6119efff,15
8b2a8ac6116efff,3
8b2a8ac604d9fff,15
8b2a8a8966ebfff,0
8b2a8ac64061fff,8
8b2a8ad59241fff,15
8b2a8ac62904fff,15
8b2a8ac6c90efff,7
8b2a8ac6c90efff,10
8b2a8ac657a6fff,5
8b2a8a893081fff,15
8b2a8a896686fff,0
8b2a8ac60764fff,15
8b2a8a896695fff,0
8b2a8ac63569fff,15
8b2a8ac65654fff,5
8b2a8a893676fff,15
8b2a8ac6561efff,5
8b2a8ad4ac86fff,15
8b2a8ac60af1fff,5
8b2a8ac6066bfff,2
8b2a8ac62cebfff,15
8b2a8ac6568dfff,5
8b2a8ac63d55fff,2
8b2a8ac63d55fff,15
8b2a8ad5b36bfff,15
8b2a8ad59a44fff,15
8b2a8a896694fff,0
8b2a8ac60014fff,7
8b2a8ac60014fff,13
8b2a8ac60ba0fff,5
8b2a8ad4b890fff,2
8b2a8ac6dd26fff,7
8b2a8ac63531fff,15
8b2a8ac668d4fff,15
8b2a8ac66b51fff,15
8b2a8ac66b51fff,2
8b2a8ac6642bfff,15
8b2a8ac6cacafff,7
8b2a8a892099fff,0
8b2a8a892099fff,3
8b2a8ac60918fff,8
8b2a8ad4abb6fff,15
8b2a8ad4abb6fff,0
8b2a8ac64171fff,11
8b2a8ac66918fff,15
8b2a8ac6492efff,0
8b2a8ad4a31bfff,0
8b2a8ac60cdbfff,2
8b2a8ac60cdbfff,15
8b2a8a892b81fff,0
8b2a8a892baafff,0
8b2a8ac664aafff,15
8b2a8ad59ab6fff,15
8b2a8ad59260fff,15
8b2a8ac60791fff,15
8b2a8ad4aa61fff,1
8b2a8ac6c210fff,10
8b2a8ac64588fff,15
8b2a8ac65d50fff,0
8b2a8ac61d13fff,5
8b2a8ad4bc93fff,2
8b2a8ad5b235fff,15
8b2a8ac60a45fff,5
8b2a8ac6476bfff,0
8b2a8ac6476bfff,2
8b2a8ac64866fff,2
8b2a8a896498fff,0
8b2a8a8920dbfff,3
8b2a8ac640ccfff,0
8b2a8ac65a41fff,1
8b2a8ac65a41fff,0
8b2a8ad486b3fff,1
8b2a8ac63ceefff,15
8b2a8ad4b6c3fff,0
8b2a8ad4a633fff,15
8b2a8ac6c98afff,3
8b2a8a8966a9fff,0
8b2a8a892c8efff,0
8b2a8ac65164fff,7
8b2a8ac65164fff,1
8b2a8a896415fff,0
8b2a8ad48530fff,15
8b2a8ac63c06fff,15
8b2a8ac64311fff,0
8b2a8ac61c1cfff,5
8b2a8ac606eafff,2
8b2a8a893504fff,15
8b2a8ac60da6fff,15
8b2a8ad5bb49fff,15
8b2a8ac610b1fff,15
8b2a8ad4e20cfff,15
8b2a8ad4b472fff,10
8b2a8ac62330fff,2
8b2a8ac6648bfff,15
8b2a8ac65b11fff,0
8b2a8ac66774fff,15
8b2a8ac611a2fff,3
8b2a8ad4acc3fff,15
8b2a8a8964f2fff,0
8b2a8a892759fff,3
8b2a8ac66992fff,15
8b2a8ad4b5a8fff,2
8b2a8ac64819fff,2
8b2a8ac64819fff,0
8b2a8ad5b380fff,15
8b2a8ad4e7abfff,15
8b2a8ac60429fff,15
8b2a8ad592cafff,15
8b2a8ad4e271fff,15
8b2a8ac60544fff,15
8b2a8ac642c0fff,10
8b2a8ac642c0fff,0
8b2a8ac60502fff,15
8b2a8ac61af0fff,3
8b2a8ad4b2f6fff,0
8b2a8ad4b46cfff,0
8b2a8ad4b192fff,0
8b2a8ac6210afff,15
8b2a8ac63191fff,15
8b2a8a892374fff,1
8b2a8a893609fff,15
8b2a8a893609fff,6
8b2a8ac64759fff,2
8b2a8ac608a5fff,8
8b2a8ac610ecfff,15
8b2a8a89256bfff,0
8b2a8ac646adfff,15
8b2a8ac646adfff,2
8b2a8ad484d9fff,2
8b2a8ac6cb2bfff,6
8b2a8ad4aa1bfff,0
8b2a8a896389fff,0
8b2a8ad4aa04fff,0
8b2a8ac60766fff,15
8b2a8ac61731fff,15
8b2a8ac63d9afff,15
8b2a8ac644ecfff,2
8b2a8ac63d71fff,2
8b2a8ac6c155fff,7
8b2a8ac6c155fff,15
8b2a8ac66cc1fff,9
8b2a8a8922c8fff,6
8b2a8ad4ada9fff,15
8b2a8ac61accfff,3
8b2a8ac66cc6fff,9
8b2a8ac61915fff,3
8b2a8ac6315dfff,2
8b2a8ac6315dfff,15
8b2a8ac6210efff,15
8b2a8ac64d5dfff,15
8b2a8ac64d5dfff,16
8b2a8a8964cafff,0
8b2a8ac6cc4bfff,15
8b2a8ac6c874fff,7
8b2a8ad4b06dfff,0
8b2a8ad4a6e4fff,15
8b2a8ac600a6fff,2
8b2a8ad4a372fff,0
8b2a8ac630ecfff,2
8b2a8ac66814fff,15
8b2a8ac60c04fff,15
8b2a8ac61ad8fff,15
8b2a8ad4854afff,0
8b2a8ac6ed35fff,15
8b2a8ac66444fff,15
8b2a8a8926e5fff,2
8b2a8ac6ca4cfff,7
8b2a8ac614eafff,15
8b2a8ad4bcc6fff,0
8b2a8ac6c02efff,15
8b2a8ad4ac9afff,15
8b2a8a893510fff,15
8b2a8ac65c36fff,4
8b2a8ac65c36fff,1
8b2a8ac65c36fff,10
8b2a8ac66566fff,9
8b2a8ac64d44fff,15
8b2a8ac64d44fff,2
8b2a8ac64d23fff,15
8b2a8ac64d23fff,2
8b2a8ad4a208fff,9
8b2a8ad4a208fff,0
8b2a8ad4a6dcfff,15
8b2a8ad4a6dcfff,2
8b2a8ac61aa4fff,3
8b2a8ac6175cfff,15
8b2a8ac65da2fff,2
8b2a8ac65da2fff,10
8b2a8ac61c96fff,15
8b2a8ad4bca1fff,2
8b2a8ad4bca1fff,10
8b2a8ad5975cfff,15
8b2a8ac65870fff,1
8b2a8ac65870fff,11
8b2a8a892429fff,0
8b2a8ac6c85afff,6
8b2a8ac6c85afff,7
8b2a8ad4b6b4fff,0
8b2a8ad4b6b4fff,8
8b2a8ad4b6b4fff,1
8b2a8ac6146cfff,15
8b2a8a892a59fff,1
8b2a8ad4b52bfff,10
8b2a8ad4b52bfff,3
8b2a8ac64d08fff,2
8b2a8ac654f6fff,5
8b2a8a896789fff,0
8b2a8ac61ac4fff,3
8b2a8ac65d69fff,1
8b2a8ac656ebfff,5
8b2a8ac664dbfff,15
8b2a8ac61ce2fff,5
8b2a8ad593abfff,15
8b2a8ad4b421fff,10
8b2a8ad4e6e9fff,15
8b2a8ac64b59fff,1
8b2a8ac64b59fff,10
8b2a8a893610fff,6
8b2a8ac64b76fff,3
8b2a8a892d56fff,0
8b2a8ac66968fff,15
8b2a8a892b8afff,0
8b2a8ac644d4fff,15
8b2a8ac6619afff,15
8b2a8ac642eafff,0
8b2a8ac66baefff,2
8b2a8ac629aefff,15
8b2a8ad4b236fff,0
8b2a8a896749fff,0
8b2a8ac65153fff,14
8b2a8ac6c012fff,15
8b2a8a8928cbfff,11
8b2a8a8928cbfff,1
8b2a8ac64364fff,0
8b2a8ad4b89cfff,2
8b2a8ac638edfff,15
8b2a8ad4a150fff,0
8b2a8ac635a4fff,15
8b2a8ac64911fff,0
8b2a8ac60c44fff,15
8b2a8ad4a165fff,0
8b2a8ac60d21fff,15
8b2a8ac65d52fff,0
8b2a8ac65d52fff,1
8b2a8a8926c4fff,2
8b2a8a8926c4fff,3
8b2a8ac662eafff,15
8b2a8ac6cdb6fff,3
8b2a8ac60c23fff,15
8b2a8ac642aefff,10
8b2a8ac642aefff,0
8b2a8ac642aefff,11
8b2a8ac6144cfff,15
8b2a8ac65da4fff,10
8b2a8ac6cd06fff,3
8b2a8ac63804fff,2
8b2a8ac63804fff,15
8b2a8ac60bacfff,5
8b2a8ac6cc2dfff,3
8b2a8ac6cc2dfff,15
8b2a8ac6caaefff,10
8b2a8ac6caaefff,7
8b2a8a8936c6fff,6
8b2a8ac64829fff,2
8b2a8ac6011afff,13
8b2a8ac6011afff,15
8b2a8ac604ecfff,15
8b2a8ac64211fff,0
8b2a8ac60c61fff,15
8b2a8ac66ba2fff,15
8b2a8ac66ba2fff,2
8b2a8ac66951fff,15
8b2a8ad4ad2cfff,15
8b2a8a892933fff,0
8b2a8ad4a430fff,15
8b2a8ad5bb59fff,15
8b2a8ac666b0fff,15
8b2a8ac6001cfff,7
8b2a8ad4a971fff,15
8b2a8ad5b25dfff,15
8b2a8a892655fff,2
8b2a8ac62224fff,15
8b2a8ac6132efff,15
8b2a8ad4a4c5fff,15
8b2a8ad4a4c5fff,2
8b2a8ad4bd15fff,2
8b2a8a892c22fff,1
8b2a8a892c22fff,10
8b2a8ad596e0fff,15
8b2a8ad4a960fff,2
8b2a8ad4a960fff,15
8b2a8ad4ad1bfff,15
8b2a8ad4b626fff,0
8b2a8ac62065fff,2
8b2a8ad4ba86fff,0
8b2a8ac61c48fff,3
8b2a8ac662d8fff,15
8b2a8ac64d30fff,15
8b2a8ac6cc4efff,15
8b2a8ac61158fff,3
8b2a8ac65ce3fff,5
8b2a8ac66243fff,15
8b2a8ad4b351fff,0
8b2a8ad4bc6afff,2
8b2a8ac60b62fff,5
8b2a8ac64d51fff,2
8b2a8ad4bcb3fff,1
8b2a8ad4bcb3fff,2
8b2a8ac603b5fff,15
8b2a8ac6530dfff,0
8b2a8ac66b98fff,15
8b2a8ac66b98fff,2
8b2a8ad59a4bfff,15
8b2a8ac65433fff,5
8b2a8ad4a022fff,0
8b2a8ac6081efff,8
8b2a8a89631efff,0
8b2a8a892c50fff,10
8b2a8ad4e268fff,15
8b2a8ac6692cfff,15
8b2a8a8964aafff,0
8b2a8ad4e60dfff,15
8b2a8ac6696bfff,15
8b2a8ac61a6efff,3
8b2a8ad4b7b6fff,10
8b2a8ad4e220fff,15
8b2a8ac63998fff,2
8b2a8ad48cdafff,15
8b2a8a8920dafff,3
8b2a8ad5b3abfff,15
8b2a8ac65748fff,5
8b2a8ac64c06fff,15
8b2a8ac64c06fff,2
8b2a8ad4ac90fff,15
8b2a8ac61aabfff,3
8b2a8ac6020efff,15
8b2a8ac6119bfff,15
8b2a8ac65773fff,5
8b2a8ad4b6a3fff,0
8b2a8a892029fff,11
8b2a8ac6c193fff,15
8b2a8ac61c94fff,15
8b2a8ac63b36fff,15
8b2a8ac64ac5fff,0
8b2a8ac63ac1fff,15
8b2a8ac655b2fff,0
8b2a8ac66703fff,15
8b2a8ac614f2fff,15
8b2a8ac66ad4fff,15
8b2a8ac6c020fff,15
8b2a8ac66823fff,15
8b2a8ad5b38dfff,15
8b2a8ac66711fff,15
8b2a8ad4b199fff,0
8b2a8ac6551dfff,5
8b2a8ad4a726fff,15
8b2a8ac600e6fff,11
8b2a8ac600e6fff,7
8b2a8ac6cb1bfff,6
8b2a8ac66c8dfff,15
8b2a8ac66c8dfff,9
8b2a8ad4b195fff,0
8b2a8ac6505afff,11
8b2a8ac6505afff,14
8b2a8ad4e2b1fff,15
8b2a8ac6ca40fff,6
8b2a8ac6ca40fff,7
8b2a8ac6478cfff,15
8b2a8ac6478cfff,2
8b2a8ac6cd8cfff,15
8b2a8ac66030fff,15
8b2a8ac63112fff,2
8b2a8ad4ac69fff,15
8b2a8ad59062fff,15
8b2a8ac64509fff,15
8b2a8ac61b36fff,3
8b2a8ac63adefff,15
8b2a8ad59a63fff,15
8b2a8ac6108cfff,15
8b2a8ac6cdb4fff,3
8b2a8ad4a162fff,0
8b2a8ac65744fff,5
8b2a8ad5b761fff,15
8b2a8ac6585dfff,2
8b2a8ac6585dfff,1
8b2a8ac61c80fff,5
8b2a8ac61c80fff,15
8b2a8ac63d68fff,2
8b2a8ac6002cfff,12
8b2a8ad4a752fff,15
8b2a8ad5b2b0fff,15
8b2a8ac66576fff,15
8b2a8ac66576fff,9
8b2a8ac642f0fff,10
8b2a8ac642f0fff,0
8b2a8ac6666bfff,15
8b2a8ac64619fff,2
8b2a8ac62869fff,15
8b2a8ac60920fff,10
8b2a8ac64aecfff,0
8b2a8ac64aecfff,1
8b2a8a896cb3fff,0
8b2a8a896cb3fff,8
8b2a8a896455fff,0
8b2a8a89354afff,6
8b2a8ac650edfff,14
8b2a8ad596edfff,15
8b2a8a8930dbfff,6
8b2a8ad4b365fff,8
8b2a8ac61703fff,15
8b2a8ac66364fff,15
8b2a8ac62a63fff,15
8b2a8ac66c63fff,15
8b2a8ac664d0fff,15
8b2a8ac64a75fff,1
8b2a8ac64a75fff,10
8b2a8ac639a0fff,2
8b2a8ac6030bfff,15
8b2a8ac650c2fff,5
8b2a8ac65940fff,1
8b2a8ac65940fff,11
8b2a8a89261efff,3
8b2a8ac655a4fff,5
8b2a8ac655a4fff,0
8b2a8ad5926bfff,15
8b2a8ac6c98efff,7
8b2a8ac6c98efff,3
8b2a8ac65aa2fff,1
8b2a8ac65aa2fff,2
8b2a8ac60576fff,15
8b2a8ac60caefff,15
8b2a8ac657adfff,5
8b2a8a89274cfff,3
8b2a8ac6524cfff,0
8b2a8ad4a6c3fff,15
8b2a8ac60ac3fff,5
8b2a8ad5b359fff,15
8b2a8ac66056fff,15
8b2a8ac61d54fff,5
8b2a8ad4bccdfff,0
8b2a8ac6cb68fff,6
8b2a8ac65a84fff,1
8b2a8ac65a84fff,2
8b2a8ac64975fff,2
8b2a8ac64975fff,0
8b2a8ad487b4fff,0
8b2a8ad487b4fff,2
8b2a8ac63536fff,15
8b2a8ac664edfff,15
8b2a8ad4bad3fff,8
8b2a8ad4bad3fff,0
8b2a8ac64adbfff,0
8b2a8ad4a9adfff,15
8b2a8a892045fff,8
8b2a8a8934adfff,6
8b2a8ac6c961fff,6
8b2a8ac6c961fff,7
8b2a8ad4a99bfff,15
8b2a8ac61170fff,3
8b2a8ac63a28fff,15
8b2a8ac64370fff,0
8b2a8ac75b65fff,15
8b2a8ac65472fff,5
8b2a8ad4a79cfff,15
8b2a8ac61c15fff,5
8b2a8ac60b80fff,5
8b2a8ac622ecfff,15
8b2a8a893572fff,6
8b2a8a893572fff,15
8b2a8ac60661fff,2
8b2a8ac64221fff,0
8b2a8ad48793fff,2
8b2a8ad48793fff,1
8b2a8a892891fff,0
8b2a8ac658d6fff,7
8b2a8ac658d6fff,14
8b2a8ad4b589fff,2
8b2a8ac66c62fff,15
8b2a8ad4b61afff,0
8b2a8ac669a0fff,15
8b2a8ac65da3fff,1
8b2a8ac65da3fff,2
8b2a8ac65da3fff,10
8b2a8ac63db0fff,15
8b2a8a89651bfff,0
8b2a8ad4b9a5fff,2
8b2a8a892869fff,0
8b2a8ac652e8fff,0
8b2a8ac652e8fff,2
8b2a8ac60cf2fff,15
8b2a8ac61413fff,15
8b2a8ad4a7b3fff,15
8b2a8ac60018fff,7
8b2a8a896221fff,2
8b2a8a896221fff,0
8b2a8ac60752fff,2
8b2a8ad4aa96fff,0
8b2a8ac60902fff,8
8b2a8ac64141fff,10
8b2a8ac64141fff,11
8b2a8ac64141fff,2
8b2a8ac60d88fff,15
8b2a8ac6681bfff,15
8b2a8ac6206bfff,2
8b2a8ac6206bfff,15
8b2a8ac60b5cfff,5
8b2a8ac60512fff,15
8b2a8ac640a4fff,15
8b2a8ac640a4fff,2
8b2a8ac643a5fff,0
8b2a8a89281bfff,0
8b2a8ad4a96dfff,2
8b2a8ad4a96dfff,15
8b2a8ad4a09afff,15
8b2a8ac66150fff,15
8b2a8ad4b2c4fff,0
8b2a8ad4ac33fff,15
8b2a8ad4b49cfff,8
8b2a8ad4b49cfff,2
8b2a8ad4a0ddfff,15
8b2a8ad4a0ddfff,0
8b2a8ad4b462fff,8
8b2a8ac6440bfff,2
8b2a8a8928c6fff,2
8b2a8a8928c6fff,0
8b2a8ad4b29dfff,0
8b2a8ac64170fff,11
8b2a8ac64170fff,2
8b2a8ac66000fff,15
8b2a8ad4a66cfff,0
8b2a8ac65524fff,5
8b2a8ac6601cfff,15
8b2a8ac61a9bfff,15
8b2a8a89299bfff,0
8b2a8ad486c3fff,2
8b2a8ac62301fff,15
8b2a8ad4aa09fff,2
8b2a8ad4aa09fff,0
8b2a8a8922ecfff,0
8b2a8ac66254fff,15
8b2a8ac64361fff,0
8b2a8ac64286fff,10
8b2a8ad4a21cfff,0
8b2a8ac62c50fff,15
8b2a8ac6575cfff,5
8b2a8ad59b11fff,15
8b2a8ad59b11fff,2
8b2a8ac6cd23fff,3
8b2a8ad4ac15fff,15
8b2a8ad4b4c1fff,10
8b2a8ad59a0cfff,15
8b2a8ad59a0cfff,2
8b2a8ac63855fff,15
8b2a8ac66052fff,15
8b2a8ad4a7aefff,15
8b2a8ac648f5fff,2
8b2a8ac6146dfff,15
8b2a8ac64dabfff,15
8b2a8ac60d05fff,15
8b2a8ac64c70fff,15
8b2a8ac64c70fff,16
8b2a8ac64c70fff,2
8b2a8ac65ae2fff,1
8b2a8ac65ae2fff,0
8b2a8ad4b321fff,0
8b2a8ad4b321fff,8
8b2a8ac6218efff,15
8b2a8ac63d6bfff,2
8b2a8ac66ad9fff,15
8b2a8ac6029dfff,2
8b2a8ad592aefff,15
8b2a8ad593a8fff,15
8b2a8a892619fff,2
8b2a8a892619fff,3
8b2a8ad59b4afff,15
8b2a8ad59b4afff,2
8b2a8ad48583fff,15
8b2a8ac60308fff,15
8b2a8ac602a8fff,15
8b2a8ad4bc0afff,2
8b2a8ac6c180fff,15
8b2a8a893782fff,6
8b2a8ad4b331fff,0
8b2a8ac642d8fff,10
8b2a8a892d80fff,1
8b2a8ac66b26fff,15
8b2a8ac6204afff,15
8b2a8ac65a28fff,0
8b2a8ad4b78afff,0
8b2a8ac64d8efff,15
8b2a8ac6119dfff,15
8b2a8ac660a3fff,15
8b2a8ac6215dfff,2
8b2a8ac6215dfff,15
8b2a8ac611b1fff,3
8b2a8ad5b250fff,15
8b2a8ac6ca8dfff,10
8b2a8ac63062fff,2
8b2a8ac64108fff,2
8b2a8a892974fff,2
8b2a8ac6504afff,11
8b2a8ad59695fff,15
8b2a8ac63858fff,15
8b2a8ac664e2fff,15
8b2a8ad4b701fff,0
8b2a8a892146fff,11
8b2a8a892146fff,1
8b2a8ad4aa40fff,2
8b2a8ad4aa40fff,1
8b2a8a8936cefff,6
8b2a8ac61792fff,15
8b2a8ac6531dfff,0
8b2a8ad4b04afff,0
8b2a8ac617a8fff,15
8b2a8ad4a31dfff,0
8b2a8ac64880fff,16
8b2a8ac606c0fff,2
8b2a8ad4e215fff,15
8b2a8ac65366fff,0
8b2a8ad59a42fff,15
8b2a8a892398fff,3
8b2a8ac628f5fff,15
8b2a8ac6294cfff,15
8b2a8ac6c880fff,3
8b2a8ad4a691fff,15
8b2a8ac61b03fff,3
8b2a8ac6542bfff,5
8b2a8ac61508fff,15
8b2a8ac60515fff,15
8b2a8ac63b91fff,15
8b2a8ad4a920fff,15
8b2a8ac60ce0fff,15
8b2a8ac65866fff,11
8b2a8ad4b7a5fff,0
8b2a8ac60731fff,2
8b2a8ac6086cfff,5
8b2a8ac65048fff,0
8b2a8ac65048fff,11
8b2a8ad4b281fff,0
8b2a8a892a6efff,1
8b2a8ac6624efff,15
8b2a8ad4ad9efff,15
8b2a8ac668e8fff,15
8b2a8ac65550fff,5
8b2a8ac650f5fff,5
8b2a8ac662c0fff,15
8b2a8ac65141fff,4
8b2a8ac63af1fff,15
8b2a8a893633fff,6
8b2a8ac63d2efff,2
8b2a8ad592f1fff,15
8b2a8ac616b0fff,15
8b2a8ac6134afff,15
8b2a8ac61aa6fff,3
8b2a8ad596ccfff,15
8b2a8ad4a172fff,0
8b2a8ac601b1fff,2
8b2a8ac628c2fff,15
8b2a8ac64531fff,15
8b2a8ac644edfff,2
8b2a8ad5b315fff,15
8b2a8ac64564fff,2
8b2a8ac6388bfff,15
8b2a8ad590eafff,15
8b2a8ac6182cfff,3
8b2a8ac6c943fff,6
8b2a8ac6c943fff,7
8b2a8ac6288bfff,15
8b2a8ad4ab55fff,2
8b2a8ad4b60cfff,0
8b2a8ac64ccbfff,15
8b2a8ac64ccbfff,2
8b2a8ad5d268fff,15
8b2a8ad4a4c6fff,2
8b2a8ad5d262fff,15
8b2a8ac65603fff,5
8b2a8ac6c032fff,15
8b2a8ad590c9fff,15
8b2a8a8924e0fff,3
8b2a8ac614f3fff,15
8b2a8a892158fff,11
8b2a8ad484dbfff,2
8b2a8ac61590fff,15
8b2a8a89292cfff,2
8b2a8ac64269fff,5
8b2a8ac64269fff,0
8b2a8ac666f0fff,15
8b2a8ac62223fff,15
8b2a8ad4a370fff,0
8b2a8ac609a8fff,8
8b2a8ac6182bfff,3
8b2a8ad4a50bfff,15
8b2a8ad4879cfff,1
8b2a8ac631a1fff,2
8b2a8a892b92fff,11
8b2a8ac6296cfff,15
8b2a8ac60873fff,5
8b2a8ac60559fff,15
8b2a8a8920f0fff,13
8b2a8ad4a92dfff,15
8b2a8ac61132fff,3
8b2a8ac65a4cfff,0
8b2a8ac65ac0fff,1
8b2a8ac63962fff,15
8b2a8ac62044fff,2
8b2a8ac62044fff,15
8b2a8ad4b72efff,0
8b2a8ad4b72efff,2
8b2a8ad4a8aefff,15
8b2a8ac61acbfff,15
8b2a8ac638e9fff,15
8b2a8ad5d248fff,15
8b2a8ad486e9fff,2
8b2a8a8929a3fff,0
8b2a8ac64872fff,2
8b2a8ac651a9fff,4
8b2a8ad59a95fff,15
8b2a8ac60c4dfff,15
8b2a8ac66630fff,15
8b2a8ad48792fff,2
8b2a8ad4b349fff,0
8b2a8ac646ddfff,15
8b2a8ad5b35efff,15
8b2a8ac64952fff,2
8b2a8ad4a974fff,15
8b2a8ac61863fff,3
8b2a8ac64244fff,0
8b2a8ad4aac1fff,0
8b2a8ac64458fff,2
8b2a8ac638b0fff,2
8b2a8ac61764fff,15
8b2a8ad4e2aafff,15
8b2a8ac656d9fff,5
8b2a8ad4b050fff,2
8b2a8ac66618fff,15
8b2a8ac63d0afff,2
8b2a8ac63d0afff,15
8b2a8ac6139cfff,15
8b2a8ac6161afff,15
8b2a8ac60693fff,15
8b2a8ac664dcfff,15
8b2a8ac64af4fff,0
8b2a8ac61af1fff,3
8b2a8ad5b255fff,15
8b2a8ad4bc92fff,2
8b2a8ad4bc92fff,2
8b2a8a89264afff,7
8b2a8ac62119fff,15
8b2a8a892821fff,2
8b2a8a892821fff,0
8b2a8a892930fff,0
8b2a8ac62900fff,15
8b2a8ad592f3fff,15
8b2a8ac6c935fff,7
8b2a8ac6c935fff,2
8b2a8ac65c9bfff,5
8b2a8ad592c5fff,15
8b2a8ac6171afff,15
8b2a8a89264efff,7
8b2a8a89264efff,2
8b2a8ac6c561fff,15
8b2a8a892c71fff,10
8b2a8ac61d49fff,3
8b2a8ad486d2fff,2
8b2a8ac61432fff,15
8b2a8ac64a82fff,8
8b2a8ac65363fff,0
8b2a8ad4a0c1fff,0
8b2a8ac64a64fff,10
8b2a8ac64849fff,8
8b2a8ad4a8cdfff,0
8b2a8ac62023fff,15
8b2a8ac65bb0fff,2
8b2a8ac66353fff,15
8b2a8ac63005fff,2
8b2a8ac644e4fff,15
8b2a8ac644e4fff,2
8b2a8ad4bd8cfff,1
8b2a8ad4e21dfff,15
8b2a8ac61a2cfff,3
8b2a8ac62ad2fff,15
8b2a8ad4bdaefff,1
8b2a8ad484d3fff,2
8b2a8ac654b5fff,5
8b2a8a892996fff,0
8b2a8a8920c3fff,13
8b2a8a8920c3fff,3
8b2a8ac64189fff,15
8b2a8ac66961fff,15
8b2a8ac62c64fff,15
8b2a8ac6661cfff,15
8b2a8ac66109fff,15
8b2a8ad486d1fff,2
8b2a8a893433fff,6
8b2a8a892a9cfff,8
8b2a8ad59073fff,15
8b2a8ac605a9fff,15
8b2a8ac64363fff,0
8b2a8ad4a4c9fff,15
8b2a8ad4a4c9fff,2
8b2a8a893096fff,15
8b2a8ac65c21fff,0
8b2a8ac65c21fff,1
8b2a8ac6c930fff,7
8b2a8ac6c930fff,2
8b2a8a892d58fff,10
8b2a8a892d58fff,2
8b2a8a892d58fff,0
8b2a8ac61a48fff,3
8b2a8ac62c11fff,15
8b2a8ac656ddfff,5
8b2a8ac65903fff,1
8b2a8ac65903fff,0
8b2a8ad4b6d0fff,0
8b2a8a8966f0fff,0
8b2a8ac654abfff,5
8b2a8a893db4fff,1
8b2a8ac64241fff,0
8b2a8ac65aadfff,1
8b2a8ac65aadfff,2
8b2a8ac65aadfff,0
8b2a8a8925a0fff,0
8b2a8ac65c5bfff,5
8b2a8ac61d2afff,5
8b2a8a892d0bfff,0
8b2a8ac6560efff,5
8b2a8ac63321fff,15
8b2a8a892c74fff,10
8b2a8ac60d11fff,15
8b2a8a8934f1fff,6
8b2a8ac63d46fff,2
8b2a8ac61368fff,15
8b2a8ac66aa3fff,15
8b2a8ac66aa3fff,2
8b2a8ad59b0bfff,2
8b2a8a892a34fff,0
8b2a8ac60318fff,15
8b2a8ad4ad58fff,15
8b2a8ac6230dfff,15
8b2a8ad4a802fff,15
8b2a8ad4a663fff,15
8b2a8ad4a663fff,0
8b2a8ac61046fff,15
8b2a8ad4ad46fff,15
8b2a8ad4b106fff,2
8b2a8a892334fff,8
8b2a8a896229fff,2
8b2a8ac63919fff,2
8b2a8ac64d33fff,15
8b2a8ac6621afff,15
8b2a8ac6614efff,15
8b2a8a893472fff,6
8b2a8a893095fff,15
8b2a8ac61330fff,15
8b2a8ad4b485fff,2
8b2a8ac64d58fff,15
8b2a8ac64d58fff,16
8b2a8ac64d58fff,2
8b2a8ac65345fff,0
8b2a8a892572fff,0
8b2a8ac667b1fff,15
8b2a8ac64240fff,0
8b2a8a892744fff,3
8b2a8a8921b4fff,10
8b2a8ac6332afff,15
8b2a8ad4a9b4fff,15
8b2a8ac6cd80fff,3
8b2a8ac6cd80fff,15
8b2a8ac60046fff,15
8b2a8ac66313fff,15
8b2a8ad4a109fff,0
8b2a8ac63aa5fff,15
8b2a8ad4b984fff,2
8b2a8ac6080afff,5
8b2a8ac61421fff,15
8b2a8ad4aa84fff,0
8b2a8ac65410fff,5
8b2a8ad4e6d1fff,15
8b2a8ac65d56fff,0
8b2a8ac646aefff,15
8b2a8ac646e0fff,15
8b2a8ac646e0fff,2
8b2a8ad4a86cfff,2
8b2a8ac62960fff,15
8b2a8a896423fff,0
8b2a8a8928d3fff,0
8b2a8a89675bfff,0
8b2a8ac66072fff,15
8b2a8ac63b05fff,15
8b2a8ad4a84dfff,2
8b2a8a892c86fff,0
8b2a8ac64350fff,0
8b2a8a893771fff,6
8b2a8ac65ce0fff,4
8b2a8ac65ce0fff,5
8b2a8ad59618fff,15
8b2a8ad4e6cefff,15
8b2a8ac6cb5dfff,6
8b2a8ac6018dfff,13
8b2a8ac6018dfff,2
8b2a8ac61c55fff,3
8b2a8ac61b8afff,3
8b2a8ac6cb5cfff,6
8b2a8ad4869cfff,1
8b2a8ac6cb62fff,6
8b2a8ad484ecfff,2
8b2a8ac64ae6fff,0
8b2a8ad4e675fff,15
8b2a8ad4e218fff,15
8b2a8a89258dfff,0
8b2a8a89258dfff,3
8b2a8ac60091fff,15
8b2a8ad4b0ddfff,2
8b2a8ac63808fff,15
8b2a8ac629a9fff,15
8b2a8ac610f4fff,15
8b2a8ad4b30dfff,0
8b2a8ad4b30dfff,8
8b2a8ac65736fff,5
8b2a8ad59b4dfff,2
8b2a8ad4b39bfff,0
8b2a8ac61c93fff,15
8b2a8ac66505fff,15
8b2a8ad4aa6afff,1
8b2a8ac62c4bfff,15
8b2a8ac61631fff,15
8b2a8a892091fff,0
8b2a8ac66c5cfff,15
8b2a8ac665b2fff,15
8b2a8a892db4fff,1
8b2a8ad4bc8bfff,10
8b2a8ad4bc8bfff,2
8b2a8ac63d4afff,2
8b2a8ad4acebfff,15
8b2a8ac6c833fff,11
8b2a8ad48428fff,2
8b2a8ac61d72fff,5
8b2a8a893776fff,6
8b2a8ac65acdfff,0
8b2a8ac65acdfff,1
8b2a8ad59343fff,15
8b2a8ac60741fff,2
8b2a8a89342afff,6
8b2a8ac60602fff,2
8b2a8ac64492fff,15
8b2a8ac64709fff,2
8b2a8ac6402dfff,8
8b2a8ad4e60bfff,15
8b2a8ac63843fff,15
8b2a8a892c96fff,0
8b2a8ac66af3fff,15
8b2a8ac61133fff,3
8b2a8ac61b32fff,3
8b2a8ac635aafff,15
8b2a8ac61c72fff,3
8b2a8ac61c72fff,5
8b2a8ac64508fff,15
8b2a8ad4a241fff,9
8b2a8ac6052dfff,15
8b2a8ac66083fff,15
8b2a8ac6c1a4fff,15
8b2a8ac61ca2fff,5
8b2a8ac658f5fff,14
8b2a8ac658f5fff,1
8b2a8ac65d68fff,1
8b2a8ac66a08fff,15
8b2a8ad59265fff,15
8b2a8ac64444fff,2
8b2a8ad4a18bfff,15
8b2a8ac650b4fff,5
8b2a8ac62265fff,15
8b2a8ac66cf2fff,9
8b2a8ac62d4cfff,15
8b2a8a893698fff,6
8b2a8a893698fff,7
8b2a8ac640b5fff,2
8b2a8ac6c86bfff,6
8b2a8ac64a12fff,0
8b2a8ac64a12fff,8
8b2a8a8925a3fff,0
8b2a8ac63055fff,2
8b2a8ac6ddacfff,7
8b2a8ac6621dfff,15
8b2a8ac62262fff,15
8b2a8ac64091fff,2
8b2a8ad4b700fff,0
8b2a8ac66856fff,15
8b2a8ac61473fff,15
8b2a8ad4a4cdfff,15
8b2a8ad4a4cdfff,2
8b2a8ac61a56fff,3
8b2a8ac6020dfff,15
8b2a8ac669b4fff,15
8b2a8ac61cc0fff,3
8b2a8ac61cc0fff,5
8b2a8ac61cc0fff,15
8b2a8ac64958fff,2
8b2a8ac60323fff,5
8b2a8ac6682dfff,15
8b2a8ac62a2bfff,15
8b2a8ad4852efff,15
8b2a8ad4b766fff,0
8b2a8ad4b766fff,2
8b2a8ac6440dfff,2
8b2a8ac64540fff,2
8b2a8ad4a2b1fff,0
8b2a8ac61634fff,15
8b2a8ac60c94fff,15
8b2a8ac628cbfff,15
8b2a8ad59288fff,15
8b2a8ac63ba2fff,15
8b2a8ac65284fff,5
8b2a8ac6c1a1fff,15
8b2a8ac656a6fff,5
8b2a8a8924ecfff,0
8b2a8a8924ecfff,3
8b2a8ac666cefff,15
8b2a8ad4b254fff,0
8b2a8ad4a90bfff,15
8b2a8ac66262fff,15
8b2a8ac65b02fff,0
8b2a8ac64789fff,15
8b2a8ac64789fff,2
8b2a8ac61784fff,15
8b2a8ac6532afff,0
8b2a8a8926c0fff,3
8b2a8ac75b6afff,15
8b2a8ac66280fff,15
8b2a8ac65036fff,4
8b2a8ac65906fff,1
8b2a8ac66134fff,15
8b2a8ac65096fff,5
8b2a8ac6606cfff,15
8b2a8ac65086fff,5
8b2a8a892101fff,0
8b2a8a892249fff,15
8b2a8ac64d46fff,15
8b2a8ac64d46fff,2
8b2a8ac75b25fff,15
8b2a8ad4b709fff,0
8b2a8a8928f6fff,0
8b2a8ad4a3b4fff,0
8b2a8ac6c904fff,7
8b2a8ac6381cfff,15
8b2a8ac60c5efff,2
8b2a8ad4b559fff,8
8b2a8ad4a646fff,15
8b2a8ac61c52fff,3
8b2a8ac62352fff,15
8b2a8ac6c318fff,10
8b2a8ad4aaddfff,0
8b2a8ac6508bfff,5
8b2a8ad484eafff,2
8b2a8a892d14fff,0
8b2a8a896580fff,0
8b2a8ac6406afff,0
8b2a8ac6406afff,8
8b2a8ad4849dfff,2
8b2a8ac6281dfff,15
8b2a8ac66c49fff,15
8b2a8ac6c1b6fff,15
8b2a8ad4a8f0fff,15
8b2a8ad4a8f0fff,0
8b2a8a892305fff,1
8b2a8a892305fff,8
8b2a8ac66425fff,15
8b2a8ac66281fff,15
8b2a8ac6610bfff,15
8b2a8ad59284fff,15
8b2a8ac6c113fff,15
8b2a8ac60b90fff,5
8b2a8ac60811fff,8
8b2a8a892d8cfff,0
8b2a8a892d8cfff,7
8b2a8ac60cdefff,2
8b2a8ac60cdefff,15
8b2a8ac641a8fff,15
8b2a8ad4b466fff,8
8b2a8ac614a2fff,15
8b2a8ac60d45fff,16
8b2a8ac60d45fff,15
8b2a8ac6194afff,3
8b2a8ac60192fff,2
8b2a8ac6c86efff,6
8b2a8ac6c86efff,7
8b2a8a892318fff,1
8b2a8ac6c915fff,7
8b2a8ad5b248fff,15
8b2a8ac648e2fff,2
8b2a8ac63b01fff,15
8b2a8ad4a45efff,15
8b2a8ad5b35cfff,15
8b2a8ac64c71fff,16
8b2a8ac610c3fff,15
8b2a8ac6142cfff,15
8b2a8ac66322fff,15
8b2a8a892d20fff,0
8b2a8ac61a25fff,3
8b2a8ac6635cfff,15
8b2a8ac660d6fff,15
8b2a8ac607a5fff,15
8b2a8a8966dcfff,0
8b2a8ac60b4bfff,5
8b2a8a896234fff,0
8b2a8ac64466fff,2
8b2a8ac62a94fff,2
8b2a8ac62a94fff,15
8b2a8ad59168fff,15
8b2a8ad5b2edfff,15
8b2a8ad4a0d4fff,15
8b2a8ac6029afff,2
8b2a8ac65294fff,5
8b2a8ac6c333fff,10
8b2a8ac6c333fff,2
8b2a8ac62cf4fff,15
8b2a8ac605aafff,15
8b2a8ad592cefff,15
8b2a8ad4a3acfff,0
8b2a8ac65930fff,1
8b2a8ac65930fff,0
8b2a8ac608a3fff,8
8b2a8ac65321fff,0
8b2a8ad59b56fff,2
8b2a8ad4a776fff,15
8b2a8ac64d09fff,2
8b2a8ad4a734fff,15
8b2a8ad5931bfff,15
8b2a8ac6c19afff,15
8b2a8a892314fff,8
8b2a8ac65adefff,0
8b2a8ac66233fff,15
8b2a8ad4a213fff,0
8b2a8ac652e6fff,0
8b2a8ac65082fff,5
8b2a8a892333fff,8
8b2a8ac61513fff,15
8b2a8ac6496efff,2
8b2a8ad48485fff,2
8b2a8ac60742fff,2
8b2a8a892485fff,3
8b2a8ac63940fff,15
8b2a8ac65a6dfff,0
8b2a8ad4e246fff,15
8b2a8a893402fff,6
8b2a8a8905b6fff,2
8b2a8ac63c93fff,15
8b2a8a892853fff,0
8b2a8a8937a1fff,6
8b2a8ac62d23fff,15
8b2a8ad4a21efff,0
8b2a8ac61381fff,15
8b2a8ac6316efff,15
8b2a8a892aacfff,0
8b2a8ac6cd9bfff,15
8b2a8ac60510fff,15
8b2a8ac62d6bfff,15
8b2a8ac61d51fff,5
8b2a8ac6428bfff,10
8b2a8ac60424fff,15
8b2a8ac64166fff,11
8b2a8ad4b6ccfff,0
8b2a8ad4ad54fff,15
8b2a8ac6cd43fff,3
8b2a8ac61481fff,15
8b2a8ad4b4e1fff,10
8b2a8a8966d6fff,0
8b2a8ac62b75fff,15
8b2a8ac64714fff,2
8b2a8ad5bb4afff,15
8b2a8a892a32fff,0
8b2a8ac63ce1fff,15
8b2a8a892523fff,0
8b2a8ac621adfff,15
8b2a8ac640d8fff,0
8b2a8ac640d8fff,2
8b2a8a892054fff,10
8b2a8ac61763fff,15
8b2a8a89659afff,0
8b2a8ac6c230fff,10
8b2a8ac660d5fff,15
8b2a8ac65910fff,11
8b2a8ac65331fff,0
8b2a8ac64470fff,2
8b2a8ac63d29fff,2
8b2a8ad4b34efff,0
8b2a8ad4e6c5fff,15
8b2a8ac6682bfff,15
8b2a8ad4bcc3fff,0
8b2a8ac65b83fff,2
8b2a8ac65b83fff,4
8b2a8ac6c095fff,15
8b2a8ac6471bfff,2
8b2a8ac61af4fff,3
8b2a8ac669adfff,15
8b2a8ad4b498fff,8
8b2a8ad4b498fff,2
8b2a8ac63addfff,15
8b2a8ac64d5bfff,16
8b2a8ad4a814fff,15
8b2a8ad4b8f2fff,2
8b2a8ac654cbfff,5
8b2a8ad4a944fff,2
8b2a8ad4a944fff,15
8b2a8ad59b0afff,2
8b2a8a896472fff,0
8b2a8a89208bfff,3
8b2a8ac64443fff,2
8b2a8ac60d8efff,15
8b2a8ad59a53fff,15
8b2a8ac6c1a6fff,15
8b2a8a892c70fff,10
8b2a8a8962cefff,2
8b2a8ad4b376fff,8
8b2a8ac66629fff,15
8b2a8a89255cfff,0
8b2a8ac65c70fff,4
8b2a8ac65c70fff,1
8b2a8ac6c91afff,7
8b2a8ac645a9fff,15
8b2a8ad4a502fff,15
8b2a8ac63585fff,15
8b2a8ad59276fff,15
8b2a8ac62a2cfff,15
8b2a8ad4b985fff,2
8b2a8ad4b2f5fff,0
8b2a8ac6306afff,15
8b2a8ad4b630fff,0
8b2a8ac64d01fff,2
8b2a8ac66825fff,15
8b2a8ac61cdefff,15
8b2a8ac60c9dfff,15
8b2a8ac63dabfff,15
8b2a8ac6435afff,0
8b2a8ac6071dfff,2
8b2a8ac607adfff,2
8b2a8a892894fff,0
8b2a8ac66a88fff,15
8b2a8ac6534cfff,0
8b2a8ac628d5fff,15
8b2a8ad5b24afff,15
8b2a8ac61992fff,5
8b2a8ac6501afff,5
8b2a8ad4a083fff,15
8b2a8ac61c68fff,3
8b2a8ac64c86fff,15
8b2a8ac65688fff,5
8b2a8ac61160fff,3
8b2a8a892c6afff,10
8b2a8a896591fff,11
8b2a8a896591fff,0
8b2a8a8926dbfff,3
8b2a8a892876fff,0
8b2a8ad4e6e0fff,15
8b2a8ac65a0efff,0
8b2a8ac60c76fff,15
8b2a8ac63063fff,2
8b2a8ac63063fff,15
8b2a8ac66a8efff,15
8b2a8ac6c814fff,11
8b2a8ad4a514fff,15
8b2a8ac62b13fff,15
8b2a8ac6638bfff,15
8b2a8ac61c92fff,15
8b2a8ac60088fff,11
8b2a8ad59055fff,15
8b2a8ad4a4ddfff,2
8b2a8ad4a4dafff,2
8b2a8ac644d6fff,15
8b2a8ac61594fff,15
8b2a8a8962ecfff,2
8b2a8a892cb3fff,0
8b2a8ac600b1fff,2
8b2a8ac61d76fff,5
8b2a8ac60144fff,5
8b2a8ac650c1fff,5
8b2a8ac63046fff,2
8b2a8ac6cd52fff,3
8b2a8ac600d3fff,11
8b2a8ac600d3fff,15
8b2a8ac628e0fff,15
8b2a8ac6479cfff,15
8b2a8ac66b88fff,2
8b2a8ac658ebfff,1
8b2a8ac658ebfff,11
8b2a8ac6340dfff,15
8b2a8ac65d99fff,8
8b2a8ac65d99fff,2
8b2a8ac653a4fff,11
8b2a8ac66a0efff,15
8b2a8ac6c885fff,3
8b2a8a8962a5fff,0
8b2a8ac6c824fff,7
8b2a8ac6c824fff,10
8b2a8ad4b208fff,0
8b2a8ac60a5afff,5
8b2a8ac64c4bfff,15
8b2a8ac6011cfff,15
8b2a8ac6680dfff,15
8b2a8ad4bc19fff,2
8b2a8ac64234fff,0
8b2a8a892cb2fff,0
8b2a8ac62956fff,15
8b2a8ad4ad0dfff,15
8b2a8ad5b290fff,15
8b2a8ad4a6b2fff,2
8b2a8ac648cefff,2
8b2a8ac66626fff,15
8b2a8ac62d2bfff,15
8b2a8ac63bb2fff,15
8b2a8ac64ac3fff,0
8b2a8ad4ac8efff,15
8b2a8ac64d72fff,2
8b2a8ac66b34fff,15
8b2a8a89648cfff,0
8b2a8ad4b575fff,1
8b2a8ad4b575fff,10
8b2a8a8923a2fff,10
8b2a8ac61d94fff,5
8b2a8ad4a14afff,0
8b2a8ac6ed26fff,15
8b2a8ac63161fff,15
8b2a8ac6686bfff,15
8b2a8ac6140bfff,15
8b2a8a892083fff,0
8b2a8ac62a91fff,2
8b2a8a8928b6fff,0
8b2a8ac6ca2bfff,6
8b2a8ac6ca2bfff,7
8b2a8ac61b6bfff,3
8b2a8ac649a8fff,0
8b2a8ad592f5fff,15
8b2a8ac6672afff,15
8b2a8ac660d0fff,15
8b2a8a892c31fff,1
8b2a8a892c31fff,10
8b2a8ac62a0cfff,15
8b2a8ac66aa4fff,2
8b2a8ac64a36fff,8
8b2a8ac65983fff,11
8b2a8ac65983fff,1
8b2a8ac65b89fff,0
8b2a8ac638eafff,15
8b2a8ac61116fff,3
8b2a8ac61c36fff,5
8b2a8ad4a29cfff,0
8b2a8ad4aaeefff,0
8b2a8ad4b592fff,2
8b2a8ac60b9dfff,5
8b2a8ac66b96fff,15
8b2a8a892594fff,0
8b2a8a892594fff,2
8b2a8ac6102bfff,15
8b2a8a8924a6fff,3
8b2a8ad4e243fff,15
8b2a8ac6434afff,2
8b2a8ac6434afff,0
8b2a8ac6cc1efff,15
8b2a8ac6115dfff,3
8b2a8ac66866fff,15
8b2a8ac644c5fff,15
8b2a8ad4bd85fff,1
8b2a8ad4e2d3fff,15
8b2a8ac6c0e0fff,15
8b2a8ac6594efff,11
8b2a8ad5968bfff,15
8b2a8ac66a46fff,15
8b2a8ad59273fff,15
8b2a8ac66731fff,15
8b2a8ac6084bfff,5
8b2a8ac6c19bfff,15
8b2a8a892d99fff,0
8b2a8a896422fff,0
8b2a8a892b99fff,0
8b2a8ad4ad9dfff,15
8b2a8ac66025fff,15
8b2a8ac61ac1fff,3
8b2a8ac64ac2fff,0
8b2a8ac60c65fff,16
8b2a8ac60c65fff,15
8b2a8ad4e68afff,15
8b2a8ad4e78bfff,15
8b2a8ac61796fff,15
8b2a8ac6032afff,5
8b2a8ac6032afff,15
8b2a8ac658dbfff,7
8b2a8ac658dbfff,4
8b2a8ac63d04fff,15
8b2a8ac6c119fff,15
8b2a8ad4b611fff,0
8b2a8ac6cc4afff,15
8b2a8ac654f2fff,5
8b2a8a892120fff,0
8b2a8ac60405fff,15
8b2a8ad4a28afff,0
8b2a8ad5b24dfff,15
8b2a8ac6310bfff,2
8b2a8ad4b09dfff,0
8b2a8a893513fff,6
8b2a8a893513fff,15
8b2a8a8924e2fff,3
8b2a8ac64cb0fff,15
8b2a8ac60c1bfff,15
8b2a8ac62916fff,15
8b2a8ad4a630fff,15
8b2a8a89676efff,0
8b2a8ac6179afff,15
8b2a8ac62c2cfff,15
8b2a8ac64c16fff,15
8b2a8a8962eefff,2
8b2a8ac6065cfff,2
8b2a8ad4a44cfff,15
8b2a8ac6598dfff,11
8b2a8ac63951fff,2
8b2a8ac61b4bfff,3
8b2a8ac64929fff,0
8b2a8ad4bd60fff,2
8b2a8a892473fff,0
8b2a8ac6cb44fff,6
8b2a8a892d85fff,1
8b2a8ad4aca1fff,15
8b2a8ac668b0fff,15
8b2a8ac66996fff,15
8b2a8a890681fff,1
8b2a8a8920a3fff,0
8b2a8ac64d8bfff,15
8b2a8a896411fff,0
8b2a8ad4e666fff,15
8b2a8ac6c21efff,10
8b2a8ac6632dfff,15
8b2a8a896318fff,0
8b2a8ac61a51fff,3
8b2a8ac6695afff,15
8b2a8ad4a52cfff,15
8b2a8ac6169bfff,15
8b2a8ac65844fff,1
8b2a8ac65844fff,11
8b2a8ac6dd25fff,7
8b2a8ac62360fff,15
8b2a8ac6c30efff,7
8b2a8ac6c30efff,10
8b2a8ac6c9adfff,7
8b2a8ad5da59fff,15
8b2a8a892534fff,0
8b2a8ac62b9bfff,15
8b2a8ac65615fff,5
8b2a8ac66590fff,15
8b2a8ac66661fff,15
8b2a8ad4a35afff,9
8b2a8ad4a35afff,0
8b2a8ac64428fff,15
8b2a8ac64428fff,2
8b2a8a892893fff,0
8b2a8ac75b1dfff,15
8b2a8ac653aafff,11
8b2a8ac60ca8fff,15
8b2a8ac65274fff,0
8b2a8ac65ba0fff,2
8b2a8a8920f1fff,13
8b2a8ac6501cfff,14
8b2a8ac6501cfff,4
8b2a8ac6501cfff,5
8b2a8ac6394afff,15
8b2a8ac61730fff,15
8b2a8ac6cc54fff,15
8b2a8ac6c311fff,10
8b2a8ac63c08fff,15
8b2a8ac618d3fff,3
8b2a8ac64ad6fff,0
8b2a8a89272cfff,3
8b2a8a89268bfff,3
8b2a8ac60db5fff,15
8b2a8ac6478dfff,15
8b2a8ac65b00fff,0
8b2a8ac6004cfff,15
8b2a8ac61533fff,15
8b2a8ad4a640fff,15
8b2a8ad4a640fff,0
8b2a8ac665acfff,15
8b2a8ac66d68fff,15
8b2a8ad4b3a1fff,0
8b2a8ac63d45fff,2
8b2a8ac66143fff,15
8b2a8ad4acc1fff,15
8b2a8ac64408fff,15
8b2a8ac64408fff,2
8b2a8ac66429fff,15
8b2a8ac6581dfff,14
8b2a8ac6581dfff,1
8b2a8a893650fff,15
8b2a8a893650fff,6
8b2a8ad4a60bfff,15
8b2a8ac620b5fff,15
8b2a8ac6449efff,15
8b2a8ac6640cfff,15
8b2a8ad59a35fff,2
8b2a8ac66baafff,2
8b2a8ac65203fff,3
8b2a8ac66b6efff,15
8b2a8ac62195fff,15
8b2a8ad4a448fff,15
8b2a8ad4bd0afff,2
8b2a8a893576fff,15
8b2a8ac65960fff,1
8b2a8ac65960fff,11
8b2a8a8929a8fff,0
8b2a8ad4a4f1fff,15
8b2a8ad4a4f1fff,2
8b2a8a892548fff,0
8b2a8ac66904fff,15
8b2a8a8937a3fff,6
8b2a8ac6022bfff,15
8b2a8ac65b0bfff,0
8b2a8a892576fff,0
8b2a8ac658c1fff,1
8b2a8ac62026fff,15
8b2a8ac602c9fff,15
8b2a8ac63524fff,15
8b2a8a892d5dfff,0
8b2a8ac60aa9fff,5
8b2a8ac64d61fff,15
8b2a8ac61c8dfff,5
8b2a8ac61c8dfff,15
8b2a8ac61131fff,3
8b2a8ac60b44fff,5
8b2a8ac662dcfff,15
8b2a8ac6cb4efff,6
8b2a8ad4a190fff,15
8b2a8ac662a6fff,15
8b2a8ad59a19fff,15
8b2a8ad59a19fff,2
8b2a8ad4b475fff,8
8b2a8ac606e9fff,2
8b2a8ac61ad9fff,15
8b2a8ac66ceafff,9
8b2a8ad59a30fff,2
8b2a8ac605acfff,15
8b2a8ac6429bfff,10
8b2a8a892b8cfff,0
8b2a8ac6219efff,15
8b2a8ac62acdfff,15
8b2a8ac62b43fff,15
8b2a8ac6399efff,2
8b2a8ac6cad5fff,10
8b2a8ac6cad5fff,7
8b2a8ad486d4fff,2
8b2a8ac61c22fff,5
8b2a8a89230dfff,0
8b2a8a89230dfff,1
8b2a8ac6302bfff,2
8b2a8ac6662dfff,15
8b2a8ad485a9fff,15
8b2a8ad4ace3fff,15
8b2a8ac66c8bfff,15
8b2a8ac66c8bfff,9
8b2a8ac654c1fff,5
8b2a8ad4bd81fff,1
8b2a8ac60523fff,15
8b2a8ad4b791fff,1
8b2a8ac64431fff,15
8b2a8ac63d53fff,2
8b2a8ac63d53fff,15
8b2a8ad48531fff,15
8b2a8ac6648cfff,15
8b2a8ac61500fff,15
8b2a8ad4ac1dfff,15
8b2a8ac64041fff,0
8b2a8ac64041fff,8
8b2a8ac64946fff,2
8b2a8ac60692fff,15
8b2a8ad4a61cfff,15
8b2a8ad4b21afff,0
8b2a8ad4b21afff,1
8b2a8ac6602afff,15
8b2a8a8962aefff,0
8b2a8ac644f1fff,15
8b2a8ac60c84fff,15
8b2a8ac6585efff,11
8b2a8ac64218fff,0
8b2a8ad4b528fff,10
8b2a8ad4b528fff,3
8b2a8a892294fff,3
8b2a8ac618e5fff,3
8b2a8ac66092fff,15
8b2a8a892716fff,3
8b2a8ac60345fff,5
8b2a8ad59053fff,15
8b2a8a8922ebfff,6
8b2a8ac6018afff,2
8b2a8ad4a4c1fff,2
8b2a8ac6c8aafff,3
8b2a8ac6cb34fff,6
8b2a8ad4a808fff,15
8b2a8ac61403fff,15
8b2a8ac62b02fff,15
8b2a8ad4a076fff,0
8b2a8ac63415fff,15
8b2a8ac60244fff,15
8b2a8a892408fff,0
8b2a8ad4841efff,2
8b2a8ad4ac2bfff,15
8b2a8a8921b1fff,10
8b2a8ac66048fff,15
8b2a8ac62ba4fff,15
8b2a8a892ab5fff,11
8b2a8a892ab5fff,0
8b2a8ac63c15fff,15
8b2a8ac61998fff,3
8b2a8a892171fff,1
8b2a8ac613b6fff,15
8b2a8ac6559efff,5
8b2a8ac64605fff,2
8b2a8ac61341fff,15
8b2a8ac65201fff,0
8b2a8ac65201fff,3
8b2a8ac6408cfff,2
8b2a8ad4bcc1fff,0
8b2a8ac6c843fff,6
8b2a8ac64414fff,15
8b2a8ac6692dfff,15
8b2a8ac65800fff,1
8b2a8ac65800fff,11
8b2a8ac6510afff,14
8b2a8ac6510afff,4
8b2a8ac6516cfff,4
8b2a8ac65acafff,0
8b2a8ac61155fff,3
8b2a8ac65c9cfff,4
8b2a8ac65c9cfff,8
8b2a8ac65c9cfff,5
8b2a8ac65c9cfff,7
8b2a8ac65c9cfff,2
8b2a8ac64405fff,15
8b2a8ad59ae0fff,15
8b2a8ac6604bfff,15
8b2a8ad4855cfff,2
8b2a8ac60399fff,15
8b2a8ac6609efff,15
8b2a8a892611fff,3
8b2a8ad5b371fff,15
8b2a8a896696fff,0
8b2a8ac6599bfff,1
8b2a8ac65089fff,5
8b2a8ad4a91bfff,15
8b2a8ac60c8efff,15
8b2a8ad59642fff,15
8b2a8a892761fff,3
8b2a8ac64832fff,2
8b2a8ac64832fff,0
8b2a8ac65502fff,5
8b2a8ac65511fff,5
8b2a8ac618eefff,3
8b2a8ac60605fff,2
8b2a8ac64028fff,8
8b2a8a892962fff,2
8b2a8ac6dd32fff,7
8b2a8ad4a5a9fff,15
8b2a8ac61ce9fff,3
8b2a8ac6295cfff,15
8b2a8ac61a34fff,3
8b2a8ac65a9efff,0
8b2a8ad4a366fff,0
8b2a8ac6188cfff,3
8b2a8ad484d8fff,2
8b2a8ad4bd51fff,2
8b2a8ac6656afff,15
8b2a8ac6656afff,9
8b2a8ac6cc16fff,15
8b2a8ac60895fff,15
8b2a8ad4a9a9fff,15
8b2a8ac64052fff,8
8b2a8ad4b505fff,3
8b2a8ac60a33fff,5
8b2a8a896751fff,0
8b2a8ac62143fff,2
8b2a8ac62143fff,15
8b2a8a893703fff,6
8b2a8ad4b790fff,1
8b2a8ad4b790fff,10
8b2a8ac65cc8fff,5
8b2a8ac6681afff,15
8b2a8ac65500fff,5
8b2a8ac63cf4fff,15
8b2a8ad4b2adfff,0
8b2a8ad4b2adfff,1
8b2a8ac64401fff,15
8b2a8ac63d69fff,2
8b2a8ac6629dfff,15
8b2a8ac644b3fff,15
8b2a8ac63d8cfff,15
8b2a8ac65388fff,2
8b2a8ac65388fff,11
8b2a8ac64728fff,2
8b2a8a89268cfff,3
8b2a8ac63ad9fff,15
8b2a8ad4a280fff,0
8b2a8ac62b58fff,15
8b2a8ac65342fff,0
8b2a8ac65188fff,4
8b2a8ac65188fff,5
8b2a8ac6c0defff,3
8b2a8ac61ad4fff,3
8b2a8ac64c59fff,15
8b2a8ac64423fff,15
8b2a8ac66a5bfff,15
8b2a8ac6089bfff,15
8b2a8ac66108fff,15
8b2a8ac602d6fff,2
8b2a8ac602d6fff,15
8b2a8ac64b89fff,8
8b2a8ac6cc84fff,15
8b2a8ac610c9fff,15
8b2a8ac6038cfff,15
8b2a8ad4a818fff,15
8b2a8ad4aad8fff,0
8b2a8ac60746fff,2
8b2a8ac65859fff,2
8b2a8ac62c0efff,15
8b2a8ad4a36afff,1
8b2a8a8925a9fff,0
8b2a8a8925a9fff,3
8b2a8ac63d94fff,15
8b2a8ac6171cfff,15
8b2a8ac602b4fff,15
8b2a8ac61535fff,15
8b2a8ac6409cfff,2
8b2a8ac64455fff,2
8b2a8ac65c6efff,4
8b2a8ac6176bfff,15
8b2a8ac64573fff,15
8b2a8ac64573fff,2
8b2a8ad4a613fff,15
8b2a8ac653a5fff,11
8b2a8ac63b2afff,15
8b2a8ad4b758fff,0
8b2a8ac6401bfff,8
8b2a8ac640e4fff,8
8b2a8ac6cb41fff,6
8b2a8ac607a2fff,15
8b2a8ac655a3fff,5
8b2a8ac61b21fff,3
8b2a8a89206dfff,8
8b2a8a8936e2fff,6
8b2a8ac658e5fff,1
8b2a8ad59b24fff,2
8b2a8a892d65fff,0
8b2a8ac65ba5fff,2
8b2a8ac646ecfff,15
8b2a8ad4ab61fff,2
8b2a8ad4a716fff,15
8b2a8a8962a1fff,0
8b2a8a8966ddfff,0
8b2a8ac60834fff,8
8b2a8a8966c6fff,0
8b2a8ac66821fff,15
8b2a8a89622efff,2
8b2a8ac64786fff,15
8b2a8ac61465fff,15
8b2a8ac64393fff,0
8b2a8ac66859fff,15
8b2a8ac65d8efff,2
8b2a8ac65d8efff,10
8b2a8ad4b2dafff,1
8b2a8ac6539cfff,5
8b2a8ac641adfff,15
8b2a8ac62848fff,15
8b2a8a8922dbfff,6
8b2a8a8922dbfff,2
8b2a8a8922dbfff,10
8b2a8ad4b245fff,0
8b2a8ac66168fff,15
8b2a8ad4b046fff,2
8b2a8ac64236fff,0
8b2a8ad48471fff,0
8b2a8ad48471fff,2
8b2a8ac62b62fff,15
8b2a8ad4a823fff,15
8b2a8ac6178bfff,15
8b2a8a892510fff,0
8b2a8ac64d2bfff,2
8b2a8ad4b998fff,2
8b2a8a892703fff,3
8b2a8ac6ccc5fff,15
8b2a8ad59a4afff,15
8b2a8ac610a8fff,15
8b2a8ac63866fff,15
8b2a8ad5b2d8fff,15
8b2a8ac65d5dfff,1
8b2a8ac63040fff,2
8b2a8ac602cefff,15
8b2a8ac61849fff,3
8b2a8ac63888fff,15
8b2a8ac61b99fff,3
8b2a8ad4b6b6fff,8
8b2a8ac66565fff,9
8b2a8ac65a8bfff,0
8b2a8ac61b9afff,3
8b2a8ac6c0b3fff,15
8b2a8ac614c5fff,15
8b2a8ac61c76fff,5
8b2a8a8965abfff,0
8b2a8ac60793fff,15
8b2a8a893084fff,15
8b2a8ac63a90fff,15
8b2a8ac60331fff,5
8b2a8ac60331fff,15
8b2a8ac63c98fff,15
8b2a8a8929b1fff,0
8b2a8ac6395cfff,2
8b2a8ac6395cfff,15
8b2a8ac61911fff,3
8b2a8ad4e2d6fff,15
8b2a8ad5d34bfff,15
8b2a8ac66b09fff,15
8b2a8a89229afff,2
8b2a8ac613b0fff,15
8b2a8ac64c74fff,15
8b2a8ac64c74fff,16
8b2a8ac64c74fff,2
8b2a8ac65549fff,5
8b2a8ac651b3fff,5
8b2a8ad4a353fff,0
8b2a8ac6dd10fff,7
8b2a8ac63519fff,15
8b2a8ad59655fff,15
8b2a8ad486c6fff,2
8b2a8ac659b6fff,0
8b2a8ac642e3fff,0
8b2a8ac6c806fff,7
8b2a8ac6c806fff,11
8b2a8ac66724fff,15
8b2a8ac603a5fff,15
8b2a8ad4a1abfff,15
8b2a8ac61592fff,15
8b2a8a892898fff,0
8b2a8ac602b3fff,2
8b2a8ac602b3fff,15
8b2a8ac666a0fff,15
8b2a8a892009fff,10
8b2a8ac65681fff,5
8b2a8ac6082afff,5
8b2a8ad59af5fff,15
8b2a8ad4a373fff,0
8b2a8ac60d6cfff,16
8b2a8ad4e31afff,15
8b2a8ad4ad33fff,15
8b2a8ac66663fff,15
8b2a8ac6130bfff,15
8b2a8ad4aad9fff,0
8b2a8ad4b4a3fff,2
8b2a8ac60b49fff,5
8b2a8ac6501efff,5
8b2a8ad48533fff,15
8b2a8ac605b5fff,15
8b2a8ac664abfff,15
8b2a8ac60b16fff,5
8b2a8ac63d91fff,15
8b2a8ac664d4fff,15
8b2a8ac6dd94fff,7
8b2a8ac6625bfff,15
8b2a8ac60c34fff,15
8b2a8ac66222fff,15
8b2a8ac60146fff,5
8b2a8ac6c70dfff,7
8b2a8ad4b731fff,0
8b2a8ad4b401fff,10
8b2a8ac63d21fff,2
8b2a8a8962b6fff,0
8b2a8ad4aa70fff,2
8b2a8ad4b4edfff,10
8b2a8ac60162fff,5
8b2a8ac65b5dfff,0
8b2a8ac61483fff,15
8b2a8a8920aefff,0
8b2a8ac6c133fff,15
8b2a8ac60b91fff,5
8b2a8ac61b2cfff,3
8b2a8ac66cdbfff,9
8b2a8ad4b460fff,1
8b2a8ad4b460fff,8
8b2a8a8963aafff,0
8b2a8ad59046fff,15
8b2a8ac606aefff,2
8b2a8ac606aefff,15
8b2a8a89378efff,6
8b2a8ac6406bfff,0
8b2a8ac63c01fff,15
8b2a8ac6cc6cfff,15
8b2a8ac66a31fff,2
8b2a8ac64346fff,0
8b2a8a8926a5fff,3
8b2a8a8928e9fff,11
8b2a8a8928e9fff,0
8b2a8ad592e1fff,15
8b2a8ac60715fff,2
8b2a8ac62cddfff,15
8b2a8ad5930cfff,15
8b2a8ac64808fff,2
8b2a8ac60472fff,15
8b2a8ad4b59cfff,2
8b2a8ac66b64fff,15
8b2a8ac6392cfff,2
8b2a8ad4a04bfff,0
8b2a8ac61814fff,3
8b2a8ac61859fff,3
8b2a8ac66235fff,15
8b2a8ac6134bfff,15
8b2a8ac61375fff,15
8b2a8a892ba6fff,0
8b2a8ac66b24fff,15
8b2a8ac62196fff,15
8b2a8ac638e1fff,15
8b2a8ad4bc16fff,2
8b2a8ad48093fff,0
8b2a8ac629a0fff,15
8b2a8ac64b4afff,1
8b2a8ac64b4afff,10
8b2a8ac62125fff,15
8b2a8ac6142afff,15
8b2a8ac63159fff,2
8b2a8ac63159fff,15
8b2a8ac61056fff,15
8b2a8ac60a59fff,5
8b2a8ad48453fff,2
8b2a8ac662f4fff,15
8b2a8ac64d11fff,15
8b2a8ac66746fff,15
8b2a8ac6c955fff,7
8b2a8ac6c955fff,10
8b2a8ad59233fff,15
8b2a8ac6332dfff,15
8b2a8ac654d2fff,5
8b2a8ac66649fff,15
8b2a8a892463fff,0
8b2a8ac66796fff,15
8b2a8ac62255fff,15
8b2a8ad484aefff,2
8b2a8ad5b2dafff,15
8b2a8ac60b84fff,5
8b2a8ad4a52efff,15
8b2a8a892128fff,0
8b2a8ac65525fff,5
8b2a8ac608e8fff,5
8b2a8ac6289efff,15
8b2a8ac60184fff,2
8b2a8ac65b33fff,0
8b2a8ac6205dfff,15
8b2a8ac61704fff,15
8b2a8ac66059fff,15
8b2a8ad48791fff,2
8b2a8ad48791fff,1
8b2a8a893429fff,6
8b2a8ad5925efff,15
8b2a8ac66b8cfff,2
8b2a8ac63050fff,2
8b2a8ac6225afff,15
8b2a8ac60624fff,2
8b2a8a89649bfff,0
8b2a8ac64a0bfff,0
8b2a8ac64a0bfff,1
8b2a8ad4e281fff,15
8b2a8ac65c50fff,4
8b2a8ac65c50fff,5
8b2a8a892932fff,0
8b2a8ac6171dfff,15
8b2a8ac61d69fff,3
8b2a8a8966e8fff,0
8b2a8ad4b733fff,0
8b2a8ac65702fff,5
8b2a8a89369bfff,6
8b2a8a89369bfff,7
8b2a8ac66cc9fff,15
8b2a8ac66cc9fff,9
8b2a8ad4a8d5fff,0
8b2a8ad5b2f1fff,15
8b2a8ac638a4fff,2
8b2a8ac638a4fff,15
8b2a8ac64400fff,15
8b2a8ac64d36fff,15
8b2a8ad4a902fff,15
8b2a8a896596fff,11
8b2a8ad4a558fff,15
8b2a8ac6462dfff,2
8b2a8ac62962fff,15
8b2a8ad4e25dfff,15
8b2a8ac61315fff,15
8b2a8ac6cc66fff,7
8b2a8ac6cc66fff,3
8b2a8ac6cc66fff,15
8b2a8ac662f2fff,15
8b2a8ac63320fff,15
8b2a8ac64803fff,2
8b2a8ac642d5fff,10
8b2a8ac64a34fff,8
8b2a8ad48411fff,2
8b2a8ac6cc31fff,15
8b2a8ac6286bfff,15
8b2a8ac646a2fff,15
8b2a8ac62d68fff,15
8b2a8ac6204dfff,2
8b2a8ac6204dfff,15
8b2a8a893473fff,6
8b2a8ac66185fff,15
8b2a8ac62b4cfff,15
8b2a8ac60366fff,5
8b2a8ac6579cfff,5
8b2a8ad59a1dfff,2
8b2a8ac647abfff,15
8b2a8ac647abfff,2
8b2a8ac65af4fff,1
8b2a8ac65af4fff,2
8b2a8ac65af4fff,0
8b2a8ad486c4fff,2
8b2a8ac65da8fff,1
8b2a8ac65da8fff,10
8b2a8ac60403fff,15
8b2a8a89228afff,7
8b2a8ac6572cfff,5
8b2a8ac6294bfff,15
8b2a8ac61b13fff,3
8b2a8ac61c46fff,3
8b2a8a892d5cfff,0
8b2a8ac62d20fff,15
8b2a8a892adbfff,1
8b2a8ac63840fff,15
8b2a8a892474fff,0
8b2a8ad4e68bfff,15
8b2a8ac62032fff,15
8b2a8ac65d32fff,1
8b2a8ac65d32fff,8
8b2a8ac65d32fff,10
8b2a8ad596cafff,15
8b2a8ac64751fff,2
8b2a8ac60b73fff,5
8b2a8ad59349fff,15
8b2a8ad4bdb2fff,0
8b2a8a89286cfff,0
8b2a8ad4b606fff,0
8b2a8ad486edfff,2
8b2a8ac62b36fff,15
8b2a8ad486d6fff,2
8b2a8a89639afff,0
8b2a8ac60b14fff,5
8b2a8a892888fff,0
8b2a8ac62badfff,15
8b2a8ad5b2f2fff,15
8b2a8ac66340fff,15
8b2a8ac6c74cfff,7
8b2a8ac66c50fff,15
8b2a8ac66c50fff,9
8b2a8ac65a21fff,0
8b2a8ac65195fff,5
8b2a8ac60253fff,15
8b2a8ac6c19cfff,15
8b2a8ac65504fff,5
8b2a8ad4b745fff,0
8b2a8a8966b2fff,0
8b2a8ad4b660fff,0
8b2a8ac63a63fff,15
8b2a8ac61ab6fff,3
8b2a8ac639a8fff,2
8b2a8ac65381fff,2
8b2a8ac65381fff,11
8b2a8ac60043fff,15
8b2a8ac63555fff,15
8b2a8ad4a61afff,15
8b2a8ad4a61afff,2
8b2a8ad4a98efff,15
8b2a8ac64395fff,0
8b2a8ac64846fff,2
8b2a8ac6400dfff,8
8b2a8ac66cd9fff,9
8b2a8a892159fff,11
8b2a8ac64070fff,8
8b2a8ac6530efff,0
8b2a8ac64870fff,2
8b2a8ad4b684fff,0
8b2a8ad4e24bfff,15
8b2a8ac64375fff,0
8b2a8ac6546dfff,5
8b2a8ac60934fff,8
8b2a8ac60934fff,10
8b2a8a8965a5fff,0
8b2a8a89281dfff,0
8b2a8ac668e9fff,15
8b2a8ac65ab5fff,1
8b2a8ac65ab5fff,2
8b2a8ac65ab5fff,4
8b2a8ac6508efff,5
8b2a8ac61798fff,15
8b2a8ad48534fff,15
8b2a8ac63836fff,2
8b2a8a892c65fff,0
8b2a8ac6ca2cfff,6
8b2a8ad4a796fff,2
8b2a8a896688fff,0
8b2a8ac63c81fff,15
8b2a8ad4b174fff,2
8b2a8ad4ac31fff,15
8b2a8ac65991fff,0
8b2a8ac65991fff,1
8b2a8ad480a2fff,0
8b2a8ad4a02dfff,0
8b2a8ac62c5dfff,15
8b2a8ac662c4fff,15
8b2a8a892813fff,0
8b2a8ac64718fff,2
8b2a8ac6cc5efff,15
8b2a8ac642d2fff,10
8b2a8ad4b2d1fff,0
8b2a8ac64242fff,0
8b2a8ac64416fff,15
8b2a8ac6389afff,2
8b2a8ac6389afff,15
8b2a8ac666d3fff,15
8b2a8ad4bcb4fff,1
8b2a8ad4bcb4fff,2
8b2a8ac638b6fff,2
8b2a8ac60726fff,2
8b2a8ac60726fff,11
8b2a8ad4a96afff,2
8b2a8ad4b2ddfff,1
8b2a8a8966b3fff,0
8b2a8ac614b2fff,15
8b2a8a89252afff,0
8b2a8ac660f4fff,15
8b2a8ac62809fff,15
8b2a8ac61862fff,3
8b2a8ac6619efff,15
8b2a8ac63189fff,2
8b2a8ad4aae5fff,0
8b2a8ac6cc93fff,15
8b2a8ac6c394fff,3
8b2a8ad4b19dfff,0
8b2a8ac75b26fff,15
8b2a8ac60730fff,2
8b2a8ac61af2fff,3
8b2a8ac62c1afff,15
8b2a8ac61b88fff,3
8b2a8ac6400efff,8
8b2a8ad4b795fff,1
8b2a8ad4b795fff,10
8b2a8ad4a615fff,15
8b2a8ac6611afff,15
8b2a8ac642b6fff,10
8b2a8ac642b6fff,0
8b2a8ac642b6fff,11
8b2a8a8930f0fff,15
8b2a8ad4b389fff,0
8b2a8ac6caf2fff,10
8b2a8ac6caf2fff,7
8b2a8ad4a676fff,15
8b2a8ac65635fff,5
8b2a8ac66399fff,15
8b2a8a892730fff,3
8b2a8ac644a2fff,15
8b2a8ad4aa2afff,2
8b2a8ad4aa2afff,0
8b2a8ac60685fff,15
8b2a8ad4e254fff,15
8b2a8ac64102fff,15
8b2a8ac64102fff,16
8b2a8ac6282cfff,15
8b2a8ac6105dfff,15
8b2a8ac666d8fff,15
8b2a8ac64d03fff,15
8b2a8ac64d03fff,2
8b2a8a89289cfff,0
8b2a8ac646b2fff,15
8b2a8ad4ad12fff,15
8b2a8ac63181fff,2
8b2a8ac63181fff,15
8b2a8ad59752fff,15
8b2a8a8964a3fff,0
8b2a8ac60ac6fff,5
8b2a8a89206efff,8
8b2a8ac63c51fff,15
8b2a8ad4ada3fff,15
8b2a8ac603a9fff,15
8b2a8ad4a2c3fff,2
8b2a8ac64d98fff,15
8b2a8ad4a2d1fff,2
8b2a8ad4a2d1fff,0
8b2a8ac61aa1fff,3
8b2a8ac64c25fff,2
8b2a8a8930aefff,15
8b2a8a89249cfff,3
8b2a8ac648b0fff,15
8b2a8ac648b0fff,16
8b2a8ac66155fff,15
8b2a8a892c46fff,10
8b2a8ad4b46afff,0
8b2a8ad4b46afff,8
8b2a8ad4b46afff,1
8b2a8ad59a60fff,15
8b2a8ac61484fff,15
8b2a8ac66cb3fff,15
8b2a8ac6381afff,15
8b2a8ac60a64fff,5
8b2a8ac61c41fff,3
8b2a8a893440fff,6
8b2a8ac62ad6fff,15
8b2a8ac66c2dfff,15
8b2a8ad4ad90fff,15
8b2a8ac61cd2fff,15
8b2a8ac63cb0fff,15
8b2a8ac65af5fff,1
8b2a8ac65af5fff,0
8b2a8ac61406fff,15
8b2a8ac614c6fff,15
8b2a8ac63071fff,2
8b2a8ac604a4fff,15
8b2a8ac63db6fff,15
8b2a8ac60accfff,5
8b2a8ad59ac1fff,15
8b2a8ac60229fff,15
8b2a8ad5b768fff,15
8b2a8a892971fff,2
8b2a8ac6535bfff,0
8b2a8ac66a1cfff,15
8b2a8ad5969efff,15
8b2a8ac65ac6fff,1
8b2a8a89659dfff,0
8b2a8ac62d5efff,15
8b2a8ac6285efff,15
8b2a8ac608f2fff,5
8b2a8ac608f2fff,8
8b2a8ac666a1fff,15
8b2a8a892080fff,0
8b2a8ac618a9fff,3
8b2a8a896458fff,0
8b2a8ad4abaefff,2
8b2a8ad4bcf0fff,0
8b2a8ad4bcf0fff,10
8b2a8ac60a05fff,5
8b2a8ad4bd65fff,2
8b2a8ac63b00fff,15
8b2a8ac65b76fff,0
8b2a8ac65234fff,11
8b2a8ac61cebfff,3
8b2a8ac64b6bfff,8
8b2a8ac64b6bfff,1
8b2a8ac64b6bfff,10
8b2a8ad4bc54fff,2
8b2a8ac604c3fff,15
8b2a8ac65312fff,11
8b2a8ac66c8afff,15
8b2a8ad4b268fff,0
8b2a8a896214fff,0
8b2a8ac60c9efff,15
8b2a8ac63c84fff,15
8b2a8ac6580cfff,1
8b2a8ad4a10bfff,0
8b2a8ac6096efff,5
8b2a8ad4b1b6fff,0
8b2a8ac654a3fff,5
8b2a8ac639b1fff,2
8b2a8ad485a3fff,15
8b2a8a892003fff,10
8b2a8ac63560fff,15
8b2a8ac6dd03fff,7
8b2a8ac605a8fff,15
8b2a8ac60d54fff,15
8b2a8a892a06fff,0
8b2a8ad4e2c8fff,15
8b2a8a893796fff,6
8b2a8a892550fff,0
8b2a8ad4e750fff,15
8b2a8a892731fff,3
8b2a8ac66265fff,15
8b2a8ad4a2e1fff,2
8b2a8ad4a2e1fff,9
8b2a8a896388fff,0
8b2a8ac60376fff,5
8b2a8ac60376fff,15
8b2a8ac603a0fff,15
8b2a8ac63d2bfff,2
8b2a8ac6619bfff,15
8b2a8ad4e65bfff,15
8b2a8ad59211fff,15
8b2a8ac610b0fff,15
8b2a8ac602aefff,15
8b2a8ad4e6a9fff,15
8b2a8ac65186fff,4
8b2a8ac65186fff,5
8b2a8ac66452fff,15
8b2a8ac63031fff,2
8b2a8ad4b774fff,2
8b2a8ac63c5cfff,2
8b2a8ac63c5cfff,15
8b2a8a892036fff,10
8b2a8ad5d263fff,15
8b2a8ac60748fff,2
8b2a8ad5905bfff,15
8b2a8ac6305efff,2
8b2a8ac6c818fff,7
8b2a8ac6c818fff,3
8b2a8ad4b66cfff,0
8b2a8a892ca1fff,0
8b2a8a892776fff,3
8b2a8ac660d4fff,15
8b2a8ac64c88fff,15
8b2a8ac66461fff,15
8b2a8ac6064efff,2
8b2a8ac61018fff,15
8b2a8ad4a6d6fff,2
8b2a8ad4a686fff,15
8b2a8ad4a41dfff,15
8b2a8a8962c2fff,2
8b2a8ad4a699fff,15
8b2a8ad59ab5fff,15
8b2a8ac62064fff,2
8b2a8ac6115bfff,3
8b2a8ac6c0d2fff,3
8b2a8ac65061fff,0
8b2a8ac600dcfff,15
8b2a8ac62972fff,15
8b2a8ac62d46fff,15
8b2a8ad4bce2fff,0
8b2a8ac65582fff,5
8b2a8ac6c123fff,15
8b2a8a892373fff,1
8b2a8ac6444cfff,2
8b2a8ac63ae2fff,15
8b2a8ac64c48fff,15
8b2a8ac6584cfff,1
8b2a8ac610e5fff,15
8b2a8ac6cd59fff,3
8b2a8ad4bc01fff,2
8b2a8ac65ab4fff,4
8b2a8ad4b72cfff,2
8b2a8ac646e8fff,15
8b2a8ac6cb4bfff,6
8b2a8a89345bfff,6
8b2a8a893798fff,6
8b2a8ac61d9cfff,5
8b2a8ac63928fff,2
8b2a8ac6216bfff,15
8b2a8ad4b24afff,0
8b2a8ac629b5fff,15
8b2a8ad4a643fff,15
8b2a8ad4868bfff,2
8b2a8ac61980fff,3
8b2a8ac61980fff,5
8b2a8ac64a76fff,1
8b2a8ac65b45fff,0
8b2a8ac6520afff,0
8b2a8ac666c9fff,15
8b2a8ac64775fff,0
8b2a8ac64775fff,2
8b2a8ad48cdbfff,15
8b2a8ad4e22efff,15
8b2a8a892aedfff,1
8b2a8a893529fff,15
8b2a8a892990fff,0
8b2a8ac60092fff,15
8b2a8ac64026fff,2
8b2a8ac645a8fff,15
8b2a8ac6539efff,5
8b2a8ad5906cfff,15
8b2a8ac64c49fff,15
8b2a8ac64c49fff,16
8b2a8ac60ce1fff,15
8b2a8ac66902fff,15
8b2a8a896622fff,0
8b2a8ac658f0fff,14
8b2a8ac6574bfff,5
8b2a8ad4a855fff,15
8b2a8a893612fff,6
8b2a8ad4ad82fff,15
8b2a8ac66b45fff,15
8b2a8ac65914fff,11
8b2a8ac63433fff,15
8b2a8ac6136bfff,15
8b2a8a8934cdfff,6
8b2a8ac62a03fff,15
8b2a8ad480b6fff,0
8b2a8ac610c6fff,15
8b2a8ac6052bfff,15
8b2a8ac63b62fff,15
8b2a8ac64c85fff,15
8b2a8ac64883fff,15
8b2a8ac64883fff,16
8b2a8ad4ac0cfff,15
8b2a8ac64862fff,2
8b2a8ac64d29fff,2
8b2a8ac62192fff,15
8b2a8ac61370fff,15
8b2a8a89250efff,0
8b2a8ac6c1adfff,15
8b2a8ac6620afff,15
8b2a8ac66b60fff,15
8b2a8ac65ccefff,5
8b2a8ac65d19fff,0
8b2a8ac65d19fff,1
8b2a8ac60112fff,13
8b2a8a892d70fff,0
8b2a8ac612b4fff,15
8b2a8ac63a5afff,15
8b2a8ac6ccc8fff,15
8b2a8ac66a2efff,15
8b2a8ac66a2efff,2
8b2a8ac6454afff,2
8b2a8a8923acfff,1
8b2a8a8923acfff,8
8b2a8ac62a1bfff,15
8b2a8ac62163fff,15
8b2a8ac65014fff,4
8b2a8ac664acfff,15
8b2a8ac66443fff,15
8b2a8ac65c0bfff,4
8b2a8ac662e4fff,15
8b2a8ad4a71cfff,15
8b2a8ac62992fff,15
8b2a8ac6cd49fff,3
8b2a8ac66b21fff,15
8b2a8ac631b5fff,15
8b2a8ac66298fff,15
8b2a8ac63b2efff,15
8b2a8ac61313fff,15
8b2a8ac654e0fff,5
8b2a8ad48735fff,0
8b2a8ac60124fff,5
8b2a8ac60124fff,15
8b2a8a89662bfff,0
8b2a8a89229dfff,7
8b2a8a8920d9fff,3
8b2a8ac6004dfff,15
8b2a8ad4b76cfff,0
8b2a8ac61a6bfff,3
8b2a8ac6580afff,1
8b2a8ac61a8afff,3
8b2a8ac60b60fff,5
8b2a8ac6199dfff,3
8b2a8a896618fff,0
8b2a8ac62aa8fff,15
8b2a8ac63865fff,15
8b2a8a8924ebfff,0
8b2a8a8924ebfff,3
8b2a8a893715fff,6
8b2a8a890692fff,1
8b2a8ac635b1fff,15
8b2a8ac65dadfff,1
8b2a8ad48785fff,0
8b2a8ac60cedfff,2
8b2a8ad59328fff,15
8b2a8ad4a171fff,0
8b2a8ad5b223fff,15
8b2a8ad59a45fff,15
8b2a8a892631fff,3
8b2a8ac6170bfff,15
8b2a8ac61d48fff,3
8b2a8ad4a8b0fff,15
8b2a8ac65d76fff,0
8b2a8ac61b72fff,3
8b2a8ac61d35fff,5
8b2a8ac61d8afff,5
8b2a8ad4b994fff,2
8b2a8ac63423fff,15
8b2a8a892481fff,3
8b2a8a8929acfff,0
8b2a8ac6391efff,2
8b2a8ac61785fff,15
8b2a8ac66508fff,15
8b2a8ad4a053fff,0
8b2a8ad4e753fff,15
8b2a8ad4850cfff,15
8b2a8ad4a301fff,0
8b2a8ad4e2c9fff,15
8b2a8ac61ba8fff,3
8b2a8a892496fff,3
8b2a8ac65486fff,5
8b2a8ad4844dfff,0
8b2a8ac6449afff,15
8b2a8ac66736fff,15
8b2a8ac61ad5fff,3
8b2a8ac6039cfff,15
8b2a8ac65282fff,5
8b2a8ac61051fff,15
8b2a8ac64792fff,15
8b2a8ac6385efff,15
8b2a8ad4ab60fff,2
8b2a8ac65016fff,4
8b2a8ac65016fff,5
8b2a8a896303fff,0
8b2a8ad4a415fff,15
8b2a8ad4b355fff,0
8b2a8ac63d1dfff,15
8b2a8ac618f5fff,3
8b2a8ac66344fff,15
8b2a8ad59048fff,15
8b2a8ac61468fff,15
8b2a8ac62d6afff,15
8b2a8ac66b75fff,15
8b2a8ac6522efff,0
8b2a8ac6522efff,3
8b2a8a892d81fff,0
8b2a8a892d81fff,1
8b2a8a892d81fff,7
8b2a8ac6385bfff,15
8b2a8a8925a5fff,0
8b2a8ac6306bfff,15
8b2a8ac60063fff,15
8b2a8a892480fff,3
8b2a8ac60443fff,15
8b2a8a892c95fff,0
8b2a8ac61a33fff,3
8b2a8ac652aafff,3
8b2a8ac652aafff,5
8b2a8ac60886fff,15
8b2a8ac60cb5fff,15
8b2a8ac63194fff,15
8b2a8ad4ab25fff,2
8b2a8ac628c1fff,15
8b2a8ac66b0cfff,15
8b2a8a896223fff,2
8b2a8a896223fff,0
8b2a8ac65b1efff,0
8b2a8ac61cd3fff,15
8b2a8a892cf6fff,13
8b2a8ac60062fff,12
8b2a8ac60062fff,15
8b2a8ad4b6abfff,0
8b2a8a89246bfff,2
8b2a8a89246bfff,0
8b2a8a89246bfff,3
8b2a8ac61c61fff,3
8b2a8ac63826fff,2
8b2a8ac6579bfff,5
8b2a8ac656d5fff,5
8b2a8ac64c42fff,15
8b2a8ac60af6fff,5
8b2a8ad4b668fff,0
8b2a8ac60390fff,15
8b2a8ad590dbfff,15
8b2a8ad4b55afff,8
8b2a8ad4b55afff,10
8b2a8ad4bc0bfff,2
8b2a8ac61111fff,3
8b2a8ac63a0cfff,15
8b2a8a892da3fff,1
8b2a8a892da3fff,0
8b2a8ad5b0ebfff,15
8b2a8ac65aedfff,1
8b2a8ac614a4fff,15
8b2a8ac6101afff,15
8b2a8ac640d1fff,8
8b2a8ad4ab4afff,2
8b2a8ac6669dfff,15
8b2a8a896794fff,0
8b2a8ad592d4fff,15
8b2a8ac6009afff,2
8b2a8ac6009afff,11
8b2a8ac6009afff,15
8b2a8ac6c91cfff,7
8b2a8ac64195fff,15
8b2a8ac610a1fff,15
8b2a8a8962a4fff,0
8b2a8ac65224fff,0
8b2a8ad4a728fff,15
8b2a8ac649a6fff,15
8b2a8ad5da4bfff,15
8b2a8ad4a041fff,0
8b2a8ac601a4fff,13
8b2a8ac601a4fff,15
8b2a8ad4b8d1fff,2
8b2a8ac659a3fff,11
8b2a8ac60d02fff,15
8b2a8ac64101fff,2
8b2a8ac6686afff,15
8b2a8ac64212fff,0
8b2a8ad5b224fff,15
8b2a8ad4b7b4fff,1
8b2a8ad4b7b4fff,10
8b2a8ac60961fff,5
8b2a8ac60961fff,10
8b2a8ac62045fff,2
8b2a8ac62045fff,15
8b2a8ac6356afff,15
8b2a8ad4b72bfff,0
8b2a8ad4b72bfff,2
8b2a8ac613aafff,15
8b2a8ac64850fff,2
8b2a8ac6cb30fff,6
8b2a8ac64519fff,15
8b2a8ac6cc82fff,15
8b2a8a89200efff,10
8b2a8ac64032fff,15
8b2a8ac65968fff,11
8b2a8a896623fff,0
8b2a8ac61badfff,3
8b2a8ad4a721fff,15
8b2a8ac61c23fff,5
8b2a8ac6c820fff,7
8b2a8ac6c820fff,10
8b2a8ac6c022fff,15
8b2a8ac654b3fff,5
8b2a8ac63d18fff,15
8b2a8ac64940fff,2
8b2a8ac6144dfff,15
8b2a8a893719fff,6
8b2a8ac64851fff,2
8b2a8ac60d56fff,15
8b2a8ac66ca8fff,9
8b2a8ad4b44bfff,0
8b2a8ac608b6fff,16
8b2a8ac62322fff,2
8b2a8ac6405dfff,0
8b2a8ad4b455fff,10
8b2a8ac64c03fff,15
8b2a8a8936d1fff,7
8b2a8ac6461efff,2
8b2a8ad4a44dfff,15
8b2a8ac63b8afff,15
8b2a8ad59b5cfff,15
8b2a8ad59b5cfff,2
8b2a8ac6dd36fff,7
8b2a8ad4a999fff,15
8b2a8ac60a8bfff,5
8b2a8ad4a730fff,15
8b2a8ac62031fff,15
8b2a8ac6c023fff,15
8b2a8ad4a7a0fff,15
8b2a8ad59a48fff,15
8b2a8ac63cd3fff,15
8b2a8ad4a690fff,15
8b2a8ac62c0afff,15
8b2a8ad484a0fff,2
8b2a8ac61d43fff,5
8b2a8ac65d6afff,0
8b2a8ac65d6afff,1
8b2a8a8925acfff,0
8b2a8ac60a25fff,5
8b2a8ac6dd35fff,7
8b2a8ac64b1afff,8
8b2a8ad4a75cfff,15
8b2a8a892352fff,0
8b2a8ad4a2c1fff,2
8b2a8ad4bc65fff,2
8b2a8ac6181bfff,3
8b2a8ad4a545fff,15
8b2a8ac65373fff,0
8b2a8ad4e26afff,15
8b2a8ac6080bfff,5
8b2a8ac60d6dfff,16
8b2a8a8966dbfff,0
8b2a8ac62321fff,2
8b2a8ac62321fff,15
8b2a8ac60374fff,5
8b2a8ac6028dfff,15
8b2a8ac6ca76fff,6
8b2a8ac6ca76fff,7
8b2a8ad4b564fff,0
8b2a8ad4b564fff,1
8b2a8a8920b1fff,0
8b2a8a893773fff,6
8b2a8ac65632fff,5
8b2a8ac608f3fff,5
8b2a8ad4b26afff,0
8b2a8ac601b0fff,2
8b2a8ac6479dfff,15
8b2a8ad4e6ecfff,15
8b2a8ad4bc81fff,1
8b2a8ac640f5fff,8
8b2a8ac6199cfff,3
8b2a8ac6286afff,15
8b2a8a892196fff,10
8b2a8ac66b05fff,15
8b2a8ac66308fff,15
8b2a8ac62184fff,15
8b2a8ad4e648fff,15
8b2a8ad4bc28fff,2
8b2a8ad5934bfff,15
8b2a8a893793fff,6
8b2a8a892394fff,13
8b2a8ac6461bfff,15
8b2a8ac6461bfff,2
8b2a8ad4b6cdfff,0
8b2a8a892026fff,10
8b2a8ac6cadafff,10
8b2a8ac6cadafff,7
8b2a8ad5b244fff,15
8b2a8ac61185fff,3
8b2a8a8920f5fff,13
8b2a8a893588fff,6
8b2a8ac64080fff,2
8b2a8a8921a6fff,10
8b2a8ac66888fff,15
8b2a8ad48415fff,2
8b2a8ad4e61cfff,15
8b2a8ac668a6fff,15
8b2a8ac631b4fff,15
8b2a8a892803fff,0
8b2a8ac60264fff,15
8b2a8ac62ce9fff,15
8b2a8ac66c1afff,15
8b2a8ac66c1afff,9
8b2a8ad5b31afff,15
8b2a8ac6482cfff,2
8b2a8a892595fff,0
8b2a8a892595fff,2
8b2a8ac621a6fff,15
8b2a8a89258efff,0
8b2a8ac65d31fff,0
8b2a8ac65d31fff,8
8b2a8ad4b75cfff,0
8b2a8ac60813fff,8
8b2a8ac65cabfff,4
8b2a8ac61a00fff,3
8b2a8ad4ab15fff,2
8b2a8ac60180fff,2
8b2a8ac75b29fff,15
8b2a8ac64226fff,0
8b2a8ac60311fff,15
8b2a8ac62b0bfff,15
8b2a8ac66180fff,15
8b2a8ad59b84fff,15
8b2a8a8934f0fff,6
8b2a8a89221cfff,0
8b2a8ac6cc61fff,15
8b2a8ac60799fff,15
8b2a8ac62a20fff,15
8b2a8ad4b015fff,0
8b2a8a89254cfff,0
8b2a8ac62b5afff,15
8b2a8a89280bfff,0
8b2a8ac64aa1fff,0
8b2a8ac64aa1fff,8
8b2a8ac66652fff,15
8b2a8ad59aaafff,15
8b2a8ad59aaafff,2
8b2a8ac60548fff,15
8b2a8a892db3fff,0
8b2a8a892db3fff,1
8b2a8ac65423fff,5
8b2a8ad5925bfff,15
8b2a8ad484aafff,2
8b2a8ad5b204fff,15
8b2a8ac60bb1fff,5
8b2a8ac640c9fff,0
8b2a8ac6091cfff,8
8b2a8ad4b295fff,0
8b2a8ad4e6dcfff,15
8b2a8ac61a23fff,3
8b2a8a892a68fff,1
8b2a8ac6c800fff,7
8b2a8ac6c800fff,11
8b2a8ad4a523fff,15
8b2a8ac645b2fff,15
8b2a8ac62adefff,15
8b2a8ad4e6f1fff,15
8b2a8a892d51fff,0
8b2a8ac628ddfff,15
8b2a8ac602b1fff,15
8b2a8ad4b899fff,2
8b2a8ad4b980fff,2
8b2a8ad48575fff,15
8b2a8ac61800fff,3
8b2a8a89228efff,7
8b2a8a89228efff,10
8b2a8ac668d9fff,15
8b2a8ac65aa6fff,1
8b2a8ac65aa6fff,0
8b2a8ac65aa6fff,4
8b2a8a89341dfff,6
8b2a8ad4a4d3fff,2
8b2a8ac65484fff,5
8b2a8a89301afff,15
8b2a8a896253fff,2
8b2a8a8928f2fff,0
8b2a8ac65ac1fff,1
8b2a8ac61ca5fff,5
8b2a8ac6008dfff,11
8b2a8ac65132fff,4
8b2a8ac65132fff,5
8b2a8ac6562cfff,5
8b2a8ac64c04fff,2
8b2a8ac61b71fff,3
8b2a8ad59391fff,15
8b2a8ac6139efff,15
8b2a8a89660bfff,0
8b2a8a8929b5fff,0
8b2a8ad4a770fff,15
8b2a8ad4a991fff,15
8b2a8ac66769fff,15
8b2a8ac66c5bfff,15
8b2a8a892d68fff,0
8b2a8a893655fff,15
8b2a8ac66976fff,15
8b2a8ad59a1efff,15
8b2a8ad59a1efff,2
8b2a8ac60a4bfff,5
8b2a8ad4b12efff,2
8b2a8ad4a284fff,0
8b2a8a892c41fff,10
8b2a8ad59200fff,15
8b2a8ad59682fff,15
8b2a8ac6cc6dfff,15
8b2a8ac6110dfff,3
8b2a8ac63868fff,15
8b2a8ac64aebfff,1
8b2a8ac65c74fff,4
8b2a8ac65c74fff,1
8b2a8ac66570fff,15
8b2a8ac66570fff,9
8b2a8a893089fff,15
8b2a8a8920cefff,13
8b2a8ac6295efff,15
8b2a8ac6315cfff,2
8b2a8ac6315cfff,15
8b2a8ac64cdcfff,15
8b2a8ac64642fff,8
8b2a8ac6559afff,5
8b2a8ac61b00fff,3
8b2a8a89240dfff,0
8b2a8a892a88fff,8
8b2a8a892a88fff,0
8b2a8ac666cafff,15
8b2a8ac6cc94fff,15
8b2a8ad4acb1fff,15
8b2a8ac6c1b1fff,15
8b2a8ac6235dfff,15
8b2a8ad592a1fff,15
8b2a8ac66286fff,15
8b2a8ac64ae4fff,0
8b2a8ac6ca8cfff,10
8b2a8ac6ca8cfff,7
8b2a8ac63076fff,2
8b2a8ad4b2cbfff,1
8b2a8ad4b2cbfff,11
8b2a8a8928b4fff,0
8b2a8ad4a680fff,15
8b2a8ad4ad02fff,15
8b2a8ad4b091fff,0
8b2a8ac61758fff,15
8b2a8ac61d20fff,5
8b2a8ac6cac9fff,7
8b2a8ac6c771fff,3
8b2a8ac6c771fff,7
8b2a8a892b8bfff,0
8b2a8ad4809cfff,0
8b2a8ac6652dfff,9
8b2a8ac64762fff,0
8b2a8ac64762fff,2
8b2a8ac66b72fff,15
8b2a8ad4aa74fff,2
8b2a8ac60af5fff,5
8b2a8ac66ae2fff,15
8b2a8ac638e4fff,15
8b2a8ad4a78cfff,15
8b2a8ad59b29fff,2
8b2a8ac6680cfff,15
8b2a8ac66d41fff,15
8b2a8ac654c2fff,5
8b2a8ac61ae2fff,3
8b2a8ac6615afff,15
8b2a8ac6090cfff,8
8b2a8ac6090cfff,10
8b2a8ac6651afff,15
8b2a8ad48682fff,1
8b2a8ac610e4fff,15
8b2a8ac65042fff,11
8b2a8ac65042fff,14
8b2a8a892722fff,3
8b2a8ad4b68efff,0
8b2a8ad4b68efff,8
8b2a8ac62a36fff,15
8b2a8ac61408fff,15
8b2a8a892c18fff,13
8b2a8a892c18fff,10
8b2a8ac64113fff,15
8b2a8ac64506fff,15
8b2a8ad4b6eefff,0
8b2a8ad4a618fff,15
8b2a8ad4bc31fff,2
8b2a8ad5b226fff,15
8b2a8ad59aacfff,2
8b2a8ac64684fff,15
8b2a8ac63b89fff,15
8b2a8ac65896fff,1
8b2a8a892166fff,1
8b2a8a892180fff,10
8b2a8ac662c8fff,15
8b2a8ad59270fff,15
8b2a8ad4bc63fff,2
8b2a8ac65605fff,5
8b2a8ac75b73fff,15
8b2a8ac63b1dfff,15
8b2a8ac6210cfff,15
8b2a8ac62812fff,15
8b2a8ac6c835fff,7
8b2a8ac6c835fff,11
8b2a8ac65b31fff,1
8b2a8ac65b31fff,0
8b2a8ad4b289fff,0
8b2a8ac6ca6cfff,6
8b2a8ac60c6afff,15
8b2a8ac640b1fff,2
8b2a8ac613a9fff,15
8b2a8ac62248fff,15
8b2a8ac655b0fff,0
8b2a8ac618cefff,3
8b2a8ad4b545fff,0
8b2a8ad4b545fff,1
8b2a8ac6ccc1fff,15
8b2a8ac66d74fff,15
8b2a8ac6c176fff,15
8b2a8ac64273fff,0
8b2a8ad4e6defff,15
8b2a8ad4a62cfff,15
8b2a8ac61921fff,3
8b2a8ac61921fff,5
8b2a8ad4e263fff,15
8b2a8a89206cfff,8
8b2a8ac65a9cfff,0
8b2a8ac6dd0efff,7
8b2a8ac63156fff,2
8b2a8ac63156fff,15
8b2a8ad484acfff,2
8b2a8a892514fff,0
8b2a8ac62b76fff,15
8b2a8ac66718fff,15
8b2a8ac6521dfff,0
8b2a8ac6521dfff,3
8b2a8ad59275fff,15
8b2a8ad48686fff,1
8b2a8ac64b1cfff,8
8b2a8ac6292efff,15
8b2a8ad4b71dfff,0
8b2a8ad5964dfff,15
8b2a8ac63322fff,15
8b2a8ac65baafff,2
8b2a8ac65baafff,0
8b2a8ac63d4efff,2
8b2a8ac64b12fff,8
8b2a8ac6cd88fff,15
8b2a8ad4bd61fff,2
8b2a8ac61b24fff,3
8b2a8ad596a3fff,15
8b2a8ac65adcfff,0
8b2a8a892c6bfff,10
8b2a8a892c6bfff,0
8b2a8ac6162afff,15
8b2a8a893626fff,6
8b2a8ad4b308fff,0
8b2a8ac60476fff,15
8b2a8ad5929bfff,15
8b2a8ac60592fff,15
8b2a8ac66b95fff,15
8b2a8ac63331fff,15
8b2a8ac65ad5fff,0
8b2a8ac65ad5fff,1
8b2a8ac66c9afff,15
8b2a8a8926f3fff,2
8b2a8a8926f3fff,3
8b2a8ad4aa82fff,0
8b2a8a8924b0fff,3
8b2a8ac65023fff,14
8b2a8ac66396fff,15
8b2a8ad59232fff,15
8b2a8ac660e0fff,15
8b2a8ac654c9fff,5
8b2a8a8937abfff,6
8b2a8ac7592dfff,15
8b2a8ac65d74fff,0
8b2a8ac66a99fff,15
8b2a8ac62ab4fff,15
8b2a8ad4b41efff,2
8b2a8ac66aacfff,15
8b2a8ac66aacfff,2
8b2a8ac646f6fff,15
8b2a8ad4b7a3fff,0
8b2a8ac6cad1fff,10
8b2a8ac6cad1fff,7
8b2a8ac61795fff,15
8b2a8a89301efff,15
8b2a8ac65399fff,5
8b2a8ac668e4fff,15
8b2a8a8928abfff,0
8b2a8ac63d95fff,15
8b2a8ad59b42fff,2
8b2a8ac64294fff,10
8b2a8ac618adfff,3
8b2a8ac63cdefff,15
8b2a8ac63935fff,2
8b2a8ac63d88fff,15
8b2a8ac6092afff,10
8b2a8ac600c0fff,15
8b2a8ac6631dfff,15
8b2a8ac65169fff,4
8b2a8ad59a83fff,15
8b2a8ac62a4bfff,15
8b2a8ac618e6fff,3
8b2a8ad4b6f2fff,0
8b2a8ac64d55fff,2
8b2a8ac61354fff,15
8b2a8a893db2fff,1
8b2a8a8920e5fff,13
8b2a8a8920e5fff,10
8b2a8ad596d4fff,15
8b2a8ac619a4fff,5
8b2a8ad4b8b3fff,2
8b2a8ac66302fff,15
8b2a8ad4b6dafff,0
8b2a8ac6cd6dfff,3
8b2a8ac64b25fff,8
8b2a8ac64b25fff,2
8b2a8ad4b490fff,2
8b2a8ac62313fff,15
8b2a8ad4ab51fff,2
8b2a8ac65292fff,5
8b2a8ac66c74fff,15
8b2a8ac60594fff,15
8b2a8ac60270fff,15
8b2a8ad59234fff,15
8b2a8a892751fff,3
8b2a8ad485aefff,15
8b2a8ac61d6cfff,5
8b2a8ad59a9dfff,15
8b2a8ac6cd1cfff,3
8b2a8ac65cedfff,5
8b2a8ad4b010fff,0
8b2a8ad4aa86fff,0
8b2a8ac641a9fff,15
8b2a8ac6542cfff,5
8b2a8ad59329fff,15
8b2a8ac638abfff,15
8b2a8ac658b2fff,1
8b2a8ac63c28fff,15
8b2a8ad4879bfff,1
8b2a8ac6441dfff,15
8b2a8ac645b3fff,15
8b2a8ad4b75afff,0
8b2a8ac63cc9fff,15
8b2a8ad4a40dfff,15
8b2a8ac61b5cfff,3
8b2a8ad4ac54fff,15
8b2a8ac6086efff,5
8b2a8ac62989fff,15
8b2a8ad4b3aefff,0
8b2a8ac63ae0fff,15
8b2a8ac6c92dfff,2
8b2a8ac6c92dfff,10
8b2a8ac6c90dfff,10
8b2a8ac6356dfff,15
8b2a8ad5b769fff,15
8b2a8ac6c92bfff,10
8b2a8ad4b6c0fff,0
8b2a8ac6042bfff,15
8b2a8ad4a986fff,15
8b2a8a892998fff,0
8b2a8ac63515fff,15
8b2a8ac64262fff,0
8b2a8a896213fff,2
8b2a8a896213fff,0
8b2a8a8929a6fff,0
8b2a8ad5b34bfff,15
8b2a8ac6561afff,5
8b2a8ac61989fff,3
8b2a8ac65ba4fff,2
8b2a8ac6400bfff,8
8b2a8a892331fff,8
8b2a8ac61503fff,15
8b2a8ad4a1a8fff,15
8b2a8ac6c380fff,3
8b2a8a8964e2fff,0
8b2a8a892515fff,0
8b2a8ad59a36fff,15
8b2a8ad59a36fff,2
8b2a8ac61304fff,15
8b2a8ac60d73fff,15
8b2a8ac61899fff,3
8b2a8ad4b4d6fff,8
8b2a8ad4b4d6fff,2
8b2a8ad4ad03fff,15
8b2a8a892010fff,10
8b2a8ac61cf3fff,5
8b2a8ac61cf3fff,15
8b2a8ac60ae6fff,5
8b2a8ad593a2fff,15
8b2a8ad4aa55fff,2
8b2a8ad4aa55fff,1
8b2a8ad4b240fff,0
8b2a8ac64c2dfff,2
8b2a8a893430fff,6
8b2a8ad4a2f4fff,0
8b2a8ad4a926fff,15
8b2a8ac66516fff,15
8b2a8ac66529fff,15
8b2a8ac66529fff,9
8b2a8ad4a084fff,15
8b2a8ac616a8fff,15
8b2a8ad4bdb6fff,0
8b2a8ad4e211fff,15
8b2a8ad4a8dafff,0
8b2a8ac64681fff,15
8b2a8ac638a2fff,2
8b2a8ac638a2fff,15
8b2a8ac64ba9fff,8
8b2a8ac669b5fff,15
8b2a8a89069cfff,1
8b2a8ac62199fff,15
8b2a8ac6c199fff,15
8b2a8ac6644dfff,15
8b2a8ac64389fff,0
8b2a8ac64769fff,0
8b2a8ac63174fff,15
8b2a8ac66674fff,15
8b2a8ad4a625fff,15
8b2a8ac6204cfff,2
8b2a8ac6204cfff,15
8b2a8ad48570fff,15
8b2a8a892808fff,0
8b2a8a892635fff,3
8b2a8ac66563fff,9
8b2a8a89358afff,6
8b2a8ad4bc12fff,2
8b2a8ac64150fff,10
8b2a8ac64150fff,8
8b2a8ac64150fff,2
8b2a8ac638a8fff,15
8b2a8ac6641dfff,15
8b2a8ac63d6dfff,2
8b2a8ac64873fff,2
8b2a8ac60ad5fff,5
8b2a8ac60da5fff,15
8b2a8a892308fff,0
8b2a8a892308fff,1
8b2a8ac62981fff,15
8b2a8ac6caf6fff,10
8b2a8ac6caf6fff,7
8b2a8ac604f0fff,15
8b2a8ac60d66fff,15
8b2a8ac6435bfff,0
8b2a8ac60136fff,15
8b2a8ac66cb2fff,15
8b2a8ac66451fff,15
8b2a8ad48436fff,2
8b2a8ad48436fff,15
8b2a8ac64dadfff,15
8b2a8ad5928afff,15
8b2a8ac63c96fff,15
8b2a8ac62b6bfff,15
8b2a8ac6dda3fff,7
8b2a8ac63acefff,15
8b2a8ac6cd85fff,3
8b2a8ac6cd85fff,15
8b2a8ac62801fff,15
8b2a8a89664dfff,0
8b2a8ac6591efff,11
8b2a8ac6591efff,0
8b2a8ac6502afff,14
8b2a8a89268afff,3
8b2a8a8963acfff,0
8b2a8ad4e292fff,15
8b2a8ac63d26fff,2
8b2a8ac63d26fff,15
8b2a8ac62100fff,15
8b2a8ac60152fff,12
8b2a8ac60152fff,15
8b2a8ad4a181fff,15
8b2a8ac60ce2fff,15
8b2a8ac6284efff,15
8b2a8a892315fff,8
8b2a8a8936a2fff,6
8b2a8ad4b59dfff,2
8b2a8ad4e2f2fff,15
8b2a8ac658a0fff,11
8b2a8ac658a0fff,1
8b2a8ac656c1fff,5
8b2a8ac60212fff,15
8b2a8ad4a38afff,0
8b2a8ad5b34dfff,15
8b2a8ac63949fff,15
8b2a8ac63152fff,2
8b2a8ac611b2fff,3
8b2a8ac611b2fff,15
8b2a8ac63932fff,2
8b2a8a896d92fff,8
8b2a8ac65018fff,5
8b2a8ac62aa4fff,15
8b2a8ac63196fff,15
8b2a8a892506fff,0
8b2a8ac6066dfff,2
8b2a8ac618f1fff,3
8b2a8ac66128fff,15
8b2a8ac64a1dfff,0
8b2a8ac64274fff,0
8b2a8ac6630cfff,15
8b2a8ac65ac3fff,0
8b2a8ac65ac3fff,1
8b2a8ac63589fff,15
8b2a8ac6cd55fff,3
8b2a8ac6ca70fff,6
8b2a8ac6ca70fff,7
8b2a8ac6079efff,15
8b2a8ac64036fff,15
8b2a8ac602a1fff,15
8b2a8ac61328fff,15
8b2a8ac65266fff,0
8b2a8ad4b36afff,0
8b2a8ad4b36afff,8
8b2a8ac60294fff,2
8b2a8ac61074fff,3
8b2a8ac61074fff,15
8b2a8a892770fff,3
8b2a8ac60521fff,15
8b2a8ac66200fff,15
8b2a8ac6689cfff,15
8b2a8ac75b2efff,15
8b2a8ad4e74dfff,15
8b2a8a892956fff,2
8b2a8a892956fff,0
8b2a8ac669abfff,15
8b2a8ac6382afff,15
8b2a8ac63caafff,15
8b2a8ad48514fff,15
8b2a8a8928d9fff,1
8b2a8ad596ebfff,15
8b2a8ac6658bfff,15
8b2a8ac62d72fff,15
8b2a8ac6045cfff,15
8b2a8ad4a336fff,0
8b2a8ac641a0fff,15
8b2a8a892c1dfff,10
8b2a8ac63c0cfff,15
8b2a8a892912fff,0
8b2a8ac60751fff,2
8b2a8ad4a221fff,0
8b2a8ac75b0dfff,15
8b2a8ac64920fff,0
8b2a8ad5b2aafff,15
8b2a8ac61741fff,15
8b2a8a8966c2fff,0
8b2a8ad4ab4cfff,2
8b2a8a8966d9fff,0
8b2a8ac65589fff,5
8b2a8ac60694fff,15
8b2a8ad59690fff,15
8b2a8ac6019efff,2
8b2a8a892951fff,2
8b2a8ac6512cfff,7
8b2a8ac6512cfff,4
8b2a8ad4accdfff,15
8b2a8ac60186fff,2
8b2a8ac6494cfff,2
8b2a8ad4b228fff,0
8b2a8ac62982fff,15
8b2a8ac60a92fff,5
8b2a8ac6501dfff,14
8b2a8ac6501dfff,5
8b2a8ac62b51fff,15
8b2a8a892051fff,1
8b2a8a892051fff,10
8b2a8a892051fff,11
8b2a8ac652adfff,3
8b2a8ac6c0aefff,15
8b2a8ac6010afff,15
8b2a8ac61ab0fff,3
8b2a8ac66803fff,15
8b2a8ad4a102fff,15
8b2a8ad4a102fff,0
8b2a8ac63992fff,2
8b2a8ac60a6bfff,5
8b2a8ac660cdfff,15
8b2a8ac65cadfff,4
8b2a8ac6ed36fff,15
8b2a8ad4b981fff,2
8b2a8ad4e2a9fff,15
8b2a8ac60bb6fff,5
8b2a8ac62d22fff,15
8b2a8ac6c395fff,3
8b2a8ac661a8fff,15
8b2a8ac62c69fff,15
8b2a8a8927b1fff,3
8b2a8ac664f4fff,15
8b2a8ac66d4afff,15
8b2a8ad4a0c0fff,15
8b2a8ad4a0c0fff,0
8b2a8ad4a466fff,15
8b2a8ac66306fff,15
8b2a8ac60cc9fff,2
8b2a8ac60c45fff,15
8b2a8ad5b743fff,15
8b2a8a892851fff,0
8b2a8ad4bd18fff,2
8b2a8ac61d06fff,5
8b2a8ac662c6fff,15
8b2a8ad596e8fff,15
8b2a8ac657abfff,5
8b2a8ac65858fff,2
8b2a8ac65858fff,11
8b2a8ac65ac4fff,1
8b2a8ac60353fff,15
8b2a8ac62ac1fff,15
8b2a8ac75b40fff,15
8b2a8ac62895fff,15
8b2a8a892da8fff,1
8b2a8a892d32fff,0
8b2a8ac6c031fff,15
8b2a8ac6454bfff,2
8b2a8ac66054fff,15
8b2a8a89270efff,3
8b2a8ac6230afff,15
8b2a8ac6064afff,2
8b2a8ac65ba2fff,2
8b2a8ac6410bfff,8
8b2a8ac6410bfff,2
8b2a8ad4b296fff,0
8b2a8ad4a113fff,15
8b2a8ac61100fff,3
8b2a8a892459fff,0
8b2a8a892459fff,3
8b2a8ac6172afff,15
8b2a8ac64634fff,2
8b2a8ad59a51fff,15
8b2a8ac61125fff,3
8b2a8ac60103fff,15
8b2a8ad4a8a1fff,15
8b2a8ac6cad0fff,10
8b2a8ac65894fff,1
8b2a8ac650d3fff,5
8b2a8ac6688dfff,15
8b2a8a892490fff,3
8b2a8ac63d5bfff,2
8b2a8ad4a70efff,15
8b2a8ac61ae3fff,3
8b2a8ac64d13fff,15
8b2a8ac64d84fff,15
8b2a8ad4a811fff,15
8b2a8ac61835fff,3
8b2a8ac6232efff,15
8b2a8ad4bd25fff,2
8b2a8ac600f6fff,11
8b2a8ac61180fff,3
8b2a8ac61180fff,15
8b2a8ad4b044fff,0
8b2a8a8921a3fff,10
8b2a8ac60266fff,15
8b2a8ac6c192fff,15
8b2a8ac628c3fff,15
8b2a8ac6cce4fff,15
8b2a8ad4e66efff,15
8b2a8ac659a4fff,11
8b2a8ac61a54fff,3
8b2a8ac63aa0fff,15
8b2a8ad4bcf1fff,0
8b2a8ad4bcf1fff,10
8b2a8ac66a6efff,15
8b2a8ac61da3fff,5
8b2a8ac6616afff,15
8b2a8ac619a2fff,5
8b2a8ad4ad14fff,15
8b2a8ac64164fff,11
8b2a8ac64164fff,2
8b2a8ac64436fff,15
8b2a8ac65cc3fff,5
8b2a8a89348afff,6
8b2a8ad5bb5bfff,15
8b2a8ac66383fff,15
8b2a8ad4b334fff,0
8b2a8ac65d2dfff,0
8b2a8ac665a1fff,15
8b2a8ad4bd01fff,2
8b2a8ac60d69fff,16
8b2a8ad59263fff,15
8b2a8a89061dfff,1
8b2a8ac6318dfff,2
8b2a8ac6146afff,15
8b2a8ac66b61fff,15
8b2a8ac63da8fff,15
8b2a8ac6c8f1fff,3
8b2a8ac6ccf1fff,15
8b2a8ad4b640fff,0
8b2a8ac65981fff,11
8b2a8ac61c8afff,15
8b2a8ad4879efff,1
8b2a8a892c35fff,1
8b2a8a892c35fff,10
8b2a8ac6420cfff,0
8b2a8ac64b10fff,8
8b2a8a89642afff,0
8b2a8ac6408dfff,2
8b2a8ad4ac94fff,15
8b2a8ad4b8d0fff,2
8b2a8ad4a15cfff,0
8b2a8ac63b75fff,15
8b2a8ad4a091fff,15
8b2a8ac6560cfff,5
8b2a8ac63cd1fff,15
8b2a8ac63908fff,2
8b2a8ac6c010fff,15
8b2a8ac66d18fff,15
8b2a8ac66699fff,15
8b2a8ad4a729fff,15
8b2a8ac6455dfff,2
8b2a8ad4818afff,0
8b2a8ac655b1fff,0
8b2a8ad4a865fff,2
8b2a8ac63a8bfff,15
8b2a8ac6c0b4fff,15
8b2a8ac666a4fff,15
8b2a8ac602eafff,15
8b2a8ac65b6cfff,0
8b2a8a8924c3fff,3
8b2a8a8964d8fff,0
8b2a8ac6480bfff,2
8b2a8ad4b8d8fff,2
8b2a8a89659bfff,0
8b2a8a892831fff,0
8b2a8ac62b33fff,15
8b2a8a893729fff,6
8b2a8ac658ccfff,1
8b2a8ac64565fff,2
8b2a8a893412fff,6
8b2a8ac609a1fff,8
8b2a8a896590fff,11
8b2a8a892aeafff,1
8b2a8ac6cb03fff,6
8b2a8ac648a0fff,15
8b2a8ac648a0fff,0
8b2a8ac6552bfff,5
8b2a8ac656f6fff,5
8b2a8ac65335fff,0
8b2a8ac66214fff,15
8b2a8ac65d86fff,2
8b2a8ac65d86fff,10
8b2a8a893445fff,6
8b2a8ad59aeefff,15
8b2a8a8926c6fff,2
8b2a8a8926c6fff,3
8b2a8a892d0afff,0
8b2a8ad5b2c9fff,15
8b2a8ac6ccebfff,15
8b2a8ac6cd31fff,3
8b2a8ac654dcfff,5
8b2a8ac665a2fff,15
8b2a8ac63a89fff,15
8b2a8ac63b18fff,15
8b2a8ac6542afff,5
8b2a8ad4b674fff,0
8b2a8ac6064dfff,2
8b2a8ac61431fff,15
8b2a8ac618dafff,3
8b2a8ac66910fff,15
8b2a8ac63522fff,15
8b2a8ac662dafff,15
8b2a8ac60952fff,5
8b2a8ac65d42fff,0
8b2a8ac65d42fff,1
8b2a8ac620b6fff,15
8b2a8ac66adcfff,15
8b2a8ac6668afff,15
8b2a8ac648dafff,2
8b2a8ac648eafff,2
8b2a8ac65b5afff,0
8b2a8a89244bfff,3
8b2a8ac666a6fff,15
8b2a8ac64790fff,15
8b2a8ac63ae8fff,15
8b2a8ac60c6dfff,15
8b2a8ac60153fff,12
8b2a8ac60153fff,15
8b2a8ad4a4c0fff,2
8b2a8ac63164fff,15
8b2a8ac651b5fff,5
8b2a8ac61148fff,3
8b2a8ac64bb2fff,2
8b2a8ad4a849fff,2
8b2a8ac668cafff,15
8b2a8ac61d73fff,5
8b2a8a8962a2fff,0
8b2a8ac65200fff,3
8b2a8ac61cf5fff,5
8b2a8ad485a8fff,15
8b2a8a8922b3fff,3
8b2a8ac60802fff,8
8b2a8ac6045efff,15
8b2a8ad4b0e2fff,2
8b2a8ac66d2cfff,15
8b2a8ac629b6fff,15
8b2a8a892766fff,3
8b2a8ad5974bfff,15
8b2a8ad59adcfff,15
8b2a8ac64cd8fff,15
8b2a8ac64cd8fff,2
8b2a8ad592aafff,15
8b2a8a89212cfff,0
8b2a8ac661b0fff,15
8b2a8ac66095fff,15
8b2a8ad4e2ebfff,15
8b2a8ac60b98fff,5
8b2a8ac6c090fff,15
8b2a8ad59756fff,15
8b2a8ac62cc2fff,15
8b2a8ac63024fff,2
8b2a8ac628d9fff,15
8b2a8ac62d74fff,15
8b2a8ac64ca5fff,15
8b2a8ac66540fff,15
8b2a8ac66540fff,9
8b2a8ac6215cfff,2
8b2a8ac6215cfff,15
8b2a8ac610dbfff,15
8b2a8ac605b4fff,15
8b2a8ad4b033fff,0
8b2a8ac610a4fff,15
8b2a8ac64671fff,8
8b2a8ac662eefff,15
8b2a8ac62361fff,15
8b2a8ac60cd6fff,15
8b2a8ac6301dfff,2
8b2a8ac6492bfff,0
8b2a8ac652ecfff,0
8b2a8ac652ecfff,2
8b2a8ad4a411fff,15
8b2a8ac63a9efff,15
8b2a8ac652c1fff,2
8b2a8ac60b02fff,5
8b2a8ac64566fff,2
8b2a8ad4ac53fff,15
8b2a8a892366fff,1
8b2a8ac6029bfff,2
8b2a8ac63b2dfff,15
8b2a8a892c20fff,1
8b2a8a892c20fff,0
8b2a8ac611b5fff,3
8b2a8ac640d9fff,0
8b2a8ac65943fff,1
8b2a8ac65943fff,11
8b2a8ad4a793fff,15
8b2a8ad4a793fff,2
8b2a8ac66b01fff,15
8b2a8ac6652efff,15
8b2a8ac6652efff,9
8b2a8ac65085fff,5
8b2a8ac64660fff,10
8b2a8ac64660fff,2
8b2a8ad4b993fff,2
8b2a8ac64741fff,2
8b2a8a893789fff,6
8b2a8a89651efff,0
8b2a8ac61309fff,15
8b2a8ac65440fff,5
8b2a8ad4b31efff,0
8b2a8ac63304fff,15
8b2a8ac66af2fff,15
8b2a8a892db6fff,1
8b2a8ac63ce4fff,15
8b2a8ad4b2d4fff,0
8b2a8a8934d1fff,6
8b2a8ad4b3a8fff,0
8b2a8a892c5dfff,10
8b2a8ac616f5fff,15
8b2a8ac61793fff,15
8b2a8ad4a0e0fff,0
8b2a8ac62ad1fff,15
8b2a8ad4b52efff,3
8b2a8ad59b1efff,15
8b2a8ad59b1efff,2
8b2a8ad4a873fff,15
8b2a8ad48794fff,2
8b2a8ac613a1fff,15
8b2a8ac62803fff,15
8b2a8ac608e3fff,5
8b2a8ad4ab36fff,2
8b2a8a8964abfff,0
8b2a8ad4a624fff,15
8b2a8ac64b81fff,8
8b2a8ac64b81fff,2
8b2a8ac645a0fff,15
8b2a8a8964a6fff,0
8b2a8ad4879dfff,1
8b2a8a892622fff,3
8b2a8a896491fff,0
8b2a8ac60495fff,15
8b2a8ac66acbfff,15
8b2a8a892880fff,0
8b2a8ac66023fff,15
8b2a8ac6039efff,15
8b2a8ac6612afff,15
8b2a8ac6168dfff,15
8b2a8ac6450dfff,15
8b2a8ad59b31fff,2
8b2a8ac66a4afff,15
8b2a8ad5932bfff,15
8b2a8ac65b20fff,0
8b2a8ac64799fff,15
8b2a8ac61532fff,15
8b2a8ac6cad6fff,10
8b2a8ad486d0fff,2
8b2a8ac616a1fff,15
8b2a8ac63809fff,15
8b2a8ac62116fff,15
8b2a8ac6c05bfff,3
8b2a8ad59ba3fff,15
8b2a8ac654e3fff,5
8b2a8ac61710fff,15
8b2a8ac6392afff,2
8b2a8ac60200fff,15
8b2a8ac65cc5fff,5
8b2a8ac65a36fff,0
8b2a8ac6099efff,16
8b2a8ac6c150fff,15
8b2a8ac6028efff,2
8b2a8ac6028efff,15
8b2a8ac65269fff,0
8b2a8ac62121fff,15
8b2a8ac600d9fff,15
8b2a8ac60d23fff,15
8b2a8ac65d09fff,0
8b2a8a892700fff,3
8b2a8ac60805fff,5
8b2a8ac60805fff,8
8b2a8ac61dabfff,5
8b2a8a896615fff,0
8b2a8ac602a9fff,15
8b2a8ad4ac9efff,15
8b2a8a8962ebfff,2
8b2a8a892d55fff,0
8b2a8ac6511bfff,4
8b2a8ac65835fff,11
8b2a8ac65835fff,0
8b2a8ac66a1dfff,15
8b2a8ac640dbfff,0
8b2a8ac640dbfff,2
8b2a8ac6490bfff,2
8b2a8ad4bcc8fff,0
8b2a8ad4a452fff,15
8b2a8ad4ac9cfff,15
8b2a8ac6c0ccfff,3
8b2a8ac64cc1fff,15
8b2a8a8920e3fff,13
8b2a8ad4b2a1fff,0
8b2a8ad4b2a1fff,1
8b2a8ac647a0fff,2
8b2a8ad5961bfff,15
8b2a8ac6dd2afff,7
8b2a8a892092fff,0
8b2a8ac64cacfff,15
8b2a8a8964a2fff,0
8b2a8ad5b2a2fff,15
8b2a8ad5b0c9fff,15
8b2a8ac6cd75fff,3
8b2a8ac6280cfff,15
8b2a8ad4e2ddfff,15
8b2a8ac62a31fff,15
8b2a8ad4a432fff,15
8b2a8ac63c90fff,15
8b2a8ac6cc76fff,15
8b2a8ac65d9cfff,8
8b2a8ac65d9cfff,2
8b2a8ac65d9cfff,10
8b2a8ac621a5fff,15
8b2a8ac60204fff,15
8b2a8ac64a20fff,3
8b2a8ac64a20fff,8
8b2a8ac65a18fff,0
8b2a8ad59248fff,15
8b2a8ad59b70fff,2
8b2a8a89221dfff,0
8b2a8ac65561fff,5
8b2a8a892113fff,10
8b2a8a8922c0fff,2
8b2a8a8922c0fff,0
8b2a8ad4a792fff,2
8b2a8ac64b41fff,1
8b2a8ac64b41fff,3
8b2a8ac64b41fff,10
8b2a8ac60775fff,15
8b2a8ac66940fff,15
8b2a8ac61044fff,15
8b2a8ac65b95fff,2
8b2a8ac65b95fff,4
8b2a8ac66885fff,15
8b2a8ac61726fff,15
8b2a8ac65832fff,11
8b2a8ad4bd23fff,2
8b2a8ad4b6d4fff,0
8b2a8ac618d0fff,3
8b2a8ad4b390fff,0
8b2a8ac6302dfff,2
8b2a8ad4b42efff,10
8b2a8ad4e6cbfff,15
8b2a8ad4a744fff,15
8b2a8ad4a744fff,0
8b2a8ac66593fff,15
8b2a8ac65054fff,14
8b2a8ad4a798fff,15
8b2a8ac65a5cfff,1
8b2a8ac64568fff,2
8b2a8ac66aaefff,15
8b2a8ac66aaefff,2
8b2a8ac65c10fff,4
8b2a8ac65c10fff,10
8b2a8ac66b56fff,15
8b2a8ac66b56fff,2
8b2a8ad4b2dcfff,1
8b2a8ad4b2dcfff,0
8b2a8ac64544fff,2
8b2a8ad59242fff,15
8b2a8ac610f0fff,15
8b2a8a896319fff,0
8b2a8ad4a520fff,15
8b2a8a8920d6fff,3
8b2a8ac60334fff,5
8b2a8ac60334fff,15
8b2a8ac65ca9fff,4
8b2a8ad4a9a5fff,15
8b2a8ac6432dfff,0
8b2a8ad590e8fff,15
8b2a8ac6c109fff,15
8b2a8ac61c2efff,5
8b2a8a892d93fff,0
8b2a8ac657a3fff,5
8b2a8ac661b4fff,15
8b2a8ad48724fff,0
8b2a8ad4a19afff,15
8b2a8ac6c80afff,7
8b2a8ad4a180fff,15
8b2a8ad4b7b1fff,1
8b2a8a896710fff,0
8b2a8ac62ad9fff,15
8b2a8ac64b9afff,2
8b2a8ac64cabfff,15
8b2a8a896283fff,0
8b2a8ac61cb1fff,5
8b2a8a896cb1fff,0
8b2a8a896cb1fff,8
8b2a8ac64c01fff,15
8b2a8ac64c01fff,2
8b2a8a893511fff,15
8b2a8ac661a9fff,15
8b2a8ad5b3aafff,15
8b2a8ac66273fff,15
8b2a8ad484e9fff,0
8b2a8ad484e9fff,2
8b2a8ad4b2cafff,1
8b2a8ac6430efff,0
8b2a8ac60b09fff,5
8b2a8ac66323fff,15
8b2a8ad4a458fff,15
8b2a8a892a30fff,0
8b2a8ac628f2fff,15
8b2a8ac64b04fff,8
8b2a8ac6230cfff,15
8b2a8a892768fff,3
8b2a8a8965acfff,0
8b2a8ac66110fff,15
8b2a8ac60831fff,8
8b2a8ac6c928fff,7
8b2a8ac6c928fff,10
8b2a8ac6685cfff,15
8b2a8ad596c0fff,15
8b2a8ad4bcadfff,2
8b2a8ac64a43fff,1
8b2a8ac64a43fff,10
8b2a8ad59775fff,15
8b2a8ac63008fff,2
8b2a8ac6469efff,15
8b2a8ac63d72fff,2
8b2a8ad4e29bfff,15
8b2a8a8934c8fff,6
8b2a8ad486e2fff,2
8b2a8a892453fff,0
8b2a8ac6072efff,2
8b2a8ac6072efff,11
8b2a8ac6072efff,15
8b2a8ac64a73fff,1
8b2a8ac64a73fff,10
8b2a8ac65a12fff,0
8b2a8ad4bc8efff,1
8b2a8ad4bc8efff,10
8b2a8ac66612fff,15
8b2a8a892285fff,7
8b2a8a892285fff,10
8b2a8a892285fff,3
8b2a8ad4e2defff,15
8b2a8ac66081fff,15
8b2a8ac60604fff,2
8b2a8ac60770fff,2
8b2a8ac60770fff,15
8b2a8ad4a0d0fff,15
8b2a8ac66256fff,15
8b2a8ac64152fff,8
8b2a8ac64152fff,2
8b2a8ac6cacdfff,7
8b2a8ac631b1fff,15
8b2a8ad4851efff,15
8b2a8ad4ac6dfff,15
8b2a8ad4bc73fff,2
8b2a8ac6061afff,2
8b2a8ad59b4bfff,15
8b2a8ad59b4bfff,2
8b2a8ad4a96efff,2
8b2a8ad4a96efff,15
8b2a8ac61701fff,15
8b2a8ac62a93fff,2
8b2a8ac61a86fff,3
8b2a8ac65916fff,11
8b2a8ad4ac03fff,15
8b2a8a89279afff,3
8b2a8a893422fff,6
8b2a8ac65359fff,0
8b2a8ad4b6e8fff,0
8b2a8ad59393fff,15
8b2a8ac661aafff,15
8b2a8ac6395dfff,15
8b2a8ac66b8bfff,2
8b2a8ad5ba60fff,15
8b2a8ac66a49fff,15
8b2a8ac6cb64fff,6
8b2a8ac61854fff,3
8b2a8ac66116fff,15
8b2a8a892620fff,3
8b2a8ac6c8e5fff,7
8b2a8ac66d49fff,15
8b2a8a89659efff,11
8b2a8a89659efff,0
8b2a8ac6504dfff,0
8b2a8ac6c951fff,7
8b2a8ac66ac8fff,15
8b2a8ad4b2abfff,0
8b2a8a892873fff,0
8b2a8ac646ebfff,15
8b2a8ac6565efff,5
8b2a8ac64625fff,2
8b2a8ad4e29efff,15
8b2a8ac662e8fff,15
8b2a8ad5b2c6fff,15
8b2a8a8926c8fff,3
8b2a8ac60b18fff,5
8b2a8ad5b760fff,15
8b2a8ac65851fff,11
8b2a8ad48461fff,0
8b2a8ac65100fff,4
8b2a8ad4ac19fff,15
8b2a8ad596cdfff,15
8b2a8ad4b3acfff,0
8b2a8a8924a8fff,3
8b2a8ac60a9cfff,5
8b2a8ad4b04efff,0
8b2a8ac65263fff,0
8b2a8ac66949fff,15
8b2a8a892752fff,3
8b2a8ac606b4fff,15
8b2a8ac66841fff,15
8b2a8a8936d3fff,7
8b2a8ac63474fff,15
8b2a8ac656ccfff,5
8b2a8ac6cc1bfff,15
8b2a8ac75b71fff,15
8b2a8ac6c56bfff,15
8b2a8a8926b3fff,3
8b2a8a892aa4fff,0
8b2a8ad4b433fff,2
8b2a8a8929a4fff,0
8b2a8ac64635fff,2
8b2a8ad4b898fff,2
8b2a8ad4a9a6fff,15
8b2a8ad4a7b1fff,15
8b2a8ac628d4fff,15
8b2a8ac66cedfff,15
8b2a8ac66cedfff,9
8b2a8ac64b29fff,3
8b2a8ac646a1fff,15
8b2a8ad4a044fff,0
8b2a8ac6cd1bfff,3
8b2a8ad4b081fff,0
8b2a8ad4b4d4fff,2
8b2a8ad4845bfff,0
8b2a8ac65d55fff,0
8b2a8a89276efff,3
8b2a8ac61d53fff,5
8b2a8a8922e3fff,0
8b2a8ac64d26fff,15
8b2a8ac6159efff,15
8b2a8ac6094dfff,5
8b2a8ac60174fff,5
8b2a8ac640d4fff,2
8b2a8ac640d4fff,8
8b2a8ac62cccfff,15
8b2a8ad48481fff,2
8b2a8ad4b996fff,2
8b2a8ac63884fff,15
8b2a8a896582fff,0
8b2a8ac643acfff,0
8b2a8ac66cf1fff,9
8b2a8ac65196fff,5
8b2a8ad4b99efff,2
8b2a8a89204cfff,8
8b2a8ac61cb0fff,5
8b2a8ad4aa9dfff,0
8b2a8ad4841afff,2
8b2a8a8927aafff,3
8b2a8ac662acfff,15
8b2a8ad4bceafff,0
8b2a8ac64429fff,2
8b2a8ac64665fff,10
8b2a8ac64729fff,2
8b2a8ac6095cfff,5
8b2a8ac6401afff,2
8b2a8ac6401afff,8
8b2a8ad5b2d9fff,15
8b2a8ad4a6cbfff,15
8b2a8ac62ce4fff,15
8b2a8ad4850bfff,15
8b2a8ac6630efff,15
8b2a8ad4b523fff,3
8b2a8ad4b523fff,2
8b2a8ac64205fff,0
8b2a8ac65d4dfff,1
8b2a8ad4b2a6fff,0
8b2a8a89371afff,6
8b2a8ad4b8d4fff,2
8b2a8ac642d3fff,10
8b2a8ac658f4fff,14
8b2a8ac64a21fff,1
8b2a8ac64a21fff,3
8b2a8ac64a21fff,8
8b2a8ac62275fff,15
8b2a8ad4b4f1fff,2
8b2a8a890683fff,1
8b2a8ac6175afff,15
8b2a8a8934d6fff,6
8b2a8ad4a0c8fff,0
8b2a8ac61698fff,15
8b2a8ac66945fff,15
8b2a8ac66aabfff,15
8b2a8ad4e6d5fff,15
8b2a8ac61aacfff,3
8b2a8ac6149bfff,15
8b2a8ac64caafff,15
8b2a8ac64271fff,0
8b2a8ac6486bfff,8
8b2a8ac6486bfff,2
8b2a8ac6591dfff,0
8b2a8ad4b760fff,0
8b2a8ad4b760fff,2
8b2a8ad4aa99fff,0
8b2a8ad4b312fff,0
8b2a8a8964a8fff,0
8b2a8ad4e298fff,15
8b2a8ac60a0efff,5
8b2a8a893501fff,15
8b2a8ac65c89fff,8
8b2a8ac65c89fff,5
8b2a8ad59390fff,15
8b2a8a8930d3fff,6
8b2a8a8930d3fff,15
8b2a8ac62a65fff,15
8b2a8ad4bca8fff,2
8b2a8ad4bca8fff,10
8b2a8ac6c80cfff,7
8b2a8ac6cdb2fff,3
8b2a8ac6cdb2fff,15
8b2a8ac66123fff,15
8b2a8ac6c1b3fff,15
8b2a8ac643b0fff,0
8b2a8ac60393fff,15
8b2a8ac62888fff,15
8b2a8ac64836fff,0
8b2a8ac63952fff,2
8b2a8ad4a2f3fff,0
8b2a8ac60341fff,5
8b2a8ac60341fff,15
8b2a8ad4bc62fff,2
8b2a8ad4b5aefff,2
8b2a8ac65ca0fff,8
8b2a8ac65ca0fff,10
8b2a8ac6099bfff,16
8b2a8ac6099bfff,8
8b2a8a896681fff,0
8b2a8ad4a46dfff,15
8b2a8ac60013fff,11
8b2a8ac60013fff,7
8b2a8ac62ba1fff,15
8b2a8ac658b0fff,1
8b2a8ac61803fff,3
8b2a8a89372efff,6
8b2a8ac62852fff,15
8b2a8ac6478afff,15
8b2a8ad4b45efff,10
8b2a8ad4acdafff,15
8b2a8a89369dfff,6
8b2a8ac60864fff,5
8b2a8ad59645fff,15
8b2a8ac60673fff,2
8b2a8ad4a6eafff,15
8b2a8a8967b1fff,0
8b2a8ac62813fff,15
8b2a8ad4a21bfff,0
8b2a8ad4846bfff,0
8b2a8ad4ac24fff,15
8b2a8ad4aa49fff,2
8b2a8ac6168cfff,15
8b2a8a8925abfff,0
8b2a8a8925abfff,3
8b2a8a8926b2fff,3
8b2a8ac65222fff,3
8b2a8ac65222fff,11
8b2a8ac60b82fff,5
8b2a8a893608fff,6
8b2a8ac6609afff,15
8b2a8ac610d8fff,15
8b2a8ad592b0fff,15
8b2a8ac66242fff,15
8b2a8a8924d3fff,3
8b2a8ac6108efff,15
8b2a8ac605a0fff,15
8b2a8ac64d73fff,2
8b2a8a8934c4fff,6
8b2a8ac61140fff,3
8b2a8ac66689fff,15
8b2a8a89258cfff,0
8b2a8a89258cfff,3
8b2a8ad4ac70fff,15
8b2a8ac66b6bfff,15
8b2a8ad4ab46fff,2
8b2a8ad4a832fff,15
8b2a8ad592a4fff,15
8b2a8ac60c68fff,15
8b2a8ac6592efff,1
8b2a8ac6592efff,0
8b2a8ad592e8fff,15
8b2a8a8920f4fff,13
8b2a8ac65d95fff,2
8b2a8ac65d95fff,1
8b2a8ac65d95fff,10
8b2a8ac62c70fff,15
8b2a8ad48468fff,0
8b2a8ac60cd8fff,2
8b2a8ac60cd8fff,15
8b2a8a892854fff,0
8b2a8ad48501fff,15
8b2a8ac60ca0fff,15
8b2a8ad4bca5fff,1
8b2a8ad4bca5fff,2
8b2a8ad4bca5fff,10
8b2a8ac60aa1fff,5
8b2a8ac64ba6fff,8
8b2a8ac64ba6fff,2
8b2a8ad4a146fff,0
8b2a8ac6544efff,5
8b2a8ad4a253fff,9
8b2a8ad59a89fff,15
8b2a8ad4a6a2fff,15
8b2a8ac60b19fff,5
8b2a8ad4a951fff,15
8b2a8a893716fff,6
8b2a8ad5b3b2fff,15
8b2a8ac61a21fff,3
8b2a8a8924b1fff,3
8b2a8ac61771fff,15
8b2a8ad4a92cfff,15
8b2a8ad4b210fff,0
8b2a8ad4b210fff,1
8b2a8a8962c4fff,2
8b2a8ac64201fff,0
8b2a8ad486e0fff,2
8b2a8ac6c91efff,7
8b2a8a892745fff,3
8b2a8ad485abfff,15
8b2a8a89286bfff,0
8b2a8ac668d8fff,15
8b2a8ac608a4fff,8
8b2a8ad4e2f3fff,15
8b2a8ac61706fff,15
8b2a8ac66386fff,15
8b2a8ac66793fff,15
8b2a8ac62844fff,15
8b2a8ac642cefff,10
8b2a8ac65c1efff,4
8b2a8ac61a89fff,3
8b2a8ad4bcd1fff,2
8b2a8ad4bcd1fff,10
8b2a8ac6154afff,15
8b2a8ac6dc30fff,7
8b2a8ac665b3fff,15
8b2a8ac65766fff,5
8b2a8a89360dfff,15
8b2a8a89360dfff,6
8b2a8ad5b2abfff,15
8b2a8ac60ad8fff,5
8b2a8a8924cefff,3
8b2a8ad5b29bfff,15
8b2a8ac64b65fff,3
8b2a8ac64b65fff,10
8b2a8ad4a24afff,2
8b2a8ad4a24afff,9
8b2a8ac6076dfff,15
8b2a8ad4b74afff,0
8b2a8ac640a8fff,2
8b2a8ac62250fff,15
8b2a8ad4bd53fff,2
8b2a8ad4a15dfff,0
8b2a8ac652e1fff,2
8b2a8ac64af2fff,0
8b2a8ac628abfff,15
8b2a8ac6589afff,4
8b2a8ac6589afff,1
8b2a8ad4bd44fff,2
8b2a8ac617b2fff,15
8b2a8ac6ca98fff,7
8b2a8ac6ca98fff,2
8b2a8ac62a09fff,15
8b2a8ad4b6c4fff,0
8b2a8ac61896fff,3
8b2a8a892835fff,0
8b2a8ac628cdfff,15
8b2a8ac6550afff,5
8b2a8a8926f1fff,2
8b2a8ad4a84cfff,2
8b2a8a8924b3fff,3
8b2a8ad5b236fff,15
8b2a8ad596d0fff,15
8b2a8a892c72fff,10
8b2a8ac60260fff,15
8b2a8ad4a008fff,0
8b2a8a892458fff,0
8b2a8a892458fff,3
8b2a8ac65128fff,7
8b2a8ac65128fff,4
8b2a8ad4a6b1fff,15
8b2a8ad4bc22fff,1
8b2a8ad4bc22fff,2
8b2a8ac644e1fff,2
8b2a8ac6076efff,15
8b2a8ad4ac8bfff,15
8b2a8a89211bfff,10
8b2a8ac66ba0fff,15
8b2a8ac66ba0fff,2
8b2a8ac66ab5fff,15
8b2a8ac66ab5fff,2
8b2a8ac610ebfff,15
8b2a8a892132fff,10
8b2a8a892132fff,0
8b2a8ad4a75afff,15
8b2a8ad4a6f3fff,15
8b2a8ad4a6f3fff,2
8b2a8ac66d22fff,15
8b2a8ac630e6fff,2
8b2a8ac61166fff,3
8b2a8ac65a5bfff,1
8b2a8ac63004fff,2
8b2a8ac6430cfff,0
8b2a8ac64820fff,2
8b2a8ad4a982fff,15
8b2a8ad4ab2efff,2
8b2a8a89638bfff,0
8b2a8ac668cbfff,15
8b2a8ad59320fff,15
8b2a8ac62222fff,15
8b2a8ac66264fff,15
8b2a8ad4a272fff,9
8b2a8ac64348fff,2
8b2a8ac64348fff,0
8b2a8ac60b54fff,5
8b2a8ad4b6e2fff,0
8b2a8ad59699fff,15
8b2a8ac642a0fff,0
8b2a8ac642a0fff,11
8b2a8ad4b310fff,0
8b2a8ac65a94fff,0
8b2a8ac65a94fff,1
8b2a8ac6111cfff,3
8b2a8ac60c86fff,15
8b2a8ad4ac81fff,15
8b2a8ac64b0cfff,3
8b2a8ac64b0cfff,8
8b2a8ad4a815fff,15
8b2a8ac65349fff,0
8b2a8a8936acfff,6
8b2a8ac6cce6fff,15
8b2a8ad5b305fff,15
8b2a8ad4a8edfff,15
8b2a8ac66b31fff,15
8b2a8ac606b2fff,15
8b2a8ac61942fff,3
8b2a8ac61c4cfff,3
8b2a8ac64333fff,0
8b2a8ad4b572fff,10
8b2a8ad5d249fff,15
8b2a8ad4ac10fff,15
8b2a8ac6cc0efff,15
8b2a8a896c86fff,0
8b2a8ac60a28fff,5
8b2a8ad4a28bfff,0
8b2a8a892a98fff,8
8b2a8ac66093fff,15
8b2a8ad59676fff,15
8b2a8ac60021fff,12
8b2a8ac65b58fff,0
8b2a8ac63a92fff,15
8b2a8ac6629cfff,15
8b2a8ac61b04fff,3
8b2a8ad4e2d8fff,15
8b2a8ac60665fff,2
8b2a8ac66125fff,15
8b2a8ac62048fff,15
8b2a8a8929aefff,0
8b2a8ac65d5cfff,0
8b2a8ac65d5cfff,1
8b2a8ac75964fff,15
8b2a8ac65856fff,1
8b2a8ac65856fff,11
8b2a8ac65611fff,5
8b2a8ad4aa42fff,2
8b2a8ad4aa42fff,1
8b2a8ac60905fff,10
8b2a8ac60340fff,5
8b2a8ac60340fff,15
8b2a8ac62194fff,15
8b2a8ac658c4fff,1
8b2a8ad4a0f0fff,15
8b2a8ac6dc36fff,7
8b2a8ac6118afff,15
8b2a8a89640bfff,0
8b2a8ad5904efff,15
8b2a8ad484adfff,2
8b2a8ac64381fff,0
8b2a8ad4ab64fff,2
8b2a8ac62b20fff,15
8b2a8a892915fff,0
8b2a8ac64855fff,2
8b2a8ac608c3fff,5
8b2a8ac6004afff,15
8b2a8a89369efff,6
8b2a8ac6280dfff,15
8b2a8ad4a380fff,0
8b2a8ad4e2b6fff,15
8b2a8a896c93fff,0
8b2a8ac65852fff,1
8b2a8ac65852fff,11
8b2a8ac6118bfff,15
8b2a8ac61d55fff,5
8b2a8ac66706fff,15
8b2a8ac64aedfff,1
8b2a8ac66d69fff,15
8b2a8ac65b48fff,0
8b2a8ac64589fff,15
8b2a8ad4a71efff,15
8b2a8ac65c68fff,4
8b2a8ac66889fff,15
8b2a8ac631a8fff,2
8b2a8ac63d23fff,2
8b2a8ac63d23fff,15
8b2a8ac6192dfff,3
8b2a8ac6436dfff,2
8b2a8ad4e2e4fff,15
8b2a8ad596ddfff,15
8b2a8ac66d40fff,15
8b2a8ad4a334fff,0
8b2a8ac61a9cfff,3
8b2a8ac604c9fff,15
8b2a8ac64433fff,15
8b2a8ac6358cfff,15
8b2a8ac65691fff,5
8b2a8ad4bd49fff,2
8b2a8ac63d0cfff,2
8b2a8a89308bfff,15
8b2a8ac61a75fff,3
8b2a8ac65401fff,5
8b2a8ac66932fff,15
8b2a8ac6290bfff,15
8b2a8a890691fff,1
8b2a8ac66905fff,15
8b2a8a896270fff,2
8b2a8ac654c8fff,5
8b2a8ac61389fff,15
8b2a8ad48529fff,15
8b2a8ac666c1fff,15
8b2a8ad4a260fff,9
8b2a8ad4a260fff,2
8b2a8ad4aaa2fff,0
8b2a8ac61013fff,15
8b2a8ac6654bfff,15
8b2a8a892468fff,2
8b2a8a892468fff,0
8b2a8a892468fff,3
8b2a8a896712fff,0
8b2a8ac6350cfff,15
8b2a8ac66c6afff,15
8b2a8ad4a748fff,0
8b2a8ac66b12fff,15
8b2a8ac66b12fff,2
8b2a8ad4a861fff,2
8b2a8ac6c9a2fff,7
8b2a8ad59b8cfff,15
8b2a8ac60d28fff,15
8b2a8ac600defff,15
8b2a8ac66b16fff,15
8b2a8ac62ba8fff,15
8b2a8ac6ca2efff,6
8b2a8ac6ca2efff,7
8b2a8a8926c1fff,3
8b2a8ac66b00fff,15
8b2a8a892d22fff,0
8b2a8a89239afff,3
8b2a8ad4e633fff,15
8b2a8ac63948fff,15
8b2a8a8922e8fff,6
8b2a8a8922e8fff,0
8b2a8ac66032fff,15
8b2a8ac61aeafff,3
8b2a8ad59220fff,15
8b2a8ac62819fff,15
8b2a8ac608cdfff,5
8b2a8ac614d6fff,15
8b2a8ad5b311fff,15
8b2a8ac66c29fff,15
8b2a8ad4e6c2fff,15
8b2a8ac648d3fff,2
8b2a8ad596defff,15
8b2a8ac65692fff,5
8b2a8ad48509fff,15
8b2a8ad4b533fff,1
8b2a8ac6c99afff,3
8b2a8ac668e6fff,15
8b2a8ac64764fff,0
8b2a8ac6076bfff,2
8b2a8ac6076bfff,15
8b2a8ac65755fff,5
8b2a8ac6408efff,2
8b2a8ad4e210fff,15
8b2a8ad4a062fff,0
8b2a8ad5b209fff,15
8b2a8ad59222fff,15
8b2a8ac662d4fff,15
8b2a8ac6001bfff,11
8b2a8ac6001bfff,7
8b2a8ac65094fff,5
8b2a8ac61819fff,3
8b2a8ad4a2e8fff,2
8b2a8ad48091fff,0
8b2a8ad484f0fff,2
8b2a8ac63b23fff,15
8b2a8ad4e2c4fff,15
8b2a8ac60818fff,5
8b2a8ac60818fff,8
8b2a8ad4ac4afff,15
8b2a8ac6019dfff,2
8b2a8ac61a66fff,3
8b2a8ac656f2fff,5
8b2a8a892dacfff,1
8b2a8a892dacfff,0
8b2a8ac66051fff,15
8b2a8ad59babfff,15
8b2a8ad4e623fff,15
8b2a8ac6200efff,15
8b2a8ac6c096fff,15
8b2a8ac6579efff,5
8b2a8ad4aa9bfff,0
8b2a8ac65848fff,1
8b2a8ac650cefff,5
8b2a8ac6214bfff,2
8b2a8ac6214bfff,15
8b2a8ac64724fff,2
8b2a8ac642eefff,0
8b2a8ad59332fff,15
8b2a8ad4a246fff,9
8b2a8a896286fff,0
8b2a8ac65781fff,5
8b2a8ad4acd5fff,15
8b2a8ac628f4fff,15
8b2a8a89061afff,1
8b2a8ac6150cfff,15
8b2a8ad59319fff,15
8b2a8ac65b0dfff,0
8b2a8ad4b788fff,0
8b2a8ad4e689fff,15
8b2a8ad4a6aafff,15
8b2a8ac66d00fff,15
8b2a8ad4b12cfff,2
8b2a8ac652b4fff,5
8b2a8ac61458fff,15
8b2a8ac65102fff,4
8b2a8ac642f2fff,10
8b2a8ad5b76dfff,15
8b2a8ac6219cfff,15
8b2a8ac6456efff,2
8b2a8ac61836fff,3
8b2a8ac65cdbfff,5
8b2a8ad4b120fff,2
8b2a8ac6399dfff,2
8b2a8ac6599afff,1
8b2a8ad4b8aafff,2
8b2a8ac6cd93fff,15
8b2a8a890696fff,1
8b2a8ad48795fff,0
8b2a8ad48795fff,2
8b2a8ad48795fff,1
8b2a8ac60c10fff,15
8b2a8ac6446cfff,2
8b2a8ac64063fff,8
8b2a8ac66b62fff,15
8b2a8ad4b9b4fff,2
8b2a8ad4845dfff,0
8b2a8ac6cd0dfff,3
8b2a8ac64a35fff,8
8b2a8ac6232afff,15
8b2a8a8906adfff,1
8b2a8ad4e241fff,15
8b2a8ac62346fff,15
8b2a8a892069fff,8
8b2a8ac6230bfff,15
8b2a8ac65131fff,4
8b2a8ac60c15fff,15
8b2a8ac6dd31fff,7
8b2a8ad5b280fff,15
8b2a8ad4e255fff,15
8b2a8ad59b1bfff,2
8b2a8ac63c29fff,15
8b2a8ac604c5fff,15
8b2a8ac65055fff,14
8b2a8a893455fff,6
8b2a8ad4871efff,0
8b2a8ac64cc5fff,15
8b2a8ac6dd88fff,7
8b2a8a89292afff,2
8b2a8a89292afff,0
8b2a8ac60983fff,8
8b2a8ac61caefff,5
8b2a8ac63cc8fff,15
8b2a8ad4a454fff,15
8b2a8ac600b3fff,2
8b2a8ac600b3fff,15
8b2a8ac6ca75fff,6
8b2a8ac64cb3fff,15
8b2a8ac64c55fff,15
8b2a8ac61a1efff,3
8b2a8ad4b78dfff,0
8b2a8a8929adfff,0
8b2a8ac6179efff,15
8b2a8a893736fff,6
8b2a8ad4b570fff,1
8b2a8ad4b570fff,10
8b2a8ad4a245fff,9
8b2a8ac66655fff,15
8b2a8ad4e615fff,15
8b2a8ac6ca21fff,6
8b2a8ad4aa75fff,2
8b2a8ad4b696fff,8
8b2a8ac6cd92fff,15
8b2a8ac66ce9fff,15
8b2a8ac66ce9fff,9
8b2a8ac60815fff,8
8b2a8ac6294dfff,15
8b2a8ac646d4fff,15
8b2a8ac6481cfff,2
8b2a8ac6481cfff,0
8b2a8ac66468fff,15
8b2a8a892236fff,0
8b2a8a892236fff,1
8b2a8ad596e1fff,15
8b2a8ad4aab3fff,0
8b2a8ad4a455fff,15
8b2a8ac6140efff,15
8b2a8ad4a343fff,1
8b2a8ad4a343fff,2
8b2a8ad4a343fff,0
8b2a8a893453fff,6
8b2a8a892c1efff,13
8b2a8a892c1efff,10
8b2a8ac66503fff,15
8b2a8ac63980fff,2
8b2a8ac655b5fff,0
8b2a8ad4819cfff,0
8b2a8ad592a9fff,15
8b2a8ac6158cfff,15
8b2a8ac6500afff,14
8b2a8ac6500afff,5
8b2a8ad48568fff,0
8b2a8ad592e3fff,15
8b2a8ad4e64afff,15
8b2a8ac65103fff,4
8b2a8ac6398afff,2
8b2a8ac60058fff,15
8b2a8ac60481fff,15
8b2a8ac6cc49fff,15
8b2a8ad4e256fff,15
8b2a8ac62b98fff,15
8b2a8ad59742fff,15
8b2a8ad4ad6afff,15
8b2a8ac64ccdfff,15
8b2a8ac63a73fff,15
8b2a8a89272efff,3
8b2a8ac66cc3fff,9
8b2a8ac61a91fff,3
8b2a8ac64424fff,15
8b2a8a896272fff,2
8b2a8ac65030fff,4
8b2a8ad486b5fff,1
8b2a8ac606ccfff,2
8b2a8ac65799fff,5
8b2a8ac6cb42fff,6
8b2a8ac6016efff,5
8b2a8a896392fff,0
8b2a8ac618c4fff,3
8b2a8ac65158fff,14
8b2a8ac61845fff,3
8b2a8ac62a80fff,2
8b2a8ac62a80fff,15
8b2a8ad592c9fff,15
8b2a8ac6476dfff,0
8b2a8ad4bc33fff,2
8b2a8a892caefff,13
8b2a8a892caefff,0
8b2a8a892356fff,0
8b2a8a892672fff,2
8b2a8a892672fff,3
8b2a8ac64c21fff,2
8b2a8ac64a5afff,2
8b2a8ac64a5afff,1
8b2a8a892104fff,0
8b2a8ac63981fff,2
8b2a8a892704fff,3
8b2a8ac640b0fff,2
8b2a8ac603b6fff,15
8b2a8a892600fff,3
8b2a8ad4b46dfff,0
8b2a8a8929a0fff,0
8b2a8ac62934fff,15
8b2a8ac66aa8fff,15
8b2a8ac61569fff,15
8b2a8ac60b72fff,5
8b2a8a892d59fff,0
8b2a8ac65362fff,0
8b2a8ac6c9a8fff,7
8b2a8ac66463fff,15
8b2a8ad4a7a2fff,15
8b2a8ac6584bfff,2
8b2a8ac6584bfff,1
8b2a8ad4a199fff,15
8b2a8ad4b21dfff,1
8b2a8ad5b2e8fff,15
8b2a8ac63a33fff,15
8b2a8ac65645fff,5
8b2a8a8906a9fff,1
8b2a8ac658e1fff,1
8b2a8ac66bacfff,2
8b2a8ac61688fff,15
8b2a8ad4a8c9fff,0
8b2a8ac62029fff,2
8b2a8ac62029fff,15
8b2a8ac6c14bfff,7
8b2a8ac64096fff,2
8b2a8ad4b618fff,0
8b2a8ad4a4e2fff,15
8b2a8ac65161fff,7
8b2a8ac65161fff,4
8b2a8ac6172cfff,15
8b2a8ac64129fff,2
8b2a8a89244cfff,0
8b2a8a89244cfff,3
8b2a8ac66c4afff,15
8b2a8ad4ba9cfff,0
8b2a8ac602e6fff,15
8b2a8a896492fff,0
8b2a8a893403fff,6
8b2a8ac66a8dfff,15
8b2a8a892219fff,0
8b2a8ac62ca8fff,15
8b2a8ac6cc62fff,15
8b2a8ad4848cfff,2
8b2a8ac6c0c9fff,3
8b2a8ad4a429fff,15
8b2a8ac65475fff,5
8b2a8ac60854fff,5
8b2a8ac6314bfff,15
8b2a8ac665b0fff,15
8b2a8ad4acd9fff,15
8b2a8ad4a532fff,15
8b2a8ac61970fff,3
8b2a8ac60015fff,7
8b2a8ac61a32fff,3
8b2a8ac60716fff,2
8b2a8ac60716fff,15
8b2a8ac62cf0fff,15
8b2a8ad4aceefff,15
8b2a8a8936defff,7
8b2a8ac62910fff,15
8b2a8ac63856fff,15
8b2a8ac65328fff,0
8b2a8ac6488dfff,2
8b2a8a89640efff,0
8b2a8ac66d04fff,15
8b2a8ad59771fff,15
8b2a8ac66d2bfff,15
8b2a8ac6560bfff,5
8b2a8ad4e673fff,15
8b2a8ad4e628fff,15
8b2a8a8934acfff,6
8b2a8ac63074fff,2
8b2a8ac645a3fff,15
8b2a8ac62ab3fff,2
8b2a8ac62ab3fff,15
8b2a8ac65d4cfff,1
8b2a8ad592a6fff,15
8b2a8ac60724fff,11
8b2a8ac61925fff,3
8b2a8ac61925fff,5
8b2a8ac6390efff,2
8b2a8a892ccafff,0
8b2a8a892ccafff,10
8b2a8ad4a19cfff,15
8b2a8ad4a275fff,9
8b2a8ac60009fff,7
8b2a8ac60009fff,12
8b2a8ac60009fff,15
8b2a8ac61090fff,15
8b2a8a89279dfff,3
8b2a8ac60435fff,15
8b2a8ac64554fff,15
8b2a8ac64554fff,2
8b2a8ad5976bfff,15
8b2a8ac66993fff,15
8b2a8ac61012fff,15
8b2a8ac669b6fff,15
8b2a8ac64560fff,2
8b2a8ac631acfff,2
8b2a8ac652f2fff,0
8b2a8ac652f2fff,3
8b2a8ad4b51cfff,2
8b2a8ad4b51cfff,3
8b2a8ad59296fff,15
8b2a8ac65299fff,5
8b2a8ac6295dfff,15
8b2a8ac642c6fff,10
8b2a8ac61db4fff,5
8b2a8a8962b3fff,0
8b2a8ad4a193fff,15
8b2a8ac63b6afff,15
8b2a8a8934f6fff,6
8b2a8ad592acfff,15
8b2a8ac668d5fff,15
8b2a8ad4a2adfff,0
8b2a8ac6c305fff,10
8b2a8ac6c305fff,7
8b2a8ac6c305fff,2
8b2a8ac6191afff,3
8b2a8ac61333fff,15
8b2a8ac6511cfff,4
8b2a8a892cecfff,10
8b2a8ad48515fff,15
8b2a8ad4a106fff,15
8b2a8ad4a106fff,0
8b2a8a89291bfff,0
8b2a8ac60166fff,5
8b2a8a896642fff,0
8b2a8ac65166fff,7
8b2a8ac65166fff,4
8b2a8ac66cebfff,15
8b2a8ac66cebfff,9
8b2a8ad4a210fff,0
8b2a8ac6036bfff,5
8b2a8ac6352afff,15
8b2a8ac64298fff,10
8b2a8ad4b28bfff,0
8b2a8ac64413fff,15
8b2a8ac62953fff,15
8b2a8ad4a18afff,15
8b2a8ad4a46efff,15
8b2a8a8962dcfff,2
8b2a8ac60b2efff,5
8b2a8a89205cfff,1
8b2a8a89205cfff,8
8b2a8a89205cfff,11
8b2a8ac64051fff,0
8b2a8ac64051fff,8
8b2a8ac6cb10fff,6
8b2a8ac6678efff,15
8b2a8ac6196dfff,3
8b2a8ac60356fff,15
8b2a8ac62b52fff,15
8b2a8a892476fff,0
8b2a8ad4a736fff,15
8b2a8a8936e8fff,6
8b2a8ac6158efff,15
8b2a8ac65c9afff,5
8b2a8ac65c9afff,7
8b2a8ac65c9afff,0
8b2a8ac65c69fff,4
8b2a8a892c5afff,10
8b2a8ac644d3fff,15
8b2a8ac65025fff,14
8b2a8ac66cc0fff,9
8b2a8ad59691fff,15
8b2a8ac6444efff,2
8b2a8ad4855dfff,0
8b2a8ad4855dfff,2
8b2a8ac64518fff,15
8b2a8ad4b659fff,11
8b2a8ad4b659fff,0
8b2a8ac66941fff,15
8b2a8ad4a018fff,15
8b2a8ad4a018fff,0
8b2a8ac60b43fff,5
8b2a8ac61912fff,3
8b2a8ac61912fff,5
8b2a8ac650b2fff,5
8b2a8ad4aa6dfff,1
8b2a8ac62a50fff,15
8b2a8ac638a3fff,15
8b2a8ac6c8c0fff,7
8b2a8ac6c8c0fff,3
8b2a8ad59b51fff,15
8b2a8ad59b51fff,2
8b2a8a892734fff,0
8b2a8a892734fff,3
8b2a8ac666eafff,15
8b2a8ac63c43fff,2
8b2a8ac642a2fff,11
8b2a8ac60d25fff,15
8b2a8ac65491fff,5
8b2a8ac64c4efff,15
8b2a8a892181fff,10
8b2a8ad4a325fff,0
8b2a8ac63d9efff,15
8b2a8ad48508fff,15
8b2a8ac61461fff,15
8b2a8a8922d9fff,6
8b2a8a8922d9fff,2
8b2a8ac6c9acfff,7
8b2a8ac66d63fff,15
8b2a8ad4a6e2fff,15
8b2a8ac62051fff,15
8b2a8ac6184bfff,3
8b2a8ac64ba5fff,8
8b2a8ad4b3a6fff,0
8b2a8ac60620fff,2
8b2a8ac64015fff,15
8b2a8ac64015fff,2
8b2a8ac64015fff,8
8b2a8ac65a5afff,1
8b2a8ac60da0fff,15
8b2a8ad4acb6fff,15
8b2a8ac60cb6fff,15
8b2a8ac6ca29fff,6
8b2a8ac6172efff,15
8b2a8ac66a35fff,2
8b2a8ad4bd91fff,1
8b2a8ad4bd91fff,2
8b2a8ad4a229fff,9
8b2a8ad4a229fff,0
8b2a8ac63011fff,2
8b2a8ad480abfff,0
8b2a8ac6444bfff,2
8b2a8ad5922cfff,15
8b2a8ac61c12fff,5
8b2a8ad4b6ebfff,0
8b2a8ac6c182fff,15
8b2a8ad4b70cfff,0
8b2a8ac63a72fff,15
8b2a8ac6664cfff,15
8b2a8ac6c948fff,6
8b2a8ad4ad59fff,15
8b2a8ad4a185fff,15
8b2a8ad59295fff,15
8b2a8ac61b35fff,3
8b2a8ac608e6fff,5
8b2a8ad4b710fff,0
8b2a8ad59a86fff,15
8b2a8ac61d8efff,5
8b2a8ad4e2edfff,15
8b2a8ad4a8d0fff,0
8b2a8ac630edfff,2
8b2a8ac64224fff,0
8b2a8ac60551fff,15
8b2a8ac66169fff,15
8b2a8ac62035fff,15
8b2a8ac6c981fff,7
8b2a8ac6c981fff,3
8b2a8ac6546efff,5
8b2a8a89210dfff,1
8b2a8a89210dfff,0
8b2a8ac640aafff,2
8b2a8ad4b50cfff,3
8b2a8ad5b76efff,15
8b2a8ac60b81fff,5
8b2a8ac64054fff,8
8b2a8ac6648dfff,15
8b2a8ac666e5fff,15
8b2a8ac6568afff,5
8b2a8a892c33fff,10
8b2a8ac64261fff,7
8b2a8ac64261fff,2
8b2a8ac64261fff,0
8b2a8a892486fff,3
8b2a8ac66748fff,15
8b2a8ad4a66afff,0
8b2a8a89281efff,0
8b2a8ad4b40efff,10
8b2a8ad4b40efff,2
8b2a8ad4b708fff,0
8b2a8ad4a2e6fff,2
8b2a8ad4a2e6fff,0
8b2a8ad4a282fff,0
8b2a8ac6675cfff,15
8b2a8ad4a474fff,15
8b2a8ac600c8fff,15
8b2a8ac64785fff,2
8b2a8ac66456fff,15
8b2a8ac6439bfff,0
8b2a8ac6439bfff,11
8b2a8ac64cd3fff,15
8b2a8ac61043fff,15
8b2a8ac62142fff,2
8b2a8ac62142fff,15
8b2a8ad4b206fff,1
8b2a8ad4b206fff,2
8b2a8ac63a03fff,15
8b2a8a89219bfff,0
8b2a8ac61ad2fff,15
8b2a8ac65ca2fff,8
8b2a8ac65ca2fff,2
8b2a8ac62b01fff,15
8b2a8a8934ebfff,6
8b2a8ac644b4fff,15
8b2a8a8934ccfff,6
8b2a8ad4b4e0fff,10
8b2a8ad4b4e0fff,2
8b2a8ac6cc01fff,15
8b2a8ad4b549fff,0
8b2a8ad4a4dcfff,2
8b2a8ac651a3fff,4
8b2a8a892000fff,10
8b2a8ac62a99fff,2
8b2a8ac64556fff,15
8b2a8ac61a69fff,3
8b2a8ac6620dfff,15
8b2a8ac668c6fff,15
8b2a8ac6ccecfff,15
8b2a8ac61106fff,3
8b2a8ad4b10cfff,2
8b2a8a89641cfff,0
8b2a8a89290bfff,0
8b2a8ac620b0fff,15
8b2a8ac6412dfff,2
8b2a8ac6c723fff,3
8b2a8ac6c723fff,7
8b2a8ac61a2dfff,3
8b2a8ac6028cfff,15
8b2a8ac60076fff,12
8b2a8ac64598fff,15
8b2a8ac61ce4fff,5
8b2a8ad59289fff,15
8b2a8ad4a0b1fff,15
8b2a8ac602c4fff,15
8b2a8ac6008bfff,11
8b2a8ac61891fff,3
8b2a8ac64351fff,0
8b2a8a8934e3fff,6
8b2a8ac66cdefff,9
8b2a8ac618c5fff,3
8b2a8ac62971fff,15
8b2a8ac64881fff,15
8b2a8ac64881fff,2
8b2a8ac64881fff,16
8b2a8ac64881fff,0
8b2a8ad59a59fff,15
8b2a8a89216efff,11
8b2a8ac6639afff,15
8b2a8ac64da1fff,15
8b2a8ac6550cfff,5
8b2a8ac64a53fff,1
8b2a8ad4b24cfff,0
8b2a8ac661adfff,15
8b2a8ad48198fff,0
8b2a8ad5b30bfff,15
8b2a8ac61c26fff,5
8b2a8ac64169fff,2
8b2a8ac62d62fff,15
8b2a8ac66176fff,15
8b2a8ad4a54afff,15
8b2a8ac6609bfff,15
8b2a8ac62ce5fff,15
8b2a8ad59359fff,15
8b2a8ad4b42bfff,10
8b2a8ac6236dfff,15
8b2a8ac63559fff,15
8b2a8ac65295fff,5
8b2a8ac6cc85fff,15
8b2a8ac66111fff,15
8b2a8ad4b6e5fff,0
8b2a8ad5930bfff,15
8b2a8ac61966fff,3
8b2a8ac65069fff,0
8b2a8a892d60fff,0
8b2a8ac61b16fff,3
8b2a8a8962a0fff,0
8b2a8ad4b330fff,0
8b2a8ac66900fff,15
8b2a8ac648ddfff,11
8b2a8ac648ddfff,2
8b2a8a892d18fff,0
8b2a8ac66b36fff,15
8b2a8ad5da4afff,15
8b2a8ac65262fff,0
8b2a8ac6395afff,2
8b2a8ad5904cfff,15
8b2a8ac660c8fff,15
8b2a8ac6225cfff,15
8b2a8ac66b30fff,15
8b2a8ad4a30cfff,0
8b2a8ac62300fff,2
8b2a8ac62300fff,15
8b2a8a89270dfff,3
8b2a8ac62152fff,2
8b2a8ac61618fff,15
8b2a8a893545fff,6
8b2a8ac644ebfff,15
8b2a8ad4b270fff,0
8b2a8ac617a2fff,15
8b2a8ac64606fff,2
8b2a8ad4a063fff,0
8b2a8ac6490dfff,2
8b2a8ac6490dfff,0
8b2a8ad4bc75fff,2
8b2a8ad5b282fff,15
8b2a8ac63d63fff,2
8b2a8ac60a90fff,5
8b2a8ac6c568fff,15
8b2a8ac60832fff,8
8b2a8a89679efff,0
8b2a8ac64c23fff,2
8b2a8a892395fff,13
8b2a8a892395fff,3
8b2a8ad4a95afff,15
8b2a8a89669dfff,0
8b2a8ac6108bfff,15
8b2a8ad4aba2fff,2
8b2a8ac650e2fff,5
8b2a8ac60b68fff,5
8b2a8ac62a0afff,15
8b2a8a892a6afff,1
8b2a8ac66cd8fff,9
8b2a8ad4bd26fff,2
8b2a8ac6518afff,4
8b2a8ac6518afff,5
8b2a8ad4a530fff,15
8b2a8ad4a20cfff,9
8b2a8ad4a20cfff,0
8b2a8ac65252fff,0
8b2a8ac65252fff,2
8b2a8ad4a99cfff,15
8b2a8ad596dafff,15
8b2a8ac60c08fff,15
8b2a8ac66333fff,15
8b2a8ac64b2cfff,3
8b2a8a892062fff,11
8b2a8ad4a40bfff,15
8b2a8ad4a915fff,15
8b2a8ac63d75fff,2
8b2a8ad4a606fff,15
8b2a8ac61176fff,3
8b2a8ad5b20efff,15
8b2a8ad4a6f6fff,15
8b2a8ad4a6f6fff,2
8b2a8ad4b88bfff,2
8b2a8ac60c02fff,15
8b2a8ac6300dfff,2
8b2a8ac63003fff,2
8b2a8ac64923fff,0
8b2a8ad4b7abfff,0
8b2a8ac64ca2fff,15
8b2a8ac64d22fff,15
8b2a8ac63113fff,2
8b2a8ac6154dfff,15
8b2a8ac6590efff,0
8b2a8ac66ad1fff,15
8b2a8ac638ecfff,15
8b2a8ac64949fff,2
8b2a8a896395fff,0
8b2a8ac62bb2fff,15
8b2a8ac6382efff,2
8b2a8ac6382efff,15
8b2a8ac64984fff,15
8b2a8ac65d2efff,0
8b2a8ad4aac2fff,0
8b2a8ac63021fff,2
8b2a8ac6438bfff,0
8b2a8ad4a322fff,0
8b2a8ac6689dfff,15
8b2a8ad4a19efff,15
8b2a8ad4ad80fff,15
8b2a8ad4b371fff,8
8b2a8ad4b754fff,0
8b2a8ac6319bfff,15
8b2a8a89651cfff,0
8b2a8ac6cb4cfff,6
8b2a8ac62173fff,2
8b2a8ac62173fff,15
8b2a8ac64a5bfff,2
8b2a8ac64a5bfff,1
8b2a8ac65812fff,11
8b2a8ac63d1cfff,15
8b2a8ac60c93fff,15
8b2a8ad48085fff,0
8b2a8ad4e26dfff,15
8b2a8a892022fff,10
8b2a8a89632cfff,0
8b2a8ac60a6cfff,5
8b2a8ac61a53fff,3
8b2a8ad480a3fff,0
8b2a8ad4a051fff,0
8b2a8ad5b24efff,15
8b2a8ac65ad4fff,0
8b2a8ac65ad4fff,1
8b2a8a8924cdfff,3
8b2a8ac6028bfff,2
8b2a8ac6498dfff,0
8b2a8a896744fff,0
8b2a8a8920defff,3
8b2a8ac6c931fff,7
8b2a8ad592e6fff,15
8b2a8ac64529fff,15
8b2a8ad4ac43fff,15
8b2a8ac638adfff,15
8b2a8ac65658fff,5
8b2a8ac65a80fff,1
8b2a8ad4b688fff,0
8b2a8ad4b486fff,2
8b2a8ac64526fff,15
8b2a8ac6474afff,2
8b2a8ac66875fff,15
8b2a8ad4a8f4fff,15
8b2a8ac66c40fff,15
8b2a8ac65aebfff,1
8b2a8ad4a943fff,2
8b2a8ad4a943fff,15
8b2a8ac62a4efff,15
8b2a8ac6414efff,10
8b2a8ac6414efff,8
8b2a8ac6256bfff,15
8b2a8ad59b2bfff,2
8b2a8ac6428dfff,10
8b2a8a892386fff,13
8b2a8a892386fff,10
8b2a8ac64c33fff,15
8b2a8ac64c33fff,2
8b2a8ac6061efff,2
8b2a8ac66218fff,15
8b2a8a8964f3fff,0
8b2a8a892643fff,2
8b2a8ac64a08fff,0
8b2a8ac64a08fff,1
8b2a8ac63944fff,15
8b2a8ac6465dfff,8
8b2a8ac6465dfff,10
8b2a8ad4aaeafff,0
8b2a8ac611b0fff,3
8b2a8ac65d8bfff,8
8b2a8ac65d8bfff,10
8b2a8ad4b735fff,0
8b2a8ad4b735fff,2
8b2a8ad4accbfff,15
8b2a8ac6561dfff,5
8b2a8a893654fff,15
8b2a8a893654fff,6
8b2a8ad4a0aafff,15
8b2a8a89251efff,0
8b2a8ac66430fff,15
8b2a8ac61a50fff,3
8b2a8ac61988fff,3
8b2a8ac64293fff,10
8b2a8ad4b3abfff,0
8b2a8ac602ddfff,2
8b2a8ac602ddfff,15
8b2a8ad4aac3fff,0
8b2a8ac6c013fff,15
8b2a8ac64b8bfff,8
8b2a8ac6316afff,15
8b2a8ac638a1fff,15
8b2a8a89230afff,1
8b2a8ac6009cfff,11
8b2a8ac6009cfff,15
8b2a8ac6119cfff,15
8b2a8ad4b531fff,1
8b2a8ad4b531fff,2
8b2a8ad590d9fff,15
8b2a8ad4a086fff,15
8b2a8ac61832fff,3
8b2a8a892a04fff,0
8b2a8ad4e62efff,15
8b2a8a892d8dfff,0
8b2a8a892d8dfff,7
8b2a8ac618abfff,3
8b2a8ac60a63fff,5
8b2a8ad4b62efff,0
8b2a8ac66ad3fff,15
8b2a8ac64144fff,11
8b2a8ad4a803fff,15
8b2a8ac61952fff,3
8b2a8a89658dfff,0
8b2a8ad4a071fff,0
8b2a8ac61a64fff,3
8b2a8ac65ab3fff,1
8b2a8ac65ab3fff,4
8b2a8ac64410fff,15
8b2a8ac6671cfff,15
8b2a8ac63a43fff,15
8b2a8ac64a6bfff,8
8b2a8ac64a6bfff,2
8b2a8ac64a6bfff,10
8b2a8ac66361fff,15
8b2a8ac63b1cfff,15
8b2a8ac638d2fff,15
8b2a8ac64d31fff,15
8b2a8ac6cd99fff,15
8b2a8ac668d3fff,15
8b2a8ac60dacfff,15
8b2a8ad480b0fff,0
8b2a8ad4e653fff,15
8b2a8ac65b68fff,0
8b2a8a892cebfff,10
8b2a8a89295bfff,0
8b2a8ad4b695fff,8
8b2a8ac64908fff,2
8b2a8ac64908fff,0
8b2a8ad59216fff,15
8b2a8a89240cfff,0
8b2a8ac60230fff,15
8b2a8ac6c921fff,7
8b2a8ac6c921fff,10
8b2a8ad4e201fff,15
8b2a8ac6686dfff,15
8b2a8ac64b52fff,3
8b2a8ac64c1dfff,15
8b2a8ac60781fff,15
8b2a8ac656f1fff,5
8b2a8ad4b8d9fff,2
8b2a8ac62929fff,15
8b2a8ad4a012fff,15
8b2a8ac63b56fff,15
8b2a8ac651aefff,4
8b2a8ad4a29bfff,0
8b2a8ad4e251fff,15
8b2a8ad4a473fff,15
8b2a8a896313fff,0
8b2a8ac642c5fff,10
8b2a8ac642c5fff,0
8b2a8a89210afff,0
8b2a8ac62872fff,15
8b2a8a892c59fff,10
8b2a8ad59353fff,15
8b2a8ac656b6fff,5
8b2a8ad48563fff,0
8b2a8ad48563fff,2
8b2a8ad48563fff,15
8b2a8a892283fff,7
8b2a8a892d34fff,0
8b2a8ac6526bfff,0
8b2a8ad4aa5cfff,2
8b2a8ad4aa5cfff,1
8b2a8a8966cbfff,0
8b2a8ac65318fff,0
8b2a8ac65318fff,11
8b2a8ac61c43fff,3
8b2a8ad4e671fff,15
8b2a8ac66304fff,15
8b2a8ad4b775fff,2
8b2a8ac648f6fff,2
8b2a8ac648f6fff,0
8b2a8ac6141efff,15
8b2a8ad4b00afff,0
8b2a8ad4b00afff,2
8b2a8ac64c15fff,15
8b2a8a8925aefff,0
8b2a8a892110fff,10
8b2a8ac60cf1fff,15
8b2a8ac61da4fff,5
8b2a8ac64921fff,0
8b2a8ac6491efff,0
8b2a8ac65303fff,0
8b2a8ac644b1fff,15
8b2a8a893594fff,6
8b2a8a892086fff,0
8b2a8a892a65fff,1
8b2a8ad486ccfff,2
8b2a8ac65176fff,4
8b2a8ac62846fff,15
8b2a8ac65672fff,5
8b2a8ac60a42fff,5
8b2a8ac6180afff,3
8b2a8a8964c3fff,0
8b2a8ac6088cfff,5
8b2a8ac6088cfff,8
8b2a8ac63b4dfff,15
8b2a8a892544fff,0
8b2a8ac61cc4fff,3
8b2a8ac61cc4fff,5
8b2a8ad5916cfff,15
8b2a8ac60445fff,15
8b2a8a896273fff,2
8b2a8ac6590bfff,1
8b2a8ac6590bfff,2
8b2a8ac6590bfff,0
8b2a8ac635a5fff,15
8b2a8ac602c2fff,15
8b2a8ad593a6fff,15
8b2a8ac660dcfff,15
8b2a8ac64852fff,2
8b2a8ac61369fff,15
8b2a8ad4a91cfff,15
8b2a8ad4aceafff,15
8b2a8ac64d15fff,15
8b2a8a892c32fff,0
8b2a8a892c32fff,10
8b2a8a892c32fff,7
8b2a8a89638cfff,0
8b2a8ad5934efff,15
8b2a8ac62b34fff,15
8b2a8ad59a2bfff,15
8b2a8ad59b20fff,2
8b2a8a8928e8fff,0
8b2a8ac60a23fff,5
8b2a8ac60974fff,10
8b2a8ac638f4fff,15
8b2a8a892320fff,8
8b2a8ac65513fff,5
8b2a8ad4a333fff,0
8b2a8a892518fff,0
8b2a8ac6c741fff,7
8b2a8ad4b35dfff,0
8b2a8a8923a9fff,0
8b2a8ac64695fff,15
8b2a8a8964c0fff,0
8b2a8ac66a56fff,15
8b2a8ad4a233fff,0
8b2a8ac65c92fff,7
8b2a8ac65c92fff,2
8b2a8ac65c92fff,0
8b2a8a892a46fff,1
8b2a8ac6dd11fff,7
8b2a8ad4b6f4fff,0
8b2a8ad4a55bfff,15
8b2a8ac6c825fff,10
8b2a8ac61626fff,15
8b2a8ac631aefff,2
8b2a8ad4e699fff,15
8b2a8a89350dfff,15
8b2a8ac65918fff,0
8b2a8ac60975fff,10
8b2a8ad4856cfff,0
8b2a8ad4e242fff,15
8b2a8ac648a6fff,15
8b2a8ac65c4dfff,4
8b2a8ac65c4dfff,5
8b2a8ac635aefff,15
8b2a8a8936ecfff,6
8b2a8ac66b59fff,15
8b2a8a892c73fff,10
8b2a8ac61855fff,3
8b2a8ad59362fff,15
8b2a8a893702fff,6
8b2a8ac652a0fff,5
8b2a8a896604fff,0
8b2a8ac63553fff,15
8b2a8ac66474fff,15
8b2a8ac6c901fff,7
8b2a8ac6c901fff,10
8b2a8ac63b71fff,15
8b2a8ac61564fff,15
8b2a8ac6558bfff,5
8b2a8ac64685fff,15
8b2a8ac6484dfff,8
8b2a8ac6484dfff,2
8b2a8ac605a1fff,15
8b2a8ac63c8efff,15
8b2a8ac64b94fff,2
8b2a8ac63874fff,2
8b2a8ac63874fff,15
8b2a8ac662f5fff,15
8b2a8ad4a0e9fff,0
8b2a8ac64596fff,15
8b2a8ad59baefff,15
8b2a8ac6cd83fff,15
8b2a8ac65464fff,5
8b2a8ac66a6cfff,15
8b2a8ad4a62bfff,15
8b2a8ac6505cfff,11
8b2a8ac6505cfff,14
8b2a8ad4a692fff,15
8b2a8ac6639bfff,15
8b2a8a89658efff,0
8b2a8ad4b544fff,1
8b2a8ac66768fff,15
8b2a8ac648f0fff,2
8b2a8ad5d348fff,15
8b2a8a896793fff,0
8b2a8ad4a65cfff,15
8b2a8ac64828fff,2
8b2a8ac602defff,2
8b2a8a8928e1fff,0
8b2a8ad59af3fff,15
8b2a8ac6c053fff,3
8b2a8ac6c053fff,15
8b2a8ad5b2c5fff,15
8b2a8ac65106fff,4
8b2a8ac60562fff,2
8b2a8ac60562fff,15
8b2a8ad4b088fff,0
8b2a8ac63c1dfff,15
8b2a8a89632bfff,0
8b2a8ac6212cfff,15
8b2a8ac60798fff,15
8b2a8ad4a324fff,0
8b2a8ac65046fff,14
8b2a8ac64575fff,2
8b2a8ad4b524fff,1
8b2a8ad4b524fff,2
8b2a8a892d5bfff,10
8b2a8a892d5bfff,0
8b2a8ac602a0fff,15
8b2a8ac61d6bfff,3
8b2a8ad4aaaafff,0
8b2a8ac64ba4fff,8
8b2a8ac64ba4fff,2
8b2a8ad48798fff,1
8b2a8ac62271fff,15
8b2a8ac61773fff,15
8b2a8a893618fff,6
8b2a8ac64590fff,15
8b2a8ac6408bfff,2
8b2a8a89256cfff,0
8b2a8a89256cfff,10
8b2a8ad4a182fff,15
8b2a8ad4b415fff,2
8b2a8ac6c743fff,7
8b2a8a89361bfff,6
8b2a8a893498fff,6
8b2a8a892cf5fff,10
8b2a8ac61366fff,15
8b2a8ac60ad9fff,5
8b2a8ac66cecfff,9
8b2a8ac60699fff,2
8b2a8ac60699fff,15
8b2a8a8926a1fff,3
8b2a8a8962e9fff,2
8b2a8ac66670fff,15
8b2a8a8964b5fff,0
8b2a8ac66948fff,15
8b2a8ac6c033fff,15
8b2a8ad4ab28fff,2
8b2a8ac61b93fff,3
8b2a8a893642fff,15
8b2a8ac650d5fff,5
8b2a8ad4a9a2fff,15
8b2a8ad5b2ddfff,15
8b2a8ac653b2fff,5
8b2a8ac60a1bfff,5
8b2a8ac658b6fff,1
8b2a8ac64981fff,15
8b2a8ac64981fff,0
8b2a8ac60ad0fff,5
8b2a8ad4a51efff,15
8b2a8ac64782fff,15
8b2a8ac64782fff,2
8b2a8ac64c36fff,15
8b2a8ac6c94dfff,6
8b2a8ac66a71fff,15
8b2a8ad4a750fff,15
8b2a8a8920d3fff,3
8b2a8ac60534fff,15
8b2a8ac60cc8fff,2
8b2a8ac6028afff,2
8b2a8ac62cc5fff,15
8b2a8a8962d8fff,2
8b2a8ac65668fff,5
8b2a8ad4a940fff,2
8b2a8ad4a940fff,15
8b2a8ac6cb35fff,6
8b2a8ac65c5afff,5
8b2a8ac63c8bfff,15
8b2a8ad4a244fff,9
8b2a8ac6c3b1fff,3
8b2a8a892525fff,0
8b2a8ac609aafff,8
8b2a8ac66324fff,15
8b2a8ad4e2b2fff,15
8b2a8ac64045fff,8
8b2a8ac62d25fff,15
8b2a8ac60af3fff,5
8b2a8ad4a231fff,0
8b2a8ad487a5fff,0
8b2a8ad4a872fff,15
8b2a8a893503fff,15
8b2a8ac60cd9fff,2
8b2a8ac62a56fff,15
8b2a8ad4ab6cfff,2
8b2a8ac61958fff,3
8b2a8ad4b298fff,0
8b2a8ad4aa93fff,0
8b2a8ac62af5fff,15
8b2a8ac650c0fff,5
8b2a8ac60a55fff,5
8b2a8ad4a782fff,15
8b2a8ac6180bfff,3
8b2a8a89622cfff,2
8b2a8ac64496fff,15
8b2a8ad4b99bfff,2
8b2a8a892728fff,3
8b2a8ac654aafff,5
8b2a8ac663a2fff,15
8b2a8ad4a120fff,15
8b2a8ad4a120fff,0
8b2a8ad4a56bfff,15
8b2a8ad59a15fff,2
8b2a8ad59ac0fff,15
8b2a8ac6151efff,15
8b2a8ad4b892fff,2
8b2a8ac6202afff,15
8b2a8a892414fff,3
8b2a8ac668eafff,15
8b2a8ac60118fff,15
8b2a8ac6501bfff,5
8b2a8ac6400cfff,8
8b2a8ad4b474fff,8
8b2a8ad4b474fff,10
8b2a8ac60c6efff,15
8b2a8ac66698fff,15
8b2a8ac61924fff,5
8b2a8ad5914afff,15
8b2a8ac629a6fff,15
8b2a8ac61530fff,15
8b2a8a8934e0fff,6
8b2a8ad4a2b6fff,0
8b2a8ac667a3fff,15
8b2a8ac6138cfff,15
8b2a8a892780fff,3
8b2a8ac66995fff,15
8b2a8ac66ba3fff,2
8b2a8ac6616dfff,15
8b2a8ac65473fff,5
8b2a8ac61682fff,15
8b2a8ac64830fff,2
8b2a8ac64830fff,0
8b2a8a892616fff,3
8b2a8ad4b2b3fff,0
8b2a8ac62cecfff,15
8b2a8ad4b5a0fff,2
8b2a8ad4a859fff,2
8b2a8ad4a859fff,15
8b2a8ad4b582fff,2
8b2a8ac61555fff,15
8b2a8ad4a4d9fff,2
8b2a8a892d28fff,0
8b2a8ac66224fff,15
8b2a8ad4a673fff,15
8b2a8ac65126fff,7
8b2a8ac65126fff,4
8b2a8ac65d35fff,0
8b2a8ac65d35fff,8
8b2a8ac65d35fff,2
8b2a8ac6060afff,2
8b2a8a8924dbfff,3
8b2a8a89250afff,0
8b2a8ac62075fff,2
8b2a8ac62075fff,15
8b2a8ad4b269fff,0
8b2a8ad4b2c1fff,1
8b2a8ad4b2c1fff,0
8b2a8ac6685bfff,15
8b2a8a893518fff,15
8b2a8ac64b5efff,1
8b2a8ac6404efff,0
8b2a8ac61d5dfff,3
8b2a8ac61d5dfff,5
8b2a8ac6011bfff,15
8b2a8ac63ceafff,15
8b2a8ac63329fff,15
8b2a8ac64baafff,8
8b2a8ac64baafff,2
8b2a8ac6014bfff,5
8b2a8a89292bfff,2
8b2a8a89292bfff,0
8b2a8ac6448bfff,15
8b2a8ac66042fff,15
8b2a8ad4b322fff,0
8b2a8ac64802fff,2
8b2a8ac62d76fff,15
8b2a8ad4e296fff,15
8b2a8ac60943fff,5
8b2a8a892794fff,3
8b2a8ac63404fff,15
8b2a8ac604a8fff,15
8b2a8ac64021fff,8
8b2a8ac64021fff,2
8b2a8ac60b08fff,5
8b2a8ac60ae2fff,5
8b2a8a8927a5fff,3
8b2a8ac61a30fff,3
8b2a8ad4a7b4fff,15
8b2a8ad4b652fff,0
8b2a8ac6cc11fff,15
8b2a8a892581fff,0
8b2a8ac64608fff,2
8b2a8ad59a23fff,2
8b2a8a892500fff,0
8b2a8ac64b62fff,3
8b2a8ad4b39cfff,0
8b2a8ac6080efff,5
8b2a8ac6642efff,15
8b2a8ad4b519fff,10
8b2a8ad4b519fff,3
8b2a8ac61636fff,15
8b2a8ac65029fff,14
8b2a8ac6cc22fff,3
8b2a8ac6cc22fff,15
8b2a8ac60711fff,2
8b2a8a8966c1fff,0
8b2a8ac65c33fff,4
8b2a8ac65c33fff,1
8b2a8ad5b2c1fff,15
8b2a8a892d64fff,0
8b2a8a8925b4fff,0
8b2a8ac6380efff,15
8b2a8ac60882fff,15
8b2a8ac60c81fff,15
8b2a8ad59664fff,15
8b2a8ac6049afff,15
8b2a8ac62b09fff,15
8b2a8ac648b2fff,15
8b2a8ac648b2fff,16
8b2a8ad4a422fff,15
8b2a8ad4aa69fff,2
8b2a8ad4aa69fff,1
8b2a8ad48696fff,1
8b2a8ac6c392fff,3
8b2a8ac64b30fff,8
8b2a8ac60850fff,5
8b2a8ac6cd9afff,15
8b2a8ac668aafff,15
8b2a8ac64a13fff,0
8b2a8ac628ebfff,15
8b2a8a8922b6fff,3
8b2a8ac6688afff,15
8b2a8a892babfff,0
8b2a8ac63933fff,2
8b2a8ac64ae9fff,1
8b2a8ac643b3fff,0
8b2a8ac61b23fff,3
8b2a8ac63a8cfff,15
8b2a8ad4e789fff,15
8b2a8ac62040fff,15
8b2a8ac63576fff,15
8b2a8ac63969fff,15
8b2a8ac648c9fff,2
8b2a8a8962e2fff,2
8b2a8ac61433fff,15
8b2a8ac658d2fff,7
8b2a8ac658d2fff,14
8b2a8ad4b6f0fff,0
8b2a8ad4a912fff,15
8b2a8ac60840fff,5
8b2a8ac6082dfff,5
8b2a8ac62162fff,15
8b2a8a892985fff,0
8b2a8ad4b88afff,2
8b2a8ad4b702fff,0
8b2a8ad48409fff,2
8b2a8ad4a95efff,15
8b2a8a892c4afff,10
8b2a8ad5b269fff,15
8b2a8a8905b2fff,2
8b2a8a896761fff,0
8b2a8ac64029fff,8
8b2a8ac64a2cfff,1
8b2a8ac64a2cfff,3
8b2a8ad4b605fff,0
8b2a8ac66252fff,15
8b2a8ac65b10fff,0
8b2a8ac62860fff,15
8b2a8ad4b6c1fff,0
8b2a8ac6610afff,15
8b2a8ad5b26dfff,15
8b2a8ac64341fff,0
8b2a8ac60a8efff,5
8b2a8ad4a8defff,0
8b2a8ac60989fff,8
8b2a8ac6051cfff,15
8b2a8ac60d08fff,15
8b2a8ac617a9fff,15
8b2a8ac611a4fff,3
8b2a8ad4ac8cfff,15
8b2a8a896593fff,11
8b2a8ac6632cfff,15
8b2a8ac62d42fff,15
8b2a8ac65133fff,4
8b2a8ad4b543fff,8
8b2a8ac64a98fff,0
8b2a8ad5969dfff,15
8b2a8ac6ca5bfff,7
8b2a8ad4e76afff,15
8b2a8a896599fff,0
8b2a8a892461fff,0
8b2a8ac61ca3fff,5
8b2a8ac651b0fff,5
8b2a8ac6036cfff,5
8b2a8ac630e5fff,2
8b2a8ac61922fff,3
8b2a8ac61922fff,5
8b2a8ac65d88fff,10
8b2a8ac60d30fff,15
8b2a8ad4e232fff,15
8b2a8ac62d04fff,15
8b2a8ac61d09fff,5
8b2a8ac6644cfff,15
8b2a8ac62a1afff,15
8b2a8ac6490cfff,0
8b2a8ac615a8fff,15
8b2a8a892d98fff,0
8b2a8ad4b32cfff,8
8b2a8ac6291efff,15
8b2a8ac61030fff,3
8b2a8ac61030fff,15
8b2a8ac60d1dfff,15
8b2a8ac65000fff,14
8b2a8ac65000fff,4
8b2a8ac63842fff,15
8b2a8ac6140cfff,15
8b2a8ac6c001fff,15
8b2a8ac6195dfff,3
8b2a8ad4a06cfff,0
8b2a8ac62b63fff,15
8b2a8ac65115fff,4
8b2a8ac62af3fff,15
8b2a8ac64a8dfff,0
8b2a8a8920d1fff,3
8b2a8ac64699fff,15
8b2a8ac60540fff,15
8b2a8ac6094cfff,5
8b2a8ac62341fff,15
8b2a8ac61995fff,5
8b2a8ac6158dfff,15
8b2a8ac62829fff,15
8b2a8ac65570fff,5
8b2a8ac6092efff,10
8b2a8ac610f3fff,15
8b2a8ac60a0cfff,5
8b2a8ac64d76fff,2
8b2a8ac60691fff,15
8b2a8ac60925fff,10
8b2a8ac64d20fff,15
8b2a8ad5b222fff,15
8b2a8ad4ad26fff,15
8b2a8ac64c24fff,2
8b2a8ac65652fff,5
8b2a8ac60388fff,15
8b2a8ad4e252fff,15
8b2a8a892c48fff,10
8b2a8ac60703fff,2
8b2a8ac66008fff,15
8b2a8ac6cb4dfff,6
8b2a8ac65815fff,14
8b2a8ac65815fff,11
8b2a8a892786fff,3
8b2a8a892645fff,2
8b2a8ac644a6fff,15
8b2a8ac61d9afff,5
8b2a8ac64c60fff,16
8b2a8ac6c830fff,7
8b2a8ac6c830fff,11
8b2a8ac660b4fff,15
8b2a8a892b82fff,0
8b2a8ad4a910fff,15
8b2a8ad4b08dfff,0
8b2a8ad596f2fff,15
8b2a8a892c44fff,10
8b2a8ac642dafff,10
8b2a8ac66153fff,15
8b2a8ac6c092fff,15
8b2a8ac66294fff,15
8b2a8ac65783fff,5
8b2a8ad4a75bfff,15
8b2a8ad4a664fff,0
8b2a8ac63532fff,15
8b2a8ac63972fff,2
8b2a8ac6c082fff,15
8b2a8ac639b0fff,2
8b2a8ac61014fff,15
8b2a8ac651b4fff,5
8b2a8ad4a095fff,15
8b2a8ac664eafff,15
8b2a8ac65d51fff,0
8b2a8ac651a0fff,4
8b2a8ac651a0fff,5
8b2a8ac65364fff,0
8b2a8ac66751fff,15
8b2a8ac6c764fff,3
8b2a8ac63b63fff,15
8b2a8ac60098fff,11
8b2a8ac60098fff,15
8b2a8ad596eefff,15
8b2a8ac65515fff,5
8b2a8a893714fff,6
8b2a8a892809fff,0
8b2a8ac61c6afff,3
8b2a8ac6c1a8fff,15
8b2a8a8936f4fff,6
8b2a8a892383fff,10
8b2a8ac60898fff,15
8b2a8ac64581fff,15
8b2a8a89631cfff,0
8b2a8ac60072fff,12
8b2a8ac6cd45fff,3
8b2a8ac66215fff,15
8b2a8ac6462bfff,2
8b2a8ac60b2cfff,5
8b2a8ac62d05fff,15
8b2a8ac63a9dfff,15
8b2a8ac666dafff,15
8b2a8ac60d0efff,15
8b2a8ad4aca9fff,15
8b2a8ac64a74fff,1
8b2a8ac64a74fff,10
8b2a8ac6cd2efff,3
8b2a8ad4a04cfff,0
8b2a8ac6645dfff,15
8b2a8a89252cfff,0
8b2a8ac638dcfff,15
8b2a8ad4e234fff,15
8b2a8ac60794fff,15
8b2a8ac64059fff,0
8b2a8ac600f3fff,11
8b2a8ad4ac06fff,15
8b2a8ac63b09fff,15
8b2a8ac62868fff,15
8b2a8ac60372fff,5
8b2a8ac60372fff,15
8b2a8ad4a329fff,0
8b2a8ac61ac8fff,3
8b2a8ac61ac8fff,15
8b2a8ac66d5dfff,15
8b2a8ad4a91afff,15
8b2a8a8937a0fff,6
8b2a8ad4ad8afff,15
8b2a8ac60821fff,5
8b2a8ac60821fff,8
8b2a8ad59376fff,15
8b2a8ac6c232fff,10
8b2a8ac65300fff,0
8b2a8ac66181fff,15
8b2a8ac65934fff,0
8b2a8ac6602bfff,15
8b2a8ad592adfff,15
8b2a8ac641b1fff,15
8b2a8ac64d21fff,15
8b2a8ac64d21fff,2
8b2a8ac648a8fff,0
8b2a8ad590cbfff,15
8b2a8a892c45fff,10
8b2a8ac63566fff,15
8b2a8ac60755fff,2
8b2a8ac63db4fff,15
8b2a8ac60c66fff,15
8b2a8ac6c10bfff,15
8b2a8ad4a913fff,15
8b2a8ad4a626fff,15
8b2a8ac61c53fff,3
8b2a8ad5921bfff,15
8b2a8ac649b5fff,15
8b2a8a892328fff,1
8b2a8a89269afff,3
8b2a8ac6135dfff,15
8b2a8ac61624fff,15
8b2a8ac6499afff,15
8b2a8ac60a5bfff,5
8b2a8a892d9efff,0
8b2a8ac61a70fff,3
8b2a8ac65ae3fff,1
8b2a8ac65ae3fff,0
8b2a8ac64571fff,2
8b2a8ac642e1fff,0
8b2a8ac656cdfff,5
8b2a8ad48469fff,0
8b2a8ac6dd0cfff,7
8b2a8ac608ddfff,5
8b2a8ac655acfff,5
8b2a8ac63528fff,15
8b2a8a8967adfff,0
8b2a8ad4ad8efff,15
8b2a8ad4b35bfff,0
8b2a8ac65c8cfff,4
8b2a8ac66b9bfff,2
8b2a8ad4ba83fff,0
8b2a8ac602f0fff,15
8b2a8ad484a5fff,2
8b2a8ac61b92fff,3
8b2a8ac65a61fff,0
8b2a8a892802fff,0
8b2a8ac64a62fff,10
8b2a8ac60daafff,15
8b2a8ac60da8fff,15
8b2a8ac60cddfff,2
8b2a8ac60113fff,13
8b2a8ac60113fff,15
8b2a8ac66212fff,15
8b2a8ad4ac5cfff,15
8b2a8a8924acfff,3
8b2a8ac6dd9cfff,7
8b2a8ac63b5dfff,15
8b2a8ac657a2fff,5
8b2a8ad48596fff,15
8b2a8ac61883fff,3
8b2a8ad4b341fff,0
8b2a8ad4b341fff,8
8b2a8ac60448fff,15
8b2a8ac66433fff,15
8b2a8ac63a65fff,15
8b2a8ac64c66fff,16
8b2a8ac60790fff,15
8b2a8ad4b752fff,0
8b2a8ac65aa0fff,1
8b2a8ac65aa0fff,0
8b2a8ad4846dfff,0
8b2a8ad4a864fff,2
8b2a8ad4a864fff,15
8b2a8ad4ab5afff,2
8b2a8ac66aeafff,15
8b2a8ad48544fff,2
8b2a8ad48544fff,15
8b2a8a8935a4fff,6
8b2a8a892d94fff,0
8b2a8a892d94fff,1
8b2a8ad4a74dfff,0
8b2a8ad59a2dfff,15
8b2a8ad4e2d4fff,15
8b2a8ac6405cfff,0
8b2a8a892c54fff,10
8b2a8ac60d14fff,15
8b2a8ac66831fff,15
8b2a8ac75b02fff,15
8b2a8a892653fff,2
8b2a8ac667b5fff,15
8b2a8a892badfff,0
8b2a8ad4a806fff,15
8b2a8ac66a74fff,15
8b2a8a892c80fff,0
8b2a8ac63c80fff,15
8b2a8a89361cfff,6
8b2a8ad4a1a3fff,15
8b2a8ac61d96fff,5
8b2a8ac64cf2fff,15
8b2a8ac6678afff,15
8b2a8ac64cd0fff,15
8b2a8a892940fff,2
8b2a8ac66140fff,15
8b2a8ad5b391fff,15
8b2a8ad4aa0dfff,2
8b2a8ac60951fff,5
8b2a8ac6551afff,5
8b2a8ac616e6fff,15
8b2a8ad4b7b2fff,1
8b2a8ad4b7b2fff,10
8b2a8ac61482fff,15
8b2a8ac6052afff,15
8b2a8ac63b43fff,15
8b2a8ad4abadfff,2
8b2a8ac60c63fff,15
8b2a8ac63859fff,15
8b2a8ac65b28fff,0
8b2a8ac6688efff,15
8b2a8a892aa9fff,0
8b2a8ac664f6fff,15
8b2a8ad48511fff,15
8b2a8ac64648fff,8
8b2a8ac64648fff,10
8b2a8a893509fff,6
8b2a8a893509fff,15
8b2a8a896428fff,0
8b2a8ad4a4c8fff,2
8b2a8ac62274fff,15
8b2a8ad5b2eafff,15
8b2a8a8924a2fff,3
8b2a8ac65d44fff,0
8b2a8ac66001fff,15
8b2a8ac6ccadfff,15
8b2a8ac63c26fff,15
8b2a8ad4bcacfff,2
8b2a8ad4bcacfff,10
8b2a8ac61702fff,15
8b2a8ac6c118fff,15
8b2a8ac60c1dfff,15
8b2a8ad59264fff,15
8b2a8ac63129fff,15
8b2a8ac6c315fff,10
8b2a8ac6c315fff,2
8b2a8ac63ae1fff,15
8b2a8ac62863fff,15
8b2a8ac652c9fff,2
8b2a8ad596cefff,15
8b2a8ac62a24fff,15
8b2a8ad486d5fff,2
8b2a8ac63a26fff,15
8b2a8ad4bc14fff,2
8b2a8ac6536cfff,0
8b2a8ac60b20fff,5
8b2a8ac6c754fff,7
8b2a8ac63955fff,2
8b2a8ac60354fff,15
8b2a8ac66ac6fff,15
8b2a8ac600eafff,15
8b2a8ac645a1fff,15
8b2a8ac6145dfff,15
8b2a8ac65508fff,5
8b2a8ac63411fff,15
8b2a8ac60916fff,8
8b2a8ac648b5fff,15
8b2a8ac648b5fff,16
8b2a8ac60846fff,5
8b2a8a892975fff,2
8b2a8ac64986fff,15
8b2a8ac652c8fff,2
8b2a8ac662adfff,15
8b2a8ad4a529fff,15
8b2a8a893523fff,15
8b2a8ac6c974fff,10
8b2a8ac66132fff,15
8b2a8ac62a96fff,2
8b2a8ad4a56efff,15
8b2a8ac61b08fff,3
8b2a8ac61b8cfff,3
8b2a8ac66209fff,15
8b2a8a8966cafff,0
8b2a8ac64354fff,0
8b2a8ac6109afff,15
8b2a8ad48519fff,15
8b2a8ad59372fff,15
8b2a8ac64925fff,0
8b2a8ac649acfff,0
8b2a8ac61831fff,3
8b2a8ac628d3fff,15
8b2a8ac6c74afff,7
8b2a8ac6474cfff,0
8b2a8ac6474cfff,2
8b2a8ac61bacfff,3
8b2a8ad4b2f1fff,0
8b2a8ac60cabfff,15
8b2a8ac65c4efff,5
8b2a8ac64cdefff,15
8b2a8a892450fff,0
8b2a8ad4a8a8fff,15
8b2a8ac60232fff,15
8b2a8ad48781fff,0
8b2a8ac64d50fff,2
8b2a8ac62928fff,15
8b2a8a8936e6fff,6
8b2a8ad59ae1fff,15
8b2a8ac6461cfff,2
8b2a8ac60b51fff,5
8b2a8ac66341fff,15
8b2a8ac66873fff,15
8b2a8ac64d64fff,15
8b2a8ac6661dfff,15
8b2a8ad4b4ecfff,10
8b2a8ad5b286fff,15
8b2a8ac66af1fff,15
8b2a8a892a33fff,0
8b2a8ac66ce1fff,9
8b2a8ad4b4a8fff,2
8b2a8ac66b14fff,15
8b2a8ac63ad2fff,15
8b2a8ad4e2e3fff,15
8b2a8ac64cc2fff,15
8b2a8ac66701fff,15
8b2a8ad4a459fff,15
8b2a8ac66599fff,15
8b2a8ad4b450fff,10
8b2a8ac66846fff,15
8b2a8ad5935efff,15
8b2a8ad4aca6fff,15
8b2a8ad5b36afff,15
8b2a8ac65298fff,5
8b2a8ac628a5fff,15
8b2a8ac60596fff,15
8b2a8ad59ad0fff,15
8b2a8ac6c766fff,3
8b2a8ac61caafff,5
8b2a8ac64945fff,2
8b2a8a892d43fff,0
8b2a8ac6c054fff,7
8b2a8ac6c054fff,15
8b2a8ac65872fff,1
8b2a8ac65872fff,11
8b2a8ac6442afff,15
8b2a8ac6442afff,2
8b2a8ac6c8e4fff,7
8b2a8ac66755fff,15
8b2a8a892b83fff,0
8b2a8a893755fff,6
8b2a8ad4b764fff,0
8b2a8ad4b764fff,2
8b2a8ad4b753fff,0
8b2a8a892984fff,0
8b2a8ac6cd76fff,3
8b2a8ac62996fff,15
8b2a8ac651a6fff,4
8b2a8ac651a6fff,5
8b2a8ac6485dfff,2
8b2a8a892d16fff,0
8b2a8a892568fff,0
8b2a8ac61913fff,3
8b2a8ac62912fff,15
8b2a8ac6c8a2fff,3
8b2a8ac664c8fff,15
8b2a8ad4819efff,0
8b2a8ac64001fff,8
8b2a8ac61588fff,15
8b2a8a8962a9fff,2
8b2a8ac63c85fff,15
8b2a8a892a93fff,8
8b2a8a892a93fff,11
8b2a8ac61804fff,3
8b2a8ac61a0afff,3
8b2a8a892cb6fff,0
8b2a8ad5d34cfff,15
8b2a8a892cb0fff,0
8b2a8ac62d45fff,15
8b2a8ac62906fff,15
8b2a8ad4b34dfff,0
8b2a8ad4b34dfff,8
8b2a8ad4b248fff,0
8b2a8ac6539dfff,2
8b2a8ac6539dfff,5
8b2a8ad593b5fff,15
8b2a8a892505fff,0
8b2a8ac64c45fff,16
8b2a8ad5964efff,15
8b2a8ac600e3fff,11
8b2a8ac600e3fff,7
8b2a8ac600e3fff,15
8b2a8ad5b3acfff,15
8b2a8ac63a42fff,15
8b2a8ad4b621fff,0
8b2a8ac6138efff,15
8b2a8ac64464fff,2
8b2a8ac65560fff,5
8b2a8ac65da0fff,10
8b2a8ac61cf1fff,5
8b2a8ac6522cfff,0
8b2a8a892043fff,8
8b2a8ac647a1fff,2
8b2a8ad59ac6fff,15
8b2a8ad48494fff,2
8b2a8ad4b46bfff,0
8b2a8a8926b4fff,3
8b2a8ac64b9efff,2
8b2a8ac63a98fff,15
8b2a8a892901fff,2
8b2a8a892901fff,0
8b2a8ac606e8fff,2
8b2a8ac613a8fff,15
8b2a8ac62b65fff,15
8b2a8ac656dcfff,5
8b2a8ad4ac76fff,15
8b2a8ad4bad8fff,8
8b2a8ad4bad8fff,0
8b2a8a8922d4fff,10
8b2a8ac6c74dfff,7
8b2a8a8964cefff,0
8b2a8ac652cefff,3
8b2a8ac652cefff,2
8b2a8ac66cf5fff,9
8b2a8ad4a128fff,0
8b2a8ac6699afff,15
8b2a8ac61195fff,15
8b2a8ad4a271fff,9
8b2a8ac64561fff,2
8b2a8ac6214dfff,15
8b2a8ac65b6afff,0
8b2a8ac64019fff,8
8b2a8ad4b011fff,0
8b2a8ac644d2fff,15
8b2a8ac60cd1fff,15
8b2a8ac60188fff,13
8b2a8ac60188fff,2
8b2a8ac63960fff,15
8b2a8ac66683fff,15
8b2a8ac62818fff,15
8b2a8ac61094fff,15
8b2a8ac6101efff,15
8b2a8ad4b518fff,10
8b2a8ad4b518fff,2
8b2a8ad4b518fff,3
8b2a8a8922cdfff,6
8b2a8ac61b4afff,3
8b2a8ac66c68fff,15
8b2a8a8936abfff,6
8b2a8ac64114fff,15
8b2a8ac64114fff,16
8b2a8ad5b254fff,15
8b2a8ad59a72fff,15
8b2a8ac65850fff,11
8b2a8ac6048afff,15
8b2a8a89285dfff,0
8b2a8ac60474fff,15
8b2a8ac60b4afff,5
8b2a8ac60658fff,2
8b2a8ac61ca9fff,5
8b2a8ad4e235fff,15
8b2a8ad4a418fff,15
8b2a8ad4b69cfff,8
8b2a8ac639a1fff,2
8b2a8ac65c9efff,5
8b2a8ac65c9efff,7
8b2a8ac60b71fff,5
8b2a8a892508fff,0
8b2a8ad4a035fff,15
8b2a8ad4a035fff,0
8b2a8ac659a8fff,11
8b2a8ad59050fff,15
8b2a8ac61674fff,15
8b2a8ac65434fff,5
8b2a8ad48402fff,2
8b2a8ad4b61dfff,0
8b2a8ac63119fff,2
8b2a8ac6390dfff,2
8b2a8ac61316fff,15
8b2a8ac645b0fff,15
8b2a8ac628edfff,15
8b2a8a892c2dfff,2
8b2a8ad4a8cbfff,0
8b2a8ac66230fff,15
8b2a8ac65a14fff,0
8b2a8ad4a92efff,15
8b2a8ac65ae9fff,1
8b2a8ac644e5fff,2
8b2a8ac64761fff,0
8b2a8ac6c0a6fff,15
8b2a8ad484dafff,2
8b2a8ac64d6efff,15
8b2a8ac60381fff,15
8b2a8ad4852cfff,15
8b2a8ad59a8efff,15
8b2a8ac6641afff,15
8b2a8ac6c9b6fff,3
8b2a8ac6315bfff,2
8b2a8ac64158fff,10
8b2a8ac64158fff,8
8b2a8a892580fff,0
8b2a8ac6cad2fff,10
8b2a8ac60412fff,15
8b2a8ac616f2fff,15
8b2a8ad4b495fff,2
8b2a8ad4a80afff,15
8b2a8a89280efff,0
8b2a8a89308dfff,15
8b2a8ad4b74bfff,0
8b2a8ac62ba9fff,15
8b2a8ad4bccefff,0
8b2a8a89358dfff,6
8b2a8ac60b41fff,5
8b2a8ac62302fff,2
8b2a8ac62302fff,15
8b2a8ac6431bfff,0
8b2a8ad48521fff,15
8b2a8ac64692fff,15
8b2a8ac63565fff,15
8b2a8ac62901fff,15
8b2a8ad4a089fff,15
8b2a8ac62365fff,15
8b2a8ac60d62fff,15
8b2a8ac66a00fff,15
8b2a8a892013fff,10
8b2a8ac6062afff,2
8b2a8ac614d0fff,15
8b2a8ac66428fff,15
8b2a8ad59310fff,15
8b2a8ad4a4e5fff,15
8b2a8ac60291fff,2
8b2a8ac6cd14fff,3
8b2a8ac63849fff,15
8b2a8ad4a28efff,0
8b2a8a8937b6fff,6
8b2a8ac646f4fff,15
8b2a8ac646f4fff,2
8b2a8ac64c5dfff,15
8b2a8ac668c1fff,15
8b2a8ad4b00bfff,0
8b2a8ad4b00bfff,2
8b2a8ad4ac59fff,15
8b2a8ac609abfff,8
8b2a8ac65543fff,5
8b2a8ad4b434fff,2
8b2a8ac6192efff,3
8b2a8ac640c3fff,0
8b2a8ac640c3fff,8
8b2a8ac600ebfff,15
8b2a8ac61d8dfff,5
8b2a8ac61a73fff,3
8b2a8ac61c1bfff,5
8b2a8ac635b4fff,15
8b2a8ad4bc2efff,2
8b2a8ac602e0fff,15
8b2a8ac65b49fff,0
8b2a8ad5b333fff,15
8b2a8ad59745fff,15
8b2a8ac6671dfff,15
8b2a8ad48553fff,2
8b2a8ac65a2afff,0
8b2a8ad59b0efff,2
8b2a8ad4a18dfff,15
8b2a8a892dabfff,1
8b2a8a892dabfff,7
8b2a8a893554fff,6
8b2a8a892843fff,0
8b2a8ac60a10fff,5
8b2a8ac66335fff,15
8b2a8ac6025cfff,15
8b2a8ad596a6fff,15
8b2a8ad484dcfff,2
8b2a8ac62151fff,2
8b2a8ac65921fff,1
8b2a8ac65921fff,0
8b2a8ac66a5efff,15
8b2a8ad4bd8bfff,1
8b2a8ad4bd8bfff,2
8b2a8ac66a12fff,15
8b2a8ac66a12fff,2
8b2a8ac66a1bfff,15
8b2a8ad4e64efff,15
8b2a8ad4b08cfff,0
8b2a8ac60026fff,15
8b2a8ac64a32fff,8
8b2a8ac6425cfff,0
8b2a8ac6cd2afff,3
8b2a8ac63b19fff,15
8b2a8ad4a96cfff,2
8b2a8ad4a96cfff,15
8b2a8a8966d2fff,0
8b2a8ac65386fff,11
8b2a8ac65386fff,5
8b2a8ac6434bfff,2
8b2a8ac62160fff,15
8b2a8ac6449dfff,15
8b2a8a892834fff,0
8b2a8ac646e3fff,15
8b2a8ad4ad85fff,15
8b2a8ac63a54fff,15
8b2a8ad484d2fff,2
8b2a8a892596fff,3
8b2a8a892596fff,2
8b2a8ac63c46fff,2
8b2a8ac63c46fff,15
8b2a8ac648e6fff,2
8b2a8ad4b62afff,0
8b2a8ad4bcc9fff,0
8b2a8ac66213fff,15
8b2a8ac614e2fff,15
8b2a8ac62ae0fff,15
8b2a8ac63b2cfff,15
8b2a8a892561fff,0
8b2a8ad4a6d8fff,2
8b2a8ac62ceefff,15
8b2a8ac65b9dfff,0
8b2a8ac65b9dfff,4
8b2a8ac663b0fff,15
8b2a8ac602d0fff,2
8b2a8ac602d0fff,15
8b2a8a8936c1fff,6
8b2a8ac638f0fff,15
8b2a8ad4bacbfff,8
8b2a8ad4bacbfff,0
8b2a8a892a8bfff,8
8b2a8ac6515efff,14
8b2a8ac64b31fff,8
8b2a8ac6c014fff,15
8b2a8ad4b229fff,0
8b2a8ad59b1afff,15
8b2a8ad59b1afff,2
8b2a8ac63812fff,15
8b2a8ad4a320fff,0
8b2a8ac65b06fff,0
8b2a8ad4e644fff,15
8b2a8ac6512efff,7
8b2a8ac6512efff,4
8b2a8ad4b643fff,0
8b2a8ac6c776fff,3
8b2a8ac6c776fff,7
8b2a8ac64d1cfff,15
8b2a8ac64d1cfff,2
8b2a8a892750fff,3
8b2a8ac652d1fff,3
8b2a8ac60430fff,15
8b2a8ad486c5fff,2
8b2a8ac65d11fff,0
8b2a8ac65d11fff,1
8b2a8ad486c2fff,2
8b2a8ad59b9efff,15
8b2a8ac64cb5fff,15
8b2a8a896629fff,0
8b2a8ac65526fff,5
8b2a8ac65922fff,1
8b2a8ac65922fff,0
8b2a8ac60aa8fff,5
8b2a8ac66285fff,15
8b2a8ad5b66dfff,15
8b2a8ad59744fff,15
8b2a8a8922d6fff,2
8b2a8a8922d6fff,10
8b2a8ad4bd36fff,2
8b2a8ac65cb5fff,8
8b2a8ac65cb5fff,2
8b2a8ad4840cfff,2
8b2a8ad4a72bfff,15
8b2a8ac628e3fff,15
8b2a8ac63c20fff,2
8b2a8ac63c20fff,15
8b2a8ac6c1abfff,15
8b2a8ad48434fff,15
8b2a8ac64291fff,10
8b2a8ac60421fff,15
8b2a8ad4b4f6fff,2
8b2a8ac64454fff,2
8b2a8ad59b8efff,15
8b2a8ac60531fff,15
8b2a8ac6284cfff,15
8b2a8ad4b558fff,8
8b2a8ad4b558fff,10
8b2a8ad5d24efff,15
8b2a8a893685fff,6
8b2a8ad4a631fff,15
8b2a8ac61146fff,3
8b2a8ac615a9fff,15
8b2a8ac616a5fff,15
8b2a8ac64d1bfff,15
8b2a8ac64d1bfff,2
8b2a8ad59aa3fff,15
8b2a8ad59aa3fff,2
8b2a8ac66089fff,15
8b2a8ac62240fff,15
8b2a8ad4a2eefff,2
8b2a8ad59ac5fff,15
8b2a8ad59a8bfff,15
8b2a8ad4aa92fff,0
8b2a8ac66b66fff,15
8b2a8ac6c108fff,15
8b2a8ac62a51fff,15
8b2a8ac62828fff,15
8b2a8ac61360fff,15
8b2a8ad484ebfff,2
8b2a8ac6dd90fff,7
8b2a8ac613b4fff,15
8b2a8a892209fff,0
8b2a8ad5932efff,15
8b2a8ac63a80fff,15
8b2a8ac61709fff,15
8b2a8ac63a09fff,15
8b2a8a892a58fff,1
8b2a8ac6c3a0fff,10
8b2a8ac6c3a0fff,3
8b2a8a892ba4fff,0
8b2a8a892d73fff,0
8b2a8ad4a566fff,15
8b2a8ac6cd36fff,3
8b2a8ac628dafff,15
8b2a8ac64d80fff,15
8b2a8ac6c3b2fff,3
8b2a8a892cdefff,0
8b2a8ac638c8fff,15
8b2a8ac63ab3fff,15
8b2a8ac64b53fff,1
8b2a8ac64b53fff,3
8b2a8ac63ba0fff,15
8b2a8a896485fff,0
8b2a8ac666e2fff,15
8b2a8ad4a340fff,1
8b2a8ad4a340fff,0
8b2a8ad4e2f6fff,15
8b2a8ac640a1fff,15
8b2a8ac640a1fff,2
8b2a8ac62922fff,15
8b2a8a8928ccfff,11
8b2a8a8928ccfff,0
8b2a8ac60225fff,15
8b2a8ad4ac46fff,15
8b2a8ad4809efff,0
8b2a8a8963a8fff,0
8b2a8ad4a7aafff,15
8b2a8ac6385afff,15
8b2a8a892350fff,0
8b2a8ac6576bfff,5
8b2a8ac650cafff,5
8b2a8ac64223fff,0
8b2a8ac63a4dfff,15
8b2a8ad59688fff,15
8b2a8ac6644bfff,15
8b2a8a892948fff,2
8b2a8a892948fff,0
8b2a8ac61565fff,15
8b2a8ac61344fff,15
8b2a8ac6c0cefff,3
8b2a8ad4b726fff,0
8b2a8ad4b726fff,2
8b2a8ad4a790fff,15
8b2a8ad4a790fff,2
8b2a8a892a10fff,0
8b2a8ac64686fff,15
8b2a8ac660defff,15
8b2a8ad48449fff,0
8b2a8a8920a1fff,0
8b2a8a8920a1fff,10
8b2a8ad4a35dfff,1
8b2a8ad4a35dfff,2
8b2a8ac6486efff,2
8b2a8a892ad1fff,1
8b2a8a892ad1fff,8
8b2a8a892ad1fff,0
8b2a8ac66d64fff,15
8b2a8ac614cefff,15
8b2a8ac6c936fff,2
8b2a8ac6caf3fff,10
8b2a8ac6caf3fff,7
8b2a8ac6cd9dfff,15
8b2a8ac6c393fff,3
8b2a8ac63c4dfff,2
8b2a8ac64693fff,15
8b2a8ac6188dfff,3
8b2a8ac666f2fff,15
8b2a8ac64542fff,2
8b2a8ac6c775fff,3
8b2a8ad4ad8dfff,15
8b2a8ac61756fff,15
8b2a8ac63426fff,15
8b2a8ac61311fff,15
8b2a8ac61aebfff,3
8b2a8ac604d3fff,15
8b2a8a892824fff,0
8b2a8ac6cc2afff,15
8b2a8a892d02fff,0
8b2a8a89355dfff,6
8b2a8ad4a34bfff,1
8b2a8ad4a34bfff,2
8b2a8ad4a34bfff,2
8b2a8a8926d6fff,3
8b2a8ac6c3a5fff,10
8b2a8ad4a100fff,0
8b2a8ac63c0bfff,15
8b2a8ad59058fff,15
8b2a8ac65a42fff,1
8b2a8ac640eefff,0
8b2a8ac640eefff,8
8b2a8ad4b0b5fff,0
8b2a8ad4e654fff,15
8b2a8ad4a573fff,15
8b2a8ac64cc6fff,15
8b2a8ac61c45fff,3
8b2a8ad5ba65fff,15
8b2a8ac64016fff,15
8b2a8ac6c1b0fff,15
8b2a8ad48584fff,15
8b2a8ac6670efff,15
8b2a8ac65b1bfff,0
8b2a8a8936ebfff,6
8b2a8a896600fff,0
8b2a8ad5d36bfff,15
8b2a8ac61959fff,3
8b2a8ac6ca9efff,7
8b2a8ac65c63fff,4
8b2a8ac65c63fff,1
8b2a8ad4a90dfff,15
8b2a8ac6482efff,2
8b2a8ac65075fff,14
8b2a8ac6149afff,15
8b2a8ad4ad65fff,15
8b2a8a8928e2fff,0
8b2a8ac66101fff,15
8b2a8ac65460fff,5
8b2a8ad48736fff,0
8b2a8ac6144efff,15
8b2a8a892c8afff,0
8b2a8ad4a0e5fff,0
8b2a8a89270cfff,3
8b2a8ad4a822fff,15
8b2a8a896796fff,0
8b2a8ac63195fff,15
8b2a8ad596a0fff,15
8b2a8ac6318efff,15
8b2a8a8962d4fff,2
8b2a8ad4bdadfff,1
8b2a8ad4bdadfff,2
8b2a8ad4a105fff,0
8b2a8ac61544fff,15
8b2a8ac60ab6fff,5
8b2a8a8936d6fff,6
8b2a8a8936d6fff,7
8b2a8ad4e60efff,15
8b2a8ad4b622fff,0
8b2a8ac66a9efff,15
8b2a8ac61775fff,15
8b2a8ac60c1efff,15
8b2a8ad596d1fff,15
8b2a8ac62128fff,15
8b2a8a89649dfff,0
8b2a8ac60054fff,12
8b2a8ac60054fff,15
8b2a8a892804fff,0
8b2a8ac62260fff,15
8b2a8ac656eafff,5
8b2a8ad4a32dfff,0
8b2a8ad5929afff,15
8b2a8ad4b399fff,0
8b2a8ac65cc1fff,5
8b2a8ad4b403fff,10
8b2a8ac63b9efff,15
8b2a8ac66a19fff,15
8b2a8ad4a94afff,2
8b2a8ad4a94afff,15
8b2a8a892055fff,10
8b2a8a892055fff,11
8b2a8ad4e28cfff,15
8b2a8ac6cc4dfff,15
8b2a8ac65948fff,11
8b2a8a892511fff,0
8b2a8ac6c56afff,15
8b2a8ac66372fff,15
8b2a8ac60baefff,5
8b2a8ac66c00fff,15
8b2a8ac6652cfff,9
8b2a8ac60425fff,15
8b2a8ad5b30cfff,15
8b2a8ac604dbfff,15
8b2a8ad4b6b0fff,8
8b2a8ad59373fff,15
8b2a8ac6000dfff,7
8b2a8ac6000dfff,12
8b2a8ac65720fff,5
8b2a8ac64c5cfff,15
8b2a8a892af2fff,0
8b2a8ac60500fff,15
8b2a8ad4a184fff,15
8b2a8ac668c8fff,15
8b2a8a89221afff,0
8b2a8ac65261fff,0
8b2a8ac61010fff,15
8b2a8ac644ccfff,15
8b2a8ac6ca0dfff,7
8b2a8ac604aafff,15
8b2a8ac6c02bfff,7
8b2a8ac6c02bfff,15
8b2a8a892452fff,0
8b2a8ac62843fff,15
8b2a8ac6140dfff,15
8b2a8a892cdcfff,0
8b2a8a892cdcfff,10
8b2a8ac6006bfff,15
8b2a8ac6419bfff,2
8b2a8ac6560afff,5
8b2a8ad4bd20fff,2
8b2a8ac64d81fff,15
8b2a8ac6620bfff,15
8b2a8ad4e634fff,15
8b2a8ad4abaafff,2
8b2a8ad4abaafff,0
8b2a8ac64270fff,0
8b2a8ac65a5dfff,1
8b2a8ac65a5dfff,0
8b2a8ac65c1bfff,4
8b2a8ac608defff,5
8b2a8ac642e0fff,0
8b2a8ac656dbfff,5
8b2a8a896236fff,0
8b2a8ad4b375fff,8
8b2a8a892726fff,3
8b2a8ac63b5afff,15
8b2a8ac65276fff,0
8b2a8ac6cb29fff,6
8b2a8ac6204efff,15
8b2a8a892105fff,0
8b2a8ac6384efff,15
8b2a8ac63a18fff,15
8b2a8ad4b1b3fff,0
8b2a8ac6452dfff,15
8b2a8ac6c95afff,7
8b2a8ad4b602fff,0
8b2a8ac60001fff,7
8b2a8ac60001fff,12
8b2a8ac62b1cfff,15
8b2a8ac6085bfff,5
8b2a8ad4b4c5fff,10
8b2a8ad4b4c5fff,2
8b2a8ad59a90fff,15
8b2a8ac60273fff,15
8b2a8ac60dabfff,15
8b2a8ac63da1fff,15
8b2a8ad4a74cfff,0
8b2a8ad5b2e5fff,15
8b2a8ac66654fff,15
8b2a8ac66965fff,15
8b2a8ad4b698fff,2
8b2a8ad4b698fff,8
8b2a8ac6551efff,5
8b2a8ac61a44fff,3
8b2a8ac6420efff,0
8b2a8a89349efff,6
8b2a8ac65051fff,14
8b2a8ac61806fff,3
8b2a8ad4a410fff,15
8b2a8ac62966fff,15
8b2a8ac64968fff,2
8b2a8ac63d99fff,15
8b2a8ac6424cfff,0
8b2a8ac64b2efff,3
8b2a8ac64b2efff,8
8b2a8ac63a91fff,15
8b2a8ac61695fff,15
8b2a8ac642cbfff,10
8b2a8ad4a2edfff,2
8b2a8ad4a2edfff,9
8b2a8ad5b342fff,15
8b2a8a892121fff,0
8b2a8a896280fff,0
8b2a8ac62076fff,15
8b2a8ac6410cfff,2
8b2a8ac6cb76fff,6
8b2a8ad4b223fff,2
8b2a8ac66883fff,15
8b2a8ac648dbfff,11
8b2a8ac648dbfff,2
8b2a8ac63d1afff,15
8b2a8a8923b2fff,13
8b2a8ad4b28efff,0
8b2a8ad4a6dbfff,2
8b2a8ac6c056fff,15
8b2a8ac63155fff,15
8b2a8ac61602fff,15
8b2a8ac60528fff,15
8b2a8a893621fff,15
8b2a8a893621fff,6
8b2a8ac60cb1fff,15
8b2a8ad4a364fff,0
8b2a8ad4e2c0fff,15
8b2a8ac648cbfff,2
8b2a8ad4bc25fff,2
8b2a8ac63c53fff,15
8b2a8ac60d1bfff,15
8b2a8a893799fff,6
8b2a8ac66c9dfff,15
8b2a8ac638c0fff,15
8b2a8ac64a2bfff,1
8b2a8a892715fff,3
8b2a8ac62008fff,15
8b2a8ad4e75efff,15
8b2a8ac64ac1fff,0
8b2a8ad59668fff,15
8b2a8ac64259fff,0
8b2a8a892d4dfff,0
8b2a8ac60355fff,15
8b2a8ad5b32bfff,15
8b2a8a892953fff,2
8b2a8ac66898fff,15
8b2a8ac60acafff,5
8b2a8ac66c48fff,15
8b2a8ac63b32fff,15
8b2a8ad4a706fff,15
8b2a8ad4ad2efff,15
8b2a8a89664bfff,0
8b2a8ac65a48fff,0
8b2a8ac65370fff,0
8b2a8ac60384fff,15
8b2a8a89284afff,0
8b2a8ac65c03fff,4
8b2a8a892c51fff,10
8b2a8a8937aefff,6
8b2a8ad4a313fff,0
8b2a8a892d33fff,0
8b2a8a892a4efff,1
8b2a8ac6cd25fff,3
8b2a8ad4a0f4fff,15
8b2a8ac65853fff,11
8b2a8ad59a81fff,15
8b2a8ac6689efff,15
8b2a8ac64721fff,2
8b2a8ac661a1fff,15
8b2a8ac64c13fff,15
8b2a8ad4a8e0fff,15
8b2a8ad4a435fff,15
8b2a8ac604f4fff,15
8b2a8a892543fff,0
8b2a8ac62343fff,15
8b2a8ad4b509fff,10
8b2a8ad4b509fff,3
8b2a8ac602f2fff,15
8b2a8ac62d4efff,15
8b2a8a896621fff,0
8b2a8ad4a724fff,15
8b2a8ad59ac3fff,15
8b2a8ad593a4fff,15
8b2a8ac6445afff,2
8b2a8ac66853fff,15
8b2a8ac610edfff,15
8b2a8ac61870fff,3
8b2a8ac6c10efff,15
8b2a8ac65241fff,0
8b2a8a8934aafff,6
8b2a8a8965adfff,0
8b2a8ac62892fff,15
8b2a8a89254bfff,0
8b2a8ac66172fff,15
8b2a8ac6cb36fff,6
8b2a8ac65a2cfff,0
8b2a8ad4a0c3fff,15
8b2a8ad4a0c3fff,0
8b2a8ad5914efff,15
8b2a8ac656c4fff,5
8b2a8a892680fff,3
8b2a8ac6104dfff,15
8b2a8ac659abfff,11
8b2a8a89271cfff,3
8b2a8ac64948fff,2
8b2a8a8922d1fff,2
8b2a8a8922d1fff,10
8b2a8a8966dafff,0
8b2a8ac63b73fff,15
8b2a8ac6ca4afff,7
8b2a8ac60486fff,15
8b2a8ac6c0ddfff,3
8b2a8ac65810fff,14
8b2a8ac65810fff,11
8b2a8ac63ce0fff,15
8b2a8ad4b016fff,0
8b2a8a89232dfff,1
8b2a8ad5d26afff,15
8b2a8ad59272fff,15
8b2a8ac65c0afff,4
8b2a8ac6c9aefff,7
8b2a8ac60148fff,5
8b2a8ac63ab0fff,15
8b2a8a8924d4fff,3
8b2a8ac6c148fff,7
8b2a8a896381fff,0
8b2a8ac666ccfff,15
8b2a8ac64d93fff,15
8b2a8ad4a1a1fff,15
8b2a8ac60519fff,15
8b2a8a892112fff,10
8b2a8a892886fff,0
8b2a8ac63824fff,2
8b2a8ac60ba8fff,5
8b2a8ac61aecfff,3
8b2a8a892553fff,0
8b2a8ac62b64fff,15
8b2a8a892addfff,1
8b2a8ac60cb3fff,15
8b2a8ad59382fff,15
8b2a8a892208fff,0
8b2a8ad5930efff,15
8b2a8ac63550fff,15
8b2a8ad4a8abfff,15
8b2a8ad48472fff,2
8b2a8ac6628afff,15
8b2a8ac6206cfff,2
8b2a8ac65d04fff,0
8b2a8ac640abfff,2
8b2a8ac60433fff,15
8b2a8ac6c114fff,15
8b2a8ac61265fff,15
8b2a8ac64620fff,2
8b2a8ad4b8dafff,2
8b2a8ad4b720fff,2
8b2a8ad4a76afff,0
8b2a8ac63d13fff,15
8b2a8ac66405fff,15
8b2a8ad4ad09fff,15
8b2a8ac66634fff,15
8b2a8ac6436bfff,2
8b2a8ac66569fff,15
8b2a8ad590cafff,15
8b2a8ac6542dfff,5
8b2a8ad4ac14fff,15
8b2a8ac65a50fff,1
8b2a8ac669b3fff,15
8b2a8ac6169efff,15
8b2a8ac60b9cfff,5
8b2a8ac602d2fff,2
8b2a8a896292fff,0
8b2a8ad4ac0bfff,15
8b2a8ac6198bfff,3
8b2a8ad4e24dfff,15
8b2a8ad4a453fff,15
8b2a8ac650c4fff,5
8b2a8ac6cc0afff,15
8b2a8a892556fff,0
8b2a8ad486b2fff,1
8b2a8ac64b5cfff,1
8b2a8ac64b5cfff,3
8b2a8ac6c11bfff,15
8b2a8ac64228fff,0
8b2a8ad4a774fff,15
8b2a8a892484fff,3
8b2a8ad4b510fff,2
8b2a8ad4b510fff,3
8b2a8ac65311fff,0
8b2a8ac65311fff,11
8b2a8ac66588fff,15
8b2a8ac6058bfff,15
8b2a8ac66104fff,15
8b2a8ac66735fff,15
8b2a8a892465fff,0
8b2a8ac6c774fff,3
8b2a8ac6c774fff,7
8b2a8ac65306fff,0
8b2a8ad4bcd9fff,1
8b2a8ac64992fff,15
8b2a8ac664a9fff,15
8b2a8ad4a219fff,2
8b2a8ad4a219fff,9
8b2a8ad4a219fff,0
8b2a8ac65c56fff,4
8b2a8ad4e665fff,15
8b2a8ac6c8f0fff,3
8b2a8ac62b4bfff,15
8b2a8ac65130fff,4
8b2a8ac64449fff,2
8b2a8ac64a50fff,1
8b2a8a892685fff,3
8b2a8ac6595afff,1
8b2a8ad59658fff,15
8b2a8ad4bd1dfff,2
8b2a8a893689fff,6
8b2a8ad4bca6fff,1
8b2a8ac61371fff,15
8b2a8ac6c32afff,10
8b2a8ac6c32afff,7
8b2a8ac63aeefff,15
8b2a8ac6c126fff,15
8b2a8ac669a8fff,15
8b2a8ad4e2e8fff,15
8b2a8ac6c949fff,6
8b2a8ac64216fff,0
8b2a8a89668bfff,0
8b2a8ac60756fff,2
8b2a8ac6dd84fff,7
8b2a8ac61562fff,15
8b2a8ac63c1cfff,15
8b2a8ac60a82fff,5
8b2a8ac65b1afff,0
8b2a8a892623fff,3
8b2a8ad4e2d2fff,15
8b2a8ad4b634fff,0
8b2a8ad4b4d1fff,2
8b2a8ad4b0a8fff,0
8b2a8a8935b4fff,6
8b2a8ac64ce9fff,15
8b2a8ad4b649fff,11
8b2a8ac6632bfff,15
8b2a8ad48692fff,1
8b2a8ac6606afff,15
8b2a8ac62103fff,15
8b2a8ad5b292fff,15
8b2a8ac66381fff,15
8b2a8ad4a470fff,15
8b2a8ad4b314fff,0
8b2a8ad4b6b1fff,0
8b2a8ad4b6b1fff,8
8b2a8a89671efff,0
8b2a8ac658a5fff,11
8b2a8ac66b80fff,2
8b2a8ac6434efff,2
8b2a8ac6434efff,0
8b2a8ac62043fff,15
8b2a8ad4a368fff,1
8b2a8ad4a368fff,2
8b2a8ac6485efff,2
8b2a8ac6ddb0fff,7
8b2a8ac65390fff,5
8b2a8ad4a644fff,15
8b2a8ad4a644fff,0
8b2a8a8922e9fff,6
8b2a8ac64482fff,15
8b2a8ac63968fff,15
8b2a8ac60382fff,15
8b2a8ac65396fff,5
8b2a8ac61348fff,15
8b2a8ad4b412fff,2
8b2a8ac6cc53fff,15
8b2a8ac6604afff,15
8b2a8ac6636dfff,15
8b2a8ad4bd5bfff,2
8b2a8ac64600fff,2
8b2a8ac64452fff,2
8b2a8ad5b212fff,15
8b2a8ac60168fff,5
8b2a8ac65731fff,5
8b2a8a8963a1fff,0
8b2a8ad48505fff,15
8b2a8ac66421fff,15
8b2a8a892c88fff,0
8b2a8a892521fff,0
8b2a8ac64175fff,11
8b2a8ac64175fff,2
8b2a8ac6dd1afff,7
8b2a8a892583fff,0
8b2a8ac64119fff,2
8b2a8ad4a381fff,0
8b2a8a89281afff,0
8b2a8a892424fff,0
8b2a8ad5b31dfff,15
8b2a8ac65c58fff,5
8b2a8ad59b08fff,2
8b2a8ac65536fff,5
8b2a8ac60d72fff,15
8b2a8a89620dfff,2
8b2a8ac6cda3fff,3
8b2a8ad4a0f6fff,15
8b2a8ad59075fff,15
8b2a8ad4a332fff,0
8b2a8ac60744fff,2
8b2a8ac60744fff,15
8b2a8ad486c9fff,2
8b2a8ac6470dfff,2
8b2a8ac6002dfff,12
8b2a8ac62961fff,15
8b2a8a892900fff,0
8b2a8ac6415cfff,10
8b2a8a8924cafff,3
8b2a8ac65d53fff,0
8b2a8ac65d53fff,1
8b2a8ac64a2efff,1
8b2a8ac664cdfff,15
8b2a8ad4b480fff,2
8b2a8ac66205fff,15
8b2a8ac61cedfff,3
8b2a8a89379afff,6
8b2a8ac606f0fff,2
8b2a8ac605adfff,15
8b2a8a892675fff,2
8b2a8a892675fff,3
8b2a8ac65275fff,0
8b2a8ac6538efff,2
8b2a8ac6538efff,11
8b2a8ac61364fff,15
8b2a8ac6430bfff,0
8b2a8ac66020fff,15
8b2a8ac660aefff,15
8b2a8ac61a61fff,3
8b2a8ac61750fff,15
8b2a8a8934c6fff,6
8b2a8a893543fff,6
8b2a8ac62cc6fff,15
8b2a8ac66251fff,15
8b2a8ac6406cfff,0
8b2a8ac6406cfff,8
8b2a8ac656c9fff,5
8b2a8ad4e258fff,15
8b2a8ac63d35fff,15
8b2a8ac641a4fff,15
8b2a8ac63330fff,15
8b2a8ac61084fff,15
8b2a8ac656a9fff,5
8b2a8ac64a55fff,1
8b2a8ac66914fff,15
8b2a8ac65a20fff,0
8b2a8ac65786fff,5
8b2a8ac6c82dfff,7
8b2a8a89629dfff,2
8b2a8a89629dfff,0
8b2a8ac65322fff,0
8b2a8ac6c216fff,10
8b2a8ac65816fff,11
8b2a8ad4b493fff,2
8b2a8ac65319fff,0
8b2a8ac65319fff,11
8b2a8ac62955fff,15
8b2a8ac6549efff,5
8b2a8ac652e3fff,2
8b2a8ac621b4fff,15
8b2a8ac6086bfff,5
8b2a8ac640c4fff,8
8b2a8ac6214cfff,15
8b2a8ac654aefff,5
8b2a8ac60d26fff,15
8b2a8ac6350efff,15
8b2a8ac6561bfff,5
8b2a8a892d1efff,0
8b2a8ac63cebfff,15
8b2a8ac662a4fff,15
8b2a8ac660b2fff,15
8b2a8ad4b26cfff,0
8b2a8ac62950fff,15
8b2a8ac61301fff,15
8b2a8ac6c0d9fff,3
8b2a8ad4a9abfff,15
8b2a8ac6ca83fff,7
8b2a8ac6ca83fff,2
8b2a8ac66c6cfff,15
8b2a8ac653a0fff,11
8b2a8ac63a4cfff,15
8b2a8a89371bfff,6
8b2a8ac66368fff,15
8b2a8ad4b776fff,0
8b2a8ad4b776fff,2
8b2a8ac65a90fff,0
8b2a8ad5b741fff,15
8b2a8ac65d71fff,0
8b2a8ac66131fff,15
8b2a8ac66a9dfff,15
8b2a8ac65624fff,5
8b2a8ad4bc30fff,1
8b2a8ad4bc30fff,2
8b2a8ac6cd2cfff,3
8b2a8ad5b340fff,15
8b2a8a89288afff,0
8b2a8ad4a62afff,15
8b2a8ac63a40fff,15
8b2a8ad59b99fff,15
8b2a8ad4ad64fff,15
8b2a8ad4b563fff,0
8b2a8ad4b563fff,1
8b2a8ac60073fff,12
8b2a8ac60073fff,15
8b2a8ac6676efff,15
8b2a8ac600b2fff,2
8b2a8ac600b2fff,15
8b2a8a892642fff,2
8b2a8ac60b65fff,5
8b2a8ac615a3fff,15
8b2a8ac61c74fff,3
8b2a8ac61c74fff,5
8b2a8ac644dafff,15
8b2a8ac62a9cfff,2
8b2a8ac655abfff,5
8b2a8ad4acc0fff,15
8b2a8ac65226fff,0
8b2a8ac65226fff,11
8b2a8ad5b253fff,15
8b2a8ac60a4afff,5
8b2a8ad4b6acfff,0
8b2a8ac66835fff,15
8b2a8ad4aae3fff,0
8b2a8ac66d75fff,15
8b2a8ad4a192fff,15
8b2a8ac6ca43fff,7
8b2a8ac65923fff,1
8b2a8ac60110fff,13
8b2a8ac60110fff,15
8b2a8ad4e208fff,15
8b2a8ac63a5cfff,15
8b2a8a892789fff,3
8b2a8ac60599fff,15
8b2a8ac6475dfff,2
8b2a8ac62b82fff,15
8b2a8ac66c8efff,15
8b2a8a892ba5fff,0
8b2a8ad4b122fff,2
8b2a8ac662d0fff,15
8b2a8ad592e2fff,15
8b2a8ac652c0fff,2
8b2a8ad4b12bfff,2
8b2a8ac63b49fff,15
8b2a8a8926e8fff,3
8b2a8ad4b04dfff,0
8b2a8ad59ba8fff,15
8b2a8ad4b193fff,0
8b2a8ac600e2fff,11
8b2a8ac600e2fff,7
8b2a8ac61558fff,15
8b2a8ad4bc44fff,2
8b2a8ac65c62fff,4
8b2a8ac65c62fff,1
8b2a8ad4a554fff,15
8b2a8a89209cfff,0
8b2a8ad4b68afff,0
8b2a8ad4b68afff,8
8b2a8ac65149fff,0
8b2a8ac65149fff,1
8b2a8ac62c5efff,15
8b2a8ac64baefff,8
8b2a8ac64baefff,2
8b2a8ac6c0e6fff,15
8b2a8ac62a73fff,15
8b2a8a89268dfff,3
8b2a8ac63a58fff,15
8b2a8ac63c5efff,15
8b2a8ac65155fff,4
8b2a8ac61a99fff,3
8b2a8ac61a99fff,15
8b2a8ac64b5dfff,1
8b2a8ac64b5dfff,10
8b2a8ad4aa30fff,2
8b2a8ad4aa30fff,0
8b2a8ac64460fff,2
8b2a8a892ce1fff,10
8b2a8a8922e4fff,0
8b2a8ac656aefff,5
8b2a8ac6c0a4fff,15
8b2a8ac60375fff,5
8b2a8ac61548fff,15
8b2a8ad5b2b3fff,15
8b2a8ac65aa1fff,1
8b2a8ac65aa1fff,0
8b2a8ac61d28fff,5
8b2a8ac61a14fff,3
8b2a8ac6465bfff,8
8b2a8ac6465bfff,10
8b2a8ac608f0fff,5
8b2a8ac608f0fff,8
8b2a8a892014fff,10
8b2a8ac60133fff,15
8b2a8ac75924fff,15
8b2a8ac6cc29fff,15
8b2a8ad59201fff,15
8b2a8ad4b4adfff,2
8b2a8ac60b04fff,5
8b2a8ac62925fff,15
8b2a8ac66642fff,15
8b2a8ac62845fff,15
8b2a8ac64cf5fff,15
8b2a8ac64a85fff,2
8b2a8ac64a85fff,8
8b2a8ac62974fff,15
8b2a8ad4a8dbfff,0
8b2a8ad48733fff,0
8b2a8ac6c950fff,7
8b2a8ac6c950fff,10
8b2a8ac61b85fff,3
8b2a8ad4e22cfff,15
8b2a8ad5984afff,2
8b2a8ac66758fff,15
8b2a8ac644c2fff,15
8b2a8ac66615fff,15
8b2a8ad59aaefff,15
8b2a8ad59aaefff,2
8b2a8ac61b5dfff,3
8b2a8ac66009fff,15
8b2a8ac62220fff,15
8b2a8ad4a6e1fff,15
8b2a8ac60826fff,8
8b2a8a892384fff,10
8b2a8ad4a34dfff,1
8b2a8ad4a34dfff,2
8b2a8ad4b6adfff,0
8b2a8a892d49fff,0
8b2a8a892814fff,0
8b2a8ac63c44fff,2
8b2a8ac6644efff,15
8b2a8ac60324fff,5
8b2a8ac65824fff,0
8b2a8ac65893fff,4
8b2a8ac65893fff,1
8b2a8a892100fff,0
8b2a8ac658dcfff,7
8b2a8ac658dcfff,1
8b2a8a892a81fff,8
8b2a8a892a81fff,0
8b2a8ac60773fff,2
8b2a8ac61098fff,15
8b2a8ac65941fff,11
8b2a8ad48412fff,2
8b2a8ad4b4a4fff,2
8b2a8ac66a84fff,15
8b2a8ac66a84fff,2
8b2a8a89639bfff,0
8b2a8ac63d61fff,2
8b2a8ac65450fff,5
8b2a8a892720fff,3
8b2a8ac667abfff,15
8b2a8ac6538dfff,2
8b2a8ac6538dfff,11
8b2a8ac63815fff,15
8b2a8a892c9afff,0
8b2a8ac66060fff,15
8b2a8ac61524fff,15
8b2a8ac63c25fff,2
8b2a8ac63c25fff,15
8b2a8ad4e66dfff,15
8b2a8ad4ac74fff,15
8b2a8ac64704fff,2
8b2a8ac63c21fff,2
8b2a8ac63c21fff,15
8b2a8a896284fff,0
8b2a8ad4b2c2fff,1
8b2a8ad4b2c2fff,0
8b2a8ac61db5fff,5
8b2a8ac63ccbfff,15
8b2a8ac62d6efff,15
8b2a8ac66c45fff,15
8b2a8ad59b50fff,15
8b2a8ad59b50fff,2
8b2a8ac66834fff,15
8b2a8ac644c9fff,15
8b2a8ac63a74fff,15
8b2a8ac654d4fff,5
8b2a8ac66435fff,15
8b2a8ac61568fff,15
8b2a8ac6c319fff,10
8b2a8ac65429fff,5
8b2a8ac65291fff,5
8b2a8ac63c88fff,15
8b2a8ac62a74fff,15
8b2a8ac66475fff,15
8b2a8ad4b235fff,0
8b2a8ad4b235fff,2
8b2a8ad4b0e0fff,2
8b2a8ac63b8cfff,15
8b2a8ac64020fff,2
8b2a8a892c9cfff,0
8b2a8ac604defff,15
8b2a8a896352fff,2
8b2a8a896352fff,0
8b2a8a892a83fff,8
8b2a8a8930f3fff,15
8b2a8ac66824fff,15
8b2a8ad59389fff,15
8b2a8ac62a21fff,15
8b2a8ac66849fff,15
8b2a8ac66165fff,15
8b2a8ad4b22efff,0
8b2a8ad4b22efff,2
8b2a8ac61876fff,3
8b2a8ac666cbfff,15
8b2a8ac63818fff,15
8b2a8ac6439efff,0
8b2a8ac62851fff,15
8b2a8ad4bd71fff,2
8b2a8ac6678cfff,15
8b2a8ac66b2efff,15
8b2a8ac6051efff,15
8b2a8ac6c912fff,7
8b2a8ac61808fff,3
8b2a8a892608fff,2
8b2a8a892608fff,3
8b2a8ac650a5fff,4
8b2a8ac650a5fff,5
8b2a8ad4a096fff,15
8b2a8ac62a8bfff,2
8b2a8ac62a8bfff,15
8b2a8ac62348fff,15
8b2a8ac6398efff,2
8b2a8ac63172fff,15
8b2a8ac65b04fff,0
8b2a8ac64d25fff,15
8b2a8ac64d25fff,2
8b2a8a893730fff,6
8b2a8a892d48fff,0
8b2a8a892443fff,0
8b2a8ac61680fff,15
8b2a8ac64701fff,2
8b2a8ac61b02fff,3
8b2a8ac63c1efff,15
8b2a8ac63ad6fff,15
8b2a8ac6114cfff,3
8b2a8ac614d9fff,15
8b2a8ad4a42afff,15
8b2a8ac65251fff,0
8b2a8ac75b2afff,15
8b2a8ac65c49fff,5
8b2a8a8920e0fff,13
8b2a8ac64c0efff,15
8b2a8ac66b65fff,15
8b2a8ac61a29fff,3
8b2a8ad4b571fff,1
8b2a8ac66702fff,15
8b2a8a8923a8fff,0
8b2a8a8923a8fff,1
8b2a8a8923a8fff,8
8b2a8ac648c4fff,2
8b2a8ac66591fff,15
8b2a8ac61a1cfff,3
8b2a8ac66523fff,15
8b2a8ac66523fff,9
8b2a8ac66321fff,15
8b2a8ac66184fff,15
8b2a8ac65d00fff,0
8b2a8ad4a08cfff,15
8b2a8ac62c2dfff,15
8b2a8ac64055fff,8
8b2a8ac65b01fff,0
8b2a8ac655a0fff,5
8b2a8ac655a0fff,0
8b2a8ac60b6afff,5
8b2a8a892cadfff,13
8b2a8ad4ac0efff,15
8b2a8ac650a6fff,5
8b2a8ac65d29fff,0
8b2a8ad4ba88fff,0
8b2a8ac654e8fff,5
8b2a8ac63902fff,2
8b2a8ad4a258fff,9
8b2a8ad4a82dfff,15
8b2a8ac61331fff,15
8b2a8ac6c084fff,15
8b2a8ac61d12fff,5
8b2a8ac62baefff,15
8b2a8ac63ce2fff,15
8b2a8ac662d9fff,15
8b2a8ac6282bfff,15
8b2a8ac66489fff,15
8b2a8ac61603fff,15
8b2a8ad4a4dbfff,2
8b2a8ac6c8eefff,7
8b2a8ad4b30efff,0
8b2a8ac66460fff,15
8b2a8ac656d8fff,5
8b2a8ac6206afff,2
8b2a8ac6206afff,15
8b2a8ad4849afff,2
8b2a8ac6611bfff,15
8b2a8a892d31fff,0
8b2a8a89261bfff,2
8b2a8a89261bfff,3
8b2a8ad4b280fff,0
8b2a8ac64076fff,8
8b2a8ac63018fff,2
8b2a8ac63966fff,2
8b2a8ac63966fff,15
8b2a8ad4a60dfff,15
8b2a8a8937b2fff,6
8b2a8ac62835fff,15
8b2a8ac61c66fff,3
8b2a8a892666fff,2
8b2a8a892666fff,3
8b2a8ac644ddfff,15
8b2a8ac62babfff,15
8b2a8ac6294afff,15
8b2a8ac64756fff,2
8b2a8ac66915fff,15
8b2a8ad4a450fff,15
8b2a8ac63b04fff,15
8b2a8a8936c2fff,6
8b2a8a8936c2fff,7
8b2a8ac63ab5fff,15
8b2a8ac63190fff,15
8b2a8ac66188fff,15
8b2a8a892098fff,0
8b2a8a892098fff,3
8b2a8ac656abfff,5
8b2a8ac615b0fff,15
8b2a8ad4bc95fff,2
8b2a8ad4bc95fff,2
8b2a8ac639b2fff,2
8b2a8ac6418bfff,15
8b2a8ac64750fff,2
8b2a8ac6198dfff,3
8b2a8ad4b39afff,0
8b2a8ac6651dfff,15
8b2a8ad4b202fff,1
8b2a8ad59384fff,15
8b2a8ad5d34afff,15
8b2a8ac62d5afff,15
8b2a8ad4a8a9fff,15
8b2a8ad4a4f3fff,2
8b2a8ac65784fff,5
8b2a8ac65989fff,11
8b2a8ac64a61fff,8
8b2a8ac64a61fff,10
8b2a8ad4a662fff,15
8b2a8ad4a662fff,0
8b2a8a892059fff,1
8b2a8ac64d32fff,15
8b2a8ad4a2a5fff,0
8b2a8ac6190dfff,3
8b2a8ac62c19fff,15
8b2a8a892396fff,13
8b2a8a892396fff,3
8b2a8ac62328fff,15
8b2a8ac64d90fff,15
8b2a8ad59a20fff,2
8b2a8ac62969fff,15
8b2a8ac65c8afff,8
8b2a8ac65c8afff,5
8b2a8ac62a22fff,15
8b2a8ad4e6e1fff,15
8b2a8ac65111fff,4
8b2a8ad4a85cfff,15
8b2a8ad59ac4fff,15
8b2a8ad4ac91fff,15
8b2a8a893546fff,6
8b2a8ad4ab0cfff,2
8b2a8ad4ab0cfff,0
8b2a8a892570fff,0
8b2a8ac638d6fff,15
8b2a8ac65771fff,5
8b2a8ac60656fff,2
8b2a8ac66043fff,15
8b2a8ac60362fff,5
8b2a8ac614a9fff,15
8b2a8ac6162bfff,15
8b2a8ad59a09fff,15
8b2a8ad4a30bfff,0
8b2a8ac6c1a0fff,15
8b2a8a893551fff,6
8b2a8ad4e31bfff,15
8b2a8ac60d60fff,16
8b2a8ac60d60fff,15
8b2a8ad4b0e9fff,0
8b2a8ad4b0e9fff,2
8b2a8a892c08fff,10
8b2a8ac62b2efff,15
8b2a8ac62d66fff,15
8b2a8ac60201fff,15
8b2a8ac65849fff,2
8b2a8ac65849fff,1
8b2a8ac65849fff,0
8b2a8ad59a46fff,15
8b2a8ad593adfff,15
8b2a8ac628d6fff,15
8b2a8ac66cb1fff,15
8b2a8a8923abfff,0
8b2a8a8923abfff,1
8b2a8ac65340fff,0
8b2a8a892d52fff,1
8b2a8a892d52fff,2
8b2a8a892d52fff,0
8b2a8ac655a5fff,5
8b2a8ac6c0a3fff,15
8b2a8ac60adbfff,5
8b2a8ac61599fff,15
8b2a8ad4e28efff,15
8b2a8ac60c6bfff,15
8b2a8ac60660fff,2
8b2a8a892895fff,0
8b2a8ac65c14fff,4
8b2a8ac65c14fff,10
8b2a8ac604f1fff,15
8b2a8a892633fff,3
8b2a8ac65c9dfff,4
8b2a8ac65c9dfff,8
8b2a8ac65c9dfff,5
8b2a8ad4ac1bfff,15
8b2a8ac6021afff,15
8b2a8ad4850dfff,15
8b2a8ac602dafff,2
8b2a8ac60558fff,15
8b2a8ac642edfff,0
8b2a8ac62114fff,15
8b2a8ac60956fff,5
8b2a8ac60956fff,8
8b2a8a8926a6fff,3
8b2a8ac63a01fff,15
8b2a8ad4b39dfff,0
8b2a8ad59af2fff,15
8b2a8ad4b42dfff,10
8b2a8ad4b42dfff,2
8b2a8ac667b4fff,15
8b2a8ad4a52afff,15
8b2a8ac62959fff,15
8b2a8ad4bd58fff,2
8b2a8ac6141cfff,15
8b2a8a896755fff,0
8b2a8ac65723fff,5
8b2a8ac61061fff,3
8b2a8ac61061fff,15
8b2a8ac6528cfff,5
8b2a8ac66bb6fff,15
8b2a8ac650aafff,5
8b2a8ac652c2fff,0
8b2a8ac652c2fff,3
8b2a8ac652c2fff,2
8b2a8ad4e630fff,15
8b2a8ac66c89fff,15
8b2a8ac66c89fff,9
8b2a8ac618b1fff,3
8b2a8ac64058fff,0
8b2a8ac62a8dfff,15
8b2a8ac6c95efff,7
8b2a8a8962c6fff,2
8b2a8a892075fff,11
8b2a8ad4e75cfff,15
8b2a8ac65dabfff,1
8b2a8ac65dabfff,10
8b2a8a892c8dfff,13
8b2a8a892c8dfff,0
8b2a8ac6594dfff,11
8b2a8ac6594dfff,0
8b2a8a89208cfff,0
8b2a8a89208cfff,3
8b2a8ad4a9a3fff,15
8b2a8ac628a2fff,15
8b2a8ac6200afff,15
8b2a8ac6391cfff,2
8b2a8ad4b189fff,0
8b2a8ac60badfff,5
8b2a8ac646eefff,15
8b2a8a896226fff,0
8b2a8ac65b35fff,1
8b2a8ac65b35fff,0
8b2a8ac6386cfff,15
8b2a8ac664cafff,15
8b2a8ad4aa90fff,0
8b2a8ad4b8a4fff,2
8b2a8ac6c02afff,15
8b2a8ad4a522fff,15
8b2a8ad4e621fff,15
8b2a8a8962e1fff,2
8b2a8a8922cafff,6
8b2a8a8922cafff,2
8b2a8a8921b0fff,10
8b2a8ac603a2fff,15
8b2a8ad4b2b5fff,0
8b2a8ac6194efff,3
8b2a8ac6cd62fff,3
8b2a8a8966b0fff,0
8b2a8ac6605dfff,15
8b2a8ac6475bfff,2
8b2a8ad5b2cafff,15
8b2a8ac60a02fff,5
8b2a8a8928a0fff,0
8b2a8ac60245fff,15
8b2a8ac61d83fff,5
8b2a8ac6c760fff,3
8b2a8a8925a6fff,0
8b2a8ac61b8efff,3
8b2a8ac62316fff,15
8b2a8ac64010fff,15
8b2a8ac64010fff,2
8b2a8ac656aafff,5
8b2a8ac655b6fff,0
8b2a8ad4e6d9fff,15
8b2a8ac6638cfff,15
8b2a8ac66401fff,15
8b2a8ac63b5efff,15
8b2a8ac66876fff,15
8b2a8ac630e4fff,2
8b2a8ac644e9fff,15
8b2a8ac644e9fff,2
8b2a8a896cb4fff,8
8b2a8ac6c005fff,15
8b2a8ac6608efff,15
8b2a8ac661acfff,15
8b2a8ac6cae9fff,7
8b2a8ad4bd76fff,2
8b2a8ac63ad5fff,15
8b2a8a8922eefff,0
8b2a8ac6c3aefff,10
8b2a8ac6c3aefff,3
8b2a8a892089fff,3
8b2a8a8920b5fff,0
8b2a8ad4b6edfff,0
8b2a8ac66972fff,15
8b2a8ad4a5aafff,15
8b2a8a892662fff,2
8b2a8ac63b1bfff,15
8b2a8ad4b0cafff,2
8b2a8ad5b275fff,15
8b2a8ac65ac8fff,0
8b2a8ac65ac8fff,1
8b2a8ad4b092fff,0
8b2a8ac62873fff,15
8b2a8ac656adfff,5
8b2a8ac6300cfff,2
8b2a8ac60228fff,15
8b2a8ad4a166fff,0
8b2a8a8928e4fff,0
8b2a8ac65509fff,5
8b2a8ad4b76bfff,0
8b2a8ac6686efff,15
8b2a8ac6471efff,2
8b2a8ac63571fff,15
8b2a8ac6c051fff,7
8b2a8ac6c051fff,3
8b2a8ac6c051fff,15
8b2a8ad4b4e3fff,10
8b2a8ad4b4e3fff,2
8b2a8ac61063fff,15
8b2a8ad4b995fff,2
8b2a8ac60625fff,2
8b2a8a892954fff,2
8b2a8ad4ad5cfff,15
8b2a8ad4a426fff,15
8b2a8ad4a04dfff,0
8b2a8ac60b8bfff,5
8b2a8ad484a4fff,2
8b2a8ac65c81fff,4
8b2a8ac65c81fff,8
8b2a8a89378bfff,6
8b2a8ac63d83fff,15
8b2a8ad4ad04fff,15
8b2a8ad4b072fff,2
8b2a8a892a42fff,1
8b2a8a892826fff,0
8b2a8ac65a6cfff,0
8b2a8ac61811fff,3
8b2a8a89365efff,15
8b2a8a89365efff,6
8b2a8ac66884fff,15
8b2a8ad485a0fff,15
8b2a8ac65601fff,5
8b2a8ac60629fff,2
8b2a8ac63bb6fff,15
8b2a8ad5938bfff,15
8b2a8ac65780fff,5
8b2a8ad4b535fff,2
8b2a8a89295dfff,2
8b2a8a89295dfff,0
8b2a8ac648b3fff,16
8b2a8ad5d259fff,15
8b2a8ac6094efff,5
8b2a8ac64530fff,15
8b2a8ac61c11fff,5
8b2a8ac6109dfff,15
8b2a8a89219efff,0
8b2a8a89219efff,10
8b2a8ac6042efff,15
8b2a8ad4855efff,2
8b2a8ad4b006fff,0
8b2a8ac66a72fff,15
8b2a8ac6c383fff,3
8b2a8a89259afff,0
8b2a8a89259afff,3
8b2a8ac65915fff,11
8b2a8ac65915fff,1
8b2a8ac65441fff,5
8b2a8ad4a242fff,9
8b2a8ac6100cfff,15
8b2a8ac63994fff,2
8b2a8ad4a6a1fff,15
8b2a8ad4e293fff,15
8b2a8ac64474fff,2
8b2a8ac66a13fff,15
8b2a8ac666adfff,15
8b2a8ac646d5fff,15
8b2a8ac6dd8dfff,7
8b2a8ac64903fff,0
8b2a8ac654c4fff,5
8b2a8ac62ac8fff,15
8b2a8ac63973fff,2
8b2a8ac62cf5fff,15
8b2a8ac62334fff,2
8b2a8ac63575fff,15
8b2a8ad4ad56fff,15
8b2a8ad4a78afff,15
8b2a8a892d74fff,0
8b2a8ac62993fff,15
8b2a8ac66519fff,15
8b2a8a892980fff,0
8b2a8ac63c82fff,15
8b2a8a892549fff,0
8b2a8a8926b0fff,3
8b2a8ad4a26cfff,2
8b2a8ad4e605fff,15
8b2a8ac66986fff,15
8b2a8ad4a02cfff,0
8b2a8ad5d24cfff,15
8b2a8ac6ddaafff,7
8b2a8a89361afff,6
8b2a8ad4a09dfff,15
8b2a8ac6674efff,15
8b2a8ac65cc6fff,5
8b2a8a89049efff,0
8b2a8ac610ccfff,15
8b2a8ac64971fff,2
8b2a8ad4a20dfff,9
8b2a8ac60288fff,2
8b2a8ac60288fff,15
8b2a8a892da2fff,1
8b2a8a892da2fff,0
8b2a8ac63006fff,2
8b2a8ad4a015fff,15
8b2a8ac6569dfff,5
8b2a8ad48542fff,2
8b2a8ac60758fff,2
8b2a8ac6cac5fff,7
8b2a8ac6518dfff,4
8b2a8ac61118fff,3
8b2a8a892aa1fff,0
8b2a8a890680fff,1
8b2a8ac656f5fff,5
8b2a8ac63a51fff,15
8b2a8ac66c13fff,15
8b2a8ad4e6c8fff,15
8b2a8ac6460dfff,2
8b2a8ad4e259fff,15
8b2a8ad4b7b3fff,1
8b2a8ad4a406fff,15
8b2a8a8964f0fff,0
8b2a8ad5938dfff,15
8b2a8a892955fff,2
8b2a8ac60da9fff,15
8b2a8ac61714fff,15
8b2a8a896495fff,0
8b2a8ac604f5fff,15
8b2a8ac62372fff,15
8b2a8ac63a75fff,15
8b2a8ac65129fff,7
8b2a8ac65129fff,4
8b2a8ac6c106fff,15
8b2a8ac642e9fff,0
8b2a8ac628a1fff,15
8b2a8a892a86fff,8
8b2a8a892a86fff,11
8b2a8ac6c142fff,7
8b2a8ac65ad1fff,0
8b2a8ac64265fff,2
8b2a8ac64265fff,0
8b2a8ac61595fff,15
8b2a8a892c52fff,10
8b2a8ac61d0dfff,5
8b2a8ac63d0bfff,2
8b2a8ad4aa6bfff,2
8b2a8ad4aa6bfff,1
8b2a8ad5b745fff,15
8b2a8ad4e6f5fff,15
8b2a8a89292efff,2
8b2a8a89292efff,0
8b2a8ad4b366fff,8
8b2a8ac662c5fff,15
8b2a8ad4bd54fff,2
8b2a8ac668defff,15
8b2a8ad4b0e8fff,2
8b2a8ac628ccfff,15
8b2a8ac63872fff,15
8b2a8ac609b1fff,8
8b2a8ad4a8b6fff,15
8b2a8ac6cb09fff,6
8b2a8ac66434fff,15
8b2a8ac6532bfff,0
8b2a8ac658d0fff,7
8b2a8ac658d0fff,14
8b2a8ac658d0fff,1
8b2a8ac610d1fff,15
8b2a8ad59b14fff,2
8b2a8ad4a65afff,15
8b2a8ad4a12cfff,0
8b2a8ac660f1fff,15
8b2a8ac6640bfff,15
8b2a8ac60583fff,15
8b2a8ac61ccbfff,15
8b2a8ac61c29fff,5
8b2a8ac62145fff,15
8b2a8ac618a6fff,3
8b2a8ac64a01fff,0
8b2a8ac64a01fff,1
8b2a8ac611aefff,3
8b2a8ac6562efff,5
8b2a8ad4a6c0fff,15
8b2a8ac6531cfff,0
8b2a8ac61314fff,15
8b2a8ac61ae8fff,3
8b2a8ad5934afff,15
8b2a8ac6070bfff,2
8b2a8ac648e8fff,2
8b2a8ac65c11fff,4
8b2a8ad4e61afff,15
8b2a8ad59b82fff,15
8b2a8ac666abfff,15
8b2a8ac6001dfff,7
8b2a8ac64563fff,2
8b2a8ac6cc90fff,15
8b2a8ad4aa8cfff,0
8b2a8ad4b21bfff,0
8b2a8ad4b21bfff,1
8b2a8ac66a94fff,15
8b2a8ad4a188fff,15
8b2a8ac64c0dfff,15
8b2a8ac64c0dfff,2
8b2a8ac6592bfff,1
8b2a8ac6592bfff,0
8b2a8ad4b780fff,0
8b2a8ad4b780fff,1
8b2a8a8934e2fff,6
8b2a8ac6456afff,2
8b2a8ad4ad4bfff,15
8b2a8ac61929fff,3
8b2a8a8922f3fff,2
8b2a8a8922f3fff,0
8b2a8a8922f3fff,10
8b2a8ac65904fff,1
8b2a8ac65904fff,0
8b2a8a896298fff,2
8b2a8a896298fff,0
8b2a8ac65973fff,1
8b2a8ac65cb6fff,2
8b2a8ac6026dfff,15
8b2a8ac63414fff,15
8b2a8a8936ccfff,6
8b2a8ad4a0cbfff,0
8b2a8ad4a304fff,0
8b2a8ac65470fff,5
8b2a8ad5b344fff,15
8b2a8ac61d10fff,5
8b2a8ac663a1fff,15
8b2a8ac6608cfff,15
8b2a8ad59a29fff,15
8b2a8ac6c84bfff,6
8b2a8ac639b5fff,2
8b2a8ac65b40fff,0
8b2a8ad4adabfff,15
8b2a8ad59280fff,15
8b2a8ac60391fff,15
8b2a8ac666f3fff,15
8b2a8ac60586fff,15
8b2a8ac61841fff,3
8b2a8ad4b6d3fff,0
8b2a8ac6544dfff,5
8b2a8ac62030fff,15
8b2a8ac638ebfff,15
8b2a8ac63a6afff,15
8b2a8ad5922dfff,15
8b2a8ac662cafff,15
8b2a8a893733fff,6
8b2a8ad484ccfff,2
8b2a8ac61034fff,3
8b2a8a892b98fff,0
8b2a8ac62308fff,15
8b2a8a892601fff,3
8b2a8a89222dfff,0
8b2a8ac62226fff,15
8b2a8ac66d29fff,15
8b2a8a8962f4fff,2
8b2a8ad4b405fff,10
8b2a8ad4a610fff,15
8b2a8ac60d5bfff,15
8b2a8ad4a56dfff,15
8b2a8ac66d76fff,15
8b2a8ac60630fff,2
8b2a8a892d71fff,0
8b2a8ac6c8b3fff,3
8b2a8ad4a6c8fff,15
8b2a8ac6c803fff,7
8b2a8ad5b225fff,15
8b2a8ac642c8fff,10
8b2a8ac642c8fff,0
8b2a8ad59071fff,15
8b2a8ac602c3fff,15
8b2a8ad4b5b0fff,2
8b2a8ad4b5b0fff,9
8b2a8a892073fff,10
8b2a8a892073fff,11
8b2a8ac6384bfff,15
8b2a8ac61b1bfff,3
8b2a8a893481fff,6
8b2a8ad4e6d6fff,15
8b2a8ac6285cfff,15
8b2a8ac6558efff,5
8b2a8ac6236cfff,15
8b2a8ac65293fff,5
8b2a8ad4b54efff,8
8b2a8ad596d5fff,15
8b2a8ad4b0c1fff,2
8b2a8ac62940fff,15
8b2a8ac666b1fff,15
8b2a8a893712fff,6
8b2a8ac63400fff,15
8b2a8ac64d9afff,15
8b2a8ac61183fff,15
8b2a8ac63108fff,2
8b2a8ac63108fff,15
8b2a8ad4b598fff,2
8b2a8a89632efff,0
8b2a8ac6c231fff,10
8b2a8ad4e29afff,15
8b2a8ac6388dfff,15
8b2a8ac6609cfff,15
8b2a8a892c61fff,10
8b2a8a892c61fff,0
8b2a8ac601a0fff,13
8b2a8ac601a0fff,2
8b2a8ac601a0fff,15
8b2a8a8934d8fff,6
8b2a8ac60d2cfff,15
8b2a8ac652f3fff,0
8b2a8ac652f3fff,3
8b2a8ac64203fff,0
8b2a8ac66a90fff,15
8b2a8a8926e0fff,2
8b2a8ac60d64fff,15
8b2a8a8929abfff,0
8b2a8ad4b170fff,2
8b2a8ac65418fff,5
8b2a8ac65d9bfff,8
8b2a8ac65d9bfff,2
8b2a8ac65a06fff,0
8b2a8ac64da5fff,15
8b2a8a89290dfff,2
8b2a8a89290dfff,0
8b2a8ac64680fff,15
8b2a8ac6555bfff,5
8b2a8ad4ad98fff,15
8b2a8ad4a8acfff,15
8b2a8ac614a0fff,15
8b2a8ac6605bfff,15
8b2a8ac66289fff,15
8b2a8ac60533fff,15
8b2a8ac61493fff,15
8b2a8ad5b24cfff,15
8b2a8ad4b090fff,0
8b2a8ac60c29fff,15
8b2a8ac64324fff,0
8b2a8ac65758fff,5
8b2a8a890592fff,2
8b2a8a89049afff,0
8b2a8ac6112dfff,3
8b2a8ac66420fff,15
8b2a8ac60160fff,5
8b2a8ac6450bfff,15
8b2a8ac6254cfff,15
8b2a8ac6cc86fff,15
8b2a8ac6391dfff,2
8b2a8ac646d6fff,15
8b2a8ad59294fff,15
8b2a8ac65228fff,0
8b2a8ac658d9fff,7
8b2a8ac658d9fff,1
8b2a8ac606a3fff,15
8b2a8ad4b728fff,0
8b2a8ad4b728fff,2
8b2a8ac62811fff,15
8b2a8ac66c55fff,15
8b2a8ac66660fff,15
8b2a8ad5906bfff,15
8b2a8ad4b773fff,0
8b2a8ad4a295fff,0
8b2a8ad4a7a6fff,15
8b2a8ac65b4dfff,0
8b2a8ac66829fff,15
8b2a8ac61a24fff,3
8b2a8ad4ad01fff,15
8b2a8ad4a0a3fff,15
8b2a8ad4a401fff,15
8b2a8ac640d0fff,2
8b2a8ac640d0fff,8
8b2a8ac6628cfff,15
8b2a8ad4b8d5fff,2
8b2a8ac61af3fff,3
8b2a8ac60b88fff,5
8b2a8ac62002fff,15
8b2a8ac6c956fff,10
8b2a8ac62c61fff,15
8b2a8ad4a659fff,15
8b2a8ac60675fff,2
8b2a8ac64d04fff,15
8b2a8ac6190bfff,3
8b2a8ac661b5fff,15
8b2a8a896231fff,0
8b2a8ac66a8cfff,15
8b2a8ac6665dfff,15
8b2a8ac62899fff,15
8b2a8ad4e2c6fff,15
8b2a8ad59646fff,15
8b2a8a892822fff,0
8b2a8a8924e3fff,3
8b2a8ac62b55fff,15
8b2a8ac63054fff,2
8b2a8ac658abfff,14
8b2a8ac658abfff,1
8b2a8ac65389fff,2
8b2a8ac65389fff,11
8b2a8a8965aefff,0
8b2a8a8930f4fff,15
8b2a8ad59665fff,15
8b2a8a89259dfff,0
8b2a8ac6298bfff,15
8b2a8ac63060fff,2
8b2a8ac63060fff,15
8b2a8ad5b74cfff,15
8b2a8ad4b186fff,0
8b2a8a896625fff,0
8b2a8ad4b6e9fff,0
8b2a8ac64690fff,15
8b2a8ad4e622fff,15
8b2a8ac65669fff,5
8b2a8ac65344fff,0
8b2a8a892d75fff,0
8b2a8ac645b5fff,15
8b2a8ac64246fff,0
8b2a8ac63b8bfff,15
8b2a8ac60933fff,8
8b2a8ac6c81afff,3
8b2a8ad4e214fff,15
8b2a8a892084fff,0
8b2a8ac60835fff,8
8b2a8ac609b5fff,8
8b2a8ac6cb55fff,6
8b2a8ad4a00efff,0
8b2a8ac6c84cfff,6
8b2a8ac60a8cfff,5
8b2a8ac66c72fff,15
8b2a8ac63c09fff,15
8b2a8ac6224efff,15
8b2a8ac648dcfff,2
8b2a8ac64a31fff,2
8b2a8ac64a31fff,8
8b2a8ac6642afff,15
8b2a8ac667b3fff,15
8b2a8a892428fff,0
8b2a8ad4b4e6fff,2
8b2a8ac66446fff,15
8b2a8ac652c3fff,3
8b2a8ac652c3fff,2
8b2a8ac6c984fff,7
8b2a8ac62a70fff,15
8b2a8ac61024fff,3
8b2a8ac60824fff,8
8b2a8ac63963fff,15
8b2a8ac6ca42fff,7
8b2a8ac64343fff,0
8b2a8ac61820fff,3
8b2a8ac65190fff,5
8b2a8ac61b55fff,3
8b2a8ac6198cfff,3
8b2a8ac66476fff,15
8b2a8ad4a562fff,15
8b2a8a896759fff,0
8b2a8ac61719fff,15
8b2a8ac6c92afff,7
8b2a8ac6c92afff,10
8b2a8ad4e78dfff,15
8b2a8a89349dfff,6
8b2a8ad4ac96fff,15
8b2a8ac6035efff,15
8b2a8a896d93fff,8
8b2a8ac654f4fff,5
8b2a8ad4844bfff,0
8b2a8ac66a51fff,15
8b2a8ad59a70fff,15
8b2a8ad4aba1fff,2
8b2a8ac60b2dfff,5
8b2a8ac61613fff,15
8b2a8ad4a655fff,15
8b2a8ad4b018fff,0
8b2a8ac6c026fff,15
8b2a8ac64d2efff,2
8b2a8ac6cca3fff,15
8b2a8ac65a9dfff,0
8b2a8ac66662fff,15
8b2a8a89639efff,0
8b2a8a892223fff,0
8b2a8ac61a41fff,3
8b2a8ac6431dfff,0
8b2a8a8925a8fff,0
8b2a8ac63160fff,15
8b2a8ac66931fff,15
8b2a8ac65c88fff,4
8b2a8ac65c88fff,8
8b2a8ac60a22fff,5
8b2a8ad4a2a3fff,0
8b2a8a892660fff,2
8b2a8ac66665fff,15
8b2a8ac63aa9fff,15
8b2a8ac6639efff,15
8b2a8ac62924fff,15
8b2a8ac6c980fff,7
8b2a8ac6c980fff,3
8b2a8ac660a1fff,15
8b2a8ad4a098fff,15
8b2a8a8924f2fff,3
8b2a8ac603aefff,15
8b2a8a8934ecfff,6
8b2a8ad4bda8fff,1
8b2a8ac60cd3fff,15
8b2a8ac65a13fff,0
8b2a8ad592edfff,15
8b2a8ac6514dfff,1
8b2a8ac6514dfff,4
8b2a8ac64302fff,0
8b2a8ac662e9fff,15
8b2a8a890594fff,2
8b2a8ac6491cfff,0
8b2a8a8928f5fff,0
8b2a8ac62b91fff,15
8b2a8ad4b51dfff,10
8b2a8ad4b51dfff,3
8b2a8ac65685fff,5
8b2a8ad4a0aefff,15
8b2a8ac65b53fff,0
8b2a8ac6351dfff,15
8b2a8ac60a11fff,5
8b2a8ac65ccafff,5
8b2a8ac660dafff,15
8b2a8ac64d88fff,15
8b2a8a892921fff,2
8b2a8a892921fff,0
8b2a8ad59068fff,15
8b2a8ad4aae2fff,0
8b2a8ac64c32fff,15
8b2a8ac61d24fff,5
8b2a8a893740fff,6
8b2a8ac61ac9fff,3
8b2a8ac61ac9fff,15
8b2a8ac66c92fff,15
8b2a8ac642c1fff,10
8b2a8ac642c1fff,0
8b2a8a892524fff,0
8b2a8ad4a749fff,0
8b2a8ad485b0fff,15
8b2a8ac65a55fff,1
8b2a8a892193fff,0
8b2a8a892193fff,10
8b2a8ac63971fff,2
8b2a8ac63971fff,15
8b2a8a890693fff,1
8b2a8ac64594fff,15
8b2a8ac6cc6bfff,15
8b2a8a89246cfff,0
8b2a8ac64982fff,15
8b2a8ad4842dfff,2
8b2a8a896609fff,0
8b2a8ac63b50fff,15
8b2a8ac644eefff,15
8b2a8ac644eefff,2
8b2a8ac65545fff,5
8b2a8ad4a048fff,0
8b2a8ad4b423fff,10
8b2a8ac6544bfff,5
8b2a8ad4e6ccfff,15
8b2a8ac6ccf0fff,15
8b2a8ac61b81fff,3
8b2a8a892ad5fff,1
8b2a8a892ad5fff,0
8b2a8ac602a4fff,15
8b2a8ac617a0fff,15
8b2a8ac642f3fff,10
8b2a8ad5966afff,15
8b2a8ac64906fff,0
8b2a8a892301fff,1
8b2a8a892301fff,8
8b2a8ac6dd05fff,7
8b2a8ac65803fff,14
8b2a8ac65803fff,1
8b2a8ac65803fff,11
8b2a8ad4b055fff,2
8b2a8ad4a7adfff,15
8b2a8ac61d16fff,5
8b2a8ac63b20fff,15
8b2a8ad4b056fff,2
8b2a8ad4b2d0fff,0
8b2a8ac6660afff,15
8b2a8ac6444afff,2
8b2a8ac61385fff,15
8b2a8ac65404fff,5
8b2a8ad59654fff,15
8b2a8a89239bfff,3
8b2a8ac66068fff,15
8b2a8ad59a73fff,15
8b2a8ac6c76cfff,3
8b2a8a89350efff,15
8b2a8ac62cc0fff,15
8b2a8ac62a23fff,15
8b2a8ac649b1fff,15
8b2a8ad5b309fff,15
8b2a8ad4acd0fff,15
8b2a8ad4bd2cfff,2
8b2a8ac654f0fff,5
8b2a8a892049fff,8
8b2a8ac6075afff,2
8b2a8ac6580bfff,1
8b2a8a8920e9fff,13
8b2a8a8920e9fff,10
8b2a8ac63401fff,15
8b2a8ad4a023fff,0
8b2a8a89266afff,2
8b2a8ad4a56cfff,15
8b2a8ac66d0cfff,15
8b2a8ac64022fff,8
8b2a8ac64022fff,2
8b2a8ac60159fff,5
8b2a8ac60159fff,12
8b2a8ac60159fff,15
8b2a8ac63badfff,15
8b2a8ac6c894fff,3
8b2a8ad5b2c0fff,15
8b2a8ac603b4fff,15
8b2a8ac62975fff,15
8b2a8ad485b4fff,15
8b2a8ac6282efff,15
8b2a8ad4b799fff,0
8b2a8ac64093fff,2
8b2a8ad4a689fff,15
8b2a8ad4a689fff,2
8b2a8ac661b3fff,15
8b2a8a892db2fff,0
8b2a8a892db2fff,1
8b2a8ad5b203fff,15
8b2a8a892d84fff,1
8b2a8ac62563fff,15
8b2a8ad4a0a4fff,15
8b2a8ad4a825fff,15
8b2a8ac6cd96fff,15
8b2a8ac6605efff,15
8b2a8ac64ba2fff,2
8b2a8ac6c940fff,6
8b2a8ac6c940fff,7
8b2a8ac6295afff,15
8b2a8ac61443fff,15
8b2a8ac65398fff,5
8b2a8ac60c72fff,15
8b2a8ad4ab42fff,2
8b2a8ac65043fff,11
8b2a8ac65043fff,14
8b2a8ad59aa9fff,15
8b2a8ad59aa9fff,2
8b2a8ac6cb01fff,6
8b2a8ad5965bfff,15
8b2a8a893604fff,6
8b2a8ad4a90cfff,15
8b2a8ac63ce5fff,15
8b2a8ad4b686fff,0
8b2a8ad4b686fff,8
8b2a8ac63410fff,15
8b2a8ac60801fff,5
8b2a8ac618e1fff,3
8b2a8ac60cd0fff,15
8b2a8ac650e4fff,5
8b2a8ac6c154fff,15
8b2a8ac65573fff,5
8b2a8a892565fff,0
8b2a8a892565fff,10
8b2a8ac6034cfff,5
8b2a8ac6034cfff,15
8b2a8ac64daafff,15
8b2a8ad4b09cfff,0
8b2a8ac650d9fff,5
8b2a8ac60c70fff,15
8b2a8ad4bc03fff,2
8b2a8ac60c5afff,2
8b2a8ac65952fff,1
8b2a8ad4e269fff,15
8b2a8ac64760fff,0
8b2a8ac664c3fff,15
8b2a8ad4a38bfff,0
8b2a8ad4e2f4fff,15
8b2a8ad48732fff,0
8b2a8ad4a248fff,2
8b2a8ad4a248fff,9
8b2a8a8926ccfff,3
8b2a8ac618a8fff,3
8b2a8ac60c28fff,15
8b2a8ad4bd9cfff,1
8b2a8ad4bd9cfff,2
8b2a8a893085fff,15
8b2a8ac63889fff,15
8b2a8ad4acc5fff,15
8b2a8ad4e6edfff,15
8b2a8ad5b228fff,15
8b2a8ac6639cfff,15
8b2a8ac65b52fff,0
8b2a8ad59331fff,15
8b2a8ac66cd2fff,9
8b2a8ac61a28fff,3
8b2a8ad4a41efff,15
8b2a8ac61390fff,15
8b2a8ad4b294fff,0
8b2a8a892390fff,13
8b2a8a892390fff,3
8b2a8a892ad3fff,1
8b2a8a892ad3fff,8
8b2a8ac62988fff,15
8b2a8ac61976fff,3
8b2a8ac60cf3fff,15
8b2a8ac65532fff,5
8b2a8ac6cda5fff,3
8b2a8ad4a068fff,0
8b2a8a8929b4fff,0
8b2a8ac6c973fff,10
8b2a8ac60dadfff,15
8b2a8ac64d54fff,2
8b2a8a892336fff,8
8b2a8ad4b162fff,2
8b2a8ac64b93fff,2
8b2a8ac61308fff,15
8b2a8ad4b393fff,0
8b2a8ac668b1fff,15
8b2a8a8964defff,0
8b2a8ac628c9fff,15
8b2a8ad4a0adfff,15
8b2a8ac64b54fff,3
8b2a8a89649efff,0
8b2a8ac66930fff,15
8b2a8ad4e6e2fff,15
8b2a8ad4858bfff,2
8b2a8ac65ce2fff,4
8b2a8ac65ce2fff,5
8b2a8ac667b2fff,15
8b2a8ac64003fff,8
8b2a8ad4b008fff,0
8b2a8ad4b008fff,2
8b2a8ad4a8e2fff,15
8b2a8ad4a8e2fff,0
8b2a8ad59274fff,15
8b2a8ad4a2c0fff,2
8b2a8ad4a2c0fff,0
8b2a8ac6405efff,0
8b2a8ac75b44fff,15
8b2a8ac61628fff,15
8b2a8a8922defff,2
8b2a8ad4ac51fff,15
8b2a8ac62935fff,15
8b2a8ac64603fff,2
8b2a8ac66a98fff,15
8b2a8ac66c44fff,15
8b2a8ac64461fff,2
8b2a8ac6c18dfff,15
8b2a8ac63918fff,2
8b2a8a8964a4fff,0
8b2a8ad4e2eefff,15
8b2a8ad4a69dfff,15
8b2a8ad4a942fff,15
8b2a8ac66094fff,15
8b2a8ad48593fff,15
8b2a8ac61cb6fff,5
8b2a8a89295afff,0
8b2a8ac6ccb4fff,15
8b2a8ac65c52fff,4
8b2a8ac65c52fff,5
8b2a8ac61901fff,3
8b2a8ac64049fff,0
8b2a8ac60493fff,15
8b2a8ac6cb5bfff,6
8b2a8a89642bfff,0
8b2a8a8927abfff,3
8b2a8a893566fff,15
8b2a8ac65316fff,0
8b2a8ac65316fff,11
8b2a8ad4abacfff,2
8b2a8a89344bfff,6
8b2a8ad4a198fff,15
8b2a8ad4aa51fff,1
8b2a8ad4aa51fff,0
8b2a8ac65383fff,2
8b2a8ac65383fff,5
8b2a8ad4b4dcfff,2
8b2a8ac61068fff,15
8b2a8ac65663fff,5
8b2a8ac6090bfff,8
8b2a8ac65db1fff,2
8b2a8ad4b61efff,0
8b2a8a893435fff,6
8b2a8a896680fff,0
8b2a8ac66954fff,15
8b2a8ad5d245fff,15
8b2a8a896682fff,0
8b2a8ad486cbfff,2
8b2a8ad59b55fff,2
8b2a8a8934dafff,6
8b2a8ad4e640fff,15
8b2a8a89341cfff,6
8b2a8ac63b15fff,15
8b2a8ac60333fff,15
8b2a8ac62a8efff,2
8b2a8ac62a8efff,15
8b2a8ac64901fff,0
8b2a8ac63a6efff,15
8b2a8ac6661afff,15
8b2a8ac6691bfff,15
8b2a8ac64cdafff,15
8b2a8ac658c5fff,1
8b2a8ac644cdfff,15
8b2a8a892d21fff,0
8b2a8ad4a71afff,15
8b2a8ad4a80dfff,15
8b2a8ac6030cfff,15
8b2a8a89244afff,3
8b2a8ac60a70fff,5
8b2a8ac65709fff,5
8b2a8ac66651fff,15
8b2a8ac6cca5fff,15
8b2a8ac6c0b0fff,15
8b2a8ac60b8efff,5
8b2a8ac6421efff,0
8b2a8ac6606efff,15
8b2a8ac669acfff,15
8b2a8ac60698fff,15
8b2a8a892115fff,10
8b2a8a892115fff,0
8b2a8ad4a810fff,15
8b2a8ac61c5efff,3
8b2a8a89252bfff,0
8b2a8ac62a85fff,15
8b2a8ac64a25fff,3
8b2a8ac604b0fff,15
8b2a8ac63da0fff,15
8b2a8ad4a82bfff,15
8b2a8ac65596fff,10
8b2a8a896386fff,0
8b2a8ad5b2f4fff,15
8b2a8ac62bb4fff,15
8b2a8ad48545fff,0
8b2a8ad48545fff,2
8b2a8ac654ddfff,5
8b2a8ad4a500fff,15
8b2a8ac65950fff,1
8b2a8ac668acfff,15
8b2a8ac65a11fff,0
8b2a8ac65462fff,5
8b2a8ac60b5afff,5
8b2a8ac654b1fff,5
8b2a8ad4aae9fff,0
8b2a8ac63030fff,2
8b2a8ac63166fff,15
8b2a8ac656b5fff,5
8b2a8ac6caf1fff,7
8b2a8ac60636fff,2
8b2a8ac61810fff,3
8b2a8ad5b2a5fff,15
8b2a8ac60d63fff,15
8b2a8ac6ca4dfff,7
8b2a8ac66790fff,15
8b2a8ad48693fff,1
8b2a8ac6c8a8fff,3
8b2a8ad4bd28fff,2
8b2a8a892665fff,2
8b2a8a892665fff,3
8b2a8ac606c5fff,2
8b2a8a892a14fff,0
8b2a8ad4a344fff,0
8b2a8ad4b300fff,0
8b2a8ac656e6fff,5
8b2a8ac64b86fff,2
8b2a8a89368efff,6
8b2a8ac66a66fff,15
8b2a8ac61aa5fff,3
8b2a8ac66844fff,15
8b2a8a892729fff,3
8b2a8a89220dfff,0
8b2a8ac61755fff,15
8b2a8a892d96fff,0
8b2a8ac60b6bfff,5
8b2a8ad5924efff,15
8b2a8ac65555fff,5
8b2a8ac6516bfff,1
8b2a8ac6516bfff,4
8b2a8ac6555dfff,5
8b2a8ad4a8e5fff,15
8b2a8ac6526efff,0
8b2a8ad4b392fff,0
8b2a8ac61781fff,15
8b2a8ac659a9fff,11
8b2a8ad4b6dcfff,0
8b2a8a892015fff,10
8b2a8a8922a2fff,3
8b2a8ac6cc6afff,15
8b2a8ac656e5fff,5
8b2a8ac66071fff,15
8b2a8ac61791fff,15
8b2a8ac61722fff,15
8b2a8ad486cafff,2
8b2a8ac64535fff,15
8b2a8ac62d50fff,15
8b2a8ac6169cfff,15
8b2a8ad4b340fff,0
8b2a8ad4b340fff,8
8b2a8ac60012fff,11
8b2a8ac60012fff,7
8b2a8ac638e5fff,15
8b2a8a89369afff,6
8b2a8a89369afff,7
8b2a8ac63d89fff,15
8b2a8a892da1fff,1
8b2a8a892da1fff,0
8b2a8ad4bd64fff,2
8b2a8ac646abfff,15
8b2a8ac646abfff,2
8b2a8ad4bd92fff,1
8b2a8ad4bd92fff,0
8b2a8ad5975efff,15
8b2a8ad5da49fff,15
8b2a8ac6158afff,15
8b2a8ad4a12bfff,0
8b2a8ac66388fff,15
8b2a8ac64208fff,0
8b2a8ac62a1dfff,15
8b2a8a892c89fff,0
8b2a8ac6511afff,4
8b2a8ad4ab1afff,2
8b2a8ac60672fff,2
8b2a8ac61b51fff,3
8b2a8a892501fff,0
8b2a8ac602d1fff,2
8b2a8ac602d1fff,15
8b2a8ac6540dfff,5
8b2a8ac63c9efff,15
8b2a8ac60193fff,2
8b2a8ac61b30fff,3
8b2a8ac61c8efff,5
8b2a8ac61c8efff,15
8b2a8ac654edfff,5
8b2a8ac60175fff,5
8b2a8ac60a20fff,5
8b2a8ac6c035fff,15
8b2a8ad4b2eafff,1
8b2a8ad4b2eafff,0
8b2a8ac64b8afff,8
8b2a8ac66b18fff,15
8b2a8ac66b18fff,2
8b2a8ac60906fff,8
8b2a8ad4b19cfff,0
8b2a8ac604e0fff,15
8b2a8a892470fff,0
8b2a8ad4ab31fff,2
8b2a8ac75b0bfff,15
8b2a8ad59345fff,15
8b2a8ac61914fff,3
8b2a8ac61914fff,5
8b2a8ac66989fff,15
8b2a8ac610cbfff,15
8b2a8ac6110cfff,3
8b2a8ac61c35fff,5
8b2a8a892a00fff,0
8b2a8ac64bb3fff,2
8b2a8ac62a89fff,15
8b2a8ad4bca0fff,1
8b2a8ad4bca0fff,10
8b2a8ac60164fff,5
8b2a8ac60d86fff,15
8b2a8a893cdafff,15
8b2a8ac6cae8fff,7
8b2a8ac62042fff,15
8b2a8ac656dafff,5
8b2a8ac65302fff,0
8b2a8ad59666fff,15
8b2a8ac64711fff,2
8b2a8a892792fff,3
8b2a8ac66c05fff,15
8b2a8ac6c188fff,15
8b2a8ad4a0e2fff,0
8b2a8ac65926fff,1
8b2a8ac65926fff,0
8b2a8a89344efff,6
8b2a8ad5d26dfff,15
8b2a8ad4b231fff,2
8b2a8ad5b355fff,15
8b2a8ac640c1fff,0
8b2a8ac640c1fff,8
8b2a8ac66319fff,15
8b2a8a892304fff,8
8b2a8ad59af4fff,15
8b2a8ac61021fff,3
8b2a8ac66713fff,15
8b2a8ac60422fff,15
8b2a8ad5926afff,15
8b2a8ad4b2eefff,0
8b2a8ac6caf4fff,7
8b2a8ad596abfff,15
8b2a8ad4e245fff,15
8b2a8ac65451fff,5
8b2a8ad4aba4fff,2
8b2a8ac61c05fff,5
8b2a8ac63b96fff,15
8b2a8ac61609fff,15
8b2a8ad4aad5fff,0
8b2a8ac61ce5fff,3
8b2a8ac61ce5fff,5
8b2a8ac62b03fff,15
8b2a8ac65ceafff,5
8b2a8ad4b5acfff,2
8b2a8ac619a1fff,3
8b2a8ac619a1fff,5
8b2a8ac6059cfff,15
8b2a8ac64196fff,15
8b2a8ac64196fff,2
8b2a8ad4e2eafff,15
8b2a8ad4a375fff,0
8b2a8a89340efff,6
8b2a8a896209fff,2
8b2a8ac65aacfff,1
8b2a8ac65aacfff,0
8b2a8ac6040cfff,15
8b2a8ac641b2fff,15
8b2a8ac629b4fff,15
8b2a8ac61689fff,15
8b2a8ac66346fff,15
8b2a8ac610e9fff,15
8b2a8ac62c6afff,15
8b2a8ac66af5fff,15
8b2a8ad4ac41fff,15
8b2a8a892106fff,0
8b2a8ac60b4efff,5
8b2a8ac64d0cfff,2
8b2a8ac6c988fff,7
8b2a8ac6c988fff,3
8b2a8ac6304cfff,1
8b2a8ac6304cfff,2
8b2a8ac6304cfff,15
8b2a8ac662a0fff,15
8b2a8ad4b454fff,10
8b2a8ad48574fff,15
8b2a8ac61c34fff,5
8b2a8ac61c09fff,3
8b2a8ac61c09fff,5
8b2a8ad4a26efff,9
8b2a8ad4a26efff,2
8b2a8ac66ccefff,9
8b2a8ac61772fff,15
8b2a8ac63533fff,15
8b2a8ac63caefff,15
8b2a8ad4a934fff,15
8b2a8ac61554fff,15
8b2a8ad5914dfff,15
8b2a8ac65698fff,5
8b2a8a892cd3fff,0
8b2a8ac64c08fff,15
8b2a8ac65819fff,14
8b2a8ac65819fff,1
8b2a8ad59b6cfff,2
8b2a8ac658f3fff,14
8b2a8ac658f3fff,1
8b2a8ad4b7acfff,0
8b2a8ac6516efff,4
8b2a8ad4a824fff,15
8b2a8a896232fff,0
8b2a8a893711fff,6
8b2a8a893744fff,6
8b2a8ac66accfff,15
8b2a8a89621bfff,2
8b2a8ac60859fff,5
8b2a8a892d6efff,0
8b2a8ad4b783fff,0
8b2a8ac6638afff,15
8b2a8ad5928bfff,15
8b2a8ac63906fff,2
8b2a8ac63b88fff,15
8b2a8ad4e2a6fff,15
8b2a8ac6159dfff,15
8b2a8ac65583fff,5
8b2a8a8930f6fff,15
8b2a8ad596e4fff,15
8b2a8ad4b2d3fff,0
8b2a8ac63aedfff,15
8b2a8ac60ae3fff,5
8b2a8ac66c0bfff,15
8b2a8ac66c0bfff,9
8b2a8ac62c66fff,15
8b2a8ac6cc25fff,3
8b2a8ac6026efff,15
8b2a8ad4b20bfff,0
8b2a8ad4b058fff,0
8b2a8ac60301fff,15
8b2a8ac61adbfff,15
8b2a8ac606e0fff,2
8b2a8ac62985fff,15
8b2a8ac6c991fff,3
8b2a8ad4b103fff,2
8b2a8ac66af4fff,15
8b2a8ac65643fff,5
8b2a8ac6514cfff,4
8b2a8ac65a66fff,0
8b2a8a896598fff,0
8b2a8ac6060dfff,2
8b2a8ad4a668fff,0
8b2a8ac63106fff,2
8b2a8ac63106fff,15
8b2a8a89251dfff,0
8b2a8ac6ccb2fff,15
8b2a8ad4a22bfff,9
8b2a8ad4a22bfff,0
8b2a8a892018fff,10
8b2a8a892da5fff,0
8b2a8ac65621fff,5
8b2a8ad4bda1fff,1
8b2a8a892388fff,1
8b2a8a892388fff,10
8b2a8ac66963fff,15
8b2a8ac66806fff,15
8b2a8ac65c76fff,4
8b2a8ac65c76fff,1
8b2a8ac6149efff,15
8b2a8ac640e1fff,8
8b2a8ac618f6fff,3
8b2a8ac63c32fff,15
8b2a8ac640e8fff,0
8b2a8ac640e8fff,8
8b2a8a8926a0fff,3
8b2a8ac62814fff,15
8b2a8ac66004fff,15
8b2a8ac63c89fff,15
8b2a8ad4a365fff,0
8b2a8a892c8cfff,0
8b2a8ad4b6a5fff,0
8b2a8ac658acfff,14
8b2a8ac658acfff,11
8b2a8ac658acfff,1
8b2a8ac604eafff,15
8b2a8ac6096bfff,5
8b2a8a89258bfff,3
8b2a8ac65891fff,1
8b2a8ad4b540fff,8
8b2a8ad4b540fff,1
8b2a8ad4ab84fff,2
8b2a8ad4ab84fff,0
8b2a8ac6064cfff,2
8b2a8ad4a2c4fff,2
8b2a8ad4a2c4fff,0
8b2a8ad48088fff,0
8b2a8a8924c2fff,3
8b2a8ad4a789fff,15
8b2a8ac60782fff,15
8b2a8ac65ac2fff,0
8b2a8ac65ac2fff,1
8b2a8ac656a8fff,5
8b2a8ac65963fff,1
8b2a8ac65963fff,11
8b2a8ac64ac6fff,0
8b2a8ad4a019fff,0
8b2a8ac65453fff,5
8b2a8ac66b32fff,15
8b2a8ad4865bfff,2
8b2a8ad48592fff,15
8b2a8ac65cc9fff,5
8b2a8ac62876fff,15
8b2a8a892712fff,3
8b2a8ad4e61bfff,15
8b2a8ac65154fff,4
8b2a8ac63893fff,2
8b2a8ac63893fff,15
8b2a8ac6024afff,15
8b2a8ac651a4fff,5
8b2a8ac6034bfff,15
8b2a8ac619a0fff,5
8b2a8a8965a6fff,11
8b2a8a8965a6fff,0
8b2a8ac613a0fff,15
8b2a8ac63c19fff,15
8b2a8ad4a6b5fff,15
8b2a8ad4a6b5fff,2
8b2a8ac66362fff,15
8b2a8ac621a4fff,15
8b2a8ac66536fff,15
8b2a8ac60385fff,15
8b2a8ac66868fff,15
8b2a8ac6068efff,2
8b2a8ac6068efff,15
8b2a8ac60003fff,7
8b2a8a892416fff,3
8b2a8a892b36fff,0
8b2a8a89215dfff,11
8b2a8a892874fff,0
8b2a8ac61495fff,15
8b2a8ac6509dfff,5
8b2a8ac64574fff,15
8b2a8ac64574fff,2
8b2a8ad4acb4fff,15
8b2a8ac65332fff,0
8b2a8ac618a1fff,3
8b2a8a892698fff,3
8b2a8ac65435fff,5
8b2a8ad4aa6cfff,1
8b2a8ad4a326fff,0
8b2a8a892cd9fff,0
8b2a8a892cd9fff,10
8b2a8ac60aa2fff,5
8b2a8ac6694cfff,15
8b2a8a89352afff,15
8b2a8ac6c0a2fff,15
8b2a8ac611a6fff,3
8b2a8a893686fff,6
8b2a8ad4a8d1fff,0
8b2a8ac60064fff,5
8b2a8ac60064fff,15
8b2a8ac65c4afff,5
8b2a8ac61448fff,15
8b2a8a8936d4fff,6
8b2a8a8936d4fff,7
8b2a8ac649a9fff,0
8b2a8a892d44fff,0
8b2a8ac65595fff,5
8b2a8ac65595fff,0
8b2a8ad4b124fff,2
8b2a8a896699fff,0
8b2a8ac64523fff,15
8b2a8ad4e2cefff,15
8b2a8ac65125fff,7
8b2a8ac65125fff,14
8b2a8ad4e273fff,15
8b2a8ac66aa6fff,2
8b2a8ac60910fff,8
8b2a8ac618c0fff,3
8b2a8ac66a16fff,2
8b2a8ac61716fff,15
8b2a8ac63895fff,2
8b2a8ac63895fff,15
8b2a8ac62d73fff,15
8b2a8ad4b46efff,0
8b2a8ad4b46efff,8
8b2a8ac6570bfff,5
8b2a8ac66562fff,9
8b2a8ac64308fff,0
8b2a8a892910fff,0
8b2a8ad5b245fff,15
8b2a8ac654a1fff,5
8b2a8ac61c69fff,3
8b2a8ac644a5fff,15
8b2a8a892840fff,0
8b2a8ac66809fff,15
8b2a8ad4b000fff,0
8b2a8a89340dfff,6
8b2a8ac660a5fff,15
8b2a8ac6dd1cfff,7
8b2a8ac6c384fff,3
8b2a8ac606a4fff,15
8b2a8ad4ab13fff,2
8b2a8ac60c8dfff,15
8b2a8ac65d54fff,0
8b2a8ac62c03fff,15
8b2a8ac65a2efff,0
8b2a8ad4ad53fff,15
8b2a8ad4e221fff,15
8b2a8a892293fff,2
8b2a8ac604e3fff,15
8b2a8ac64281fff,10
8b2a8ac65785fff,5
8b2a8ac646c2fff,15
8b2a8ac642c3fff,10
8b2a8ac6139afff,15
8b2a8ac60b36fff,5
8b2a8ac65951fff,1
8b2a8ad4e24efff,15
8b2a8ad4aadcfff,0
8b2a8ad4b713fff,0
8b2a8ac62ac5fff,15
8b2a8ac668e0fff,15
8b2a8a892210fff,0
8b2a8a892210fff,1
8b2a8ac61d1efff,5
8b2a8ac64012fff,15
8b2a8ac64012fff,2
8b2a8ac635a0fff,15
8b2a8a893573fff,6
8b2a8a893573fff,15
8b2a8a8934b1fff,6
8b2a8a892c10fff,0
8b2a8a892c10fff,10
8b2a8a8924e5fff,0
8b2a8a8924e5fff,3
8b2a8ac644a0fff,15
8b2a8ad48193fff,0
8b2a8ac66c69fff,15
8b2a8ac60563fff,2
8b2a8ac60563fff,15
8b2a8a896302fff,0
8b2a8ad4aa33fff,2
8b2a8ad4aa33fff,0
8b2a8ad4b58afff,2
8b2a8ac6cdaefff,3
8b2a8ac618c6fff,3
8b2a8ac64a93fff,0
8b2a8ac64a93fff,8
8b2a8ad59b23fff,2
8b2a8ad4a040fff,0
8b2a8ac602d3fff,2
8b2a8ac75b22fff,15
8b2a8ac60c80fff,15
8b2a8ac65309fff,0
8b2a8ac6444dfff,2
8b2a8ac65005fff,14
8b2a8ac65761fff,5
8b2a8ac61d21fff,5
8b2a8ac63b59fff,15
8b2a8ac654f1fff,5
8b2a8ad4a351fff,0
8b2a8a892a99fff,8
8b2a8ac64d91fff,15
8b2a8ad5b21efff,15
8b2a8ac6cb0efff,6
8b2a8ac62cc8fff,15
8b2a8ac6186cfff,3
8b2a8ac6485afff,2
8b2a8ac6001afff,11
8b2a8ac6001afff,7
8b2a8ac618a2fff,3
8b2a8ac64266fff,0
8b2a8ac659b4fff,0
8b2a8ac61345fff,15
8b2a8ad4e25afff,15
8b2a8ac61a42fff,3
8b2a8ac6464dfff,8
8b2a8ac6464dfff,10
8b2a8ac6ca62fff,6
8b2a8ac65cd2fff,5
8b2a8ac6189dfff,3
8b2a8ad4b4d2fff,3
8b2a8ad4b4d2fff,8
8b2a8ad4b4d2fff,2
8b2a8ac62b56fff,15
8b2a8ac62a12fff,15
8b2a8ad4a9a1fff,15
8b2a8ac64b70fff,3
8b2a8ac61c98fff,15
8b2a8ac6646bfff,15
8b2a8ac62810fff,15
8b2a8ac664d1fff,15
8b2a8ac61975fff,3
8b2a8ac6152efff,15
8b2a8ad4b290fff,0
8b2a8ac65426fff,5
8b2a8ad5906efff,15
8b2a8ac62015fff,15
8b2a8ac614f6fff,15
8b2a8ac63b31fff,15
8b2a8ac63a55fff,15
8b2a8ac646b0fff,15
8b2a8ad4e668fff,15
8b2a8ac6440cfff,15
8b2a8ac6440cfff,2
8b2a8ac666e4fff,15
8b2a8ac66194fff,15
8b2a8ac6185dfff,3
8b2a8ac6481afff,0
8b2a8ad4aa21fff,0
8b2a8ac64d28fff,2
8b2a8ac66c2cfff,15
8b2a8a892aa0fff,0
8b2a8ad4b782fff,0
8b2a8ad4b782fff,1
8b2a8ac63d2afff,2
8b2a8ad5931dfff,15
8b2a8ac66186fff,15
8b2a8ac64aa9fff,0
8b2a8ac651abfff,4
8b2a8ad4a0a6fff,15
8b2a8ad59b02fff,2
8b2a8ac628f6fff,15
8b2a8a8926f5fff,2
8b2a8ac63cb4fff,15
8b2a8ad59385fff,15
8b2a8a892719fff,3
8b2a8ad5b3a9fff,15
8b2a8ad4a854fff,15
8b2a8ad4b793fff,1
8b2a8ad4b793fff,10
8b2a8ac61712fff,15
8b2a8ac63b4efff,15
8b2a8ac64504fff,15
8b2a8ad59298fff,15
8b2a8ad4b0eefff,2
8b2a8ac601b3fff,2
8b2a8ac6cc42fff,15
8b2a8ad4ab6bfff,2
8b2a8ad4ab6bfff,1
8b2a8ac6c0e1fff,15
8b2a8ad4b69afff,2
8b2a8ad4b69afff,8
8b2a8ac662aefff,15
8b2a8ac66c6efff,15
8b2a8ac64895fff,16
8b2a8ac6530cfff,0
8b2a8ad4a709fff,15
8b2a8ac660acfff,15
8b2a8a893624fff,6
8b2a8ac63c03fff,15
8b2a8ad4a30afff,0
8b2a8ac6c976fff,10
8b2a8ac647b1fff,15
8b2a8ac647b1fff,2
8b2a8ac658d8fff,7
8b2a8ac659b1fff,11
8b2a8ac659b1fff,0
8b2a8ac668ccfff,15
8b2a8ac60c8bfff,15
8b2a8ac66d73fff,15
8b2a8ac64319fff,0
8b2a8ac6c990fff,3
8b2a8ac66b11fff,15
8b2a8ac63bb3fff,15
8b2a8ac60b52fff,5
8b2a8ac65ba9fff,0
8b2a8a896654fff,0
8b2a8ad4a5a4fff,15
8b2a8ac66044fff,15
8b2a8ac62136fff,15
8b2a8ac6dd12fff,7
8b2a8ad590ebfff,15
8b2a8ad48591fff,15
8b2a8a893692fff,6
8b2a8ac6cccdfff,15
8b2a8ac66813fff,15
8b2a8ac64369fff,2
8b2a8ad4b635fff,0
8b2a8a892311fff,8
8b2a8ad4a548fff,15
8b2a8ac66a60fff,15
8b2a8ad4b45afff,10
8b2a8ad590cdfff,15
8b2a8ac66b63fff,15
8b2a8ac60215fff,15
8b2a8ad4b24dfff,0
8b2a8ac6c0a1fff,15
8b2a8ad4b692fff,8
8b2a8ad4b692fff,10
8b2a8ad5b2eefff,15
8b2a8ac75b46fff,15
8b2a8ad4a294fff,0
8b2a8ad4a6b0fff,15
8b2a8ad4a6b0fff,2
8b2a8ac61b68fff,3
8b2a8ac62b89fff,15
8b2a8a892614fff,3
8b2a8ac65c30fff,4
8b2a8ac65c30fff,1
8b2a8ad4b00cfff,0
8b2a8ac63c83fff,15
8b2a8ac638f5fff,15
8b2a8ac66c56fff,15
8b2a8ac66c56fff,9
8b2a8ac61073fff,15
8b2a8ac61388fff,15
8b2a8ac669a5fff,15
8b2a8ac606a9fff,2
8b2a8a892cdafff,0
8b2a8ad4b566fff,1
8b2a8a892943fff,2
8b2a8ac62a48fff,15
8b2a8ad4bc85fff,1
8b2a8ad4bc85fff,10
8b2a8a8934aefff,6
8b2a8ad4b205fff,1
8b2a8ad4b205fff,2
8b2a8ac65b24fff,0
8b2a8ac65326fff,0
8b2a8ac630b0fff,15
8b2a8ac6559cfff,5
8b2a8a892123fff,0
8b2a8ac658defff,7
8b2a8ac66526fff,15
8b2a8ac60941fff,5
8b2a8ac66b9afff,15
8b2a8ac66b9afff,2
8b2a8a892426fff,0
8b2a8ad4a4f4fff,2
8b2a8ac60470fff,15
8b2a8ac61ae1fff,3
8b2a8ad4ab1bfff,2
8b2a8ad4e2adfff,15
8b2a8ac6458bfff,15
8b2a8ac6578dfff,5
8b2a8ac62921fff,15
8b2a8ad4a672fff,15
8b2a8ac6cce3fff,15
8b2a8ad4bc2dfff,2
8b2a8a892126fff,0
8b2a8ac6089cfff,15
8b2a8ac63180fff,15
8b2a8ad4bd93fff,1
8b2a8ad4bd93fff,2
8b2a8ac65841fff,1
8b2a8ac649abfff,0
8b2a8ac604a9fff,15
8b2a8ac66742fff,15
8b2a8a8929a2fff,0
8b2a8ac65908fff,0
8b2a8ad59285fff,15
8b2a8ad4b4f4fff,2
8b2a8ac646f3fff,15
8b2a8a892bb4fff,0
8b2a8ac65ca1fff,10
8b2a8ad48572fff,15
8b2a8ad4b446fff,8
8b2a8ad4b446fff,10
8b2a8ac6386bfff,15
8b2a8ac6161cfff,15
8b2a8ad4bc74fff,2
8b2a8ac61365fff,15
8b2a8a892724fff,3
8b2a8ad4a14bfff,0
8b2a8ac638d5fff,15
8b2a8ad4b374fff,8
8b2a8a892644fff,2
8b2a8ac6468efff,15
8b2a8ac648cdfff,2
8b2a8ac6c8a0fff,3
8b2a8ac64446fff,2
8b2a8ad4a8b5fff,15
8b2a8ac6564efff,5
8b2a8ad4ace1fff,15
8b2a8ac6355dfff,15
8b2a8a89201cfff,10
8b2a8ac631b3fff,15
8b2a8a8962f5fff,2
8b2a8ac60b89fff,5
8b2a8ad4bd9afff,2
8b2a8ac6534efff,0
8b2a8ac6342bfff,15
8b2a8a896355fff,2
8b2a8ac64b45fff,3
8b2a8ac64b45fff,10
8b2a8ac6620efff,15
8b2a8ad4bd1cfff,2
8b2a8ad4a2cefff,2
8b2a8ac6386efff,15
8b2a8ac60449fff,2
8b2a8ac60449fff,15
8b2a8ad4bd00fff,2
8b2a8ac63065fff,15
8b2a8ac6cb52fff,6
8b2a8ac64558fff,2
8b2a8ac6c906fff,7
8b2a8ac6514bfff,0
8b2a8ac6514bfff,14
8b2a8ac6514bfff,4
8b2a8ac66d70fff,15
8b2a8ac64b4bfff,8
8b2a8ac64b4bfff,10
8b2a8ac65458fff,5
8b2a8ac61434fff,15
8b2a8ac60022fff,7
8b2a8ac60022fff,12
8b2a8ac60022fff,15
8b2a8a893550fff,6
8b2a8ac61000fff,15
8b2a8ac65addfff,0
8b2a8ad4ab71fff,2
8b2a8ac61605fff,15
8b2a8ac63a15fff,15
8b2a8ac608abfff,8
8b2a8ac63d96fff,15
8b2a8ac6ca99fff,7
8b2a8ac6ca99fff,2
8b2a8a892c34fff,1
8b2a8a892c34fff,10
8b2a8a892c34fff,7
8b2a8ac614e1fff,15
8b2a8a8928a8fff,0
8b2a8ac60650fff,2
8b2a8ad4a54dfff,15
8b2a8ac61753fff,15
8b2a8ac61c0dfff,5
8b2a8ac60206fff,15
8b2a8ac613abfff,15
8b2a8ac66d59fff,15
8b2a8ac61666fff,15
8b2a8ac65d0efff,0
8b2a8ac62225fff,15
8b2a8a892adafff,1
8b2a8ac65376fff,0
8b2a8ac60156fff,12
8b2a8ac60156fff,15
8b2a8ac60a81fff,5
8b2a8ac65c93fff,7
8b2a8a89232efff,1
8b2a8ac618c3fff,3
8b2a8ac659a1fff,11
8b2a8ac65011fff,4
8b2a8ac65011fff,5
8b2a8ad592ebfff,15
8b2a8a892a95fff,8
8b2a8a892a95fff,11
8b2a8ac6cc83fff,15
8b2a8ac658c6fff,1
8b2a8ac66543fff,15
8b2a8ac65008fff,14
8b2a8ac64b66fff,3
8b2a8ac66a83fff,15
8b2a8ac6c3b3fff,3
8b2a8a8925a2fff,0
8b2a8ad4badcfff,8
8b2a8ad4badcfff,0
8b2a8ac6070efff,2
8b2a8ac62b5cfff,15
8b2a8ad59a2afff,15
8b2a8ad59a2afff,2
8b2a8ac64b4efff,1
8b2a8ac64b4efff,10
8b2a8ad4bd8efff,1
8b2a8ac60609fff,2
8b2a8ad4bd0dfff,2
8b2a8ac6c94cfff,6
8b2a8ac6c836fff,7
8b2a8ac6c836fff,11
8b2a8ad59069fff,15
8b2a8ac61454fff,15
8b2a8ad4a62dfff,15
8b2a8ac6cb1efff,6
8b2a8ac6c868fff,6
8b2a8ad48783fff,0
8b2a8ad48783fff,1
8b2a8ad4b041fff,0
8b2a8a892b80fff,0
8b2a8ac60b34fff,5
8b2a8ac6154cfff,15
8b2a8ac61266fff,15
8b2a8ac65d0afff,0
8b2a8ac65d0afff,1
8b2a8ad4a111fff,15
8b2a8ad4a111fff,0
8b2a8ad5b399fff,15
8b2a8ac65442fff,5
8b2a8ac64d45fff,15
8b2a8a8936c0fff,6
8b2a8ac640e0fff,8
8b2a8ac66a91fff,15
8b2a8ac648e5fff,2
8b2a8ac6184cfff,3
8b2a8ac65c5efff,5
8b2a8ac6452afff,15
8b2a8a892923fff,2
8b2a8a892923fff,0
8b2a8a896584fff,0
8b2a8ac63accfff,15
8b2a8a893540fff,6
8b2a8ad59b90fff,15
8b2a8ac6388afff,15
8b2a8ac63d54fff,2
8b2a8ac75b08fff,15
8b2a8ac642acfff,0
8b2a8a892adcfff,1
8b2a8ad4e606fff,15
8b2a8ac6218dfff,15
8b2a8ac646aafff,15
8b2a8ac646aafff,2
8b2a8ac61acafff,15
8b2a8ad590c8fff,15
8b2a8ac62ae8fff,15
8b2a8ac63da3fff,15
8b2a8ac61d4cfff,3
8b2a8ac61d4cfff,5
8b2a8a89231efff,0
8b2a8a89231efff,1
8b2a8a89231efff,8
8b2a8ac66959fff,15
8b2a8ac66299fff,15
8b2a8ac66216fff,15
8b2a8ac62ab6fff,15
8b2a8ac60d52fff,15
8b2a8ac6386dfff,15
8b2a8ad5929dfff,15
8b2a8ac6c386fff,3
8b2a8ac62ad0fff,15
8b2a8ac65242fff,0
8b2a8ac65634fff,5
8b2a8a8927a6fff,3
8b2a8ac63a48fff,15
8b2a8ac64b05fff,8
8b2a8ac61a2efff,3
8b2a8ac6c8e0fff,7
8b2a8ad4bad6fff,8
8b2a8ad4bad6fff,0
8b2a8ad4856efff,0
8b2a8ad4856efff,15
8b2a8ad4b0a2fff,0
8b2a8ad4e212fff,15
8b2a8a892d63fff,0
8b2a8ac66b68fff,15
8b2a8a89256dfff,0
8b2a8ac600aafff,11
8b2a8ad4a69bfff,15
8b2a8a892c42fff,10
8b2a8ad4bcb6fff,1
8b2a8ad4bcb6fff,2
8b2a8ad4bcb6fff,2
8b2a8ac653a9fff,11
8b2a8ac6034afff,15
8b2a8a892142fff,11
8b2a8a892142fff,1
8b2a8ac64142fff,10
8b2a8ac6306dfff,15
8b2a8ad59371fff,15
8b2a8ac6694efff,15
8b2a8ac64c05fff,2
8b2a8ac6699efff,15
8b2a8ac60516fff,15
8b2a8ad4a953fff,15
8b2a8ad4b2e9fff,11
8b2a8ad4b2e9fff,0
8b2a8ac6621cfff,15
8b2a8ad59a56fff,15
8b2a8ac60a01fff,5
8b2a8ac65d02fff,0
8b2a8ac65d02fff,1
8b2a8ad4bcd0fff,10
8b2a8ac6dd34fff,7
8b2a8ac6cce9fff,15
8b2a8ac604a1fff,15
8b2a8ac6195bfff,3
8b2a8ac60611fff,2
8b2a8ac61356fff,15
8b2a8ac61d44fff,5
8b2a8ad48510fff,15
8b2a8ac602ecfff,15
8b2a8ac65b4efff,0
8b2a8ac649b3fff,15
8b2a8ac62c71fff,15
8b2a8ac65250fff,0
8b2a8ac6181efff,3
8b2a8ad4a3aafff,0
8b2a8ac642d1fff,10
8b2a8ac6ddb5fff,7
8b2a8ad59643fff,15
8b2a8ac60613fff,2
8b2a8a8928edfff,0
8b2a8ac65802fff,14
8b2a8ac65802fff,11
8b2a8ad59b72fff,2
8b2a8ac6cd44fff,3
8b2a8ac63d24fff,2
8b2a8ad4854dfff,0
8b2a8ac6cc45fff,15
8b2a8ad4e661fff,15
8b2a8ac61969fff,3
8b2a8ac61d02fff,5
8b2a8ac638ccfff,15
8b2a8ac6624cfff,15
8b2a8ac61826fff,3
8b2a8ac641b5fff,15
8b2a8ac6dd15fff,7
8b2a8ad4b66dfff,0
8b2a8a896404fff,0
8b2a8ac6496dfff,2
8b2a8ac60409fff,15
8b2a8ac60b4cfff,5
8b2a8ac648c6fff,2
8b2a8ac64371fff,0
8b2a8ad4a6ecfff,15
8b2a8ad4b496fff,2
8b2a8ad4a0defff,15
8b2a8ad4e2d5fff,15
8b2a8ac60929fff,10
8b2a8ad4a6a3fff,15
8b2a8ad4b6d9fff,0
8b2a8ad4b398fff,0
8b2a8ad4b8a2fff,2
8b2a8ac60a35fff,5
8b2a8ad59b9afff,15
8b2a8a8962f6fff,2
8b2a8ac6c873fff,7
8b2a8ac60406fff,15
8b2a8ac650cdfff,5
8b2a8ac64ac0fff,0
8b2a8ac63029fff,2
8b2a8ac63a11fff,15
8b2a8ad5904bfff,15
8b2a8ac654f3fff,5
8b2a8ac663a9fff,15
8b2a8ac66423fff,15
8b2a8ad4ad5efff,15
8b2a8ac66936fff,15
8b2a8ad4ad69fff,15
8b2a8a892735fff,3
8b2a8ac6cb58fff,6
8b2a8ac66458fff,15
8b2a8ac66d0bfff,15
8b2a8ad4e26efff,15
8b2a8ac656a0fff,5
8b2a8ad4b416fff,2
8b2a8ac6cceafff,15
8b2a8ac646b1fff,15
8b2a8ad4a7a4fff,15
8b2a8ac6470afff,2
8b2a8ac60b23fff,5
8b2a8a8924eafff,3
8b2a8ac63890fff,2
8b2a8ac63890fff,15
8b2a8ac60cc1fff,2
8b2a8ac60cc1fff,15
8b2a8ac65474fff,5
8b2a8ad4a281fff,0
8b2a8ad4baddfff,8
8b2a8ad4baddfff,0
8b2a8ac64ad9fff,0
8b2a8ad4e670fff,15
8b2a8a893683fff,6
8b2a8a8936aefff,6
8b2a8ac60af2fff,5
8b2a8ac6188afff,3
8b2a8ac6dd91fff,7
8b2a8a8928f0fff,0
8b2a8ad48084fff,0
8b2a8a892211fff,0
8b2a8a892211fff,1
8b2a8ad4a914fff,15
8b2a8ac66a59fff,15
8b2a8ad4a436fff,15
8b2a8a89650afff,0
8b2a8a892190fff,10
8b2a8ac64774fff,2
8b2a8ad4b4ddfff,10
8b2a8ad4b4ddfff,2
8b2a8ac631a9fff,2
8b2a8ac60816fff,8
8b2a8ac6490efff,0
8b2a8a892462fff,0
8b2a8ac63aa1fff,15
8b2a8ac66196fff,15
8b2a8ac66196fff,9
8b2a8ac6cda4fff,3
8b2a8ac6c54cfff,15
8b2a8ac6105bfff,15
8b2a8ac61041fff,15
8b2a8ac60955fff,5
8b2a8ac604dafff,15
8b2a8ac60b83fff,5
8b2a8ac65614fff,5
8b2a8ac64d05fff,15
8b2a8ac64d05fff,2
8b2a8ac64d06fff,15
8b2a8ac61c30fff,5
8b2a8ac604abfff,15
8b2a8ac618f2fff,3
8b2a8ac61c63fff,3
8b2a8ac60915fff,8
8b2a8a89286efff,0
8b2a8a8926e1fff,2
8b2a8a8926e1fff,3
8b2a8a893590fff,6
8b2a8ad480b2fff,0
8b2a8ac6dd33fff,7
8b2a8ac61480fff,15
8b2a8ac65d98fff,8
8b2a8ac65d98fff,2
8b2a8ac6601efff,15
8b2a8a8922b5fff,3
8b2a8ac6156afff,15
8b2a8a8921a8fff,10
8b2a8ac66261fff,15
8b2a8ad4b222fff,2
8b2a8ad4a003fff,0
8b2a8ad5966efff,15
8b2a8ac654ecfff,5
8b2a8ad4a156fff,0
8b2a8ac63986fff,2
8b2a8a892936fff,0
8b2a8ad4ab85fff,2
8b2a8ad4ab85fff,0
8b2a8ad5962efff,15
8b2a8ad4b3a0fff,0
8b2a8ac65d6efff,0
8b2a8ac65d6efff,1
8b2a8ac65888fff,14
8b2a8ac65888fff,1
8b2a8a892176fff,1
8b2a8a892176fff,0
8b2a8ac65808fff,1
8b2a8ac66154fff,15
8b2a8ac60c01fff,15
8b2a8ac62ae6fff,15
8b2a8ac66d05fff,15
8b2a8ac63556fff,15
8b2a8ac638cefff,15
8b2a8ac61928fff,3
8b2a8a89346efff,6
8b2a8ac62303fff,15
8b2a8ac6450afff,15
8b2a8ac61b12fff,3
8b2a8ac6c389fff,10
8b2a8ac6c941fff,6
8b2a8ad48722fff,0
8b2a8ac6390cfff,2
8b2a8ac63942fff,2
8b2a8ac63942fff,15
8b2a8ad596c1fff,15
8b2a8ac652f0fff,0
8b2a8ac6642dfff,15
8b2a8ad4e2f1fff,15
8b2a8ac65489fff,5
8b2a8ac60d31fff,15
8b2a8a896291fff,0
8b2a8ad4b636fff,0
8b2a8ac601aefff,13
8b2a8ac60c52fff,15
8b2a8ad5b356fff,15
8b2a8ac60243fff,15
8b2a8a8920a5fff,10
8b2a8ac60052fff,15
8b2a8a8924e1fff,0
8b2a8a8924e1fff,3
8b2a8ac61955fff,3
8b2a8ad4b6ddfff,0
8b2a8ac66b06fff,15
8b2a8ac6424efff,0
8b2a8ac61c8cfff,5
8b2a8ac61c8cfff,15
8b2a8ac65b70fff,0
8b2a8ac64734fff,2
8b2a8ad5d36dfff,15
8b2a8a892a16fff,0
8b2a8ad4a5adfff,15
8b2a8ac64659fff,8
8b2a8ac64659fff,10
8b2a8ac640cefff,0
8b2a8a89219afff,0
8b2a8ac60960fff,5
8b2a8ac60960fff,10
8b2a8ac60261fff,15
8b2a8a896384fff,0
8b2a8ad5b266fff,15
8b2a8a893728fff,6
8b2a8a89289afff,0
8b2a8a8928c4fff,2
8b2a8a8928c4fff,0
8b2a8ac6578bfff,5
8b2a8ad4a2d9fff,2
8b2a8ad4a2d9fff,0
8b2a8ac63168fff,15
8b2a8ad4b616fff,0
8b2a8ac662a8fff,15
8b2a8ac65806fff,11
8b2a8ac61194fff,3
8b2a8ac61194fff,15
8b2a8ad48094fff,0
8b2a8ac6299dfff,15
8b2a8a892118fff,10
8b2a8ad59b86fff,15
8b2a8ac61175fff,3
8b2a8a896619fff,0
8b2a8ad4b749fff,0
8b2a8ac64630fff,2
8b2a8ac63a83fff,15
8b2a8ad4bcaafff,1
8b2a8ad4bcaafff,10
8b2a8ac65cb4fff,2
8b2a8a8926aafff,3
8b2a8ac60145fff,5
8b2a8a892d92fff,0
8b2a8a892c63fff,10
8b2a8a8934d5fff,6
8b2a8ac62b71fff,15
8b2a8ac62d59fff,15
8b2a8ac650b3fff,5
8b2a8ac66d03fff,15
8b2a8ac63a5dfff,15
8b2a8ac60760fff,15
8b2a8a892403fff,0
8b2a8a892403fff,3
8b2a8ad4bc1cfff,2
8b2a8ac6c858fff,6
8b2a8ac6098cfff,8
8b2a8ac6cc09fff,15
8b2a8ad59325fff,15
8b2a8ac62a00fff,15
8b2a8ac63d22fff,2
8b2a8ac63d22fff,15
8b2a8ad4a4a9fff,2
8b2a8ac66903fff,15
8b2a8ac65830fff,11
8b2a8ac6c802fff,7
8b2a8ac6c802fff,11
8b2a8ac61260fff,15
8b2a8ac6ca71fff,6
8b2a8ac6ca71fff,7
8b2a8ad4ab10fff,2
8b2a8ad4a509fff,15
8b2a8ac6291bfff,15
8b2a8ac60004fff,7
8b2a8ac60004fff,12
8b2a8ac6dd0afff,7
8b2a8ad4b2a2fff,0
8b2a8ac656a4fff,5
8b2a8a892ca0fff,0
8b2a8ac63d70fff,2
8b2a8ac66acafff,15
8b2a8ad480a1fff,0
8b2a8ac66c66fff,15
8b2a8ac61999fff,3
8b2a8ad4b9b1fff,2
8b2a8ad4a6c1fff,15
8b2a8ac60b03fff,5
8b2a8ad4e288fff,15
8b2a8ac66170fff,15
8b2a8ac60a1afff,5
8b2a8ac648d2fff,2
8b2a8ac65033fff,4
8b2a8a89378afff,6
8b2a8ac65c1afff,4
8b2a8ac66c5afff,15
8b2a8ac64998fff,15
8b2a8ad4a695fff,15
8b2a8ac6cb0cfff,6
8b2a8ac6296dfff,15
8b2a8ac60a48fff,5
8b2a8a893772fff,6
8b2a8ac65219fff,0
8b2a8ac60c5bfff,2
8b2a8a8924aefff,3
8b2a8ad4b313fff,0
8b2a8ac6056dfff,2
8b2a8a892cd1fff,0
8b2a8a892cd1fff,10
8b2a8ac6655dfff,15
8b2a8ac6072afff,2
8b2a8ac6519efff,5
8b2a8ac66c99fff,15
8b2a8a89648bfff,0
8b2a8a893449fff,6
8b2a8ac64162fff,11
8b2a8ac63431fff,15
8b2a8ac6085efff,5
8b2a8ac6cc95fff,15
8b2a8ac65656fff,5
8b2a8ac6dda5fff,7
8b2a8ac62362fff,15
8b2a8ac665a5fff,15
8b2a8ac6634dfff,15
8b2a8ad4b0dafff,2
8b2a8ad592b2fff,15
8b2a8ac6cb66fff,6
8b2a8ac6c0b2fff,15
8b2a8ad484e8fff,2
8b2a8ac64d8cfff,15
8b2a8ac61981fff,3
8b2a8a892082fff,0
8b2a8ac64552fff,15
8b2a8ac64552fff,2
8b2a8ac65944fff,1
8b2a8ad4a118fff,0
8b2a8ac66b4cfff,15
8b2a8a893418fff,6
8b2a8ac66219fff,15
8b2a8ac6c0c0fff,3
8b2a8ad4b20afff,0
8b2a8ad4b20afff,1
8b2a8a892640fff,2
8b2a8ac61ac6fff,3
8b2a8ad4a8aafff,15
8b2a8ac6cb72fff,6
8b2a8ad5b295fff,15
8b2a8ac65296fff,5
8b2a8ad59ae8fff,15
8b2a8ac6216cfff,15
8b2a8ac62b60fff,15
8b2a8ac61b56fff,3
8b2a8ad4e669fff,15
8b2a8ad48404fff,2
8b2a8a892634fff,3
8b2a8ac64772fff,2
8b2a8ac61105fff,3
8b2a8ac6414cfff,10
8b2a8ac6414cfff,2
8b2a8ac64b23fff,8
8b2a8ac62a98fff,2
8b2a8ac62ae4fff,15
8b2a8ac6c364fff,7
8b2a8ac667adfff,15
8b2a8ac6415efff,10
8b2a8ac6415efff,8
8b2a8ac6314dfff,15
8b2a8ac65c45fff,4
8b2a8ac65c45fff,5
8b2a8a892c14fff,0
8b2a8a892c14fff,10
8b2a8ad4a359fff,9
8b2a8ad4a359fff,2
8b2a8ac64b98fff,8
8b2a8ac64b98fff,2
8b2a8ad4e629fff,15
8b2a8ac65b96fff,1
8b2a8ac65b96fff,4
8b2a8ad4b0dcfff,2
8b2a8ac60351fff,15
8b2a8ac651a5fff,5
8b2a8ad4a25afff,9
8b2a8ac60034fff,13
8b2a8ac60034fff,15
8b2a8ad59ad5fff,15
8b2a8ad4b414fff,2
8b2a8ac65659fff,5
8b2a8ac65a04fff,0
8b2a8ac662d3fff,15
8b2a8ac6455efff,2
8b2a8ac6311afff,2
8b2a8ad4ac2cfff,15
8b2a8ad4b31dfff,0
8b2a8a89288bfff,0
8b2a8ac6cc56fff,15
8b2a8ad59213fff,15
8b2a8ac6cae3fff,7
8b2a8ad4ac40fff,15
8b2a8ac64c30fff,15
8b2a8ac64c30fff,2
8b2a8ac606c3fff,2
8b2a8ac62880fff,15
8b2a8ac65811fff,14
8b2a8ac65811fff,11
8b2a8ad486e3fff,2
8b2a8ac65795fff,5
8b2a8ad4a92bfff,15
8b2a8ac646cbfff,16
8b2a8ac646cbfff,15
8b2a8ac6204bfff,15
8b2a8ac60428fff,15
8b2a8ac66234fff,15
8b2a8ad4b672fff,0
8b2a8ad4e223fff,15
8b2a8ad4a541fff,15
8b2a8ad5b0eafff,15
8b2a8ac60402fff,15
8b2a8ac607a0fff,15
8b2a8a896750fff,0
8b2a8a892175fff,1
8b2a8ac61d8cfff,5
8b2a8ac60926fff,10
8b2a8ac61d93fff,5
8b2a8ac61d9dfff,5
8b2a8ac6c8b6fff,3
8b2a8ac6ddb2fff,7
8b2a8ac610f1fff,15
8b2a8ac66211fff,15
8b2a8ac6451bfff,15
8b2a8ac640dafff,2
8b2a8ac65d10fff,0
8b2a8ac65d10fff,1
8b2a8ac63534fff,15
8b2a8ac6c852fff,7
8b2a8ac6c071fff,7
8b2a8ac6640dfff,15
8b2a8ad4a4f0fff,2
8b2a8ac61972fff,3
8b2a8ac619b1fff,5
8b2a8ac64404fff,15
8b2a8ac63ba3fff,15
8b2a8a892d69fff,0
8b2a8a892d04fff,0
8b2a8a892baefff,0
8b2a8ac62823fff,15
8b2a8ac64b14fff,8
8b2a8ad593a3fff,15
8b2a8ac66b76fff,15
8b2a8ac6655bfff,15
8b2a8ac638d8fff,15
8b2a8ac6159cfff,15
8b2a8ac63d73fff,2
8b2a8ac6051dfff,15
8b2a8ac6428afff,10
8b2a8ac6584dfff,2
8b2a8ac6584dfff,1
8b2a8ac63a9cfff,15
8b2a8ad4a8c1fff,0
8b2a8ac61c2bfff,5
8b2a8ac60d9bfff,15
8b2a8ac60632fff,2
8b2a8ac65d14fff,0
8b2a8ac65d14fff,1
8b2a8a892c43fff,10
8b2a8ac60885fff,8
8b2a8ac644cafff,15
8b2a8a892ba0fff,0
8b2a8ac66246fff,15
8b2a8ac64794fff,15
8b2a8ad4ab22fff,2
8b2a8ac6071cfff,2
8b2a8a896416fff,0
8b2a8ac60290fff,2
8b2a8ac61312fff,15
8b2a8ad4a081fff,15
8b2a8ac610b4fff,15
8b2a8ac6c9b0fff,7
8b2a8ac6c9b0fff,3
8b2a8ac64766fff,0
8b2a8ac64766fff,2
8b2a8ac654f5fff,5
8b2a8ac61114fff,3
8b2a8a8966eefff,0
8b2a8ac615b5fff,15
8b2a8ac60c20fff,15
8b2a8ac60ad6fff,5
8b2a8a8966a1fff,0
8b2a8ad4a060fff,0
8b2a8ac6629afff,15
8b2a8ac60a58fff,5
8b2a8ac63d5efff,2
8b2a8ac63d5efff,15
8b2a8ac66b29fff,15
8b2a8ac61c2afff,5
8b2a8ad4aa58fff,2
8b2a8ad4aa58fff,0
8b2a8ad4b9a4fff,2
8b2a8ac653aefff,11
8b2a8ad4e759fff,15
8b2a8ad59ae5fff,15
8b2a8ac6284dfff,15
8b2a8ad4a01efff,15
8b2a8ac61a96fff,3
8b2a8a892941fff,2
8b2a8ac6654afff,15
8b2a8a893593fff,6
8b2a8ac62a8cfff,15
8b2a8ad59b15fff,2
8b2a8ad5b2d3fff,15
8b2a8ac6066cfff,2
8b2a8ac62221fff,15
8b2a8ac64b08fff,3
8b2a8ac64b08fff,8
8b2a8ac60c92fff,15
8b2a8ad5d36cfff,15
8b2a8ac6c995fff,3
8b2a8ac65c6cfff,4
8b2a8ac65c6cfff,1
8b2a8ac61aa3fff,3
8b2a8ac6c135fff,15
8b2a8ad4ad70fff,15
8b2a8ac66c6dfff,15
8b2a8ac6306efff,15
8b2a8ac64c4cfff,15
8b2a8ac64c4cfff,16
8b2a8ad5906afff,15
8b2a8ac60884fff,5
8b2a8ac60884fff,8
8b2a8ac60884fff,15
8b2a8ac60c0cfff,15
8b2a8ac64a48fff,10
8b2a8ac62101fff,15
8b2a8a8962edfff,2
8b2a8ac75b64fff,15
8b2a8a896762fff,0
8b2a8ac60924fff,10
8b2a8ac628b2fff,15
8b2a8ac6ca89fff,10
8b2a8ac60183fff,2
8b2a8ad4a2c5fff,2
8b2a8ad4a2c5fff,0
8b2a8ac63025fff,2
8b2a8ac650f0fff,5
8b2a8ad4b712fff,0
8b2a8ad4bc24fff,1
8b2a8ad4bc24fff,2
8b2a8ac6479afff,15
8b2a8ad59291fff,15
8b2a8ac6c840fff,6
8b2a8ac6c840fff,7
8b2a8ad59159fff,15
8b2a8ac62ce6fff,15
8b2a8ad4b6d6fff,0
8b2a8ad4b52cfff,10
8b2a8ad4b52cfff,3
8b2a8a892168fff,11
8b2a8ac62b8dfff,15
8b2a8ad4aa41fff,2
8b2a8ad4aa41fff,1
8b2a8ac63aacfff,15
8b2a8ac64b63fff,3
8b2a8ac64b63fff,10
8b2a8ac6051afff,15
8b2a8ac6000efff,7
8b2a8a896484fff,0
8b2a8a896432fff,0
8b2a8a89290afff,0
8b2a8ac62115fff,15
8b2a8ac6044afff,15
8b2a8a896648fff,0
8b2a8ad4e2cbfff,15
8b2a8ac64c80fff,15
8b2a8ac64623fff,2
8b2a8ac60369fff,5
8b2a8ac6c0d0fff,3
8b2a8ad4aa9cfff,0
8b2a8a892d1bfff,1
8b2a8a892d1bfff,0
8b2a8ac63561fff,15
8b2a8ac63853fff,15
8b2a8ad59346fff,15
8b2a8ac64418fff,15
8b2a8ac65148fff,0
8b2a8ac65148fff,1
8b2a8ac65148fff,4
8b2a8ac61db6fff,5
8b2a8ac64382fff,0
8b2a8a893cd8fff,15
8b2a8ac656d3fff,5
8b2a8ac64191fff,15
8b2a8ac64191fff,2
8b2a8ac60a9afff,5
8b2a8ac64ad4fff,0
8b2a8ac6502efff,14
8b2a8ac6469cfff,15
8b2a8ac61549fff,15
8b2a8ac6cd8efff,15
8b2a8ad4a3a9fff,0
8b2a8ac60842fff,5
8b2a8ad4b48afff,8
8b2a8ad4b48afff,2
8b2a8ad59b06fff,2
8b2a8ac60233fff,15
8b2a8ac640e3fff,8
8b2a8ad4b0a9fff,0
8b2a8a8906abfff,1
8b2a8a892829fff,0
8b2a8ad486c8fff,2
8b2a8ac650f2fff,5
8b2a8ac6226efff,15
8b2a8ac654dafff,5
8b2a8ac640a5fff,15
8b2a8ac640a5fff,2
8b2a8ac62aadfff,15
8b2a8ac600e4fff,7
8b2a8ac652a5fff,2
8b2a8ac652a5fff,11
8b2a8ac652a5fff,5
8b2a8ac60010fff,7
8b2a8ac66d0efff,15
8b2a8ac60a52fff,5
8b2a8ac61953fff,3
8b2a8ac65a89fff,0
8b2a8ac65a89fff,1
8b2a8ad5905efff,15
8b2a8ac6652bfff,15
8b2a8ac6652bfff,9
8b2a8ac60396fff,15
8b2a8ac62545fff,15
8b2a8ac63a2dfff,15
8b2a8ac61d89fff,5
8b2a8ac62241fff,15
8b2a8ac64b69fff,8
8b2a8ac64b69fff,1
8b2a8ac60b30fff,5
8b2a8a89660cfff,0
8b2a8ad4ac1cfff,15
8b2a8ac6c234fff,10
8b2a8ac66a0bfff,15
8b2a8ac617b3fff,15
8b2a8ac63c72fff,15
8b2a8ad4b481fff,2
8b2a8ac64484fff,15
8b2a8ad4b88efff,2
8b2a8ac66a86fff,15
8b2a8ac6c750fff,7
8b2a8ad4bd11fff,2
8b2a8ac65c53fff,5
8b2a8ad4e751fff,15
8b2a8ac6421afff,0
8b2a8ac656c5fff,5
8b2a8a892641fff,2
8b2a8ac61d4bfff,3
8b2a8ac63823fff,2
8b2a8ac63823fff,15
8b2a8ac6391bfff,2
8b2a8a89209dfff,0
8b2a8a89209dfff,3
8b2a8ac648c1fff,2
8b2a8ac64d53fff,2
8b2a8ac60d89fff,15
8b2a8ad4b2dbfff,1
8b2a8ac61566fff,15
8b2a8ac642aafff,10
8b2a8a8964ccfff,0
8b2a8ac66535fff,15
8b2a8ac6c11cfff,15
8b2a8ac62c0bfff,15
8b2a8a8923adfff,0
8b2a8a8923adfff,8
8b2a8ac64955fff,2
8b2a8ac65a60fff,0
8b2a8ac638eefff,15
8b2a8ac65208fff,0
8b2a8ac656cefff,5
8b2a8ac6585afff,2
8b2a8ac6585afff,11
8b2a8ac64631fff,2
8b2a8ad4a7acfff,15
8b2a8ac658c9fff,2
8b2a8ac658c9fff,1
8b2a8ac658c9fff,4
8b2a8ac6cd1efff,3
8b2a8ac60d15fff,15
8b2a8ad590ccfff,15
8b2a8ac62a0efff,15
8b2a8ac65743fff,5
8b2a8ac602b5fff,15
8b2a8ad4a783fff,15
8b2a8a89621efff,2
8b2a8a89621efff,0
8b2a8a896d90fff,8
8b2a8a896d90fff,0
8b2a8ac64548fff,2
8b2a8a892280fff,7
8b2a8a892280fff,3
8b2a8ac6002efff,12
8b2a8ac640c5fff,0
8b2a8ac640c5fff,8
8b2a8ad5960afff,15
8b2a8ad59a4efff,15
8b2a8ac61816fff,3
8b2a8ac61675fff,15
8b2a8ac60549fff,15
8b2a8ad4a263fff,9
8b2a8ac62973fff,15
8b2a8ad4aa46fff,2
8b2a8ad4aa46fff,1
8b2a8a892c53fff,10
8b2a8ad4bad1fff,8
8b2a8ad4bad1fff,0
8b2a8ac62374fff,15
8b2a8ad4a733fff,15
8b2a8ac608ebfff,5
8b2a8ac659a6fff,11
8b2a8ac659a6fff,0
8b2a8ad48599fff,2
8b2a8ac6489dfff,15
8b2a8ac6489dfff,16
8b2a8ac63ca2fff,15
8b2a8ac6dd8efff,7
8b2a8ac6355bfff,15
8b2a8ad4a26bfff,1
8b2a8ad4a26bfff,2
8b2a8ad4a26bfff,9
8b2a8ac62131fff,15
8b2a8ad4a296fff,0
8b2a8ad4a092fff,15
8b2a8ac64bb4fff,2
8b2a8ac6150afff,15
8b2a8ad4b4c3fff,10
8b2a8ad4b4c3fff,2
8b2a8ad4acc6fff,15
8b2a8ac65b5efff,0
8b2a8ac648ebfff,2
8b2a8a892695fff,3
8b2a8ac6341cfff,15
8b2a8ad4ab5cfff,2
8b2a8a893471fff,6
8b2a8ac65cd1fff,5
8b2a8a89666afff,0
8b2a8ad4819bfff,0
8b2a8ad4a318fff,0
8b2a8ac61718fff,15
8b2a8ad48448fff,0
8b2a8ac667a9fff,15
8b2a8ac60964fff,10
8b2a8ad59baafff,15
8b2a8ac64284fff,10
8b2a8ac64284fff,11
8b2a8ac6ca59fff,7
8b2a8ac63135fff,2
8b2a8ac63141fff,15
8b2a8ac63c0efff,15
8b2a8ac61cb2fff,5
8b2a8ac61cb2fff,15
8b2a8ac66704fff,15
8b2a8ad4b521fff,3
8b2a8ac66226fff,15
8b2a8ac62a14fff,15
8b2a8ac62954fff,15
8b2a8ad4b019fff,0
8b2a8ac61419fff,15
8b2a8ad4b26efff,0
8b2a8ac6059bfff,15
8b2a8ac64340fff,0
8b2a8ac65505fff,5
8b2a8ac60953fff,5
8b2a8ac63145fff,15
8b2a8ad4a080fff,15
8b2a8a8930a9fff,15
8b2a8ac65452fff,5
8b2a8ad4bc0efff,2
8b2a8a892a5dfff,1
8b2a8ac662f6fff,15
8b2a8ac6095efff,5
8b2a8ac62932fff,15
8b2a8a892a8dfff,0
8b2a8ac65936fff,0
8b2a8ad4b0a5fff,0
8b2a8ac6dd19fff,7
8b2a8ac66d09fff,15
8b2a8ac652d6fff,3
8b2a8ac61d6efff,5
8b2a8ad4e600fff,15
8b2a8ac6cb25fff,6
8b2a8ac61414fff,15
8b2a8ac63af5fff,15
8b2a8ac61464fff,15
8b2a8a892184fff,10
8b2a8ac64213fff,0
8b2a8ac60954fff,5
8b2a8ac60954fff,8
8b2a8ac60954fff,10
8b2a8ac6629bfff,15
8b2a8ad4badefff,8
8b2a8ad4badefff,0
8b2a8a89290efff,0
8b2a8ad4b5a2fff,2
8b2a8ac666b3fff,15
8b2a8ac66928fff,15
8b2a8ac60570fff,15
8b2a8ac61d22fff,5
8b2a8ac66934fff,15
8b2a8a892771fff,3
8b2a8ac6456bfff,2
8b2a8ad59760fff,15
8b2a8ac6c00afff,15
8b2a8ac65895fff,1
8b2a8ac6500dfff,14
8b2a8ac65c2bfff,4
8b2a8ac65c2bfff,1
8b2a8ac60a41fff,5
8b2a8ac6050afff,15
8b2a8ac61ab5fff,3
8b2a8ac60d04fff,15
8b2a8ac6289bfff,15
8b2a8ad4b756fff,0
8b2a8ac6caebfff,7
8b2a8ac65890fff,1
8b2a8ac62aa9fff,15
8b2a8ac65a00fff,0
8b2a8ac61a6cfff,3
8b2a8ac64118fff,15
8b2a8ac64118fff,2
8b2a8a892160fff,11
8b2a8a892160fff,1
8b2a8ac60618fff,2
8b2a8ac64854fff,2
8b2a8ac66955fff,15
8b2a8ac6074dfff,2
8b2a8ac6074dfff,15
8b2a8ac64255fff,0
8b2a8ac66659fff,15
8b2a8ac64622fff,2
8b2a8ac66b0dfff,15
8b2a8ad4a40afff,15
8b2a8ac60619fff,2
8b2a8ac62854fff,15
8b2a8ac6489afff,16
8b2a8ac6011dfff,15
8b2a8ac60768fff,15
8b2a8ac616e4fff,15
8b2a8ac6cb32fff,6
8b2a8ac60280fff,2
8b2a8ac60280fff,15
8b2a8ac66b69fff,15
8b2a8ad48594fff,15
8b2a8ac6cc14fff,15
8b2a8ac602d4fff,2
8b2a8ac602d4fff,15
8b2a8a8965b6fff,1
8b2a8a8965b6fff,11
8b2a8a8965b6fff,0
8b2a8ac635a3fff,15
8b2a8ac600e9fff,15
8b2a8ac66146fff,15
8b2a8ac65b8bfff,0
8b2a8ac6005cfff,15
8b2a8ac6189efff,3
8b2a8ac63ce8fff,15
8b2a8ac6384afff,15
8b2a8ad4ac64fff,15
8b2a8ad4865efff,2
8b2a8ad5936bfff,15
8b2a8a892c30fff,1
8b2a8a892c30fff,10
8b2a8a892c30fff,7
8b2a8ac6ca6bfff,7
8b2a8a8927b6fff,3
8b2a8ad5962cfff,15
8b2a8ac6cb43fff,6
8b2a8ac61954fff,3
8b2a8ac652eefff,2
8b2a8ad48680fff,1
8b2a8ad4a420fff,15
8b2a8ad4bda4fff,1
8b2a8ad4bda4fff,2
8b2a8ac660ecfff,15
8b2a8ac61b20fff,3
8b2a8a8922d8fff,2
8b2a8a892c0efff,10
8b2a8ac63b33fff,15
8b2a8ac643a0fff,0
8b2a8ad486b0fff,1
8b2a8ac60182fff,2
8b2a8ac6c761fff,3
8b2a8ac62c1bfff,15
8b2a8ac66981fff,15
8b2a8ac63a25fff,15
8b2a8ac61809fff,3
8b2a8ad59375fff,15
8b2a8ad59a11fff,2
8b2a8ac64801fff,2
8b2a8ad4ada8fff,15
8b2a8ac64415fff,15
8b2a8a8929a1fff,0
8b2a8a892530fff,0
8b2a8ad4ac02fff,15
8b2a8ac60a74fff,5
8b2a8ac61361fff,15
8b2a8ac6521afff,3
8b2a8ac62344fff,15
8b2a8ac615a0fff,15
8b2a8ac65343fff,0
8b2a8ac6516dfff,4
8b2a8ad48726fff,0
8b2a8ac65210fff,3
8b2a8ac65210fff,11
8b2a8ac62146fff,15
8b2a8a89658cfff,0
8b2a8a893496fff,6
8b2a8a893496fff,7
8b2a8ad4b38afff,0
8b2a8ac6488efff,15
8b2a8ac6488efff,2
8b2a8ac6488efff,16
8b2a8ac61103fff,3
8b2a8ad48492fff,2
8b2a8ad59354fff,15
8b2a8ad59680fff,15
8b2a8ac60536fff,15
8b2a8ad4e68efff,15
8b2a8ac6558afff,5
8b2a8ac61452fff,15
8b2a8ad4a22afff,0
8b2a8a892861fff,0
8b2a8ac638b3fff,2
8b2a8ac638b3fff,15
8b2a8ac613a6fff,15
8b2a8ac62a35fff,15
8b2a8ac65510fff,5
8b2a8a892855fff,0
8b2a8ac64cd6fff,15
8b2a8ad4b0d9fff,2
8b2a8ac66560fff,9
8b2a8ac6c881fff,7
8b2a8ac6c881fff,3
8b2a8ac60202fff,15
8b2a8ac6565dfff,5
8b2a8a8934e8fff,6
8b2a8ad5d24dfff,15
8b2a8ad4b101fff,2
8b2a8ad4bc35fff,1
8b2a8ad4bc35fff,2
8b2a8a8920d4fff,3
8b2a8ac63508fff,15
8b2a8a892d6afff,0
8b2a8ad4a0abfff,15
8b2a8a892591fff,0
8b2a8a892591fff,3
8b2a8a892591fff,2
8b2a8ac66901fff,15
8b2a8ac61d0efff,5
8b2a8ac61b40fff,3
8b2a8ac62102fff,15
8b2a8ad4a8ebfff,15
8b2a8ad4a8ebfff,0
8b2a8ad4ab83fff,0
8b2a8ad5b22bfff,15
8b2a8ac6c10dfff,15
8b2a8ac66a65fff,15
8b2a8a8936e9fff,6
8b2a8ac60ce8fff,2
8b2a8a892651fff,2
8b2a8ac64cd4fff,15
8b2a8ac65db5fff,2
8b2a8ac65db5fff,1
8b2a8ac660edfff,15
8b2a8a892469fff,2
8b2a8a892469fff,0
8b2a8a892469fff,3
8b2a8ac631aafff,2
8b2a8ac638e0fff,15
8b2a8ad4b09efff,0
8b2a8ac6c14dfff,7
8b2a8ac65754fff,5
8b2a8ad48595fff,15
8b2a8ac660a0fff,15
8b2a8ac6608bfff,15
8b2a8ac60335fff,5
8b2a8ac60335fff,15
8b2a8ac6299cfff,15
8b2a8ad4e20afff,15
8b2a8ac6316cfff,15
8b2a8a892825fff,0
8b2a8ac610b5fff,15
8b2a8ac616f0fff,15
8b2a8ac6c146fff,7
8b2a8ac63d34fff,15
8b2a8ac66b85fff,2
8b2a8ac64ca1fff,15
8b2a8ac6389efff,2
8b2a8ac6389efff,15
8b2a8ac6c331fff,2
8b2a8ac61516fff,15
8b2a8ac63d2cfff,2
8b2a8ac6652afff,15
8b2a8ac65a58fff,1
8b2a8ac62834fff,15
8b2a8ac66465fff,15
8b2a8ac65a44fff,1
8b2a8ac66b4efff,15
8b2a8ac604aefff,15
8b2a8ac60860fff,5
8b2a8ac66035fff,15
8b2a8ac6656bfff,15
8b2a8ac6074bfff,2
8b2a8ad59066fff,15
8b2a8ad4a955fff,15
8b2a8ac643adfff,0
8b2a8ac6085dfff,5
8b2a8ac618e0fff,3
8b2a8ac65a5efff,1
8b2a8ad59b49fff,15
8b2a8ad59b49fff,2
8b2a8ac6592afff,0
8b2a8ac64c56fff,15
8b2a8ac649a3fff,15
8b2a8ac649a3fff,0
8b2a8ad4a841fff,2
8b2a8ad4a841fff,15
8b2a8a8967a6fff,0
8b2a8ad4ad9afff,15
8b2a8ac6556dfff,5
8b2a8ac75b04fff,15
8b2a8ac645b1fff,15
8b2a8ad4b0c8fff,0
8b2a8ad4b0c8fff,2
8b2a8ac62189fff,15
8b2a8ac62323fff,2
8b2a8ac62323fff,15
8b2a8ac640eafff,0
8b2a8ad48715fff,0
8b2a8ac60386fff,15
8b2a8a892b96fff,11
8b2a8a89232cfff,1
8b2a8a89232cfff,8
8b2a8ac65a1efff,0
8b2a8ac62a5cfff,15
8b2a8ac6074cfff,2
8b2a8ac6074cfff,15
8b2a8ac63988fff,2
8b2a8ac63988fff,15
8b2a8ad4a388fff,0
8b2a8ac64d02fff,15
8b2a8ac65703fff,5
8b2a8ac6402cfff,8
8b2a8ad596f5fff,15
8b2a8ad48484fff,2
8b2a8ac64092fff,2
8b2a8ad484d0fff,2
8b2a8ac6caeefff,7
8b2a8ad4b0e4fff,0
8b2a8ad4b0e4fff,2
8b2a8ad4a286fff,0
8b2a8ac60b31fff,5
8b2a8ac63d4cfff,2
8b2a8ac65b9efff,4
8b2a8ac628b4fff,15
8b2a8ad4840bfff,2
8b2a8ac60554fff,15
8b2a8a890682fff,1
8b2a8ac6549cfff,5
8b2a8ad4b50efff,3
8b2a8ac65650fff,5
8b2a8ac6019bfff,2
8b2a8ac64c94fff,15
8b2a8ac654a5fff,5
8b2a8ac6c0b5fff,15
8b2a8ac66595fff,15
8b2a8ac60056fff,15
8b2a8ac63813fff,15
8b2a8ac64b82fff,2
8b2a8ac64ce2fff,15
8b2a8ac63a0efff,15
8b2a8ad4ab45fff,2
8b2a8ac60050fff,15
8b2a8ad4a1a0fff,15
8b2a8ad4a013fff,15
8b2a8ac659a5fff,11
8b2a8ad4aa29fff,2
8b2a8ac61ca1fff,5
8b2a8ad4b25afff,11
8b2a8ad4bd42fff,2
8b2a8ac61129fff,3
8b2a8ad4a129fff,0
8b2a8ad4a44bfff,15
8b2a8ac651b2fff,5
8b2a8ad59ab2fff,15
8b2a8ad4b12dfff,2
8b2a8ac65618fff,5
8b2a8ac660dbfff,15
8b2a8ad59223fff,15
8b2a8ac66cccfff,9
8b2a8ad4aa0cfff,2
8b2a8ad4aa0cfff,0
8b2a8ad59a05fff,2
8b2a8ac6205efff,15
8b2a8ac64d4afff,15
8b2a8ac64d4afff,16
8b2a8ac6dd1dfff,7
8b2a8ac63a6dfff,15
8b2a8ac6545cfff,5
8b2a8ac6310afff,2
8b2a8ac6422bfff,0
8b2a8ac66891fff,15
8b2a8ad4a274fff,9
8b2a8ad5960bfff,15
8b2a8a8936f5fff,6
8b2a8ac6401efff,2
8b2a8ac6401efff,8
8b2a8a892aadfff,0
8b2a8ac63044fff,2
8b2a8a89248bfff,3
8b2a8ac63c63fff,2
8b2a8ad4a620fff,15
8b2a8a8921adfff,10
8b2a8ac631a0fff,2
8b2a8ac631a0fff,15
8b2a8ad4a0b6fff,15
8b2a8ac60123fff,15
8b2a8a89202afff,10
8b2a8a89202afff,11
8b2a8ac60786fff,15
8b2a8ad4b306fff,0
8b2a8ad4bc29fff,2
8b2a8ac64445fff,2
8b2a8a892796fff,3
8b2a8ac6cc34fff,3
8b2a8ac62118fff,15
8b2a8ac66583fff,15
8b2a8ac61c88fff,5
8b2a8ac61c88fff,15
8b2a8ac64000fff,8
8b2a8ad4b8ddfff,2
8b2a8a8936adfff,6
8b2a8ac61920fff,3
8b2a8ac61920fff,5
8b2a8ac6cc03fff,15
8b2a8a892783fff,3
8b2a8ad4bd62fff,2
8b2a8ad480a6fff,0
8b2a8ad4ab12fff,2
8b2a8ac61788fff,15
8b2a8ad4a361fff,1
8b2a8ad4a361fff,0
8b2a8ac652edfff,0
8b2a8ac608aefff,8
8b2a8ac6cd54fff,3
8b2a8ad5934cfff,15
8b2a8ac63109fff,2
8b2a8ac63109fff,15
8b2a8a8935aafff,6
8b2a8ac66d4cfff,15
8b2a8ac645adfff,15
8b2a8ac654adfff,5
8b2a8ac6350bfff,15
8b2a8ac66973fff,15
8b2a8ad4b550fff,10
8b2a8ad4b550fff,2
8b2a8ac66c20fff,15
8b2a8a8924b5fff,0
8b2a8a8924b5fff,3
8b2a8ad4b50afff,10
8b2a8ad4b50afff,3
8b2a8ad4ad06fff,15
8b2a8a89228dfff,10
8b2a8ac64841fff,2
8b2a8ac64b4cfff,8
8b2a8ac64b4cfff,10
8b2a8a8930d5fff,15
8b2a8ac65503fff,5
8b2a8ac656f0fff,5
8b2a8ad4b009fff,0
8b2a8ad4b009fff,2
8b2a8ad4b772fff,0
8b2a8ac6484afff,8
8b2a8ac6484afff,2
8b2a8ac66a0afff,15
8b2a8ad4b068fff,0
8b2a8a892389fff,1
8b2a8a892389fff,10
8b2a8ad4acdcfff,15
8b2a8ad4b440fff,1
8b2a8ad4b440fff,10
8b2a8ad5939cfff,15
8b2a8ac6031afff,15
8b2a8ac61d14fff,5
8b2a8ad4ac4efff,15
8b2a8ad4b402fff,10
8b2a8ad4b402fff,2
8b2a8ac628c4fff,15
8b2a8ac66ad0fff,15
8b2a8ac61960fff,3
8b2a8a8964ecfff,0
8b2a8ad5b291fff,15
8b2a8ac6519dfff,4
8b2a8ac6519dfff,5
8b2a8ac6205cfff,15
8b2a8ac6440afff,15
8b2a8ac6440afff,2
8b2a8ac62253fff,15
8b2a8ac62373fff,15
8b2a8ad4b043fff,0
8b2a8a892864fff,0
8b2a8ad4b2f2fff,0
8b2a8ac6232bfff,15
8b2a8ac60848fff,5
8b2a8ad4a0ecfff,0
8b2a8ac62104fff,15
8b2a8a89221efff,0
8b2a8ac63d05fff,2
8b2a8ac63d05fff,15
8b2a8ac61cacfff,5
8b2a8ac6451afff,15
8b2a8ac65801fff,1
8b2a8a8927acfff,3
8b2a8ac6226afff,15
8b2a8a8962b0fff,0
8b2a8a896672fff,0
8b2a8a8923b6fff,13
8b2a8a8923b6fff,10
8b2a8a892ad9fff,1
8b2a8ac63ba1fff,15
8b2a8a8964a1fff,0
8b2a8ac62a81fff,2
8b2a8ac62a81fff,15
8b2a8ac65840fff,1
8b2a8ac65840fff,11
8b2a8ac61d25fff,5
8b2a8ad4a202fff,0
8b2a8ac63a31fff,15
8b2a8ac64716fff,2
8b2a8ac617adfff,15
8b2a8ad4b052fff,2
8b2a8ad480a4fff,0
8b2a8ac606cbfff,2
8b2a8ac6626cfff,15
8b2a8ac65c13fff,4
8b2a8ac61898fff,3
8b2a8ad5b74efff,15
8b2a8ad484cafff,2
8b2a8ad593b4fff,15
8b2a8ac60b9efff,5
8b2a8ac6ccaafff,15
8b2a8ac6ca96fff,7
8b2a8ac63d06fff,15
8b2a8ac62335fff,2
8b2a8ad48464fff,0
8b2a8ac6c812fff,3
8b2a8ad4ac9dfff,15
8b2a8ac60322fff,5
8b2a8ac60322fff,15
8b2a8ad4ac04fff,15
8b2a8a89265dfff,7
8b2a8a89265dfff,2
8b2a8a892725fff,3
8b2a8ac63c1afff,15
8b2a8a892569fff,0
8b2a8ad4e2e5fff,15
8b2a8ad4b3b2fff,0
8b2a8ad48413fff,2
8b2a8ad4a44efff,15
8b2a8ac653b4fff,11
8b2a8ac653b4fff,14
8b2a8ac60d01fff,15
8b2a8ac6662bfff,15
8b2a8ad4850efff,15
8b2a8ac6c84dfff,6
8b2a8ad4ba90fff,0
8b2a8ad59ba5fff,15
8b2a8ad59ba5fff,2
8b2a8ad48504fff,15
8b2a8ac60d9afff,15
8b2a8ac618aafff,3
8b2a8ac618a5fff,3
8b2a8ac6215bfff,2
8b2a8ac6666cfff,15
8b2a8a89676afff,0
8b2a8a8964d4fff,0
8b2a8a89299efff,0
8b2a8ac61326fff,15
8b2a8ad5b242fff,15
8b2a8ad4ac44fff,15
8b2a8ad4ad2bfff,15
8b2a8a8934cefff,6
8b2a8ac61844fff,3
8b2a8ac665b1fff,15
8b2a8ac6cd1afff,3
8b2a8ac64893fff,16
8b2a8ac6519cfff,4
8b2a8ac6519cfff,5
8b2a8ac603b1fff,15
8b2a8ac666e8fff,15
8b2a8ad4b083fff,0
8b2a8a89348bfff,6
8b2a8ac654c6fff,5
8b2a8ac66d08fff,15
8b2a8ac66862fff,15
8b2a8ac66705fff,15
8b2a8ad59212fff,15
8b2a8ac618d8fff,3
8b2a8ac65d12fff,1
8b2a8a892545fff,0
8b2a8ac64c19fff,15
8b2a8ac6091bfff,8
8b2a8ac64214fff,0
8b2a8ac60454fff,15
8b2a8ac614f5fff,15
8b2a8ad48799fff,1
8b2a8ac609b2fff,16
8b2a8ac609b2fff,15
8b2a8ad4a812fff,15
8b2a8ac6668bfff,15
8b2a8ac65b64fff,0
8b2a8ac62858fff,15
8b2a8ac6666dfff,15
8b2a8ad4b715fff,0
8b2a8ac60302fff,15
8b2a8a892aabfff,0
8b2a8a8962f3fff,2
8b2a8ac61786fff,15
8b2a8ac6521efff,3
8b2a8ac64d40fff,15
8b2a8ac64d40fff,2
8b2a8ac652d9fff,3
8b2a8ac61ae4fff,3
8b2a8a892325fff,8
8b2a8ac6cc91fff,15
8b2a8ac60214fff,15
8b2a8a892d24fff,0
8b2a8ac64ba3fff,8
8b2a8ac64ba3fff,2
8b2a8ad5b20afff,15
8b2a8ac614a6fff,15
8b2a8ac6c729fff,3
8b2a8ac6c729fff,7
8b2a8ac62acbfff,15
8b2a8ac65cf3fff,5
8b2a8ad59a0dfff,15
8b2a8a8926d0fff,3
8b2a8ac60804fff,8
8b2a8ac614ddfff,15
8b2a8ac6cd15fff,3
8b2a8ad4e2c3fff,15
8b2a8ac63182fff,15
8b2a8ad4b508fff,3
8b2a8ad484e0fff,2
8b2a8ac64475fff,2
8b2a8ac6579dfff,5
8b2a8ad4aaf3fff,0
8b2a8ac63570fff,15
8b2a8ac65365fff,0
8b2a8ac63c42fff,2
8b2a8ac63c42fff,15
8b2a8ad4a6e5fff,15
8b2a8ac63149fff,15
8b2a8a892421fff,0
8b2a8ac61226fff,15
8b2a8ac60784fff,15
8b2a8ad485acfff,15
8b2a8ac631a3fff,2
8b2a8ac631a3fff,15
8b2a8ac60aadfff,5
8b2a8ad4a08dfff,15
8b2a8ad4a946fff,15
8b2a8ad4b599fff,2
8b2a8ad4a2e9fff,2
8b2a8ad4a2e9fff,9
8b2a8a893553fff,6
8b2a8ac60649fff,2
8b2a8ad4e741fff,15
8b2a8a892044fff,8
8b2a8a892044fff,11
8b2a8ac64613fff,2
8b2a8ac61b6cfff,3
8b2a8ac64745fff,0
8b2a8ac64745fff,2
8b2a8a896671fff,0
8b2a8ad487acfff,0
8b2a8ac65aeafff,1
8b2a8a8966c3fff,0
8b2a8a8928c9fff,11
8b2a8a893774fff,6
8b2a8a896644fff,0
8b2a8ac61a4dfff,3
8b2a8ac64c2bfff,15
8b2a8ac64c2bfff,2
8b2a8ac65aaafff,1
8b2a8ac606f1fff,2
8b2a8ac63cb5fff,15
8b2a8ac6c742fff,7
8b2a8ad485b3fff,15
8b2a8ac6522afff,0
8b2a8ac6522afff,3
8b2a8ac64465fff,2
8b2a8ac62958fff,15
8b2a8a892185fff,10
8b2a8ad4e26cfff,15
8b2a8a89298dfff,0
8b2a8ac61076fff,15
8b2a8a893444fff,6
8b2a8ad4a101fff,0
8b2a8ac61a4bfff,3
8b2a8ac64951fff,2
8b2a8ad4b004fff,0
8b2a8ac6698efff,15
8b2a8ac6c1a3fff,15
8b2a8ac6490afff,2
8b2a8ac6490afff,0
8b2a8ac61d18fff,5
8b2a8ad4a869fff,2
8b2a8ac662a3fff,15
8b2a8ad4e6c6fff,15
8b2a8a892482fff,3
8b2a8ac64013fff,2
8b2a8ac66a73fff,15
8b2a8ac62865fff,15
8b2a8ad4e6c3fff,15
8b2a8a892883fff,0
8b2a8ac65a64fff,0
8b2a8ac60783fff,15
8b2a8ac64ccefff,15
8b2a8ac64112fff,15
8b2a8ac607b0fff,15
8b2a8ac65b43fff,0
8b2a8ac60749fff,2
8b2a8ac63814fff,15
8b2a8ac65885fff,1
8b2a8ac610a5fff,15
8b2a8ad4a949fff,2
8b2a8ac65db4fff,1
8b2a8a893082fff,15
8b2a8ac63a6bfff,15
8b2a8ac66049fff,15
8b2a8ac61172fff,3
8b2a8a892c05fff,1
8b2a8a892c05fff,10
8b2a8a8964adfff,0
8b2a8ad4e282fff,15
8b2a8ad4b69efff,2
8b2a8ad4b69efff,8
8b2a8ac6495efff,2
8b2a8ac62b61fff,15
8b2a8a892520fff,0
8b2a8ad59accfff,15
8b2a8ac64a33fff,2
8b2a8ac64a33fff,8
8b2a8ad4e62afff,15
8b2a8ac62155fff,2
8b2a8ac62155fff,15
8b2a8ad4a45cfff,15
8b2a8ac62c46fff,15
8b2a8ac61611fff,15
8b2a8ac6cd86fff,3
8b2a8ac6cd86fff,15
8b2a8ad4a252fff,9
8b2a8ac640a2fff,2
8b2a8ac64c0bfff,15
8b2a8a892d2bfff,0
8b2a8ac61162fff,3
8b2a8ac6051bfff,15
8b2a8ac61b5bfff,3
8b2a8ac6c39efff,3
8b2a8a896670fff,0
8b2a8ac60ca6fff,15
8b2a8ac63daafff,15
8b2a8a893688fff,6
8b2a8ac61a40fff,3
8b2a8a892845fff,0
8b2a8ad48790fff,2
8b2a8ad4aaf4fff,0
8b2a8ac64562fff,2
8b2a8ac62b28fff,15
8b2a8ad4e66bfff,15
8b2a8a893620fff,6
8b2a8a893766fff,6
8b2a8ac61d59fff,3
8b2a8ac61d59fff,5
8b2a8ac60676fff,2
8b2a8ad5b76bfff,15
8b2a8ac60a06fff,5
8b2a8ac65d94fff,2
8b2a8ac65d94fff,0
8b2a8ac65d94fff,1
8b2a8ad4ab18fff,2
8b2a8ad4acf1fff,15
8b2a8a892973fff,2
8b2a8ac61d03fff,5
8b2a8ac60641fff,2
8b2a8ac6cd34fff,3
8b2a8ac650e1fff,14
8b2a8ac650e1fff,5
8b2a8ac64b90fff,2
8b2a8ac6cac3fff,7
8b2a8a893499fff,6
8b2a8a892d13fff,0
8b2a8ac64caefff,15
8b2a8ac64749fff,10
8b2a8ac64749fff,2
8b2a8ad4a088fff,15
8b2a8ac61990fff,5
8b2a8ad4ad9bfff,15
8b2a8ac6575bfff,5
8b2a8a893592fff,6
8b2a8ac6c1a9fff,15
8b2a8ac61babfff,3
8b2a8ac621b6fff,15
8b2a8ad59b71fff,2
8b2a8ac60219fff,15
8b2a8ac61442fff,15
8b2a8a8962e8fff,2
8b2a8a89270bfff,3
8b2a8ac61168fff,3
8b2a8ac66c64fff,15
8b2a8a892902fff,0
8b2a8ac606a5fff,15
8b2a8a8966c0fff,0
8b2a8ac60150fff,12
8b2a8ac60150fff,15
8b2a8ad5965dfff,15
8b2a8ad4b225fff,0
8b2a8ad4b225fff,2
8b2a8ad4b352fff,0
8b2a8ac66296fff,15
8b2a8ac6416afff,11
8b2a8ac6416afff,2
8b2a8a89292dfff,2
8b2a8ad4aa2bfff,2
8b2a8ad48500fff,15
8b2a8ad4ad1afff,15
8b2a8ac65454fff,5
8b2a8ac6095afff,5
8b2a8ad4acd4fff,15
8b2a8ac64db1fff,15
8b2a8ac61b62fff,3
8b2a8ac615aafff,15
8b2a8ad4b6a9fff,0
8b2a8ad4b513fff,2
8b2a8ad4b513fff,3
8b2a8ac61d0bfff,5
8b2a8ac600a8fff,11
8b2a8ac6c94bfff,6
8b2a8ac6c94bfff,7
8b2a8ad4a10efff,0
8b2a8ac66018fff,15
8b2a8ac6634efff,15
8b2a8ac60d8dfff,15
8b2a8ad4b380fff,0
8b2a8ad4e61efff,15
8b2a8ad4b64dfff,11
8b2a8ad4b64dfff,0
8b2a8ad59b2cfff,2
8b2a8ac61504fff,15
8b2a8ac60b00fff,5
8b2a8a8923b3fff,13
8b2a8a8923b3fff,10
8b2a8ad4a6cafff,15
8b2a8ad4b3b1fff,0
8b2a8a8920d8fff,3
8b2a8ac65c2dfff,1
8b2a8ac66632fff,15
8b2a8ac62cd9fff,15
8b2a8ac66360fff,15
8b2a8ad4b1a9fff,0
8b2a8ac62aa1fff,15
8b2a8ac60996fff,16
8b2a8ac60996fff,15
8b2a8ac60a9bfff,5
8b2a8ac63a76fff,15
8b2a8ac61300fff,15
8b2a8a892811fff,0
8b2a8ac61598fff,15
8b2a8ac61088fff,15
8b2a8ad59bb3fff,15
8b2a8ac65191fff,4
8b2a8ac65191fff,5
8b2a8ac66a44fff,15
8b2a8ac6c822fff,7
8b2a8ac61472fff,15
8b2a8ad4b615fff,0
8b2a8ac600a2fff,2
8b2a8ac611b6fff,3
8b2a8ac61382fff,15
8b2a8ad4a91efff,15
8b2a8ad59a40fff,15
8b2a8ad5b74dfff,15
8b2a8ad4e274fff,15
8b2a8ad5b385fff,15
8b2a8ac6060cfff,2
8b2a8ac61b80fff,3
8b2a8ac65956fff,1
8b2a8ac65956fff,2
8b2a8ac66511fff,15
8b2a8ac65af0fff,1
8b2a8ac65954fff,1
8b2a8ac65954fff,2
8b2a8ad48566fff,15
8b2a8a896290fff,0
8b2a8ac64b95fff,2
8b2a8ad4b18bfff,0
8b2a8ad48698fff,2
8b2a8ad48698fff,1
8b2a8ac614d2fff,15
8b2a8a8921a0fff,10
8b2a8ac602d9fff,2
8b2a8ac602d9fff,15
8b2a8a8966eafff,0
8b2a8ac65833fff,11
8b2a8ad4a446fff,15
8b2a8ac61ad3fff,15
8b2a8ad4a335fff,0
8b2a8ad4ab19fff,2
8b2a8ad4ab19fff,0
8b2a8ac65b6efff,0
8b2a8ac61b0dfff,3
8b2a8ac653b6fff,14
8b2a8ac653b6fff,5
8b2a8a893450fff,6
8b2a8ac61b86fff,3
8b2a8a89206afff,8
8b2a8ac64af5fff,0
8b2a8ac66236fff,15
8b2a8a892224fff,0
8b2a8a892224fff,1
8b2a8ac64254fff,0
8b2a8ac6c751fff,7
8b2a8ac6050efff,15
8b2a8ad4a923fff,15
8b2a8a892bb3fff,11
8b2a8a892bb3fff,0
8b2a8ad4a72afff,15
8b2a8ac64941fff,2
8b2a8ad4a711fff,15
8b2a8ad4b01afff,0
8b2a8ad4e2a8fff,15
8b2a8ac604d1fff,15
8b2a8ac64248fff,5
8b2a8ac64248fff,0
8b2a8ac66715fff,15
8b2a8ac60b4dfff,5
8b2a8ad5939dfff,15
8b2a8ac62aa5fff,15
8b2a8ad4aaa8fff,0
8b2a8ad4bd9efff,1
8b2a8ad4bd9efff,2
8b2a8ac6310cfff,15
8b2a8ac60cc2fff,2
8b2a8ac60cc2fff,15
8b2a8ac6cd24fff,3
8b2a8ac6526cfff,0
8b2a8ac614a5fff,15
8b2a8ac65534fff,5
8b2a8a892134fff,0
8b2a8ac64c9afff,15
8b2a8ad4a564fff,15
8b2a8ac6159afff,15
8b2a8ad4bd63fff,2
8b2a8ad4a540fff,15
8b2a8ad4a158fff,0
8b2a8ac60971fff,5
8b2a8ac60971fff,10
8b2a8a892593fff,3
8b2a8ad4b28afff,0
8b2a8ac62b9dfff,15
8b2a8ac75965fff,15
8b2a8a8924c6fff,3
8b2a8ac63b94fff,15
8b2a8ac652c4fff,0
8b2a8ac652c4fff,2
8b2a8a896769fff,0
8b2a8ac6cca2fff,15
8b2a8ac62b00fff,15
8b2a8ac628dbfff,15
8b2a8ac628a8fff,15
8b2a8ac604a2fff,15
8b2a8ac61d08fff,5
8b2a8ad4ab33fff,2
8b2a8ac61099fff,15
8b2a8ad4b8dbfff,2
8b2a8a89255afff,0
8b2a8ac61ab3fff,3
8b2a8ac6494dfff,2
8b2a8a892ca4fff,0
8b2a8ac6616cfff,15
8b2a8ad4a55afff,15
8b2a8a892064fff,11
8b2a8ad4b348fff,0
8b2a8ad4ac61fff,15
8b2a8ac616b1fff,15
8b2a8a896ad2fff,0
8b2a8a89282bfff,0
8b2a8ac6470bfff,2
8b2a8ac6c85cfff,6
8b2a8ac6ca20fff,6
8b2a8ac65c16fff,10
8b2a8ac61c4afff,3
8b2a8ac63b0afff,15
8b2a8a896602fff,0
8b2a8ac6452efff,15
8b2a8a8928dcfff,0
8b2a8ac64badfff,8
8b2a8ac6c0ecfff,15
8b2a8ac6c721fff,3
8b2a8ac6dd14fff,7
8b2a8ad4b0a3fff,0
8b2a8ad4b6cafff,0
8b2a8ac635a6fff,15
8b2a8ad4868afff,2
8b2a8ad4868afff,1
8b2a8ac63aa2fff,15
8b2a8a8966c8fff,0
8b2a8ac60702fff,2
8b2a8ac64910fff,0
8b2a8ac65315fff,0
8b2a8ac6548efff,5
8b2a8ac6c9b2fff,3
8b2a8ad4bccafff,0
8b2a8ad4bccafff,1
8b2a8ad4e233fff,15
8b2a8ac660d8fff,15
8b2a8ac6115efff,3
8b2a8ac66412fff,15
8b2a8ad4b0edfff,0
8b2a8ad4b0edfff,2
8b2a8ad4a0d5fff,15
8b2a8ad4bc04fff,2
8b2a8ad5b273fff,15
8b2a8ac644f6fff,15
8b2a8ac60235fff,15
8b2a8ac65993fff,0
8b2a8ac65993fff,1
8b2a8ad4ab94fff,0
8b2a8ac61163fff,3
8b2a8ac6cd09fff,3
8b2a8ad4a2aafff,0
8b2a8ac63d58fff,2
8b2a8ad4ad48fff,15
8b2a8ad487b3fff,0
8b2a8ad487b3fff,2
8b2a8ac61761fff,15
8b2a8ac668e2fff,15
8b2a8a892ae8fff,1
8b2a8ad4aaa0fff,0
8b2a8a892c55fff,10
8b2a8a892519fff,0
8b2a8ac61b09fff,3
8b2a8ad4a536fff,15
8b2a8ac60c54fff,15
8b2a8ac64155fff,10
8b2a8ac64155fff,8
8b2a8ac64155fff,11
8b2a8ac60b5efff,5
8b2a8ac60553fff,15
8b2a8ac62d28fff,15
8b2a8ad484cefff,2
8b2a8ad4a79afff,15
8b2a8ad4a79afff,2
8b2a8ac661a3fff,15
8b2a8ad4a433fff,15
8b2a8ac65636fff,5
8b2a8ac602cbfff,15
8b2a8ac65d43fff,0
8b2a8ac65d43fff,1
8b2a8ad4b990fff,2
8b2a8a896208fff,2
8b2a8a892056fff,10
8b2a8ad4e6d2fff,15
8b2a8ad5930dfff,15
8b2a8ac62149fff,2
8b2a8ac62149fff,15
8b2a8ac628a6fff,15
8b2a8a892232fff,0
8b2a8a892232fff,1
8b2a8ac61723fff,15
8b2a8ac6039afff,15
8b2a8ac64a9dfff,0
8b2a8ac64a9dfff,2
8b2a8ac61993fff,3
8b2a8ac61993fff,5
8b2a8ac6c0e8fff,3
8b2a8ac6c0e8fff,15
8b2a8a89362afff,6
8b2a8ad4ab0efff,2
8b2a8ac664e1fff,15
8b2a8ac66b5bfff,15
8b2a8ac64285fff,10
8b2a8ac64285fff,11
8b2a8ac62c59fff,15
8b2a8ac60348fff,15
8b2a8ac606e6fff,2
8b2a8ac6c95cfff,7
8b2a8a892cacfff,13
8b2a8a892cacfff,0
8b2a8ac6024bfff,15
8b2a8ac6cd30fff,3
8b2a8ad4a125fff,15
8b2a8ad4a125fff,0
8b2a8ad59b60fff,2
8b2a8ac61c01fff,5
8b2a8ac6c8a5fff,3
8b2a8a892599fff,0
8b2a8a892599fff,3
8b2a8ac75b21fff,15
8b2a8ac6148dfff,15
8b2a8ac64b6afff,10
8b2a8ac6c96cfff,6
8b2a8ac60aa5fff,5
8b2a8ac66240fff,15
8b2a8ac605b3fff,15
8b2a8ac62243fff,15
8b2a8ac662e3fff,15
8b2a8ad5968cfff,15
8b2a8a892372fff,0
8b2a8a892372fff,1
8b2a8ad4a114fff,15
8b2a8ac65083fff,5
8b2a8ac63883fff,15
8b2a8ac60104fff,15
8b2a8a8936e0fff,6
8b2a8ac656d2fff,5
8b2a8ad59b5efff,15
8b2a8ac66011fff,15
8b2a8ac64292fff,10
8b2a8ac64c18fff,15
8b2a8ac654b2fff,5
8b2a8ad4e2a5fff,15
8b2a8ac65cd3fff,5
8b2a8ac64c1bfff,15
8b2a8ac62b0cfff,15
8b2a8ad596dcfff,15
8b2a8ac60044fff,15
8b2a8ad4a0e6fff,0
8b2a8ac615a4fff,15
8b2a8ac63ab6fff,15
8b2a8ac65905fff,1
8b2a8ac65905fff,0
8b2a8a892085fff,0
8b2a8a892d5efff,2
8b2a8a892d5efff,0
8b2a8ac65a56fff,1
8b2a8ac65a56fff,0
8b2a8a896512fff,0
8b2a8ad5965efff,15
8b2a8ac65482fff,5
8b2a8ac6065afff,2
8b2a8ac64c46fff,15
8b2a8ac64c46fff,16
8b2a8ac6c05efff,3
8b2a8ac6c05efff,15
8b2a8ac63911fff,2
8b2a8ac600a0fff,2
8b2a8ad4aad0fff,0
8b2a8ac65576fff,5
8b2a8ac64835fff,2
8b2a8ac64835fff,0
8b2a8ad5976dfff,15
8b2a8ad4a705fff,15
8b2a8ac64822fff,2
8b2a8ac6618efff,15
8b2a8ad4e6d4fff,15
8b2a8ac63114fff,2
8b2a8a8920f6fff,13
8b2a8a8920f6fff,3
8b2a8ac65ce9fff,5
8b2a8ac65609fff,5
8b2a8ac60945fff,5
8b2a8ad4a4e4fff,15
8b2a8ad4b58cfff,2
8b2a8ac61c4bfff,3
8b2a8ac668eefff,15
8b2a8ac6511dfff,4
8b2a8ac60ba4fff,5
8b2a8a8936d5fff,6
8b2a8a8936d5fff,7
8b2a8ac6158bfff,15
8b2a8ac61d75fff,5
8b2a8ac621aafff,15
8b2a8ac6611efff,15
8b2a8ad5b331fff,15
8b2a8ac64322fff,0
8b2a8ac6409efff,2
8b2a8ac64983fff,15
8b2a8ac6695efff,15
8b2a8ac607a3fff,15
8b2a8ac635a2fff,15
8b2a8ac65420fff,5
8b2a8a892604fff,3
8b2a8ac6dd95fff,7
8b2a8ac6550dfff,5
8b2a8ac62b41fff,15
8b2a8ac62aa6fff,15
8b2a8ac6175dfff,15
8b2a8a89218efff,10
8b2a8ac66a68fff,15
8b2a8ac60514fff,15
8b2a8a89289efff,0
8b2a8ac6105efff,15
8b2a8a892ceafff,10
8b2a8ad4b463fff,8
8b2a8ac668f0fff,15
8b2a8ac66245fff,15
8b2a8ac60b15fff,5
8b2a8ac61ba2fff,3
8b2a8ac6355cfff,15
8b2a8ac66436fff,15
8b2a8ac65593fff,5
8b2a8ac61543fff,15
8b2a8ac61264fff,15
8b2a8ac6226cfff,15
8b2a8ac60733fff,2
8b2a8ac6ca2dfff,6
8b2a8ad4e248fff,15
8b2a8ac66b0bfff,15
8b2a8ac66b0bfff,2
8b2a8ac60c18fff,15
8b2a8ac63d98fff,15
8b2a8a892c99fff,0
8b2a8ac64090fff,2
8b2a8ac61b11fff,3
8b2a8ad4ac35fff,15
8b2a8ac65588fff,5
8b2a8ac6654cfff,15
8b2a8ac60446fff,15
8b2a8a893582fff,6
8b2a8ac60cb0fff,15
8b2a8ad4e216fff,15
8b2a8ad5b390fff,15
8b2a8a892842fff,0
8b2a8ad4a906fff,15
8b2a8ac6664efff,15
8b2a8a893528fff,15
8b2a8ad4b2defff,1
8b2a8ad4b2defff,0
8b2a8ad5b3adfff,15
8b2a8ac6621bfff,15
8b2a8ad5b2d5fff,15
8b2a8ac66af0fff,15
8b2a8ac61396fff,15
8b2a8ac63035fff,2
8b2a8ad4a576fff,15
8b2a8ad4b610fff,0
8b2a8ac66605fff,15
8b2a8ac64a71fff,10
8b2a8ac63513fff,15
8b2a8a896308fff,0
8b2a8ac62c29fff,15
8b2a8ad4ab58fff,2
8b2a8ad4a123fff,15
8b2a8ad4a123fff,0
8b2a8ad4a4d2fff,2
8b2a8a8921b6fff,10
8b2a8ac6061dfff,2
8b2a8ac6116afff,3
8b2a8a8964b0fff,0
8b2a8ac65369fff,0
8b2a8ac61ca6fff,5
8b2a8ac62259fff,15
8b2a8ac664ecfff,15
8b2a8ac665aefff,15
8b2a8ac618d6fff,3
8b2a8ac65d34fff,2
8b2a8ad4a45dfff,15
8b2a8ad48520fff,15
8b2a8ac65490fff,5
8b2a8ac65209fff,0
8b2a8ac6591bfff,11
8b2a8ac6591bfff,0
8b2a8ad48488fff,2
8b2a8ac638d9fff,15
8b2a8ad59249fff,15
8b2a8ac63b0efff,15
8b2a8a8962d9fff,2
8b2a8ad59a74fff,15
8b2a8ac6cb2afff,6
8b2a8a8928c3fff,2
8b2a8a8928c3fff,0
8b2a8ac6458dfff,15
8b2a8a8922edfff,6
8b2a8a8922edfff,0
8b2a8ac6004bfff,15
8b2a8ac61526fff,15
8b2a8ac603b0fff,15
8b2a8ac63805fff,2
8b2a8ac63805fff,15
8b2a8ac628b6fff,15
8b2a8ad4e261fff,15
8b2a8ac6dd8cfff,7
8b2a8ac639acfff,2
8b2a8ad4a02afff,0
8b2a8ac65a1cfff,0
8b2a8ad5b388fff,15
8b2a8ac6569bfff,5
8b2a8ad4b74dfff,0
8b2a8ad4b504fff,1
8b2a8ad4b504fff,3
8b2a8ad4b504fff,2
8b2a8ac60a44fff,5
8b2a8ad4a4adfff,15
8b2a8ad4a4adfff,2
8b2a8ac64811fff,2
8b2a8ac64811fff,0
8b2a8ac60ac5fff,5
8b2a8ac61141fff,3
8b2a8ac61a62fff,3
8b2a8ac63b03fff,15
8b2a8ad4b272fff,0
8b2a8ad4a409fff,15
8b2a8ad4a66bfff,0
8b2a8ad4bd1bfff,2
8b2a8ac6c810fff,7
8b2a8ac6c810fff,11
8b2a8ac6c810fff,3
8b2a8ac604f2fff,15
8b2a8a8927b2fff,3
8b2a8ac60265fff,15
8b2a8ac6446afff,2
8b2a8ac64ba0fff,8
8b2a8ac64ba0fff,2
8b2a8ac65718fff,5
8b2a8ac65571fff,5
8b2a8ac60565fff,2
8b2a8ad4b05cfff,0
8b2a8ac6284bfff,15
8b2a8ac6469dfff,15
8b2a8ac60282fff,2
8b2a8ac60282fff,15
8b2a8ad4858efff,2
8b2a8ad4858efff,15
8b2a8ad4a2ddfff,2
8b2a8ad4a2ddfff,0
8b2a8ac64991fff,15
8b2a8ac6471afff,2
8b2a8ad5b30afff,15
8b2a8ac66815fff,15
8b2a8a8921b5fff,10
8b2a8ac61d95fff,5
8b2a8ac60c14fff,15
8b2a8ad4b4b0fff,2
8b2a8ac65123fff,7
8b2a8ac65123fff,4
8b2a8ac6c8acfff,3
8b2a8a892172fff,1
8b2a8ac604eefff,15
8b2a8ac60bb5fff,5
8b2a8ac66518fff,15
8b2a8ac6c0acfff,15
8b2a8ad4bcf2fff,10
8b2a8ac60226fff,15
8b2a8ac60566fff,2
8b2a8ac60566fff,15
8b2a8a89260cfff,3
8b2a8ac66561fff,9
8b2a8ac6c011fff,15
8b2a8ac66840fff,15
8b2a8ac6186bfff,3
8b2a8ac60743fff,2
8b2a8ac64b18fff,8
8b2a8ad4b303fff,0
8b2a8a89251cfff,0
8b2a8ad59065fff,15
8b2a8ac60c8cfff,15
8b2a8ac65928fff,0
8b2a8ac664defff,15
8b2a8ac61c81fff,5
8b2a8ac61c81fff,15
8b2a8ac60165fff,5
8b2a8ac6caa8fff,10
8b2a8ac6caa8fff,7
8b2a8ac6c233fff,10
8b2a8ad59a13fff,2
8b2a8a892513fff,0
8b2a8ac644a3fff,15
8b2a8ac62c68fff,15
8b2a8ac6ca66fff,6
8b2a8ac62349fff,15
8b2a8ad4a75dfff,15
8b2a8ad4a75dfff,0
8b2a8ac6612bfff,15
8b2a8ad4aa73fff,2
8b2a8ad4aa73fff,1
8b2a8a89645bfff,0
8b2a8ac62180fff,15
8b2a8ad59236fff,15
8b2a8ad4a428fff,15
8b2a8ac6c869fff,6
8b2a8ac66174fff,15
8b2a8ac666aefff,15
8b2a8a8927b5fff,3
8b2a8a892319fff,1
8b2a8ac62b6afff,15
8b2a8ac60343fff,15
8b2a8ad4a151fff,0
8b2a8ac6031dfff,15
8b2a8ac60d9dfff,15
8b2a8ac63af2fff,15
8b2a8ac65a54fff,1
8b2a8a8934c2fff,6
8b2a8ac63871fff,15
8b2a8ac6154bfff,15
8b2a8ad48526fff,15
8b2a8ac6160bfff,15
8b2a8ac65466fff,5
8b2a8ac63573fff,15
8b2a8ad4b6a6fff,0
8b2a8ac62aaefff,15
8b2a8ac6489cfff,16
8b2a8ac658adfff,14
8b2a8ac6186dfff,3
8b2a8a89262cfff,3
8b2a8ac65d9dfff,8
8b2a8ac65d9dfff,2
8b2a8ac65d9dfff,10
8b2a8ac648f2fff,2
8b2a8a8930dcfff,6
8b2a8a8930dcfff,15
8b2a8ac61082fff,15
8b2a8ad4e64bfff,15
8b2a8ac61c86fff,5
8b2a8ac61c86fff,15
8b2a8ac6399bfff,2
8b2a8ad5b303fff,15
8b2a8ac62adbfff,15
8b2a8a892daefff,1
8b2a8a892daefff,0
8b2a8ac6c811fff,7
8b2a8ac6c811fff,11
8b2a8ac6c811fff,3
8b2a8ac61019fff,15
8b2a8ac65a74fff,1
8b2a8ac65a74fff,0
8b2a8ac64409fff,2
8b2a8ac60326fff,5
8b2a8ac63424fff,15
8b2a8ad592e9fff,15
8b2a8ac61bb5fff,3
8b2a8ac6c194fff,15
8b2a8ad4a0e3fff,0
8b2a8ad48653fff,2
8b2a8ac668f1fff,15
8b2a8ac60cf4fff,15
8b2a8ad48455fff,0
8b2a8ad48455fff,2
8b2a8ad4bd6cfff,2
8b2a8ac6c922fff,7
8b2a8ad4a349fff,1
8b2a8ad4a349fff,2
8b2a8a893080fff,15
8b2a8ac62a33fff,15
8b2a8a892491fff,3
8b2a8ac603b3fff,15
8b2a8ac6211cfff,15
8b2a8ac63c41fff,2
8b2a8ac64d1dfff,15
8b2a8ac64d1dfff,2
8b2a8ac66024fff,15
8b2a8a892173fff,1
8b2a8ac6078cfff,2
8b2a8ac6078cfff,15
8b2a8a892cc5fff,10
8b2a8ad4bcc5fff,0
8b2a8ad4b326fff,0
8b2a8ac602dbfff,2
8b2a8ac65d6dfff,1
8b2a8ac65194fff,5
8b2a8ac658e0fff,1
8b2a8ac6586cfff,0
8b2a8a896608fff,0
8b2a8ac64a09fff,1
8b2a8ac648a4fff,15
8b2a8ac648a4fff,0
8b2a8ad4a4c3fff,2
8b2a8a892c94fff,0
8b2a8ac61409fff,15
8b2a8ac61b01fff,3
8b2a8ad4a266fff,9
8b2a8ad4a266fff,2
8b2a8ac6031efff,15
8b2a8ac63ca8fff,15
8b2a8ac62d40fff,15
8b2a8ac66798fff,15
8b2a8ac63d41fff,2
8b2a8ad59651fff,15
8b2a8ac601a9fff,13
8b2a8ac61d2dfff,5
8b2a8ad4e676fff,15
8b2a8ac60c58fff,2
8b2a8ac60c58fff,15
8b2a8ac6cb00fff,6
8b2a8ac6544cfff,5
8b2a8ac62800fff,15
8b2a8ad4ad75fff,15
8b2a8ac652e9fff,0
8b2a8ac652e9fff,2
8b2a8ac66228fff,15
8b2a8ad59660fff,15
8b2a8ac60aa0fff,5
8b2a8ac60da4fff,15
8b2a8ac61d19fff,5
8b2a8ac6145bfff,15
8b2a8ad4a164fff,0
8b2a8ad4e68cfff,15
8b2a8ac66141fff,15
8b2a8ad4aa59fff,2
8b2a8a89658bfff,0
8b2a8ac66cadfff,15
8b2a8ac66cadfff,9
8b2a8a8922a3fff,10
8b2a8a8922a3fff,3
8b2a8ac61964fff,3
8b2a8ac65310fff,0
8b2a8ac65310fff,11
8b2a8ac64334fff,0
8b2a8ac61b6dfff,3
8b2a8ac63d5cfff,2
8b2a8ac63d5cfff,15
8b2a8ac66723fff,15
8b2a8ac64965fff,2
8b2a8ac64965fff,9
8b2a8ad59a94fff,15
8b2a8ad5921cfff,15
8b2a8ad4b469fff,0
8b2a8ac60719fff,2
8b2a8ad4a11efff,15
8b2a8ad4a11efff,0
8b2a8ad59a0bfff,15
8b2a8ac6c983fff,3
8b2a8a893708fff,6
8b2a8ac66a95fff,15
8b2a8ac62cacfff,15
8b2a8ac66d72fff,15
8b2a8ac64c98fff,15
8b2a8ad4b706fff,0
8b2a8a892035fff,10
8b2a8ad59b04fff,2
8b2a8ac60c4bfff,13
8b2a8ac60c4bfff,15
8b2a8ac60c05fff,15
8b2a8ac65415fff,5
8b2a8ac64b43fff,1
8b2a8ac64b43fff,3
8b2a8ad5b2defff,15
8b2a8ac62309fff,15
8b2a8ad590ddfff,15
8b2a8ac6592dfff,1
8b2a8ac6592dfff,0
8b2a8ad4a0eafff,0
8b2a8ac6388cfff,15
8b2a8ac61713fff,15
8b2a8ac62b9efff,15
8b2a8ac6680bfff,15
8b2a8ac6419dfff,15
8b2a8ac60460fff,15
8b2a8ac66202fff,15
8b2a8ad4b5b6fff,2
8b2a8ad4b5b6fff,9
8b2a8ad4a5abfff,15
8b2a8ac65831fff,11
8b2a8ac65929fff,1
8b2a8ac65929fff,0
8b2a8ac6069efff,15
8b2a8ac6079dfff,15
8b2a8ad4a471fff,15
8b2a8ac62041fff,15
8b2a8ad4e74afff,15
8b2a8ac63020fff,2
8b2a8ad5935dfff,15
8b2a8ac65633fff,5
8b2a8ac64441fff,2
8b2a8a89309cfff,15
8b2a8ac6c91bfff,7
8b2a8ad59b01fff,2
8b2a8ac60060fff,12
8b2a8ac60060fff,15
8b2a8ac64329fff,0
8b2a8ad592d1fff,15
8b2a8ac61782fff,15
8b2a8ac63a94fff,15
8b2a8ac61dacfff,5
8b2a8a8924f6fff,3
8b2a8ac60709fff,2
8b2a8ac614d5fff,15
8b2a8ac62af2fff,15
8b2a8ac66c26fff,15
8b2a8ad4a18cfff,15
8b2a8ad5975bfff,15
8b2a8ac61c00fff,5
8b2a8a892441fff,0
8b2a8ac61112fff,3
8b2a8ac61398fff,15
8b2a8ac65468fff,5
8b2a8ad4a38dfff,0
8b2a8a893606fff,6
8b2a8ac6cb54fff,6
8b2a8a8929b2fff,0
8b2a8a8964aefff,0
8b2a8ad4a348fff,1
8b2a8a896c92fff,0
8b2a8a8920b3fff,0
8b2a8ad4a569fff,15
8b2a8ad4ac5bfff,15
8b2a8ac600abfff,11
8b2a8ac64628fff,2
8b2a8ad48730fff,0
8b2a8a892991fff,0
8b2a8ac6594bfff,11
8b2a8ac6594bfff,0
8b2a8ad4a52bfff,15
8b2a8ac62d63fff,15
8b2a8ad4e62dfff,15
8b2a8a892a82fff,8
8b2a8ad4b68dfff,0
8b2a8ac63d03fff,15
8b2a8ac60223fff,15
8b2a8ad4b2cdfff,1
8b2a8ad4b2cdfff,11
8b2a8ac64b22fff,8
8b2a8ad4b666fff,0
8b2a8ac6ca45fff,6
8b2a8ac6ca45fff,7
8b2a8ac63900fff,2
8b2a8ac66b50fff,15
8b2a8ac66b50fff,2
8b2a8ac62a28fff,15
8b2a8ad4a704fff,15
8b2a8a8923aafff,1
8b2a8a8923aafff,10
8b2a8ac65156fff,14
8b2a8ac65156fff,4
8b2a8ac63a1afff,15
8b2a8ad4b095fff,0
8b2a8ad4845efff,0
8b2a8ad4845efff,2
8b2a8ac638acfff,15
8b2a8ac64c76fff,15
8b2a8ac64c76fff,2
8b2a8ac64861fff,2
8b2a8a892daafff,1
8b2a8a892daafff,7
8b2a8ad4ac42fff,15
8b2a8ac61a10fff,3
8b2a8ad4b54dfff,0
8b2a8ac75b74fff,15
8b2a8ac62264fff,15
8b2a8ac66b20fff,15
8b2a8a892125fff,0
8b2a8ac6041afff,15
8b2a8ac66363fff,15
8b2a8ac6096cfff,5
8b2a8ac6185cfff,3
8b2a8ac65962fff,1
8b2a8ad4e749fff,15
8b2a8ad4b246fff,0
8b2a8ad4e748fff,15
8b2a8a89365cfff,15
8b2a8ac661a0fff,15
8b2a8ad4acaafff,15
8b2a8ac656e9fff,5
8b2a8ad48080fff,0
8b2a8ad4aa36fff,2
8b2a8ad4aa36fff,0
8b2a8ac66395fff,15
8b2a8ad4b382fff,0
8b2a8ac65af3fff,1
8b2a8ac6cd48fff,3
8b2a8a892ce8fff,10
8b2a8ac61a55fff,3
8b2a8a8924d6fff,3
8b2a8ac646c4fff,15
8b2a8a8920ecfff,13
8b2a8a8920ecfff,10
8b2a8ac65696fff,5
8b2a8ac61790fff,15
8b2a8a8928c2fff,2
8b2a8a8928c2fff,0
8b2a8ac66985fff,15
8b2a8a896533fff,0
8b2a8ac603b2fff,15
8b2a8ac6cd2dfff,3
8b2a8ad4bca9fff,2
8b2a8ac646a4fff,15
8b2a8ac61746fff,15
8b2a8ac66a10fff,15
8b2a8ac66a10fff,2
8b2a8ac63328fff,15
8b2a8ac61991fff,3
8b2a8ac61991fff,5
8b2a8a892406fff,0
8b2a8a892406fff,3
8b2a8ac60199fff,2
8b2a8ac648e1fff,2
8b2a8ac654ccfff,5
8b2a8ac653adfff,11
8b2a8ac61541fff,15
8b2a8ac6cca9fff,15
8b2a8ad4a980fff,15
8b2a8ac6c11dfff,15
8b2a8ac61042fff,15
8b2a8ac607b6fff,15
8b2a8ac660e5fff,15
8b2a8ac63cc6fff,15
8b2a8ad4a345fff,1
8b2a8ad4a345fff,0
8b2a8ac66af6fff,15
8b2a8ac628aefff,15
8b2a8ad4a460fff,15
8b2a8ac61af5fff,3
8b2a8ac6c95bfff,7
8b2a8ad4b040fff,0
8b2a8ad4b040fff,2
8b2a8ac65ca8fff,4
8b2a8a8926f0fff,2
8b2a8a8926f0fff,3
8b2a8a892989fff,0
8b2a8ac64469fff,2
8b2a8ac63104fff,15
8b2a8a892052fff,10
8b2a8ac60932fff,8
8b2a8ac6160dfff,15
8b2a8a89628dfff,2
8b2a8ad4a2c8fff,2
8b2a8ad4a2c8fff,9
8b2a8ac646f5fff,15
8b2a8ac646f5fff,2
8b2a8a892892fff,0
8b2a8ac6ca9cfff,7
8b2a8ac6ca9cfff,2
8b2a8ad4b002fff,0
8b2a8ad592dbfff,15
8b2a8ac65822fff,11
8b2a8ac65822fff,0
8b2a8ac65bb2fff,2
8b2a8ac65bb2fff,1
8b2a8ad592defff,15
8b2a8ad4b65dfff,11
8b2a8ad4b65dfff,0
8b2a8ad59380fff,15
8b2a8ad4b2d5fff,0
8b2a8ac65480fff,5
8b2a8ad4a78dfff,15
8b2a8ad4b8a0fff,2
8b2a8ac63588fff,15
8b2a8ac6c3b0fff,3
8b2a8ac64056fff,8
8b2a8ac60769fff,15
8b2a8ac65756fff,5
8b2a8ac64084fff,2
8b2a8ac64209fff,0
8b2a8ad4acf6fff,15
8b2a8ad4bc23fff,1
8b2a8ad4bc23fff,2
8b2a8ac6151afff,15
8b2a8ad59a54fff,15
8b2a8ac64d2dfff,2
8b2a8ac608b4fff,16
8b2a8a892632fff,3
8b2a8ac6226bfff,15
8b2a8ad596c8fff,15
8b2a8a8964a9fff,0
8b2a8ac66752fff,15
8b2a8ad5b2d1fff,15
8b2a8ac66c02fff,15
8b2a8ad4abb0fff,15
8b2a8ad4abb0fff,0
8b2a8ac63b54fff,15
8b2a8ac65d1bfff,1
8b2a8ac63ac0fff,15
8b2a8ac66a6dfff,15
8b2a8ac66b84fff,15
8b2a8ac66b84fff,2
8b2a8ac61128fff,3
8b2a8ad59a01fff,2
8b2a8a892220fff,0
8b2a8ac6c9aafff,7
8b2a8ac60471fff,15
8b2a8ac6c86afff,6
8b2a8ac644b0fff,15
8b2a8a8924dafff,3
8b2a8ac6c870fff,7
8b2a8ac601adfff,13
8b2a8ac6678bfff,15
8b2a8ad5b202fff,15
8b2a8a89662cfff,0
8b2a8ad4a8cefff,0
8b2a8a892d95fff,0
8b2a8a892d95fff,1
8b2a8ad4e228fff,15
8b2a8ad59360fff,15
8b2a8ac65574fff,5
8b2a8a89251bfff,0
8b2a8ac66788fff,15
8b2a8a892472fff,0
8b2a8ac62aedfff,15
8b2a8ac66b58fff,15
8b2a8ac6081dfff,5
8b2a8ac639a4fff,2
8b2a8ac75b62fff,15
8b2a8ac657b0fff,5
8b2a8ad4a249fff,1
8b2a8ad4a249fff,2
8b2a8ac61c0cfff,5
8b2a8ac6c110fff,15
8b2a8ad5d264fff,15
8b2a8ac61909fff,3
8b2a8ac60380fff,15
8b2a8a892c82fff,0
8b2a8a8936edfff,6
8b2a8ac65446fff,5
8b2a8ad4b62dfff,0
8b2a8ad4b680fff,0
8b2a8ad4b680fff,8
8b2a8a892d4efff,0
8b2a8a893465fff,6
8b2a8a893465fff,15
8b2a8ad4b8a3fff,2
8b2a8a893091fff,15
8b2a8ac65c8efff,4
8b2a8ac65c8efff,8
8b2a8ad4a35bfff,9
8b2a8ad4a35bfff,2
8b2a8ac64acbfff,0
8b2a8ac6172dfff,15
8b2a8ac60645fff,2
8b2a8ad4ace6fff,15
8b2a8ac64103fff,15
8b2a8ac64103fff,2
8b2a8ad5976efff,15
8b2a8a896414fff,0
8b2a8ac60ac0fff,5
8b2a8ad4a1b0fff,15
8b2a8a892885fff,0
8b2a8ac61424fff,15
8b2a8ac60258fff,15
8b2a8a892b91fff,11
8b2a8a892b91fff,0
8b2a8ac63c2bfff,15
8b2a8ac66924fff,15
8b2a8ac602a5fff,15
8b2a8ac64713fff,2
8b2a8a8923b1fff,10
8b2a8ac65a68fff,0
8b2a8ad4e260fff,15
8b2a8ac65d1dfff,0
8b2a8ac65d1dfff,1
8b2a8ac62d71fff,15
8b2a8ac6cccbfff,15
8b2a8ac66045fff,15
8b2a8ac62c0cfff,15
8b2a8ac60d4dfff,16
8b2a8a8936b0fff,6
8b2a8ac61630fff,15
8b2a8ac61486fff,15
8b2a8ac60b46fff,5
8b2a8ac6302cfff,2
8b2a8ac6c1aafff,15
8b2a8ad59052fff,15
8b2a8ac61742fff,15
8b2a8ac63c64fff,2
8b2a8ac6472cfff,2
8b2a8ac64c12fff,15
8b2a8ac6015bfff,12
8b2a8ac64182fff,15
8b2a8ac6568cfff,5
8b2a8ac65220fff,0
8b2a8ac65220fff,3
8b2a8ac65220fff,11
8b2a8ac61c82fff,5
8b2a8ac61c82fff,15
8b2a8ac61b19fff,3
8b2a8ac6670bfff,15
8b2a8ac63a53fff,15
8b2a8ac63899fff,15
8b2a8ac6059efff,15
8b2a8a89641afff,0
8b2a8ac652a8fff,3
8b2a8ac652a8fff,5
8b2a8ac66349fff,15
8b2a8ac656b3fff,5
8b2a8ac654b0fff,5
8b2a8ac6438cfff,0
8b2a8ac60722fff,2
8b2a8ac60722fff,11
8b2a8a89379dfff,6
8b2a8ac62c5afff,15
8b2a8ac6c75efff,7
8b2a8ac66680fff,15
8b2a8ad4a36cfff,1
8b2a8ac65708fff,5
8b2a8ac6092dfff,10
8b2a8ac656e1fff,5
8b2a8ac6462afff,2
8b2a8ac64cb6fff,15
8b2a8ac60508fff,15
8b2a8ac61c9efff,15
8b2a8ad4a94efff,2
8b2a8ad4a94efff,15
8b2a8ac66331fff,15
8b2a8ad4b2c9fff,1
8b2a8ad4b2c9fff,11
8b2a8ad480b4fff,0
8b2a8ac63875fff,2
8b2a8ac63875fff,15
8b2a8a8965a4fff,0
8b2a8ac66669fff,15
8b2a8ad59b89fff,15
8b2a8ad59b89fff,2
8b2a8ac6382cfff,2
8b2a8a8922c6fff,2
8b2a8a8922c6fff,0
8b2a8ac64186fff,15
8b2a8ac6106dfff,3
8b2a8ac6106dfff,15
8b2a8ad5b3b3fff,15
8b2a8ac66894fff,15
8b2a8ac62830fff,15
8b2a8ac6155cfff,15
8b2a8ad4b359fff,0
8b2a8ac63916fff,2
8b2a8ac619a9fff,3
8b2a8ad4b4a6fff,2
8b2a8ad596dbfff,15
8b2a8ac6671efff,15
8b2a8ad4bd22fff,2
8b2a8ac75b31fff,15
8b2a8ad4a0e4fff,0
8b2a8ac6cc36fff,3
8b2a8ac6cc36fff,15
8b2a8a8926f2fff,3
8b2a8ad4b654fff,0
8b2a8ad4a38cfff,0
8b2a8ac60b64fff,5
8b2a8ac61cd5fff,5
8b2a8ac61cd5fff,15
8b2a8ac61426fff,15
8b2a8ac61026fff,3
8b2a8ac60404fff,15
8b2a8ac65160fff,7
8b2a8ac65160fff,4
8b2a8ac61302fff,15
8b2a8ac62314fff,15
8b2a8a896481fff,0
8b2a8ac6132bfff,15
8b2a8ac65354fff,0
8b2a8ac64a69fff,8
8b2a8ac64a69fff,2
8b2a8a892a40fff,1
8b2a8ac64a86fff,8
8b2a8ad5962bfff,15
8b2a8a892081fff,0
8b2a8a892081fff,3
8b2a8ac61846fff,3
8b2a8ad59b76fff,2
8b2a8ac65d0cfff,0
8b2a8ac65988fff,11
8b2a8ad4e6c4fff,15
8b2a8a8920abfff,13
8b2a8a8920abfff,3
8b2a8ad4acdefff,15
8b2a8ac66373fff,15
8b2a8ad592a0fff,15
8b2a8ac64362fff,0
8b2a8ad4b6e6fff,0
8b2a8ac61752fff,15
8b2a8ad4e743fff,15
8b2a8ac6cc04fff,15
8b2a8ac62a4afff,15
8b2a8ac66832fff,15
8b2a8ac62a34fff,15
8b2a8ad4b396fff,0
8b2a8ad4aadbfff,0
8b2a8ad48541fff,0
8b2a8ad48541fff,2
8b2a8ac649a1fff,0
8b2a8a893775fff,6
8b2a8ac66aa2fff,15
8b2a8ac66aa2fff,2
8b2a8ac6155dfff,15
8b2a8a892298fff,7
8b2a8a892298fff,2
8b2a8ac60b6efff,5
8b2a8ac64c8bfff,15
8b2a8ac65630fff,5
8b2a8ad5939bfff,15
8b2a8ac60221fff,15
8b2a8ad4e28dfff,15
8b2a8a896219fff,2
8b2a8ac662ebfff,15
8b2a8ac6065efff,2
8b2a8ac65112fff,4
8b2a8ac65112fff,5
8b2a8ac6186efff,3
8b2a8ac657aefff,5
8b2a8ac62850fff,15
8b2a8ac64503fff,15
8b2a8ac66944fff,15
8b2a8ac63061fff,15
8b2a8ad4aad6fff,0
8b2a8a892b9afff,11
8b2a8a892b9afff,0
8b2a8ac6300afff,2
8b2a8ac609adfff,8
8b2a8ac6160cfff,15
8b2a8ac6645cfff,15
8b2a8ad4848dfff,2
8b2a8ac60041fff,15
8b2a8ac61600fff,15
8b2a8ac6055dfff,15
8b2a8ad59a31fff,2
8b2a8ac6026bfff,15
8b2a8ad59a9afff,15
8b2a8ac62b74fff,15
8b2a8ac60d76fff,15
8b2a8ac6cc60fff,7
8b2a8ac6cc60fff,15
8b2a8a89219cfff,0
8b2a8a89219cfff,10
8b2a8ac63584fff,15
8b2a8ac65173fff,4
8b2a8ad59a5efff,15
8b2a8ad59acefff,15
8b2a8ac6566cfff,5
8b2a8ad4a115fff,15
8b2a8ad4a115fff,0
8b2a8ac63c49fff,2
8b2a8ac66d54fff,15
8b2a8ac66708fff,15
8b2a8ad4aa64fff,2
8b2a8ad4aa64fff,1
8b2a8ac60866fff,5
8b2a8a896424fff,0
8b2a8ac63da4fff,15
8b2a8ad4bc8cfff,1
8b2a8ad4bc8cfff,10
8b2a8ad4b65bfff,11
8b2a8ad4b65bfff,0
8b2a8ac6038efff,15
8b2a8ac66adbfff,15
8b2a8ac64c00fff,15
8b2a8ac64c00fff,2
8b2a8ac655adfff,5
8b2a8ad4bd12fff,1
8b2a8ad4bd12fff,2
8b2a8ad4a303fff,0
8b2a8ac64c4dfff,15
8b2a8ac64c4dfff,16
8b2a8ad4aa43fff,2
8b2a8ac66a2cfff,2
8b2a8ac606d5fff,2
8b2a8ad4b291fff,0
8b2a8ac64cd9fff,2
8b2a8ac60b28fff,5
8b2a8ad4e663fff,15
8b2a8a8936e1fff,6
8b2a8ac60a13fff,5
8b2a8a89254dfff,0
8b2a8ad59ad3fff,15
8b2a8ac66248fff,15
8b2a8ac62825fff,15
8b2a8ac6356efff,15
8b2a8ac66ba6fff,15
8b2a8ac66ba6fff,2
8b2a8ac608b3fff,16
8b2a8ac608b3fff,15
8b2a8ac63022fff,2
8b2a8a8926b1fff,3
8b2a8ac614b5fff,15
8b2a8ad48495fff,2
8b2a8a896306fff,0
8b2a8ac65619fff,5
8b2a8ac6590dfff,1
8b2a8ac6590dfff,0
8b2a8ac642b2fff,10
8b2a8a893615fff,6
8b2a8ac658aafff,14
8b2a8ac658aafff,1
8b2a8ac6540cfff,5
8b2a8ac6178efff,15
8b2a8ac6105afff,15
8b2a8ad48096fff,0
8b2a8a89668efff,0
8b2a8ac618f4fff,3
8b2a8a893791fff,6
8b2a8ac6cc50fff,15
8b2a8ad4a09efff,15
8b2a8ac64282fff,10
8b2a8ac63848fff,15
8b2a8a892928fff,2
8b2a8ad4adb3fff,15
8b2a8a89272bfff,3
8b2a8a8964c1fff,0
8b2a8ad48083fff,0
8b2a8a89345efff,6
8b2a8ac62b6efff,15
8b2a8ac61866fff,3
8b2a8ac66d48fff,15
8b2a8ac66ba1fff,2
8b2a8ac6394efff,15
8b2a8ac65ae4fff,0
8b2a8ac6596cfff,11
8b2a8ac60c71fff,15
8b2a8ac608ecfff,5
8b2a8ad4a290fff,0
8b2a8ad4bd14fff,2
8b2a8ac6c958fff,7
8b2a8ac6314efff,15
8b2a8ac6c929fff,10
8b2a8a892381fff,10
8b2a8a892815fff,0
8b2a8ac60455fff,15
8b2a8ac62062fff,2
8b2a8ad4854efff,0
8b2a8ac60841fff,5
8b2a8a893602fff,6
8b2a8ac629b0fff,15
8b2a8a892ba8fff,0
8b2a8ac64722fff,2
8b2a8ad4b131fff,2
8b2a8ac638b1fff,2
8b2a8ac638b1fff,15
8b2a8ac62ad5fff,15
8b2a8ad59b93fff,15
8b2a8ac663adfff,15
8b2a8ac64894fff,16
8b2a8a893489fff,6
8b2a8ac630e0fff,2
8b2a8a892911fff,0
8b2a8a896516fff,0
8b2a8ad4a681fff,15
8b2a8ac62c13fff,15
8b2a8ac660adfff,15
8b2a8ac6198afff,3
8b2a8ac6134dfff,15
8b2a8ac64891fff,16
8b2a8ac63d62fff,2
8b2a8ad4a0a8fff,15
8b2a8ac61cb5fff,5
8b2a8ad4b61bfff,0
8b2a8ac62c6cfff,15
8b2a8a893530fff,15
8b2a8a892a6dfff,1
8b2a8ac60d2efff,15
8b2a8ac6c01cfff,15
8b2a8ac60856fff,5
8b2a8ad5905cfff,15
8b2a8ac64a63fff,10
8b2a8ac61055fff,15
8b2a8ac6505bfff,11
8b2a8ac6505bfff,14
8b2a8ac65c59fff,5
8b2a8ac61052fff,15
8b2a8ac63841fff,15
8b2a8ac60acbfff,5
8b2a8ac60976fff,10
8b2a8a89269dfff,3
8b2a8a8926d2fff,3
8b2a8ac604b1fff,15
8b2a8ac60ab2fff,5
8b2a8ad4a701fff,15
8b2a8ac6102afff,3
8b2a8ac6102afff,15
8b2a8ac6486afff,2
8b2a8ad4a6c9fff,15
8b2a8ac65674fff,5
8b2a8ad4ad6cfff,15
8b2a8ac6c911fff,7
8b2a8ac6191efff,3
8b2a8ac66816fff,15
8b2a8ac619acfff,3
8b2a8ac61c32fff,5
8b2a8ad59a26fff,2
8b2a8ac612b0fff,15
8b2a8a89249dfff,3
8b2a8ac63115fff,2
8b2a8ac63115fff,15
8b2a8ac61c85fff,5
8b2a8ad4b88cfff,2
8b2a8ac60255fff,15
8b2a8ac66393fff,15
8b2a8a892a80fff,8
8b2a8ac63009fff,2
8b2a8ac62020fff,15
8b2a8ac6cd4bfff,3
8b2a8ac6c3a3fff,3
8b2a8ac60262fff,15
8b2a8a896421fff,0
8b2a8ac61ca4fff,5
8b2a8ad4a3abfff,0
8b2a8a89216cfff,11
8b2a8ac61cdbfff,15
8b2a8ad4b32dfff,8
8b2a8ad4a720fff,15
8b2a8ac65734fff,5
8b2a8ac657a0fff,5
8b2a8ad592ccfff,15
8b2a8ac66374fff,15
8b2a8ac62c5bfff,15
8b2a8ac66288fff,15
8b2a8ac62148fff,2
8b2a8ac62148fff,15
8b2a8ac66709fff,15
8b2a8a89649afff,0
8b2a8ac644c3fff,15
8b2a8ac6cc08fff,15
8b2a8ac660ebfff,15
8b2a8ac64a6dfff,2
8b2a8ac64a6dfff,8
8b2a8a892db1fff,1
8b2a8ac638a6fff,2
8b2a8ac638a6fff,15
8b2a8ac660e1fff,15
8b2a8ad4e619fff,15
8b2a8ac64ae2fff,0
8b2a8ad48535fff,15
8b2a8ad4aa63fff,2
8b2a8ad4aa63fff,1
8b2a8ac6200bfff,15
8b2a8ac65221fff,0
8b2a8ac66585fff,15
8b2a8ac64328fff,0
8b2a8ad480a0fff,0
8b2a8a89348efff,6
8b2a8ac609aefff,8
8b2a8ad4b4a0fff,2
8b2a8ac656e3fff,5
8b2a8ac646a3fff,15
8b2a8ac64649fff,8
8b2a8ad5b20bfff,15
8b2a8ac66c75fff,15
8b2a8a892226fff,0
8b2a8a892226fff,1
8b2a8ad4b99afff,2
8b2a8ad4aa88fff,0
8b2a8ad4a119fff,0
8b2a8ad4b792fff,10
8b2a8ad4a41cfff,15
8b2a8a892c36fff,1
8b2a8a892c36fff,7
8b2a8ac6176cfff,15
8b2a8ac61c84fff,5
8b2a8ad4e294fff,15
8b2a8ac6515afff,14
8b2a8ac61475fff,15
8b2a8ac64656fff,2
8b2a8a892603fff,3
8b2a8ac6cb28fff,6
8b2a8ac6392dfff,2
8b2a8ac60100fff,15
8b2a8a892d4bfff,0
8b2a8a892233fff,0
8b2a8ac60134fff,15
8b2a8ac64addfff,0
8b2a8ac658b1fff,1
8b2a8ac66530fff,15
8b2a8ac66892fff,15
8b2a8ac66ba8fff,2
8b2a8a8962a6fff,0
8b2a8ac62190fff,15
8b2a8ad4a894fff,15
8b2a8ac6cb6efff,6
8b2a8a892312fff,1
8b2a8a892312fff,8
8b2a8ac650a2fff,5
8b2a8ad4859bfff,2
8b2a8ac66099fff,15
8b2a8ac65cd9fff,5
8b2a8a89378dfff,6
8b2a8ac64249fff,5
8b2a8ac610a3fff,15
8b2a8a89268efff,3
8b2a8a892364fff,1
8b2a8ad4a6cdfff,15
8b2a8ac65a71fff,1
8b2a8ac6554afff,5
8b2a8ac65286fff,5
8b2a8a892ad4fff,8
8b2a8a892ad4fff,0
8b2a8ac60634fff,2
8b2a8ad4b29cfff,0
8b2a8ac75b72fff,15
8b2a8ac6174cfff,15
8b2a8ac6050dfff,15
8b2a8a896276fff,2
8b2a8ac6c96efff,6
8b2a8ac6c96efff,7
8b2a8ac6451cfff,15
8b2a8ac64da9fff,15
8b2a8ac6074afff,2
8b2a8ac62b95fff,15
8b2a8ac61571fff,15
8b2a8ac6c8a4fff,3
8b2a8a893631fff,6
8b2a8ad5b2d0fff,15
8b2a8ad4a8f1fff,0
8b2a8ac610cdfff,15
8b2a8ac6598bfff,11
8b2a8ac6c111fff,15
8b2a8ac63a88fff,15
8b2a8ad59b48fff,15
8b2a8ad59b48fff,2
8b2a8ac664c5fff,15
8b2a8ac60d0bfff,15
8b2a8ac64c64fff,16
8b2a8ac66a52fff,15
8b2a8ac610e0fff,15
8b2a8ac61492fff,15
8b2a8ad5b354fff,15
8b2a8ad4b751fff,0
8b2a8ac606d0fff,2
8b2a8ad4a880fff,15
8b2a8ad5b302fff,15
8b2a8ad48418fff,2
8b2a8ad48528fff,15
8b2a8ac654c0fff,5
8b2a8a892129fff,0
8b2a8ac64d63fff,15
8b2a8ad4b343fff,0
8b2a8ad4aa31fff,2
8b2a8ad4aa31fff,0
8b2a8ac66455fff,15
8b2a8ac662d1fff,15
8b2a8a89341bfff,6
8b2a8ac65212fff,11
8b2a8a892c4bfff,10
8b2a8ad59a08fff,15
8b2a8ac662f1fff,15
8b2a8ac61728fff,15
8b2a8ad4bd29fff,2
8b2a8ad48458fff,0
8b2a8ac60b5dfff,5
8b2a8ac66848fff,15
8b2a8ac60616fff,2
8b2a8ac60616fff,15
8b2a8ad4e614fff,15
8b2a8ad4845afff,0
8b2a8ad4845afff,2
8b2a8ac60654fff,2
8b2a8ac654d0fff,5
8b2a8ad4a9b3fff,15
8b2a8ac66759fff,15
8b2a8ad4e283fff,15
8b2a8ac608eefff,5
8b2a8ad4b4ccfff,10
8b2a8ad4b6d2fff,0
8b2a8ac6cca4fff,15
8b2a8ac600eefff,15
8b2a8ac61da0fff,5
8b2a8ac6455cfff,2
8b2a8ac62a82fff,2
8b2a8a892466fff,0
8b2a8ac64081fff,2
8b2a8ac62b04fff,15
8b2a8ac62995fff,15
8b2a8ac6684dfff,15
8b2a8ac63959fff,15
8b2a8ac6475cfff,2
8b2a8ac61acefff,3
8b2a8ac61acefff,15
8b2a8ad4e632fff,15
8b2a8ad4ad29fff,15
8b2a8ac62b8afff,15
8b2a8ac65c0cfff,4
8b2a8ac62126fff,15
8b2a8ad4bc91fff,2
8b2a8ac60074fff,12
8b2a8a89224bfff,6
8b2a8a89224bfff,15
8b2a8ac64ad0fff,0
8b2a8ad4b2e5fff,0
8b2a8ac638e2fff,15
8b2a8ac6dd04fff,7
8b2a8ac65641fff,5
8b2a8ac6179cfff,15
8b2a8ac64a46fff,1
8b2a8ac64a46fff,10
8b2a8a8934f2fff,6
8b2a8ac6510dfff,4
8b2a8ad4a11dfff,0
8b2a8ad4bcd6fff,10
8b2a8ac60c64fff,16
8b2a8ac60c64fff,15
8b2a8a8926ecfff,2
8b2a8a8926ecfff,3
8b2a8ac65d64fff,0
8b2a8ac6cc72fff,15
8b2a8ad4e2ecfff,15
8b2a8ac620a6fff,15
8b2a8ac61ccafff,15
8b2a8ad4ba91fff,0
8b2a8ac642d9fff,10
8b2a8ac62111fff,15
8b2a8ac64256fff,0
8b2a8a8922dafff,2
8b2a8a8922dafff,10
8b2a8ac66a5cfff,15
8b2a8ad4a11cfff,0
8b2a8a892926fff,2
8b2a8a892926fff,0
8b2a8ac64a90fff,8
8b2a8a8936f2fff,6
8b2a8ac6ccc9fff,15
8b2a8ac65b74fff,0
8b2a8ad5b2b6fff,15
8b2a8ac61af6fff,3
8b2a8ac66ab2fff,15
8b2a8ac6536dfff,0
8b2a8a896d9bfff,8
8b2a8ac64961fff,2
8b2a8ac61050fff,15
8b2a8ac64b1dfff,8
8b2a8a892d4afff,0
8b2a8ac6ca73fff,7
8b2a8ac60822fff,8
8b2a8ac64532fff,15
8b2a8ac65552fff,5
8b2a8ac75b60fff,15
8b2a8ac618e2fff,3
8b2a8ac63990fff,2
8b2a8ac61576fff,15
8b2a8a892440fff,0
8b2a8ac6c99efff,3
8b2a8ac60130fff,15
8b2a8ac61ba3fff,3
8b2a8ac6c398fff,3
8b2a8ad4e658fff,15
8b2a8ac64980fff,15
8b2a8ac64a41fff,10
8b2a8ac64c62fff,16
8b2a8a892290fff,7
8b2a8a892290fff,2
8b2a8a892290fff,3
8b2a8ac6056bfff,2
8b2a8ac6056bfff,15
8b2a8ac65769fff,5
8b2a8ac61cd8fff,15
8b2a8ad48463fff,0
8b2a8ad4b36bfff,0
8b2a8ad4b36bfff,8
8b2a8ac66d5afff,15
8b2a8ac614a1fff,15
8b2a8ac75b6dfff,15
8b2a8a896354fff,2
8b2a8a896354fff,0
8b2a8ac6016dfff,5
8b2a8a8926eafff,3
8b2a8ac63adcfff,15
8b2a8ac61cc1fff,3
8b2a8ac61cc1fff,15
8b2a8a89238efff,10
8b2a8a892976fff,2
8b2a8ac6c90afff,7
8b2a8ac6c90afff,10
8b2a8ad5b2c4fff,15
8b2a8a892509fff,0
8b2a8ac66082fff,15
8b2a8ac655aafff,5
8b2a8ac64c84fff,15
8b2a8ad4b75dfff,0
8b2a8a893411fff,6
8b2a8a896664fff,0
8b2a8ac60275fff,15
8b2a8a896496fff,0
8b2a8ad4a508fff,15
8b2a8ad4a011fff,15
8b2a8ad4ad1dfff,15
8b2a8ad5b310fff,15
8b2a8ac606abfff,2
8b2a8a89245afff,0
8b2a8a89245afff,3
8b2a8ac62134fff,15
8b2a8ac64d56fff,2
8b2a8ac64356fff,0
8b2a8ac66926fff,15
8b2a8a8927a0fff,3
8b2a8ad4a973fff,15
8b2a8ac66c1bfff,15
8b2a8ac66c1bfff,9
8b2a8ac62cd5fff,15
8b2a8ac65199fff,5
8b2a8ac66462fff,15
8b2a8a8928d4fff,0
8b2a8ac66725fff,15
8b2a8a892613fff,3
8b2a8ac607acfff,2
8b2a8ac607acfff,15
8b2a8ac61a0cfff,3
8b2a8ad484f3fff,2
8b2a8ad592d2fff,15
8b2a8ac65481fff,5
8b2a8ac63c60fff,2
8b2a8ac658a1fff,11
8b2a8ac66d71fff,15
8b2a8ac602c1fff,15
8b2a8ac60349fff,15
8b2a8ac62c0dfff,15
8b2a8ac602b0fff,15
8b2a8ad4a719fff,15
8b2a8ac6096dfff,5
8b2a8a89288cfff,0
8b2a8ac61359fff,15
8b2a8a896401fff,0
8b2a8ad4a154fff,0
8b2a8ac60d16fff,15
8b2a8ac61ad0fff,3
8b2a8ac61ad0fff,15
8b2a8ad4aa4efff,2
8b2a8ad4aa4efff,1
8b2a8ad4b6a1fff,0
8b2a8ad5b283fff,15
8b2a8ac62a90fff,2
8b2a8ac6c933fff,7
8b2a8ac64a59fff,2
8b2a8ac64a59fff,10
8b2a8a89666dfff,0
8b2a8ad4a45afff,15
8b2a8ad59245fff,15
8b2a8ac62186fff,15
8b2a8ad59308fff,15
8b2a8ac602d8fff,2
8b2a8ac638dbfff,15
8b2a8ad5961afff,15
8b2a8ad4b096fff,0
8b2a8ac66744fff,15
8b2a8ac61a22fff,3
8b2a8ad59692fff,15
8b2a8ac64ac9fff,0
8b2a8ac64ac9fff,1
8b2a8ac608d9fff,5
8b2a8ad59344fff,15
8b2a8ac64662fff,8
8b2a8ac64662fff,10
8b2a8ac64662fff,2
8b2a8ac658a9fff,14
8b2a8ac605aefff,15
8b2a8ac62836fff,15
8b2a8ad4a6b3fff,15
8b2a8ad4a6b3fff,2
8b2a8ac66920fff,15
8b2a8ac62ad4fff,15
8b2a8ac6151dfff,15
8b2a8ac65caefff,4
8b2a8ac65caefff,8
8b2a8ac65caefff,10
8b2a8ad484ddfff,2
8b2a8ac60d42fff,15
8b2a8ac665abfff,15
8b2a8ac65d45fff,0
8b2a8ac65d45fff,1
8b2a8ac617aafff,15
8b2a8a893710fff,6
8b2a8ac61933fff,3
8b2a8ac61933fff,5
8b2a8ac660e9fff,15
8b2a8ad59a43fff,15
8b2a8ac60524fff,15
8b2a8a893485fff,6
8b2a8ac650aefff,5
8b2a8ad4b644fff,0
8b2a8ad48702fff,0
8b2a8a89346cfff,6
8b2a8a89346cfff,15
8b2a8a89274dfff,3
8b2a8ac610d6fff,15
8b2a8a89350cfff,15
8b2a8ac61769fff,15
8b2a8a8924abfff,3
8b2a8ac6418afff,15
8b2a8ad4ab44fff,2
8b2a8ad4b0d0fff,2
8b2a8a8924b4fff,0
8b2a8a8924b4fff,3
8b2a8ac6476cfff,0
8b2a8ac6c302fff,10
8b2a8ac6c302fff,2
8b2a8ac6cceefff,15
8b2a8ad5b2cdfff,15
8b2a8ad4b26dfff,0
8b2a8ac65774fff,5
8b2a8ac61861fff,3
8b2a8ad4bc9cfff,2
8b2a8ad5b376fff,15
8b2a8a89638afff,0
8b2a8ac62d24fff,15
8b2a8ac60b0cfff,5
8b2a8ac600cafff,15
8b2a8ac600c9fff,15
8b2a8ac63a41fff,15
8b2a8ac6cbb5fff,6
8b2a8ac6cbb5fff,7
8b2a8ac604e8fff,15
8b2a8ac6c862fff,7
8b2a8ac65d8dfff,10
8b2a8ac60728fff,2
8b2a8ac60728fff,11
8b2a8ac60728fff,15
8b2a8ac61574fff,15
8b2a8ac66c93fff,15
8b2a8a892a31fff,0
8b2a8ad4b7aafff,0
8b2a8ac6cb11fff,6
8b2a8ad48406fff,2
8b2a8ac65019fff,5
8b2a8ad4a896fff,15
8b2a8a892cdbfff,0
8b2a8ac63ce3fff,15
8b2a8ac642dbfff,10
8b2a8ac63983fff,2
8b2a8ac6ca8afff,10
8b2a8ac6ca8afff,7
8b2a8ac6ca8afff,2
8b2a8ac66036fff,15
8b2a8ac64472fff,2
8b2a8ad4a072fff,0
8b2a8ac63845fff,15
8b2a8a8934e9fff,6
8b2a8ac64966fff,2
8b2a8ac64966fff,0
8b2a8ac65152fff,14
8b2a8ac6431efff,0
8b2a8ac66115fff,15
8b2a8a89296cfff,2
8b2a8a892a5bfff,1
8b2a8ad59148fff,15
8b2a8ac6256efff,15
8b2a8ac650d0fff,5
8b2a8ac6576afff,5
8b2a8ad59b68fff,2
8b2a8ac64669fff,8
8b2a8ac64669fff,10
8b2a8ac60648fff,2
8b2a8ad4b8b4fff,2
8b2a8ac6082bfff,5
8b2a8ac668a8fff,15
8b2a8ac6509cfff,5
8b2a8ac668a2fff,15
8b2a8ac61908fff,3
8b2a8ac65946fff,1
8b2a8ac6cd61fff,3
8b2a8ad4b30cfff,0
8b2a8ad4b30cfff,8
8b2a8ad4badafff,8
8b2a8ac65c23fff,1
8b2a8ac65d4afff,1
8b2a8a892b13fff,0
8b2a8a892acafff,1
8b2a8ad59a5dfff,15
8b2a8a893786fff,6
8b2a8ac62071fff,2
8b2a8ac62071fff,15
8b2a8a892c29fff,10
8b2a8a892c29fff,2
8b2a8ac61982fff,3
8b2a8ac61982fff,5
8b2a8ad4b09afff,0
8b2a8ac622e9fff,15
8b2a8a892692fff,3
8b2a8ac619a3fff,3
8b2a8ac619a3fff,5
8b2a8ac65716fff,5
8b2a8ac65843fff,1
8b2a8ac65843fff,11
8b2a8ac658a3fff,11
8b2a8ac658a3fff,1
8b2a8ac6cadefff,10
8b2a8ac6cadefff,7
8b2a8ac666ddfff,15
8b2a8ac60babfff,5
8b2a8ad59259fff,15
8b2a8ac6cd12fff,3
8b2a8ad4b275fff,0
8b2a8a89630dfff,0
8b2a8ad5b205fff,15
8b2a8ac64708fff,2
8b2a8a89360efff,6
8b2a8ad4ad4efff,15
8b2a8ac60490fff,15
8b2a8ac63ab4fff,15
8b2a8a8962c9fff,2
8b2a8a89218afff,10
8b2a8ac6ca5dfff,7
8b2a8a8964d9fff,0
8b2a8ac640defff,0
8b2a8ac640defff,2
8b2a8ac640defff,8
8b2a8ad4b6c8fff,0
8b2a8ac65585fff,5
8b2a8ac60819fff,5
8b2a8ac65d75fff,0
8b2a8ac66066fff,15
8b2a8ac66c31fff,15
8b2a8a89362cfff,15
8b2a8ac64376fff,0
8b2a8ac60095fff,15
8b2a8ad4ba93fff,0
8b2a8ad4b55cfff,8
8b2a8ac628e4fff,15
8b2a8ac6cad4fff,10
8b2a8ac6cad4fff,7
8b2a8ac65d8cfff,2
8b2a8ac65d8cfff,10
8b2a8ad4a929fff,15
8b2a8ac6236bfff,15
8b2a8a893701fff,6
8b2a8ad4b38cfff,0
8b2a8ac64624fff,2
8b2a8ac616b2fff,15
8b2a8ac66916fff,15
8b2a8ac62898fff,15
8b2a8ac6595bfff,1
8b2a8ac6595bfff,11
8b2a8ac65443fff,5
8b2a8ac646c9fff,16
8b2a8ac646c9fff,15
8b2a8a892968fff,2
8b2a8ac64d70fff,2
8b2a8ac63811fff,15
8b2a8ac6189bfff,3
8b2a8ac60574fff,15
8b2a8ad4b449fff,0
8b2a8ad592e0fff,15
8b2a8ac662b2fff,15
8b2a8ac61754fff,15
8b2a8ad59a8cfff,15
8b2a8ac653b3fff,11
8b2a8ac653b3fff,5
8b2a8ac6426afff,0
8b2a8ac61c49fff,3
8b2a8ac61093fff,15
8b2a8ac66800fff,15
8b2a8ac60535fff,15
8b2a8ac6ca74fff,6
8b2a8ac6350afff,15
8b2a8ac66ac4fff,15
8b2a8ad59b2efff,2
8b2a8ac6c0b6fff,15
8b2a8ac62c76fff,15
8b2a8a892cf0fff,13
8b2a8a892cf0fff,10
8b2a8ad4bc21fff,2
8b2a8ac6625cfff,15
8b2a8ac60713fff,2
8b2a8ac60584fff,15
8b2a8ac65aa9fff,1
8b2a8ac65aa9fff,2
8b2a8ac6626bfff,15
8b2a8a89206bfff,8
8b2a8a8934a6fff,6
8b2a8ac6ca9dfff,2
8b2a8a892905fff,2
8b2a8a892905fff,0
8b2a8ac61c8bfff,15
8b2a8ad59613fff,15
8b2a8ad4e659fff,15
8b2a8ac6411efff,15
8b2a8ac60545fff,15
8b2a8ac61aa2fff,3
8b2a8ac6655efff,15
8b2a8ac6466afff,8
8b2a8ac66b2dfff,15
8b2a8ac63d6efff,2
8b2a8ad59a82fff,15
8b2a8ad4809dfff,0
8b2a8ad4ad34fff,15
8b2a8ac66b13fff,15
8b2a8ac66b13fff,2
8b2a8ac642d0fff,10
8b2a8ac65360fff,0
8b2a8ad4a0c6fff,15
8b2a8ad4a0c6fff,0
8b2a8ad4ad0afff,15
8b2a8ad4bc45fff,2
8b2a8ac6591afff,11
8b2a8ac6591afff,0
8b2a8ac61380fff,15
8b2a8ac66053fff,15
8b2a8ac6072cfff,11
8b2a8ac6072cfff,15
8b2a8ac6582bfff,1
8b2a8ac62c73fff,15
8b2a8ad4bcdefff,2
8b2a8ad4bcdefff,10
8b2a8ac65714fff,5
8b2a8a8934cbfff,6
8b2a8ac65599fff,5
8b2a8ac6302efff,2
8b2a8ac643a9fff,0
8b2a8ad4acb2fff,15
8b2a8ad4b560fff,0
8b2a8ad4b560fff,1
8b2a8ac641b4fff,15
8b2a8ac60028fff,12
8b2a8ac60c42fff,2
8b2a8ac60c42fff,15
8b2a8ac65062fff,14
8b2a8ad485a1fff,15
8b2a8ac66464fff,15
8b2a8ac6c755fff,7
8b2a8ac610e3fff,15
8b2a8ac65ae5fff,1
8b2a8ac65ae5fff,0
8b2a8ac64b85fff,8
8b2a8ac64b85fff,2
8b2a8a8928b2fff,0
8b2a8ac602f4fff,15
8b2a8ac65052fff,14
8b2a8ac60595fff,15
8b2a8ad4a468fff,15
8b2a8ad4b8defff,2
8b2a8ad4a4ebfff,15
8b2a8a892432fff,3
8b2a8ad593a9fff,15
8b2a8ac66d46fff,15
8b2a8ad4b40bfff,10
8b2a8ad4b40bfff,2
8b2a8ac60246fff,15
8b2a8ad4e29cfff,15
8b2a8ac61b65fff,3
8b2a8ad4ac99fff,15
8b2a8ad5d26bfff,15
8b2a8ac66305fff,15
8b2a8ac63a99fff,15
8b2a8ad4b2edfff,11
8b2a8ad4b2edfff,0
8b2a8ac65a75fff,1
8b2a8ac65a75fff,0
8b2a8ad4b5b3fff,2
8b2a8ad4b5b3fff,9
8b2a8ac60606fff,2
8b2a8ac6675efff,15
8b2a8a89288efff,0
8b2a8ac61c16fff,5
8b2a8ac64075fff,8
8b2a8ad4a683fff,15
8b2a8ac648b6fff,15
8b2a8ac648b6fff,16
8b2a8ac64652fff,15
8b2a8ac64652fff,2
8b2a8a89245bfff,3
8b2a8ac652acfff,3
8b2a8ac652acfff,11
8b2a8ac61224fff,15
8b2a8ac66d02fff,15
8b2a8ac608c4fff,5
8b2a8ac64399fff,0
8b2a8ac600dafff,15
8b2a8a89291afff,0
8b2a8ac6081cfff,5
8b2a8ac6081cfff,8
8b2a8ac6134efff,15
8b2a8ac608c6fff,5
8b2a8ac65551fff,5
8b2a8ac638b5fff,2
8b2a8ac602e4fff,15
8b2a8ac6449cfff,15
8b2a8ac60328fff,5
8b2a8ac65700fff,5
8b2a8ad5b2a4fff,15
8b2a8ac6409dfff,2
8b2a8a896405fff,0
8b2a8ad4bc82fff,1
8b2a8ad4bc82fff,2
8b2a8ac63c8dfff,15
8b2a8ac6cd5cfff,3
8b2a8ac65d58fff,0
8b2a8ac65d58fff,1
8b2a8ad4b991fff,2
8b2a8a893488fff,6
8b2a8ac60431fff,15
8b2a8ad4a893fff,15
8b2a8a892c0bfff,10
8b2a8ac62d49fff,15
8b2a8ad593b0fff,15
8b2a8a892076fff,10
8b2a8a892076fff,11
8b2a8ad5b271fff,15
8b2a8ac62930fff,15
8b2a8ac606ecfff,2
8b2a8ac604a3fff,15
8b2a8a89371efff,6
8b2a8ac64902fff,0
8b2a8ac60a9dfff,5
8b2a8ac664f2fff,15
8b2a8a89211dfff,10
8b2a8a89211dfff,0
8b2a8ad59670fff,15
8b2a8ac61a9dfff,3
8b2a8ac60c50fff,2
8b2a8ac60c50fff,15
8b2a8ad4818efff,0
8b2a8ac6685dfff,15
8b2a8a8966c9fff,0
8b2a8ac65994fff,0
8b2a8ad4a629fff,15
8b2a8ad487adfff,0
8b2a8ac60b8cfff,5
8b2a8ac66c46fff,15
8b2a8ad4b500fff,3
8b2a8ac61b90fff,3
8b2a8ad5b30efff,15
8b2a8ac64610fff,2
8b2a8ac6156bfff,15
8b2a8ac60315fff,15
8b2a8ad4ac23fff,15
8b2a8ac610b6fff,15
8b2a8ac655a6fff,0
8b2a8ac6528dfff,3
8b2a8ac6528dfff,5
8b2a8ac631a4fff,2
8b2a8ac631a4fff,15
8b2a8ad4a4d8fff,2
8b2a8ac629b3fff,15
8b2a8ac6540afff,5
8b2a8a892228fff,0
8b2a8ac661a5fff,15
8b2a8ac66700fff,15
8b2a8ac607b5fff,15
8b2a8ac64d0afff,2
8b2a8ac64434fff,15
8b2a8ac6566dfff,5
8b2a8ac66521fff,9
8b2a8ad4a0a5fff,15
8b2a8ac62b9afff,15
8b2a8ac638cdfff,15
8b2a8ad596a5fff,15
8b2a8ac6006afff,15
8b2a8ac656b4fff,5
8b2a8ac6556afff,5
8b2a8ac64bb6fff,2
8b2a8ac66220fff,15
8b2a8ac60106fff,15
8b2a8ac6618afff,15
8b2a8ac60771fff,2
8b2a8ac60771fff,15
8b2a8ad4a666fff,15
8b2a8ad4a666fff,0
8b2a8a89665efff,0
8b2a8ac65874fff,1
8b2a8ac65874fff,11
8b2a8ac66b90fff,15
8b2a8a89220cfff,0
8b2a8ac62c42fff,15
8b2a8ac63428fff,15
8b2a8ac64072fff,8
8b2a8a89280dfff,0
8b2a8ac6cb16fff,6
8b2a8ac6cb16fff,7
8b2a8ac61583fff,15
8b2a8ac60d81fff,15
8b2a8ac61b82fff,3
8b2a8ad4b2a0fff,0
8b2a8ad5b2e0fff,15
8b2a8ad4a02efff,0
8b2a8ac646a5fff,15
8b2a8a8922d2fff,2
8b2a8a8922d2fff,10
8b2a8ac610d4fff,15
8b2a8ad5b285fff,15
8b2a8ac6c9a1fff,7
8b2a8a892755fff,3
8b2a8ac66c4dfff,15
8b2a8ac6059afff,15
8b2a8a8964b2fff,0
8b2a8ac65705fff,5
8b2a8ad4e230fff,15
8b2a8ad4b2d8fff,1
8b2a8ac6cc71fff,15
8b2a8ac60aaafff,5
8b2a8ac6380bfff,15
8b2a8ac614e8fff,15
8b2a8ac628adfff,15
8b2a8ad4a858fff,15
8b2a8ac6510cfff,4
8b2a8a8962c1fff,2
8b2a8ad4b658fff,0
8b2a8ac64d49fff,16
8b2a8ac60cacfff,15
8b2a8ac650b6fff,5
8b2a8a893630fff,6
8b2a8ac6c952fff,7
8b2a8ac6c952fff,10
8b2a8ac66994fff,15
8b2a8a892656fff,2
8b2a8a892656fff,3
8b2a8ac664e6fff,15
8b2a8ad4aaacfff,0
8b2a8ad4ac6cfff,15
8b2a8ac6111afff,3
8b2a8ac640b4fff,2
8b2a8ac610d2fff,15
8b2a8a8936a5fff,6
8b2a8ac668dafff,15
8b2a8ac65660fff,5
8b2a8ac63d9dfff,15
8b2a8ac666a5fff,15
8b2a8ac60994fff,16
8b2a8ac609a0fff,8
8b2a8ac6635efff,15
8b2a8ac6c89afff,15
8b2a8ad4a513fff,15
8b2a8ac60823fff,5
8b2a8ac60823fff,8
8b2a8ac640d2fff,2
8b2a8ac60d46fff,15
8b2a8ac62accfff,15
8b2a8ac66151fff,15
8b2a8ad4a2c9fff,9
8b2a8ac65d89fff,4
8b2a8ac65d89fff,10
8b2a8ac60d95fff,15
8b2a8ac62d2dfff,15
8b2a8ac6545efff,5
8b2a8ac62005fff,15
8b2a8ad4a6a5fff,15
8b2a8ac6570dfff,5
8b2a8ad4b0cefff,2
8b2a8a893431fff,6
8b2a8ad4b388fff,0
8b2a8a89205bfff,1
8b2a8a89205bfff,10
8b2a8a896743fff,0
8b2a8ac64066fff,8
8b2a8ac63101fff,15
8b2a8ac64065fff,8
8b2a8a896532fff,0
8b2a8ac63542fff,15
8b2a8ac6cd08fff,3
8b2a8ac6cb04fff,6
8b2a8ac65745fff,5
8b2a8ac650acfff,5
8b2a8ad5b21afff,15
8b2a8ac60c83fff,15
8b2a8ac6298efff,15
8b2a8ad4b04cfff,0
8b2a8ad4aacdfff,0
8b2a8ac61a84fff,3
8b2a8a896656fff,0
8b2a8ac6222cfff,15
8b2a8ac656f4fff,5
8b2a8ad4b512fff,2
8b2a8ac63d84fff,15
8b2a8ad5b25bfff,15
8b2a8ad59a34fff,2
8b2a8ac63123fff,15
8b2a8ad48716fff,0
8b2a8a896436fff,0
8b2a8ad59a1bfff,15
8b2a8ad59a1bfff,2
8b2a8a89661cfff,0
8b2a8ac604d4fff,15
8b2a8ad48401fff,2
8b2a8a892c84fff,0
8b2a8a8921b3fff,10
8b2a8a892795fff,3
8b2a8ad4a05cfff,0
8b2a8ac64534fff,15
8b2a8ac6038afff,15
8b2a8ac60d50fff,15
8b2a8ac646f2fff,15
8b2a8ac64a70fff,1
8b2a8ac64a70fff,10
8b2a8a896391fff,0
8b2a8a892cd0fff,0
8b2a8a892cd0fff,10
8b2a8ad4e64cfff,15
8b2a8ac65682fff,5
8b2a8ad4b736fff,0
8b2a8ad4b8d2fff,2
8b2a8ac65c6dfff,4
8b2a8ac65c6dfff,1
8b2a8ac60849fff,5
8b2a8ac62b83fff,15
8b2a8ac64272fff,0
8b2a8ac60631fff,2
8b2a8ac65080fff,5
8b2a8ac6141afff,15
8b2a8ad4a884fff,15
8b2a8ac63543fff,15
8b2a8ad4a60cfff,15
8b2a8a89214cfff,11
8b2a8ac6c016fff,15
8b2a8a8936f0fff,6
8b2a8ac644b6fff,15
8b2a8ac61888fff,3
8b2a8ad4b175fff,2
8b2a8ad4a0d3fff,15
8b2a8ad4854cfff,0
8b2a8ac6604efff,15
8b2a8ac659a2fff,11
8b2a8ac659a2fff,0
8b2a8ac63970fff,2
8b2a8a89340cfff,6
8b2a8ac645abfff,15
8b2a8ac614b1fff,15
8b2a8ad4b100fff,2
8b2a8ac62b40fff,15
8b2a8ac6c381fff,10
8b2a8ac6c381fff,3
8b2a8a8966edfff,0
8b2a8ac60061fff,5
8b2a8ac60061fff,15
8b2a8ac6351bfff,15
8b2a8ac64420fff,15
8b2a8a892966fff,2
8b2a8ad4b10efff,2
8b2a8ac66133fff,15
8b2a8ac6219afff,15
8b2a8ac621b5fff,15
8b2a8ad4a26afff,9
8b2a8a8966c5fff,0
8b2a8ac63d08fff,2
8b2a8ac64582fff,15
8b2a8ac65b19fff,0
8b2a8a893584fff,6
8b2a8ac60d36fff,15
8b2a8ac6141dfff,15
8b2a8a896cb0fff,0
8b2a8a896cb0fff,8
8b2a8ac60169fff,5
8b2a8ac62a42fff,15
8b2a8a892ccbfff,10
8b2a8ad4a41bfff,15
8b2a8ad4a41bfff,2
8b2a8ad4a7a3fff,15
8b2a8ad4bc6efff,2
8b2a8ad4a055fff,0
8b2a8ac6c8e1fff,7
8b2a8ac64804fff,2
8b2a8ac62161fff,15
8b2a8ad4b729fff,2
8b2a8a892a43fff,1
8b2a8a8928a2fff,0
8b2a8ac61436fff,15
8b2a8ad4a714fff,15
8b2a8a892628fff,3
8b2a8ac6671bfff,15
8b2a8a892d10fff,0
8b2a8ad48706fff,0
8b2a8ad4a21afff,0
8b2a8ac60249fff,15
8b2a8ac66a93fff,15
8b2a8ac63c6dfff,2
8b2a8ac63c6dfff,15
8b2a8a89269efff,3
8b2a8ac666c4fff,15
8b2a8ad59b64fff,2
8b2a8ad4e6eafff,15
8b2a8ac65aa3fff,1
8b2a8ac65231fff,3
8b2a8ac65231fff,11
8b2a8ac60360fff,5
8b2a8ac60423fff,15
8b2a8ac60526fff,15
8b2a8a892959fff,0
8b2a8a892412fff,3
8b2a8a8935b3fff,6
8b2a8ad48432fff,2
8b2a8ad48432fff,15
8b2a8ac6190afff,3
8b2a8ac6040afff,15
8b2a8ac6566afff,5
8b2a8ac61ba4fff,3
8b2a8ac62a1cfff,15
8b2a8ac63d0dfff,2
8b2a8ac6524afff,0
8b2a8ac64a30fff,8
8b2a8ac60810fff,8
8b2a8ac60861fff,5
8b2a8ac65865fff,11
8b2a8ac65865fff,0
8b2a8ad4b721fff,2
8b2a8a892806fff,0
8b2a8ac60571fff,15
8b2a8ad486b4fff,1
8b2a8ad4b128fff,2
8b2a8ac6018bfff,2
8b2a8ad4e618fff,15
8b2a8ad4b526fff,2
8b2a8ad4a600fff,15
8b2a8ac64a52fff,0
8b2a8ac64a52fff,1
8b2a8ac650e0fff,14
8b2a8ac650e0fff,5
8b2a8ad59064fff,15
8b2a8ad4aa54fff,2
8b2a8ad4aa54fff,0
8b2a8ac60a09fff,5
8b2a8ac63b0cfff,15
8b2a8ac642a9fff,10
8b2a8ac642a9fff,0
8b2a8a89228cfff,7
8b2a8a89228cfff,10
8b2a8ac6c728fff,3
8b2a8ac6c728fff,7
8b2a8a8935abfff,6
8b2a8ac66542fff,15
8b2a8ad4a62efff,15
8b2a8ac6019cfff,2
8b2a8ac6466bfff,8
8b2a8ac6466bfff,10
8b2a8a8965aafff,0
8b2a8ac6148afff,15
8b2a8a8962cbfff,2
8b2a8ac61a6afff,3
8b2a8ac6189cfff,3
8b2a8ac66232fff,15
8b2a8a892952fff,2
8b2a8a892952fff,0
8b2a8a892816fff,0
8b2a8ac61d26fff,5
8b2a8ac64ae3fff,0
8b2a8a892431fff,0
8b2a8a892431fff,3
8b2a8ad59231fff,15
8b2a8ac66358fff,15
8b2a8ad4ac5dfff,15
8b2a8ac6674afff,15
8b2a8ad5929cfff,15
8b2a8ac648c8fff,2
8b2a8ac65da1fff,1
8b2a8ac65da1fff,10
8b2a8ad4a09bfff,15
8b2a8ad48480fff,2
8b2a8a8920c4fff,13
8b2a8ad4a518fff,15
8b2a8ac662cdfff,15
8b2a8ac664cbfff,15
8b2a8ac6c844fff,6
8b2a8ac6c844fff,7
8b2a8ac62853fff,15
8b2a8ad486cdfff,2
8b2a8ac63d15fff,15
8b2a8ac64398fff,0
8b2a8ac64398fff,11
8b2a8ac62368fff,15
8b2a8ad4a775fff,15
8b2a8ac60462fff,15
8b2a8ac6025dfff,15
8b2a8ad486a6fff,1
8b2a8ac64cf6fff,15
8b2a8ac61a5cfff,3
8b2a8ac601abfff,13
8b2a8ad59040fff,15
8b2a8ac62815fff,15
8b2a8ac62d0dfff,15
8b2a8ac635a9fff,15
8b2a8a893632fff,6
8b2a8ad4e25cfff,15
8b2a8a893556fff,6
8b2a8a8966d4fff,0
8b2a8ac6c034fff,15
8b2a8ad4e69bfff,15
8b2a8ac65374fff,0
8b2a8ac65909fff,1
8b2a8ac65909fff,2
8b2a8ac65909fff,0
8b2a8ac62ab1fff,2
8b2a8ac62ab1fff,15
8b2a8a893406fff,6
8b2a8ac66874fff,15
8b2a8ac6398bfff,2
8b2a8ac6398bfff,15
8b2a8ac64960fff,2
8b2a8ad4b42cfff,10
8b2a8ad4b42cfff,2
8b2a8ad4bd06fff,2
8b2a8ac63984fff,2
8b2a8ad4b20dfff,0
8b2a8ad4acabfff,15
8b2a8a89216bfff,11
8b2a8ac65c34fff,1
8b2a8ac6202cfff,2
8b2a8a893695fff,6
8b2a8ac64b46fff,3
8b2a8ad4a819fff,15
8b2a8ad4a6cefff,15
8b2a8ac6552afff,5
8b2a8ac61949fff,3
8b2a8ad4ad21fff,15
8b2a8a896254fff,2
8b2a8ac61c31fff,5
8b2a8ac64d43fff,15
8b2a8ac6192afff,3
8b2a8ac66842fff,15
8b2a8a892423fff,0
8b2a8ac604ccfff,15
8b2a8a892186fff,10
8b2a8a8926c2fff,3
8b2a8ac66471fff,15
8b2a8ac62263fff,15
8b2a8ac64a81fff,2
8b2a8ac64a81fff,8
8b2a8a89666bfff,0
8b2a8ac63cf0fff,15
8b2a8ad59b30fff,2
8b2a8ac61715fff,15
8b2a8ac652dcfff,3
8b2a8ac652dcfff,2
8b2a8ac6c104fff,15
8b2a8ac61986fff,3
8b2a8ac61986fff,5
8b2a8ad4a512fff,15
8b2a8ac65a88fff,0
8b2a8ac65a88fff,1
8b2a8ac621a9fff,15
8b2a8ac66b5afff,15
8b2a8ac64463fff,2
8b2a8ac63c2efff,2
8b2a8ac63c2efff,15
8b2a8a89249afff,3
8b2a8ac6178cfff,15
8b2a8ac638e3fff,15
8b2a8ac60552fff,15
8b2a8ac60928fff,10
8b2a8ad4b0f5fff,0
8b2a8ad4b0f5fff,2
8b2a8ac63b22fff,15
8b2a8ac62b11fff,15
8b2a8ac6008afff,11
8b2a8ad4bcf4fff,0
8b2a8ad4bcf4fff,2
8b2a8ad4bcf4fff,10
8b2a8ac6434dfff,2
8b2a8a8924b6fff,3
8b2a8a892564fff,0
8b2a8a892564fff,10
8b2a8ac64258fff,0
8b2a8ad4b4c2fff,2
8b2a8a892919fff,0
8b2a8ac6091efff,8
8b2a8ad4bd1afff,2
8b2a8ac63072fff,2
8b2a8a892c60fff,10
8b2a8a892c60fff,0
8b2a8ac63405fff,15
8b2a8ac66549fff,15
8b2a8ad4e6eefff,15
8b2a8ad4b2aafff,0
8b2a8ad4ad72fff,15
8b2a8ac65a95fff,0
8b2a8ac65a95fff,1
8b2a8ad4b882fff,2
8b2a8ac606defff,2
8b2a8ac64332fff,0
8b2a8ac654a6fff,5
8b2a8ac61450fff,15
8b2a8ad4a4e8fff,15
8b2a8ad4a319fff,0
8b2a8a896300fff,0
8b2a8ad4ba9afff,0
8b2a8ad59b83fff,15
8b2a8ac666c2fff,15
8b2a8ac66a70fff,15
8b2a8ac60143fff,5
8b2a8ad4e2a2fff,15
8b2a8a89231dfff,1
8b2a8ac6256afff,15
8b2a8a8934c3fff,6
8b2a8ac66c73fff,15
8b2a8ad5960dfff,15
8b2a8a8967b3fff,0
8b2a8ac66005fff,15
8b2a8a892554fff,0
8b2a8ac660f0fff,15
8b2a8ad4a2a9fff,0
8b2a8ad484d4fff,2
8b2a8a8934a9fff,6
8b2a8a892800fff,0
8b2a8ac631a2fff,15
8b2a8a896692fff,0
8b2a8a892380fff,10
8b2a8ac66cb0fff,15
8b2a8ad4b386fff,0
8b2a8ac60c2cfff,15
8b2a8ad4aaccfff,0
8b2a8a892a94fff,11
8b2a8ac65144fff,4
8b2a8a8925b2fff,0
8b2a8a8925b2fff,2
8b2a8ac60674fff,2
8b2a8ac60573fff,15
8b2a8ad4a85efff,15
8b2a8ac62a83fff,2
8b2a8ac60a56fff,5
8b2a8ac64aabfff,0
8b2a8ac6115afff,3
8b2a8a892371fff,1
8b2a8ad5b2ecfff,15
8b2a8ac614b3fff,15
8b2a8ac63a56fff,15
8b2a8ad4ab00fff,2
8b2a8ac63b6efff,15
8b2a8a892aa2fff,11
8b2a8a892aa2fff,0
8b2a8ac75b54fff,15
8b2a8a8965a1fff,0
8b2a8ac60750fff,2
8b2a8a892b84fff,0
8b2a8ac600c5fff,15
8b2a8a896205fff,2
8b2a8ac61b53fff,3
8b2a8ad4ad60fff,15
8b2a8ac65a59fff,1
8b2a8ac65a59fff,0
8b2a8ad4b0e1fff,2
8b2a8ac62d09fff,15
8b2a8ad4b032fff,0
8b2a8ac60c09fff,15
8b2a8ac600ccfff,15
8b2a8ac60b5bfff,5
8b2a8ac6022efff,15
8b2a8ac65d72fff,0
8b2a8ad4ab53fff,2
8b2a8ac61b1cfff,3
8b2a8ac667aefff,15
8b2a8ad4a4f6fff,2
8b2a8a89370cfff,6
8b2a8ac60c11fff,15
8b2a8ac63c65fff,2
8b2a8ac646d3fff,15
8b2a8ac6112cfff,3
8b2a8ad4a2d4fff,0
8b2a8ac65035fff,14
8b2a8ac65035fff,4
8b2a8a8930f2fff,15
8b2a8ac60cdcfff,2
8b2a8ac60cdcfff,15
8b2a8ac60a84fff,5
8b2a8a89346bfff,6
8b2a8ac65c95fff,7
8b2a8ac65c95fff,2
8b2a8ac64a66fff,1
8b2a8ac64a66fff,10
8b2a8ac6619dfff,15
8b2a8ad4b126fff,2
8b2a8ac65531fff,5
8b2a8ac6690bfff,15
8b2a8ac62914fff,15
8b2a8a896628fff,0
8b2a8ad4b24efff,0
8b2a8ac62896fff,15
8b2a8ac63422fff,15
8b2a8ac653a2fff,11
8b2a8ac63070fff,2
8b2a8ad4b230fff,0
8b2a8ad4b230fff,2
8b2a8ac6022cfff,15
8b2a8ad4855bfff,0
8b2a8ad4855bfff,2
8b2a8ad4e2dbfff,15
8b2a8ac62a62fff,15
8b2a8ac61823fff,3
8b2a8ad59b98fff,15
8b2a8ac64490fff,15
8b2a8ad5926cfff,15
8b2a8ad4bcd8fff,1
8b2a8ad4bcd8fff,2
8b2a8ad4bcd8fff,10
8b2a8ac61821fff,3
8b2a8a896515fff,0
8b2a8ac62b1efff,15
8b2a8a893784fff,6
8b2a8ac613b2fff,15
8b2a8ad4a34cfff,1
8b2a8ad596cbfff,15
8b2a8ad4b5adfff,2
8b2a8a892289fff,10
8b2a8ad5924bfff,15
8b2a8ac64412fff,15
8b2a8ac63c62fff,2
8b2a8ac60a96fff,5
8b2a8ad4a06dfff,0
8b2a8ac65902fff,1
8b2a8ac649b4fff,15
8b2a8ac6c909fff,10
8b2a8ac6ccb0fff,15
8b2a8ac63cf3fff,15
8b2a8ad4ab01fff,2
8b2a8ac6c006fff,15
8b2a8ac61d46fff,5
8b2a8ac64232fff,0
8b2a8a892a9bfff,8
8b2a8a893790fff,6
8b2a8ac6515dfff,14
8b2a8ac6515dfff,4
8b2a8ac6428cfff,10
8b2a8ac62821fff,15
8b2a8a8923a3fff,1
8b2a8a8923a3fff,10
8b2a8ad4b436fff,2
8b2a8ad59a52fff,15
8b2a8ad4a918fff,15
8b2a8ad4b66bfff,0
8b2a8ac6c902fff,7
8b2a8ad4a7b0fff,15
8b2a8ad5b2e2fff,15
8b2a8ac607abfff,2
8b2a8ac616b4fff,15
8b2a8a8925b0fff,0
8b2a8ad4b452fff,10
8b2a8ac60ceafff,2
8b2a8ac6629efff,15
8b2a8ac608adfff,8
8b2a8ac664e0fff,15
8b2a8ac616b3fff,15
8b2a8ac66c43fff,15
8b2a8ac63434fff,15
8b2a8a8926a8fff,3
8b2a8ac6556bfff,5
8b2a8ac650ccfff,5
8b2a8ac63876fff,15
8b2a8ad4bd6dfff,2
8b2a8ac61adafff,15
8b2a8ac608e4fff,5
8b2a8ac6582dfff,1
8b2a8ac60b93fff,5
8b2a8ac61735fff,15
8b2a8ad4b515fff,1
8b2a8ad4b515fff,2
8b2a8ad4b515fff,3
8b2a8a8928cafff,11
8b2a8a8928cafff,1
8b2a8a8928cafff,0
8b2a8ac64cecfff,15
8b2a8ac643abfff,0
8b2a8ac60a89fff,5
8b2a8ac66411fff,15
8b2a8ac60968fff,5
8b2a8a8926c5fff,3
8b2a8ad4b05afff,0
8b2a8ac66aa0fff,2
8b2a8ac64ce4fff,15
8b2a8ac60325fff,5
8b2a8ac60363fff,5
8b2a8ac64089fff,2
8b2a8ac6c934fff,7
8b2a8ac6c934fff,2
8b2a8ac6304dfff,1
8b2a8ac6304dfff,15
8b2a8ad59741fff,15
8b2a8ac60483fff,15
8b2a8ac60686fff,15
8b2a8ac63953fff,2
8b2a8ad4abb5fff,2
8b2a8ad4abb5fff,15
8b2a8ad4ac65fff,15
8b2a8ad4b522fff,3
8b2a8ad4b522fff,2
8b2a8ac60a83fff,5
8b2a8ad59370fff,15
8b2a8ac64d0dfff,2
8b2a8ac654eefff,5
8b2a8ad4b3a4fff,0
8b2a8ac6195efff,3
8b2a8ad4b49bfff,8
8b2a8ac65422fff,5
8b2a8ac60a15fff,5
8b2a8ac6c700fff,7
8b2a8ad4b72dfff,2
8b2a8ac6216afff,15
8b2a8ac61a81fff,3
8b2a8ad4a46cfff,15
8b2a8ac60d2afff,15
8b2a8ad484b2fff,2
8b2a8a8934d2fff,6
8b2a8ac61559fff,15
8b2a8ad4bcc0fff,0
8b2a8ac64192fff,2
8b2a8ad4bd80fff,1
8b2a8a89379cfff,6
8b2a8ac663aafff,15
8b2a8ad4a6d0fff,2
8b2a8ac60111fff,15
8b2a8ad4ac92fff,15
8b2a8a892c91fff,0
8b2a8ad5905afff,15
8b2a8a89211afff,10
8b2a8ac61d9bfff,5
8b2a8ad4a660fff,15
8b2a8ad4a660fff,0
8b2a8ac66664fff,15
8b2a8a89250cfff,0
8b2a8ac61d40fff,5
8b2a8ad4852bfff,15
8b2a8ac66b4afff,15
8b2a8ac65c05fff,4
8b2a8ac65c05fff,1
8b2a8ac6524bfff,0
8b2a8ad4bd32fff,2
8b2a8a8928b3fff,0
8b2a8ad4b41bfff,2
8b2a8a896483fff,0
8b2a8ad59b62fff,2
8b2a8a893614fff,6
8b2a8ac64633fff,2
8b2a8ac66453fff,15
8b2a8ad59044fff,15
8b2a8ad4a143fff,0
8b2a8ac65218fff,0
8b2a8ac65218fff,3
8b2a8a892709fff,3
8b2a8ac60314fff,15
8b2a8ac639b4fff,2
8b2a8ac63d81fff,15
8b2a8ad4a293fff,0
8b2a8ac62561fff,15
8b2a8ac64694fff,15
8b2a8ad48558fff,2
8b2a8ad4b358fff,0
8b2a8ac6291afff,15
8b2a8ad4a443fff,15
8b2a8a892214fff,0
8b2a8a892214fff,1
8b2a8a8928acfff,0
8b2a8ad59255fff,15
8b2a8ad4b530fff,1
8b2a8ad4b530fff,2
8b2a8ad5960efff,15
8b2a8ac61748fff,15
8b2a8a8928defff,0
8b2a8ac642c9fff,10
8b2a8ac642c9fff,0
8b2a8ac657a8fff,5
8b2a8ac60db1fff,15
8b2a8ad4b600fff,0
8b2a8ac64406fff,15
8b2a8ac63d40fff,2
8b2a8ac66d66fff,15
8b2a8ac61a85fff,3
8b2a8ad5b38cfff,15
8b2a8ac618f3fff,3
8b2a8ac6182efff,3
8b2a8ac62856fff,15
8b2a8ac61c04fff,5
8b2a8ac60240fff,15
8b2a8ac617a3fff,15
8b2a8ac60a50fff,5
8b2a8ac63b16fff,15
8b2a8ac6070dfff,2
8b2a8ac606aafff,2
8b2a8ac606aafff,15
8b2a8ac61015fff,15
8b2a8ac64c65fff,16
8b2a8ad592a5fff,15
8b2a8ad4a800fff,15
8b2a8ac65ccbfff,5
8b2a8ad4ac8afff,15
8b2a8ac60919fff,8
8b2a8ac6425efff,0
8b2a8ad4a525fff,15
8b2a8ac61120fff,3
8b2a8ad4a863fff,2
8b2a8ad4a863fff,15
8b2a8ac628ecfff,15
8b2a8ac6c1b4fff,15
8b2a8ac64190fff,15
8b2a8ac64190fff,2
8b2a8ad4b4ebfff,10
8b2a8ad4a400fff,15
8b2a8ac65b13fff,0
8b2a8ac6660dfff,15
8b2a8a896630fff,0
8b2a8ac6298afff,15
8b2a8ac66311fff,15
8b2a8ac66152fff,15
8b2a8ac60383fff,15
8b2a8a896651fff,0
8b2a8ac603abfff,15
8b2a8ac650d2fff,5
8b2a8ac6c086fff,15
8b2a8ac6698dfff,15
8b2a8ad5964afff,15
8b2a8ac65330fff,0
8b2a8ac6ccacfff,15
8b2a8ad4a2e5fff,2
8b2a8ad4a2e5fff,9
8b2a8ac66166fff,15
8b2a8ac64d85fff,15
8b2a8a89259efff,0
8b2a8a89259efff,3
8b2a8ac606b5fff,15
8b2a8ac61c33fff,5
8b2a8ac6666afff,15
8b2a8ac60310fff,15
8b2a8ac65ce4fff,4
8b2a8ad4b368fff,8
8b2a8ad4a804fff,15
8b2a8ac65280fff,5
8b2a8a8936a9fff,6
8b2a8ac6071afff,2
8b2a8ac64689fff,15
8b2a8ad4b2e0fff,0
8b2a8a89645afff,0
8b2a8ac660c2fff,15
8b2a8ad4ad6dfff,15
8b2a8ad4aa05fff,0
8b2a8a89290cfff,2
8b2a8a89290cfff,0
8b2a8ac64848fff,8
8b2a8ac64848fff,2
8b2a8ac6634cfff,15
8b2a8a89276cfff,3
8b2a8ac66509fff,15
8b2a8ac6c004fff,15
8b2a8ac663a3fff,15
8b2a8a89245cfff,0
8b2a8ad4a42cfff,15
8b2a8ac6152cfff,15
8b2a8ac64b2bfff,3
8b2a8ac6662efff,15
8b2a8ad48c9bfff,15
8b2a8ad4aa32fff,2
8b2a8ad4aa32fff,0
8b2a8ad4b4c8fff,10
8b2a8a89269bfff,3
8b2a8ac65a6efff,1
8b2a8ac65a6efff,0
8b2a8ad5932cfff,15
8b2a8ad4acc4fff,15
8b2a8ac6cb20fff,6
8b2a8ad5b29efff,15
8b2a8a8924ddfff,3
8b2a8ac6c31bfff,10
8b2a8a89209afff,0
8b2a8ac638aafff,15
8b2a8ac62832fff,15
8b2a8ac66090fff,15
8b2a8a892a36fff,0
8b2a8ac66b55fff,15
8b2a8ac666edfff,15
8b2a8ac6595dfff,11
8b2a8ac63adbfff,15
8b2a8ac66384fff,15
8b2a8a896784fff,0
8b2a8ac60ccdfff,2
8b2a8ad4bc9bfff,1
8b2a8ad4bc9bfff,2
8b2a8ac668d1fff,15
8b2a8a893516fff,15
8b2a8ad4a1adfff,15
8b2a8ac61d1dfff,5
8b2a8ac63122fff,2
8b2a8ac63122fff,15
8b2a8ad5904afff,15
8b2a8ac6cad3fff,10
8b2a8ad4a08efff,15
8b2a8ac6c8b4fff,3
8b2a8ac6132cfff,15
8b2a8ad4b6e3fff,0
8b2a8ac64b42fff,1
8b2a8ac64b42fff,3
8b2a8ad4e65afff,15
8b2a8ac64acafff,0
8b2a8a89285afff,0
8b2a8ad4b89efff,2
8b2a8ac646dbfff,15
8b2a8ac664c1fff,15
8b2a8ac6021efff,15
8b2a8ac63ca1fff,15
8b2a8ac61b91fff,3
8b2a8ac6546afff,5
8b2a8ad4b6dbfff,0
8b2a8ac6404dfff,0
8b2a8ad5b231fff,15
8b2a8ac63aadfff,15
8b2a8ac66740fff,15
8b2a8ac60806fff,8
8b2a8ac64303fff,0
8b2a8ac656c3fff,5
8b2a8ad4bc96fff,2
8b2a8ad4bc96fff,2
8b2a8ac62a72fff,15
8b2a8ad4e649fff,15
8b2a8ac60689fff,2
8b2a8ac662defff,15
8b2a8ac6032efff,5
8b2a8ac63c56fff,15
8b2a8ac660c0fff,15
8b2a8ad4bd8afff,1
8b2a8a8966f6fff,0
8b2a8a892256fff,0
8b2a8ad4a75efff,15
8b2a8ad4ac32fff,15
8b2a8ac6681efff,15
8b2a8ad5b34efff,15
8b2a8ac66502fff,15
8b2a8a8936f1fff,6
8b2a8ad4bc1afff,2
8b2a8ac644eafff,15
8b2a8ad596d9fff,15
8b2a8a8920acfff,0
8b2a8a8920acfff,10
8b2a8a89641bfff,0
8b2a8ac6426bfff,5
8b2a8ac6426bfff,0
8b2a8a8920f3fff,13
8b2a8a8920f3fff,3
8b2a8ad4a0b4fff,15
8b2a8ac61774fff,15
8b2a8a8937aafff,6
8b2a8ac60d9cfff,15
8b2a8ac61402fff,15
8b2a8a896649fff,0
8b2a8ac648c2fff,2
8b2a8ac6062dfff,2
8b2a8ac65919fff,0
8b2a8a896393fff,0
8b2a8ac608f6fff,8
8b2a8ac6286cfff,15
8b2a8ac66013fff,15
8b2a8ac6c391fff,3
8b2a8ac6601dfff,15
8b2a8ad4b383fff,0
8b2a8ac6c81dfff,7
8b2a8ac63525fff,15
8b2a8ac641b3fff,15
8b2a8ac64cccfff,15
8b2a8ac652c6fff,0
8b2a8ac652c6fff,2
8b2a8a892385fff,1
8b2a8a892385fff,10
8b2a8ad48782fff,0
8b2a8ad48782fff,1
8b2a8a892884fff,0
8b2a8ac6c399fff,3
8b2a8ad4b391fff,0
8b2a8ac601a6fff,2
8b2a8ac601a6fff,15
8b2a8ac64754fff,2
8b2a8ac6cd73fff,3
8b2a8ad4ab32fff,2
8b2a8ac64d4efff,15
8b2a8ac64d4efff,16
8b2a8ad4b8b1fff,2
8b2a8a8928cdfff,11
8b2a8ac6300bfff,2
8b2a8ac6020cfff,15
8b2a8a89218dfff,10
8b2a8ad484c0fff,2
8b2a8ac604c6fff,15
8b2a8ac6682efff,15
8b2a8ac63126fff,2
8b2a8ac63126fff,15
8b2a8ac62ccdfff,15
8b2a8ac60cf5fff,15
8b2a8ac66ab3fff,15
8b2a8ac61db0fff,5
8b2a8ac60119fff,15
8b2a8ad4b548fff,0
8b2a8ad4b548fff,8
8b2a8ac6190cfff,3
8b2a8ac618ecfff,3
8b2a8ac61d2cfff,5
8b2a8ad4850afff,15
8b2a8ac6499cfff,15
8b2a8a8966c4fff,0
8b2a8ac66861fff,15
8b2a8ac64b09fff,3
8b2a8a892198fff,0
8b2a8a892198fff,10
8b2a8ad4ad61fff,15
8b2a8a89665bfff,0
8b2a8ac6c198fff,15
8b2a8ac63d8afff,15
8b2a8a892303fff,1
8b2a8a892303fff,8
8b2a8a8928a1fff,0
8b2a8ad4b001fff,0
8b2a8a896289fff,2
8b2a8ac666d0fff,15
8b2a8ac60002fff,7
8b2a8ad4a24dfff,1
8b2a8ad4a24dfff,2
8b2a8ad4a24dfff,9
8b2a8ac62135fff,15
8b2a8ad4e6f4fff,15
8b2a8ac6185afff,3
8b2a8ac6cd28fff,3
8b2a8ac648a2fff,15
8b2a8ac648a2fff,16
8b2a8ac61b2afff,3
8b2a8ad4a723fff,15
8b2a8ac61b96fff,3
8b2a8ac64ce0fff,15
8b2a8a896356fff,2
8b2a8a896356fff,0
8b2a8ac6060bfff,2
8b2a8ac618edfff,3
8b2a8ac6590afff,0
8b2a8ac6069afff,15
8b2a8a892646fff,2
8b2a8a892801fff,0
8b2a8a893735fff,6
8b2a8a892253fff,0
8b2a8a8934edfff,6
8b2a8ac6c0a0fff,15
8b2a8ac6411bfff,15
8b2a8ac6411bfff,2
8b2a8ac63551fff,15
8b2a8a896453fff,0
8b2a8ad4b344fff,8
8b2a8ad59a1cfff,2
8b2a8ad4a916fff,15
8b2a8a892588fff,0
8b2a8a892588fff,3
8b2a8a89630bfff,0
8b2a8ac65289fff,3
8b2a8ac65289fff,5
8b2a8a892a89fff,8
8b2a8a892a89fff,0
8b2a8a892156fff,2
8b2a8a892156fff,1
8b2a8ac663b2fff,15
8b2a8ad4a9b5fff,15
8b2a8ac6ca28fff,6
8b2a8ac6ca28fff,7
8b2a8ac60d18fff,15
8b2a8ac619abfff,3
8b2a8ac65586fff,5
8b2a8ac65586fff,0
8b2a8ac60468fff,15
8b2a8ac66c4cfff,15
8b2a8ac63aaafff,15
8b2a8a892688fff,3
8b2a8ac60042fff,15
8b2a8ac63d9bfff,15
8b2a8a89349cfff,6
8b2a8ac66183fff,15
8b2a8ac6c046fff,7
8b2a8ac60c2afff,15
8b2a8ac6ca88fff,10
8b2a8ac6ca88fff,7
8b2a8ac6ca88fff,2
8b2a8ac60218fff,15
8b2a8ad4a25efff,9
8b2a8a893454fff,6
8b2a8ac63b82fff,15
8b2a8ac6676dfff,15
8b2a8a896689fff,0
8b2a8ac63144fff,15
8b2a8ac647b0fff,15
8b2a8ac647b0fff,2
8b2a8ac66a50fff,15
8b2a8ad59348fff,15
8b2a8ad4a31cfff,0
8b2a8a892562fff,0
8b2a8ac648ccfff,2
8b2a8a8966d8fff,0
8b2a8a893512fff,6
8b2a8a893512fff,15
8b2a8ac60a2cfff,5
8b2a8ac62d58fff,15
8b2a8a892322fff,8
8b2a8ac6194dfff,3
8b2a8ac65384fff,11
8b2a8ac64a23fff,1
8b2a8ac64a23fff,8
8b2a8ac6021dfff,15
8b2a8a892b9bfff,0
8b2a8ad59770fff,15
8b2a8ad4ad18fff,15
8b2a8ac629a2fff,15
8b2a8ad4a2e2fff,2
8b2a8a89362bfff,15
8b2a8a89362bfff,6
8b2a8ac64a9bfff,0
8b2a8a892749fff,3
8b2a8ac62a4dfff,15
8b2a8ac6cd9cfff,15
8b2a8ac66568fff,15
8b2a8ac66568fff,9
8b2a8a892d8efff,0
8b2a8a892d8efff,1
8b2a8a892d8efff,7
8b2a8ad4a6ebfff,15
8b2a8ad4a42bfff,15
8b2a8ac66a36fff,2
8b2a8ac64198fff,15
8b2a8ac64198fff,2
8b2a8a8966ccfff,0
8b2a8ad4a265fff,2
8b2a8a8964d0fff,0
8b2a8ac6456dfff,2
8b2a8a89342dfff,6
8b2a8ad4a444fff,15
8b2a8ad48540fff,0
8b2a8ad48540fff,2
8b2a8a896792fff,0
8b2a8ac62d21fff,15
8b2a8ac65a15fff,0
8b2a8a893484fff,6
8b2a8ad4aa6efff,1
8b2a8ac6466dfff,10
8b2a8ac61151fff,3
8b2a8ad4a511fff,15
8b2a8ad4bda9fff,1
8b2a8ad4bda9fff,2
8b2a8a892489fff,3
8b2a8a8928ebfff,11
8b2a8a8928ebfff,0
8b2a8ac61a76fff,3
8b2a8a8926d5fff,2
8b2a8a8926d5fff,3
8b2a8ac65580fff,5
8b2a8ac65403fff,5
8b2a8ad592c6fff,15
8b2a8ac6572dfff,5
8b2a8ac64173fff,10
8b2a8ac64173fff,8
8b2a8ac64173fff,11
8b2a8ac64173fff,2
8b2a8ac62061fff,2
8b2a8ad4b889fff,2
8b2a8ad4b0b3fff,0
8b2a8ac64c28fff,2
8b2a8a892464fff,0
8b2a8ad5b39efff,15
8b2a8ac63aaefff,15
8b2a8a892433fff,0
8b2a8a892433fff,3
8b2a8ac6041bfff,15
8b2a8ac66619fff,15
8b2a8ac64172fff,8
8b2a8ac64172fff,2
8b2a8a892281fff,7
8b2a8a892281fff,10
8b2a8a8962cdfff,2
8b2a8a8934c0fff,6
8b2a8a892c92fff,0
8b2a8ac642b1fff,10
8b2a8ac642b1fff,11
8b2a8a896396fff,0
8b2a8ac61386fff,15
8b2a8ac6319afff,15
8b2a8ac6536efff,0
8b2a8ad4b54afff,8
8b2a8ac66775fff,15
8b2a8ad4aa48fff,1
8b2a8ad4aa48fff,2
8b2a8ad4aa48fff,1
8b2a8ad4ace5fff,15
8b2a8ad4a8c2fff,0
8b2a8ac63c6cfff,2
8b2a8ac6cacbfff,7
8b2a8a8925a4fff,0
8b2a8ac63052fff,2
8b2a8ac63ae6fff,15
8b2a8ac62355fff,15
8b2a8ad4a794fff,15
8b2a8ad4a794fff,2
8b2a8ad4a6c2fff,15
8b2a8ad4a6c2fff,2
8b2a8ac65accfff,1
8b2a8ac63b0dfff,15
8b2a8a89219dfff,10
8b2a8ac60671fff,2
8b2a8a892cc9fff,10
8b2a8ac61453fff,15
8b2a8ac6150dfff,15
8b2a8a896d9afff,8
8b2a8ac6cb15fff,6
8b2a8ad48426fff,15
8b2a8ad4a962fff,2
8b2a8ad4a962fff,15
8b2a8ad4b624fff,0
8b2a8ad4ac5afff,15
8b2a8ac6219bfff,15
8b2a8ac6cd69fff,3
8b2a8ac6529cfff,5
8b2a8ac6ccedfff,15
8b2a8a8963a3fff,0
8b2a8ac61828fff,3
8b2a8ad59ba9fff,15
8b2a8ad59ba9fff,2
8b2a8ad4aa9afff,0
8b2a8ac65c6afff,4
8b2a8ac65c6afff,5
8b2a8ac66a34fff,2
8b2a8ac61692fff,15
8b2a8ad4bcd5fff,0
8b2a8ad4bcd5fff,2
8b2a8ad4bcd5fff,10
8b2a8ac6439dfff,0
8b2a8ac6c190fff,15
8b2a8ac63544fff,15
8b2a8ac61615fff,15
8b2a8ad4b7a9fff,0
8b2a8ac6504cfff,0
8b2a8ac6504cfff,11
8b2a8ac66121fff,15
8b2a8a892683fff,3
8b2a8ad4a604fff,15
8b2a8a892810fff,0
8b2a8ad5d368fff,15
8b2a8ac63828fff,2
8b2a8ac63828fff,15
8b2a8ac66783fff,15
8b2a8ac644f4fff,15
8b2a8ac61001fff,15
8b2a8ac6298cfff,15
8b2a8ac602f6fff,15
8b2a8ac657a4fff,5
8b2a8ad4a141fff,0
8b2a8ac64043fff,0
8b2a8ac64043fff,8
8b2a8a892dadfff,1
8b2a8a892dadfff,0
8b2a8ad4b6c6fff,0
8b2a8ac64d96fff,15
8b2a8ad59228fff,15
8b2a8ac62a55fff,15
8b2a8ac65a0cfff,0
8b2a8ad48571fff,2
8b2a8ad48571fff,15
8b2a8ac61c73fff,3
8b2a8ac6c828fff,7
8b2a8ac63ad8fff,15
8b2a8ac60d2bfff,15
8b2a8ac62d43fff,15
8b2a8ac619b2fff,5
8b2a8ad4b56efff,0
8b2a8ad4b56efff,1
8b2a8ac64462fff,2
8b2a8ac64a6cfff,8
8b2a8ac64a6cfff,10
8b2a8ac6cb48fff,6
8b2a8ac61b50fff,3
8b2a8ad4b085fff,0
8b2a8ac66295fff,15
8b2a8ac6182dfff,3
8b2a8ac65456fff,5
8b2a8ac6cb51fff,6
8b2a8ac654d1fff,5
8b2a8ac61325fff,15
8b2a8ac65892fff,1
8b2a8a896641fff,0
8b2a8ad5b22efff,15
8b2a8ac63b21fff,15
8b2a8ac618acfff,3
8b2a8ac66b54fff,15
8b2a8ad59b26fff,2
8b2a8ac6cd95fff,15
8b2a8ad4a71bfff,15
8b2a8ac63819fff,15
8b2a8ac60463fff,15
8b2a8a892024fff,10
8b2a8a892024fff,2
8b2a8a892024fff,0
8b2a8a89664efff,0
8b2a8ad4aca4fff,15
8b2a8ac6662afff,15
8b2a8ac66685fff,15
8b2a8ac61469fff,15
8b2a8ac61b25fff,3
8b2a8a892636fff,3
8b2a8ac62874fff,15
8b2a8ac63425fff,15
8b2a8ac63165fff,15
8b2a8ad4a402fff,15
8b2a8ad4a1acfff,15
8b2a8ac62d6cfff,15
8b2a8a8966d1fff,0
8b2a8ac62b70fff,15
8b2a8ac60b0bfff,5
8b2a8a892754fff,3
8b2a8ac6cce0fff,15
8b2a8ac6482bfff,2
8b2a8ad4b166fff,2
8b2a8ac63d6afff,2
8b2a8ac60774fff,2
8b2a8ac60774fff,15
8b2a8a892a1efff,0
8b2a8ad59214fff,15
8b2a8ac6450efff,15
8b2a8ad4bc71fff,2
8b2a8ad4aa66fff,2
8b2a8ad4aa5dfff,2
8b2a8ac66820fff,15
8b2a8ac60418fff,15
8b2a8ac65602fff,5
8b2a8ac64134fff,16
8b2a8ad4e22afff,15
8b2a8ac64d60fff,15
8b2a8ac64d60fff,2
8b2a8ac64403fff,15
8b2a8ac61cc6fff,5
8b2a8ac61cc6fff,15
8b2a8ac610a9fff,15
8b2a8ac64823fff,2
8b2a8ac630b2fff,15
8b2a8ac61418fff,15
8b2a8ac62158fff,2
8b2a8ac61875fff,3
8b2a8a8925b5fff,0
8b2a8ad4a702fff,15
8b2a8ac66c96fff,15
8b2a8ac6611dfff,15
8b2a8ac62565fff,15
8b2a8ac6c121fff,7
8b2a8ac6c121fff,15
8b2a8ad4ace2fff,15
8b2a8ac66556fff,15
8b2a8ac6315afff,2
8b2a8ac638e6fff,15
8b2a8a893424fff,6
8b2a8a893424fff,15
8b2a8ad4e613fff,15
8b2a8ac64ce1fff,15
8b2a8ac66671fff,15
8b2a8ad4b360fff,8
8b2a8ac63b0bfff,15
8b2a8ac61683fff,15
8b2a8ad4bd1efff,2
8b2a8ad4a9a4fff,15
8b2a8ac63a0dfff,15
8b2a8ad4aaa1fff,0
8b2a8ac64b26fff,8
8b2a8ac62351fff,15
8b2a8ac64c99fff,15
8b2a8a892456fff,0
8b2a8ac61aaefff,3
8b2a8ac61d23fff,5
8b2a8ac63cd9fff,15
8b2a8ac63892fff,2
8b2a8ac63892fff,15
8b2a8ac657b1fff,5
8b2a8ac64495fff,15
8b2a8ac61c14fff,5
8b2a8ac64cebfff,15
8b2a8ad48403fff,2
8b2a8ac6030dfff,5
8b2a8ac6030dfff,15
8b2a8ac61144fff,3
8b2a8a892d2cfff,0
8b2a8ad59240fff,15
8b2a8ac64121fff,2
8b2a8ac65d70fff,0
8b2a8ac63b4cfff,15
8b2a8ad5969bfff,15
8b2a8ac66882fff,15
8b2a8ac65090fff,5
8b2a8ac6cd82fff,15
8b2a8ad4bc02fff,2
8b2a8ad48549fff,0
8b2a8ac63069fff,15
8b2a8ad48424fff,15
8b2a8ac62952fff,15
8b2a8ad4aba5fff,2
8b2a8ac65763fff,5
8b2a8ac6464efff,8
8b2a8ac6464efff,10
8b2a8ac61553fff,15
8b2a8ac6c156fff,15
8b2a8ac60ca4fff,15
8b2a8ac65c5dfff,5
8b2a8ac61b59fff,3
8b2a8ad4bd94fff,1
8b2a8ad4bd94fff,0
8b2a8ac64c95fff,15
8b2a8a892b85fff,0
8b2a8ac664f0fff,15
8b2a8ad5b276fff,15
8b2a8ac60d12fff,15
8b2a8ad4e642fff,15
8b2a8a8962acfff,0
8b2a8a892d03fff,0
8b2a8ac62963fff,15
8b2a8ad4b428fff,10
8b2a8ad4b66efff,0
8b2a8ad4ac9bfff,15
8b2a8ac6418dfff,15
8b2a8a8936c4fff,6
8b2a8ad59358fff,15
8b2a8ad5939afff,15
8b2a8a8920a2fff,0
8b2a8ad592b1fff,15
8b2a8ad4b64cfff,11
8b2a8ad4b64cfff,0
8b2a8ac6514efff,4
8b2a8ad4b20efff,0
8b2a8ad4b20efff,1
8b2a8ad4acf3fff,15
8b2a8ac618ddfff,3
8b2a8a8906a8fff,1
8b2a8ac66aaafff,15
8b2a8ac62a8afff,2
8b2a8ac668c3fff,15
8b2a8ac6150efff,15
8b2a8ac6172bfff,15
8b2a8ac61aeefff,3
8b2a8ac62a0dfff,15
8b2a8ac66328fff,15
8b2a8ac66799fff,15
8b2a8ac64ab0fff,8
8b2a8ac65091fff,5
8b2a8a892c62fff,10
8b2a8a892870fff,0
8b2a8ac61d36fff,5
8b2a8ac62c1cfff,15
8b2a8ad48425fff,15
8b2a8ac6142efff,15
8b2a8ac66822fff,15
8b2a8a89370efff,6
8b2a8ac66398fff,15
8b2a8ac65882fff,1
8b2a8a89252dfff,0
8b2a8ac618defff,3
8b2a8ad4e646fff,15
8b2a8a8924d5fff,3
8b2a8ac66c9cfff,15
8b2a8ac64154fff,10
8b2a8ac64154fff,8
8b2a8ac64154fff,2
8b2a8ac62340fff,15
8b2a8ac61b2dfff,3
8b2a8ac6510efff,4
8b2a8ad4b4a2fff,2
8b2a8ad59aa2fff,15
8b2a8ac60c00fff,15
8b2a8ad4a289fff,0
8b2a8ac64784fff,15
8b2a8ac64784fff,2
8b2a8ac6632efff,15
8b2a8ac6c100fff,15
8b2a8ac652b6fff,5
8b2a8ad59398fff,15
8b2a8ad4b732fff,0
8b2a8ac62b23fff,15
8b2a8a892652fff,2
8b2a8ac666a2fff,15
8b2a8ac6684efff,15
8b2a8ac66d55fff,15
8b2a8ad485b2fff,15
8b2a8ad59059fff,15
8b2a8ac659aafff,11
8b2a8ac66a85fff,15
8b2a8ac66a85fff,2
8b2a8a892a22fff,0
8b2a8ad4a669fff,0
8b2a8a893770fff,6
8b2a8ac657a5fff,5
8b2a8ac6c823fff,7
8b2a8ac6c823fff,10
8b2a8ad4e2dcfff,15
8b2a8a892606fff,3
8b2a8ac6234efff,15
8b2a8a892ce9fff,10
8b2a8ac64691fff,15
8b2a8ad4b8d6fff,2
8b2a8ac65070fff,14
8b2a8ac6292bfff,15
8b2a8a8930d2fff,6
8b2a8a8930d2fff,15
8b2a8ac6cd03fff,3
8b2a8ac638f1fff,15
8b2a8ac65b30fff,1
8b2a8ac65b30fff,0
8b2a8ad484e1fff,2
8b2a8ac60ac9fff,5
8b2a8ac645aafff,15
8b2a8ac66828fff,15
8b2a8ad4ac08fff,15
8b2a8ac65b8afff,0
8b2a8ad4a6e3fff,15
8b2a8ac614dafff,15
8b2a8ac6529afff,5
8b2a8ac61973fff,3
8b2a8ad4bc64fff,2
8b2a8ad4b982fff,2
8b2a8ac64498fff,15
8b2a8ac664f3fff,15
8b2a8a892284fff,3
8b2a8ad4bd4afff,2
8b2a8a8937b4fff,6
8b2a8ad59656fff,15
8b2a8ad4b373fff,0
8b2a8ad4b373fff,8
8b2a8ad4b384fff,0
8b2a8ac63cc5fff,15
8b2a8ad4a862fff,15
8b2a8ad592b5fff,15
8b2a8a89259bfff,0
8b2a8a89259bfff,3
8b2a8ac64193fff,15
8b2a8ac64193fff,2
8b2a8ac62024fff,15
8b2a8ac66506fff,15
8b2a8ac64c41fff,15
8b2a8ac64c41fff,16
8b2a8ac641aefff,15
8b2a8ac63064fff,15
8b2a8a892ce4fff,10
8b2a8ac644b2fff,15
8b2a8ac61612fff,15
8b2a8ac6c236fff,10
8b2a8ac62a44fff,15
8b2a8ad5b230fff,15
8b2a8ad4b604fff,0
8b2a8ac606cefff,2
8b2a8ac62022fff,15
8b2a8ac6c306fff,2
8b2a8ac66003fff,15
8b2a8ad4a09cfff,15
8b2a8a896746fff,0
8b2a8ac60ba6fff,5
8b2a8ad4a240fff,9
8b2a8ad4b318fff,0
8b2a8ac6530afff,0
8b2a8ad4b304fff,0
8b2a8ac60b26fff,5
8b2a8ac60c40fff,15
8b2a8ac64320fff,0
8b2a8ac6c82afff,7
8b2a8ac6c842fff,6
8b2a8ac6c842fff,7
8b2a8ac63910fff,2
8b2a8ac6464bfff,8
8b2a8ad5b256fff,15
8b2a8ad5968efff,15
8b2a8ac66190fff,15
8b2a8ac66190fff,9
8b2a8ad4a218fff,0
8b2a8ad4a603fff,15
8b2a8ac63844fff,15
8b2a8ac6340efff,15
8b2a8ac62d2afff,15
8b2a8ac65253fff,0
8b2a8ac65d1cfff,0
8b2a8ac65d1cfff,1
8b2a8ac6cb18fff,6
8b2a8ac66512fff,15
8b2a8ac61455fff,15
8b2a8ac617b5fff,15
8b2a8ac600d6fff,11
8b2a8ac642cafff,10
8b2a8ad4b798fff,0
8b2a8ad4b798fff,1
8b2a8ac602acfff,15
8b2a8ac608a6fff,8
8b2a8a892908fff,2
8b2a8a892908fff,0
8b2a8ad59ba1fff,15
8b2a8ad59ba1fff,2
8b2a8ac6dd1bfff,7
8b2a8a896435fff,0
8b2a8ac61b1afff,3
8b2a8ac65b8efff,2
8b2a8ac65b8efff,0
8b2a8ac65b8efff,4
8b2a8ac60cecfff,2
8b2a8ac60cecfff,15
8b2a8ad4b583fff,2
8b2a8ac66ae1fff,15
8b2a8ad4a6d1fff,2
8b2a8a8924e4fff,0
8b2a8a8924e4fff,3
8b2a8ac6442cfff,15
8b2a8ac6442cfff,2
8b2a8ac652a6fff,5
8b2a8ac63142fff,15
8b2a8ac6cb70fff,6
8b2a8ac61ae9fff,3
8b2a8ac66345fff,15
8b2a8ad4aa44fff,2
8b2a8ad4aa44fff,1
8b2a8a89288dfff,0
8b2a8ac66b83fff,2
8b2a8ac650a3fff,5
8b2a8ac6cb75fff,6
8b2a8ac65c04fff,4
8b2a8ac65c04fff,1
8b2a8ad4a572fff,15
8b2a8ad4b0d1fff,2
8b2a8ad4b042fff,0
8b2a8ad4b042fff,2
8b2a8ac65408fff,5
8b2a8ac62356fff,15
8b2a8ac63a49fff,15
8b2a8ac6cca6fff,15
8b2a8ac66103fff,15
8b2a8a8934e6fff,6
8b2a8ad48470fff,2
8b2a8ac6568efff,5
8b2a8ac64528fff,15
8b2a8ac62cf6fff,15
8b2a8ac6cc5bfff,15
8b2a8ac614c4fff,15
8b2a8ad59225fff,15
8b2a8ac64358fff,0
8b2a8ad4a4cafff,2
8b2a8ac61372fff,15
8b2a8ad59b59fff,15
8b2a8a89215cfff,11
8b2a8ad4ab6afff,2
8b2a8ac6155efff,15
8b2a8ac60981fff,8
8b2a8ad4b244fff,0
8b2a8ac64b0bfff,3
8b2a8ac64b0bfff,8
8b2a8ac612b2fff,15
8b2a8ad4ac29fff,15
8b2a8ad4a799fff,15
8b2a8ac61b61fff,3
8b2a8a89361dfff,6
8b2a8a8964dafff,0
8b2a8ac61c56fff,3
8b2a8ac61c56fff,5
8b2a8ac64426fff,15
8b2a8ac602a3fff,15
8b2a8ac62d44fff,15
8b2a8ac6c85bfff,6
8b2a8ad4b2f4fff,0
8b2a8a8920edfff,10
8b2a8ac61c71fff,3
8b2a8ac6529dfff,5
8b2a8ac653b5fff,11
8b2a8ad4ab06fff,2
8b2a8ac61416fff,15
8b2a8ad4e275fff,15
8b2a8ac65ae1fff,1
8b2a8ac65ae1fff,0
8b2a8ac60492fff,15
8b2a8ad48651fff,2
8b2a8ac65cf2fff,8
8b2a8ac65cf2fff,5
8b2a8ad4a4e6fff,15
8b2a8ac61003fff,15
8b2a8ac656f3fff,5
8b2a8ac63db5fff,15
8b2a8ac75b0cfff,15
8b2a8a893580fff,6
8b2a8ac642e2fff,0
8b2a8ac60a32fff,5
8b2a8a89640cfff,0
8b2a8ac61444fff,15
8b2a8a8924d9fff,3
8b2a8ad4b233fff,0
8b2a8ad4b233fff,1
8b2a8ad4b233fff,2
8b2a8ac63d43fff,2
8b2a8ac65566fff,5
8b2a8ac60b76fff,5
8b2a8ac60432fff,15
8b2a8ac61391fff,15
8b2a8ac65066fff,14
8b2a8ad48465fff,0
8b2a8ad48493fff,2
8b2a8ac6045dfff,15
8b2a8ac62a2afff,15
8b2a8ac61a20fff,3
8b2a8ac6126efff,15
8b2a8ad4b265fff,0
8b2a8ad4e6adfff,15
8b2a8ad4a8a4fff,15
8b2a8ac62376fff,15
8b2a8ad4aa22fff,2
8b2a8ad4aa22fff,0
8b2a8ad4bcf5fff,0
8b2a8ac606d9fff,2
8b2a8ac61463fff,15
8b2a8ad4e24cfff,15
8b2a8a893442fff,6
8b2a8ac66ca9fff,9
8b2a8ac65564fff,5
8b2a8ac63125fff,15
8b2a8ac6196cfff,3
8b2a8ac6312afff,15
8b2a8ac66756fff,15
8b2a8ad4bd21fff,2
8b2a8ac6c38afff,10
8b2a8ac6c38afff,3
8b2a8ad4ac13fff,15
8b2a8ac6c3b5fff,3
8b2a8ad4b646fff,0
8b2a8ac66546fff,15
8b2a8ac66546fff,9
8b2a8ad4b52afff,3
8b2a8ac63d31fff,15
8b2a8a896304fff,0
8b2a8ac614c3fff,15
8b2a8ac6c000fff,15
8b2a8ac6646afff,15
8b2a8ad4aa34fff,2
8b2a8ad4aaf2fff,0
8b2a8ac64153fff,10
8b2a8ac64153fff,8
8b2a8ac61459fff,15
8b2a8ac6126cfff,15
8b2a8ad59244fff,15
8b2a8ac642f4fff,10
8b2a8ac642f4fff,0
8b2a8ac64586fff,15
8b2a8ac65aa5fff,0
8b2a8ad4b3a2fff,0
8b2a8ac65884fff,1
8b2a8ad4a642fff,15
8b2a8ac63926fff,2
8b2a8a896690fff,0
8b2a8ac63b12fff,15
8b2a8ac65a26fff,0
8b2a8a8967b5fff,0
8b2a8ad4b05dfff,0
8b2a8ac658d3fff,7
8b2a8ac6c876fff,7
8b2a8ac62866fff,15
8b2a8ac631b2fff,15
8b2a8ac66422fff,15
8b2a8ad4bc1dfff,2
8b2a8ac62822fff,15
8b2a8ac66c2afff,15
8b2a8ac66b44fff,15
8b2a8ac6136afff,15
8b2a8ac614f1fff,15
8b2a8ac66b89fff,2
8b2a8a896514fff,0
8b2a8ad48688fff,2
8b2a8ad48688fff,1
8b2a8ac6412afff,2
8b2a8a89245efff,0
8b2a8a89245efff,3
8b2a8ad4a870fff,15
8b2a8ac63d8dfff,15
8b2a8ad5b66cfff,15
8b2a8ad48466fff,0
8b2a8ac61801fff,3
8b2a8ad4b080fff,0
8b2a8a8966f3fff,0
8b2a8ac64062fff,8
8b2a8ad4b8dcfff,2
8b2a8ac60ab5fff,5
8b2a8ac61addfff,15
8b2a8ad4e209fff,15
8b2a8ac64d34fff,15
8b2a8ac6669bfff,15
8b2a8ad4e2a4fff,15
8b2a8ac6698cfff,15
8b2a8ac63c04fff,15
8b2a8ad4bd6afff,2
8b2a8ac61383fff,15
8b2a8ac6c01dfff,15
8b2a8ac66b1afff,2
8b2a8ac6555efff,5
8b2a8ac663aefff,15
8b2a8ac61b29fff,3
8b2a8ac60b24fff,5
8b2a8ac664d2fff,15
8b2a8ac63102fff,2
8b2a8ac63102fff,15
8b2a8a892221fff,0
8b2a8ac6675afff,15
8b2a8ac6c0e3fff,15
8b2a8ac6cd29fff,3
8b2a8ad4a788fff,15
8b2a8ac62169fff,15
8b2a8ac64793fff,15
8b2a8ad4a445fff,15
8b2a8ac65655fff,5
8b2a8ac6289cfff,15
8b2a8ac66c94fff,15
8b2a8ad4ac68fff,15
8b2a8ac65733fff,5
8b2a8ac6cc43fff,15
8b2a8ac63b5bfff,15
8b2a8ad4a15efff,0
8b2a8ad4b323fff,0
8b2a8ac6cc5cfff,15
8b2a8ac63133fff,2
8b2a8ad4a7a8fff,15
8b2a8ac6496afff,2
8b2a8ac646e1fff,15
8b2a8ac646e1fff,2
8b2a8ac602ccfff,15
8b2a8ad4b319fff,0
8b2a8ad4b319fff,2
8b2a8ac61225fff,15
8b2a8ac63a22fff,15
8b2a8ac63bb5fff,15
8b2a8ac60d34fff,15
8b2a8a89214afff,11
8b2a8ac60555fff,15
8b2a8ac6298dfff,15
8b2a8ac658e9fff,11
8b2a8a892409fff,0
8b2a8ac66122fff,15
8b2a8ac64654fff,2
8b2a8ac62999fff,15
8b2a8a892c9dfff,0
8b2a8ac6404bfff,0
8b2a8ad4ab2bfff,2
8b2a8ad4ab2bfff,0
8b2a8a8922c1fff,6
8b2a8a8922c1fff,2
8b2a8a8922c1fff,0
8b2a8ad5b22afff,15
8b2a8ac631b6fff,15
8b2a8ac63b6cfff,15
8b2a8ac667aafff,15
8b2a8ad4a189fff,15
8b2a8ad4b750fff,0
8b2a8a892370fff,1
8b2a8ad59340fff,15
8b2a8ac60863fff,5
8b2a8ac63cc0fff,15
8b2a8a89351dfff,15
8b2a8ac6569cfff,5
8b2a8ac613a3fff,15
8b2a8ac6448dfff,15
8b2a8ac63b98fff,15
8b2a8ac65463fff,5
8b2a8ac61c9afff,15
8b2a8ac652a3fff,5
8b2a8ac6cb08fff,6
8b2a8ac64831fff,2
8b2a8ac62c75fff,15
8b2a8ac65969fff,11
8b2a8ac65969fff,0
8b2a8ac61b48fff,3
8b2a8ac6c00cfff,15
8b2a8ac60286fff,2
8b2a8ac60286fff,15
8b2a8ad4bc13fff,2
8b2a8ac65959fff,11
8b2a8ac63cd0fff,15
8b2a8ad4e688fff,15
8b2a8ac6412cfff,2
8b2a8ac6596efff,11
8b2a8ac660e4fff,15
8b2a8a8924edfff,0
8b2a8a892471fff,0
8b2a8ac66310fff,15
8b2a8a892446fff,0
8b2a8a892d40fff,0
8b2a8ac61560fff,15
8b2a8ac6612dfff,15
8b2a8ac62332fff,2
8b2a8ac62332fff,15
8b2a8ac60491fff,15
8b2a8ac62a58fff,15
8b2a8ac63043fff,2
8b2a8ad4b68bfff,0
8b2a8ac6000afff,7
8b2a8ac6614dfff,15
8b2a8a89629efff,0
8b2a8ad5b2e4fff,15
8b2a8ac61b52fff,3
8b2a8ac63800fff,15
8b2a8ad4aad2fff,0
8b2a8ac63da9fff,15
8b2a8ac6434cfff,2
8b2a8ac6434cfff,0
8b2a8ac62b10fff,15
8b2a8ad4ac12fff,15
8b2a8ac64640fff,8
8b2a8ad4a70cfff,15
8b2a8a893482fff,6
8b2a8ac63a95fff,15
8b2a8ac64396fff,0
8b2a8ad4a65efff,15
8b2a8ad5ba61fff,15
8b2a8ad59b5bfff,15
8b2a8ac64d16fff,15
8b2a8ac65334fff,0
8b2a8ad486eafff,2
8b2a8ac602a6fff,15
8b2a8ac64516fff,15
8b2a8ac6184efff,3
8b2a8ac66350fff,15
8b2a8ac65b8dfff,0
8b2a8ad4b650fff,0
8b2a8ad4a86efff,2
8b2a8ad5984bfff,2
8b2a8ac6c0c2fff,3
8b2a8ac6541bfff,5
8b2a8a89342bfff,6
8b2a8a893721fff,6
8b2a8a893721fff,15
8b2a8ac6cd10fff,3
8b2a8ad4bc98fff,1
8b2a8ad4bc98fff,2
8b2a8ad4a69afff,15
8b2a8ac60080fff,11
8b2a8ac60080fff,2
8b2a8ac60080fff,15
8b2a8ac60a46fff,5
8b2a8a892c1cfff,13
8b2a8a892c1cfff,10
8b2a8ad4b44efff,0
8b2a8ad4b44efff,1
8b2a8ac60494fff,15
8b2a8ac61b45fff,3
8b2a8ad4e6e8fff,15
8b2a8ac6606bfff,15
8b2a8ac641a5fff,15
8b2a8ad5932dfff,15
8b2a8ac62c45fff,15
8b2a8ac64502fff,15
8b2a8ac6419cfff,15
8b2a8ac66622fff,15
8b2a8ad4a016fff,15
8b2a8a892c66fff,10
8b2a8a892c66fff,0
8b2a8ac63430fff,15
8b2a8a896204fff,2
8b2a8a896204fff,0
8b2a8a8934a8fff,6
8b2a8ad4a876fff,15
8b2a8ac66aedfff,15
8b2a8ac61145fff,3
8b2a8ac662b6fff,15
8b2a8ac63975fff,2
8b2a8ac63975fff,15
8b2a8ac65a19fff,0
8b2a8ad486f2fff,2
8b2a8ad4b34afff,0
8b2a8ac605b2fff,15
8b2a8ac6c86dfff,6
8b2a8ac65acefff,0
8b2a8ac65acefff,1
8b2a8ac62073fff,15
8b2a8ac62951fff,15
8b2a8ac60666fff,2
8b2a8ac648f1fff,2
8b2a8ad596b6fff,15
8b2a8ac61d1bfff,5
8b2a8ac61404fff,15
8b2a8ad4a504fff,15
8b2a8ac64456fff,2
8b2a8ac62333fff,2
8b2a8ac62333fff,15
8b2a8ad5935bfff,15
8b2a8ad4ac21fff,15
8b2a8ad4b61cfff,0
8b2a8ac62b1dfff,15
8b2a8ad4a833fff,15
8b2a8ac60682fff,15
8b2a8ac646cefff,15
8b2a8ac6c70cfff,7
8b2a8ad4a341fff,1
8b2a8ac60066fff,12
8b2a8ac60066fff,15
8b2a8ad59060fff,15
8b2a8ac63002fff,2
8b2a8ac63171fff,15
8b2a8ac61048fff,15
8b2a8ac648adfff,0
8b2a8ac61085fff,15
8b2a8ac66720fff,15
8b2a8a89244dfff,0
8b2a8a89244dfff,3
8b2a8a892ba3fff,0
8b2a8ac61905fff,3
8b2a8ac61119fff,3
8b2a8ac64661fff,8
8b2a8ac64661fff,10
8b2a8a892859fff,0
8b2a8ad4b8a1fff,2
8b2a8ac64252fff,0
8b2a8ad4ab5dfff,2
8b2a8ad5b748fff,15
8b2a8a8962d3fff,2
8b2a8ac64753fff,2
8b2a8ac61a59fff,3
8b2a8ac6506cfff,0
8b2a8ad4ac62fff,15
8b2a8ad484c4fff,2
8b2a8ad4a28dfff,0
8b2a8a893425fff,6
8b2a8ac66203fff,15
8b2a8ad59bb1fff,15
8b2a8ac66a48fff,15
8b2a8ad48442fff,0
8b2a8ad48442fff,2
8b2a8ad48491fff,2
8b2a8a893699fff,6
8b2a8a893699fff,7
8b2a8ad4b0a6fff,0
8b2a8a892291fff,7
8b2a8a892291fff,2
8b2a8ac6ca60fff,6
8b2a8ac61322fff,15
8b2a8a892c06fff,10
8b2a8ad4a405fff,15
8b2a8ac60853fff,5
8b2a8a892522fff,0
8b2a8ad4a19dfff,15
8b2a8ac6036afff,5
8b2a8ac66843fff,15
8b2a8a8936dcfff,7
8b2a8a8937a4fff,6
8b2a8ac60591fff,15
8b2a8ac64355fff,0
8b2a8ad4b786fff,0
8b2a8ad4b786fff,1
8b2a8ac61d32fff,5
8b2a8ad4b641fff,0
8b2a8a893460fff,6
8b2a8a893460fff,15
8b2a8ad4a2eafff,2
8b2a8ac62d69fff,15
8b2a8ac63a12fff,15
8b2a8ac66c71fff,15
8b2a8ac6235efff,15
8b2a8ac6c149fff,7
8b2a8ad4b9b3fff,2
8b2a8ac6476afff,0
8b2a8ac6476afff,2
8b2a8ad4acf5fff,15
8b2a8ac609a5fff,8
8b2a8a892430fff,0
8b2a8a892430fff,3
8b2a8ac65b4cfff,0
8b2a8ad5b216fff,15
8b2a8ad4842efff,2
8b2a8ad4a32afff,0
8b2a8ac6512dfff,7
8b2a8ac6512dfff,4
8b2a8a893601fff,6
8b2a8ac649adfff,0
8b2a8a89675cfff,0
8b2a8ad4ac16fff,15
8b2a8ac61b14fff,3
8b2a8ac66909fff,15
8b2a8ac6ddaefff,7
8b2a8a89666efff,0
8b2a8ac65af1fff,1
8b2a8ac60330fff,15
8b2a8ac610acfff,15
8b2a8a89349afff,6
8b2a8ac619a5fff,5
8b2a8ac61db3fff,5
8b2a8ad4a7b6fff,15
8b2a8a892710fff,3
8b2a8ac6316bfff,15
8b2a8ac63d60fff,2
8b2a8ac65b22fff,1
8b2a8ac65b22fff,0
8b2a8a892ca2fff,0
8b2a8ac63c5dfff,2
8b2a8ac63c5dfff,15
8b2a8ad5b258fff,15
8b2a8ac652f6fff,0
8b2a8ac652f6fff,3
8b2a8ac661b6fff,15
8b2a8ad5928efff,15
8b2a8ac66d1dfff,15
8b2a8ac61d6afff,3
8b2a8ac61d6afff,5
8b2a8ac6cb1dfff,6
8b2a8ad4a212fff,0
8b2a8ac66a6bfff,15
8b2a8ac6281afff,15
8b2a8ac64243fff,0
8b2a8ac6664afff,15
8b2a8ac60105fff,15
8b2a8ac64ba1fff,8
8b2a8ac64ba1fff,2
8b2a8ad4ac2dfff,15
8b2a8a89218cfff,10
8b2a8ac62c4afff,15
8b2a8ad59b8bfff,15
8b2a8ad59b8bfff,2
8b2a8ac65449fff,5
8b2a8ac650d8fff,5
8b2a8ac64d1afff,15
8b2a8ac65118fff,4
8b2a8a892d4cfff,0
8b2a8ad4bd66fff,2
8b2a8ac64602fff,2
8b2a8ac667a2fff,15
8b2a8ad4ac95fff,15
8b2a8ac602e5fff,15
8b2a8a892074fff,11
8b2a8ad4a425fff,15
8b2a8ac640ebfff,0
8b2a8ac6451efff,15
8b2a8ac6539afff,5
8b2a8ac66880fff,15
8b2a8a892590fff,0
8b2a8a892590fff,3
8b2a8a892590fff,2
8b2a8ac6076cfff,15
8b2a8ac64385fff,0
8b2a8a89285bfff,0
8b2a8ac60161fff,5
8b2a8ad59063fff,15
8b2a8ac66c83fff,15
8b2a8ac60723fff,2
8b2a8ac60723fff,11
8b2a8ad4b7a0fff,0
8b2a8ad4b7a0fff,1
8b2a8ac640e2fff,8
8b2a8ac60942fff,5
8b2a8ad480b5fff,0
8b2a8ac64682fff,15
8b2a8ac64310fff,0
8b2a8ac63a9afff,15
8b2a8ac64184fff,15
8b2a8ac63509fff,15
8b2a8a893405fff,6
8b2a8ac62a40fff,15
8b2a8ad59230fff,15
8b2a8ac6cad8fff,10
8b2a8ac6cad8fff,7
8b2a8ac6cad8fff,7
8b2a8ac644f3fff,15
8b2a8ac65c71fff,4
8b2a8ac66520fff,15
8b2a8ac66520fff,9
8b2a8ad4b5b5fff,2
8b2a8ad4b5b5fff,9
8b2a8ad4aac0fff,0
8b2a8ac60a5cfff,5
8b2a8ad48099fff,0
8b2a8ac65268fff,0
8b2a8ac60451fff,15
8b2a8ad4b4cdfff,10
8b2a8ac6078efff,15
8b2a8ac60a54fff,5
8b2a8ac61b41fff,3
8b2a8ac65c2afff,4
8b2a8ac65c2afff,1
8b2a8ac65798fff,5
8b2a8ad4a526fff,15
8b2a8ad5b22cfff,15
8b2a8ad4e65cfff,15
8b2a8ac6cd94fff,15
8b2a8ac662c3fff,15
8b2a8a896756fff,0
8b2a8ac64d8afff,15
8b2a8ad59ae4fff,15
8b2a8ad59ae4fff,2
8b2a8ac652b1fff,5
8b2a8ac6442efff,15
8b2a8ac65694fff,5
8b2a8ac6465cfff,8
8b2a8ac6465cfff,10
8b2a8ac62306fff,2
8b2a8ac62306fff,15
8b2a8a896210fff,0
8b2a8ac63a10fff,15
8b2a8ac65d5bfff,1
8b2a8a892d29fff,0
8b2a8ac6c235fff,10
8b2a8ad4b0f0fff,0
8b2a8ad4b0f0fff,2
8b2a8ac65168fff,4
8b2a8a8920ebfff,13
8b2a8ac61ce3fff,3
8b2a8ac61ce3fff,5
8b2a8ac61da6fff,5
8b2a8ac652d8fff,3
8b2a8ac63a2bfff,15
8b2a8ac64885fff,15
8b2a8ac64885fff,16
8b2a8ac64885fff,0
8b2a8ac6c0c8fff,3
8b2a8a89069efff,1
8b2a8ac66102fff,15
8b2a8ac6130dfff,15
8b2a8ac6562afff,5
8b2a8ac64b9bfff,8
8b2a8ac64b9bfff,2
8b2a8ac6cb6bfff,6
8b2a8ac614aefff,15
8b2a8a893542fff,6
8b2a8ac642e6fff,0
8b2a8ad59aedfff,15
8b2a8ac60459fff,15
8b2a8ac6352cfff,15
8b2a8ac655aefff,5
8b2a8ac6342efff,15
8b2a8ad4bc15fff,2
8b2a8ac6614cfff,15
8b2a8ac66c2efff,15
8b2a8ac66cd0fff,9
8b2a8ac60cc0fff,2
8b2a8ac60cc0fff,15
8b2a8ac65d8afff,8
8b2a8ac65d8afff,10
8b2a8ac6c0d8fff,3
8b2a8ad5b352fff,15
8b2a8ac62d53fff,15
8b2a8ad4b722fff,0
8b2a8ad4b722fff,2
8b2a8ac664c4fff,15
8b2a8ac65a09fff,1
8b2a8ac65a09fff,0
8b2a8ac6556cfff,5
8b2a8ac667a0fff,15
8b2a8ac6005dfff,15
8b2a8ac658c0fff,1
8b2a8ac65646fff,5
8b2a8ad4b3a3fff,0
8b2a8ad5921dfff,15
8b2a8a896311fff,0
8b2a8a892799fff,3
8b2a8ac602abfff,15
8b2a8ac66b9efff,15
8b2a8ad59301fff,15
8b2a8ac6481dfff,2
8b2a8ac656a3fff,5
8b2a8ac64700fff,2
8b2a8ad596aefff,15
8b2a8ad592abfff,15
8b2a8a896480fff,0
8b2a8ac66962fff,15
8b2a8ad4b76efff,0
8b2a8ad4bd9bfff,1
8b2a8ad4bd9bfff,2
8b2a8ac668c5fff,15
8b2a8ac65a1dfff,0
8b2a8ac61670fff,15
8b2a8ac60ceefff,2
8b2a8ac60ceefff,15
8b2a8ad5921afff,15
8b2a8ad59a61fff,15
8b2a8ac65431fff,5
8b2a8a892694fff,3
8b2a8ac63a62fff,15
8b2a8ac63a44fff,15
8b2a8a892c02fff,10
8b2a8ac6cb02fff,6
8b2a8ad4bc9dfff,1
8b2a8ad4bc9dfff,2
8b2a8a892965fff,2
8b2a8ac60a29fff,5
8b2a8ad4a622fff,15
8b2a8ac662b0fff,15
8b2a8ad4a510fff,15
8b2a8ac6214afff,2
8b2a8ac6214afff,15
8b2a8ac604ddfff,15
8b2a8ac6296efff,15
8b2a8a892188fff,10
8b2a8a8965a9fff,0
8b2a8ac60300fff,15
8b2a8ac60663fff,2
8b2a8ad5b306fff,15
8b2a8ac64615fff,2
8b2a8ad4a2d5fff,0
8b2a8ac6191dfff,3
8b2a8ac62564fff,15
8b2a8a8962adfff,2
8b2a8a8962adfff,0
8b2a8ad4b60bfff,0
8b2a8ac60cf6fff,15
8b2a8ad4a330fff,0
8b2a8a8924c1fff,3
8b2a8ad5ba64fff,15
8b2a8ac65d06fff,0
8b2a8a8928e6fff,0
8b2a8ac66a53fff,15
8b2a8ad48731fff,0
8b2a8ac6215efff,2
8b2a8ac61776fff,15
8b2a8ad4ac6efff,15
8b2a8a89214efff,11
8b2a8ac6311dfff,2
8b2a8ad4a795fff,15
8b2a8ac60cc3fff,2
8b2a8ac60cc3fff,15
8b2a8ac66a6afff,15
8b2a8ac600d0fff,11
8b2a8ac60295fff,2
8b2a8ac604d2fff,15
8b2a8ac6ed32fff,15
8b2a8ac616f6fff,15
8b2a8ad59b85fff,15
8b2a8a893083fff,15
8b2a8a8967acfff,0
8b2a8ac61222fff,15
8b2a8ac64a22fff,8
8b2a8ac66191fff,15
8b2a8ac66191fff,9
8b2a8ac6352efff,15
8b2a8ac658ddfff,7
8b2a8ac658ddfff,1
8b2a8a893611fff,6
8b2a8ac62af4fff,15
8b2a8ac650c3fff,5
8b2a8ac60cd4fff,15
8b2a8ac65225fff,0
8b2a8ad4b6b5fff,0
8b2a8ad4b6b5fff,8
8b2a8ac62175fff,15
8b2a8ad4a386fff,0
8b2a8ad5b34cfff,15
8b2a8ac6396bfff,15
8b2a8ac63b65fff,15
8b2a8a892d35fff,0
8b2a8ac65072fff,14
8b2a8ad480b3fff,0
8b2a8ac65060fff,0
8b2a8ac65060fff,14
8b2a8ac62aeefff,15
8b2a8ac648aafff,15
8b2a8ac648aafff,2
8b2a8ac648aafff,0
8b2a8ac65b1cfff,0
8b2a8ac6c12efff,15
8b2a8ac60c89fff,15
8b2a8ac6c8f5fff,3
8b2a8ac62181fff,15
8b2a8ac60408fff,15
8b2a8ac638d1fff,15
8b2a8ad4aae1fff,0
8b2a8ac63529fff,15
8b2a8ac643a1fff,0
8b2a8a89639cfff,0
8b2a8ad59763fff,15
8b2a8ad4e6f3fff,15
8b2a8a896c90fff,0
8b2a8ac621acfff,15
8b2a8ac66394fff,15
8b2a8ac61d60fff,5
8b2a8ad5da48fff,15
8b2a8ac61b0afff,3
8b2a8ad4ada4fff,15
8b2a8ad4b34bfff,0
8b2a8ac60000fff,7
8b2a8ac60000fff,12
8b2a8ac615abfff,15
8b2a8ad48559fff,0
8b2a8ad48559fff,2
8b2a8ac607a8fff,2
8b2a8a8964acfff,0
8b2a8ac6cc05fff,15
8b2a8ad4a006fff,15
8b2a8ad4a006fff,0
8b2a8ac618dcfff,3
8b2a8ac647b2fff,15
8b2a8a89632afff,0
8b2a8a8926a4fff,3
8b2a8ac6c86cfff,6
8b2a8ac6c86cfff,7
8b2a8a89256afff,0
8b2a8a893466fff,6
8b2a8a896673fff,0
8b2a8ac62983fff,15
8b2a8ac65392fff,5
8b2a8ac60a76fff,5
8b2a8ac6426efff,0
8b2a8a892661fff,2
8b2a8ad4e226fff,15
8b2a8ac6402bfff,8
8b2a8a893762fff,6
8b2a8ac64515fff,15
8b2a8ac65d24fff,0
8b2a8ac65d24fff,2
8b2a8ac65d24fff,8
8b2a8ad4b742fff,0
8b2a8a8906aafff,1
8b2a8ad592ecfff,15
8b2a8ac65c65fff,1
8b2a8ac61d66fff,5
8b2a8ac63a0bfff,15
8b2a8ac6548dfff,5
8b2a8ad4a6acfff,15
8b2a8ad5b740fff,15
8b2a8a8925b6fff,0
8b2a8a8925b6fff,2
8b2a8ac65556fff,5
8b2a8ad48551fff,2
8b2a8ad48551fff,15
8b2a8a896d9cfff,8
8b2a8a896d9cfff,0
8b2a8ac61684fff,15
8b2a8ad4b425fff,10
8b2a8ad4b54bfff,0
8b2a8ad4b54bfff,8
8b2a8ad4b2e8fff,0
8b2a8ad4a40efff,15
8b2a8ac65068fff,0
8b2a8ad480aafff,0
8b2a8ac61d04fff,5
8b2a8a8926c3fff,3
8b2a8ac666eefff,15
8b2a8ad4a206fff,0
8b2a8ad4aa81fff,0
8b2a8ac616acfff,15
8b2a8ac60d1afff,15
8b2a8ad4a002fff,15
8b2a8ad4a002fff,0
8b2a8ad4b75bfff,0
8b2a8a8934e1fff,6
8b2a8a8927b0fff,3
8b2a8ac61c95fff,15
8b2a8ad4bc6dfff,2
8b2a8ac6156dfff,15
8b2a8ac6140afff,15
8b2a8ac66c0cfff,15
8b2a8a89638efff,0
8b2a8ac6009dfff,11
8b2a8ac62235fff,15
8b2a8ac6544afff,5
8b2a8ad4b8a6fff,2
8b2a8ac64442fff,2
8b2a8ac6cbacfff,6
8b2a8ac6cbacfff,7
8b2a8ad4b70efff,0
8b2a8ac63cdafff,15
8b2a8ac66006fff,15
8b2a8ad4a2f1fff,2
8b2a8ad4a2f1fff,0
8b2a8ac6cd53fff,3
8b2a8ac6c1aefff,15
8b2a8ac63501fff,15
8b2a8ad484b5fff,2
8b2a8ac6452cfff,15
8b2a8ac6c105fff,15
8b2a8a893756fff,15
8b2a8a893756fff,6
8b2a8ac66031fff,15
8b2a8a8922b1fff,3
8b2a8ac64580fff,15
8b2a8ac660e2fff,15
8b2a8ac60589fff,15
8b2a8ad4aa62fff,2
8b2a8ad4aa62fff,1
8b2a8ac65428fff,5
8b2a8ad4a941fff,2
8b2a8ad4a941fff,15
8b2a8ac64159fff,8
8b2a8ac65875fff,11
8b2a8ad4a225fff,0
8b2a8ac6c8a6fff,3
8b2a8ac63036fff,2
8b2a8ac60346fff,5
8b2a8ac60346fff,15
8b2a8ac66cd3fff,9
8b2a8ac62ceafff,15
8b2a8ad4b552fff,10
8b2a8ad4b552fff,2
8b2a8ac64710fff,2
8b2a8a893469fff,6
8b2a8ac66c81fff,15
8b2a8ac64972fff,2
8b2a8ac6650bfff,15
8b2a8ac65099fff,5
8b2a8a896588fff,0
8b2a8ad4879afff,1
8b2a8ad5922efff,15
8b2a8a89648efff,0
8b2a8ac61072fff,15
8b2a8ad59aa1fff,2
8b2a8ac666f1fff,15
8b2a8ac64023fff,8
8b2a8ac64023fff,2
8b2a8ac65794fff,5
8b2a8a89345afff,6
8b2a8ac6c970fff,10
8b2a8ac63130fff,2
8b2a8ac6c152fff,15
8b2a8ac652d2fff,3
8b2a8ac64856fff,2
8b2a8ad4a200fff,0
8b2a8ad5b211fff,15
8b2a8ac65953fff,1
8b2a8ac6c565fff,15
8b2a8ac6572afff,5
8b2a8ac6dd00fff,7
8b2a8ac60b21fff,5
8b2a8ac65b9afff,4
8b2a8ac62d35fff,15
8b2a8ad4ad68fff,15
8b2a8ac63881fff,15
8b2a8ac65760fff,5
8b2a8a892871fff,0
8b2a8ac60914fff,8
8b2a8a8936a6fff,6
8b2a8ad4b333fff,0
8b2a8ac660d2fff,15
8b2a8ad4bcb2fff,1
8b2a8ad4bcb2fff,2
8b2a8ad4a759fff,15
8b2a8ad4a759fff,0
8b2a8ac66b8efff,2
8b2a8ac65541fff,5
8b2a8ac6cc13fff,15
8b2a8a893629fff,15
8b2a8ac65270fff,0
8b2a8ac65c35fff,1
8b2a8ac64d42fff,15
8b2a8ac64d42fff,2
8b2a8a893723fff,6
8b2a8a893723fff,15
8b2a8ac60c25fff,15
8b2a8ac62245fff,15
8b2a8a892925fff,2
8b2a8ad5b2c8fff,15
8b2a8ac6546cfff,5
8b2a8ac6c335fff,2
8b2a8ac6075cfff,2
8b2a8a89631afff,0
8b2a8ac6659dfff,15
8b2a8ac6041efff,15
8b2a8ad4b8abfff,2
8b2a8ad4b196fff,0
8b2a8ac662f3fff,15
8b2a8ad59644fff,15
8b2a8ad4b6a8fff,0
8b2a8ac6c015fff,15
8b2a8ad4a4c4fff,15
8b2a8ad4a4c4fff,2
8b2a8ac6581afff,14
8b2a8ac650b5fff,5
8b2a8a893502fff,15
8b2a8ac63aa3fff,15
8b2a8ac6cd05fff,3
8b2a8ac60040fff,15
8b2a8ad59605fff,15
8b2a8ac623a0fff,15
8b2a8a89679afff,0
8b2a8ad4a6e9fff,15
8b2a8ac6cda6fff,3
8b2a8ac658e4fff,1
8b2a8ac614e5fff,15
8b2a8ad5b2cefff,15
8b2a8ac60d22fff,15
8b2a8a892c9efff,0
8b2a8ac65c55fff,5
8b2a8ac6230efff,15
8b2a8ac63c4bfff,2
8b2a8ac66318fff,15
8b2a8ac617b6fff,15
8b2a8ac66991fff,15
8b2a8a890496fff,0
8b2a8ad59b13fff,15
8b2a8ad59b13fff,2
8b2a8ad59b46fff,2
8b2a8ac66a4bfff,15
8b2a8ac6cc0cfff,15
8b2a8ac610f2fff,15
8b2a8ac66782fff,15
8b2a8ad4a6e0fff,15
8b2a8ad4a396fff,0
8b2a8ad4bc0cfff,2
8b2a8ac6dd86fff,7
8b2a8a892a85fff,8
8b2a8a892a85fff,0
8b2a8ac60714fff,2
8b2a8a8936b1fff,6
8b2a8ac61840fff,3
8b2a8ac6506efff,0
8b2a8ad4b232fff,0
8b2a8ac6c215fff,10
8b2a8ad4b28cfff,0
8b2a8ac64875fff,2
8b2a8ad4859cfff,2
8b2a8ad4859cfff,15
8b2a8ac64cf0fff,15
8b2a8ac6092cfff,10
8b2a8ac62ae5fff,15
8b2a8ac63a24fff,15
8b2a8a892400fff,0
8b2a8ad4e616fff,15
8b2a8a89282cfff,2
8b2a8a89282cfff,0
8b2a8ac60082fff,15
8b2a8ac66065fff,15
8b2a8ac62931fff,15
8b2a8ac66c0afff,15
8b2a8ac61a05fff,3
8b2a8ac64174fff,2
8b2a8ac6c151fff,7
8b2a8ac6c151fff,15
8b2a8a892422fff,0
8b2a8ac61a5afff,3
8b2a8ad4a559fff,15
8b2a8ac64aeefff,0
8b2a8ad59b4cfff,2
8b2a8ad48518fff,15
8b2a8a896585fff,0
8b2a8ac64731fff,2
8b2a8ac60053fff,15
8b2a8ac662d5fff,15
8b2a8ac6424afff,0
8b2a8a896652fff,0
8b2a8ac63421fff,15
8b2a8ac62141fff,15
8b2a8ad4b458fff,1
8b2a8ad4b458fff,10
8b2a8a892aaefff,0
8b2a8ac75b69fff,15
8b2a8a89222afff,0
8b2a8ad4e78cfff,15
8b2a8ac6c94afff,6
8b2a8ac6c94afff,7
8b2a8a89378cfff,6
8b2a8a89628afff,2
8b2a8ac6c313fff,10
8b2a8ad4aa80fff,0
8b2a8ad5b348fff,15
8b2a8ac6564cfff,5
8b2a8a896665fff,0
8b2a8ac666a3fff,15
8b2a8ad4b489fff,2
8b2a8ac6c025fff,15
8b2a8ac61593fff,15
8b2a8ac60db2fff,15
8b2a8ac656b0fff,5
8b2a8ad59675fff,15
8b2a8ac60a03fff,5
8b2a8ac60c0afff,15
8b2a8ac6cd8bfff,15
8b2a8a8923aefff,1
8b2a8a892949fff,0
8b2a8ad4aa20fff,0
8b2a8ac65b42fff,0
8b2a8ac64a14fff,8
8b2a8ac65666fff,5
8b2a8ac65cc2fff,5
8b2a8ac60c91fff,15
8b2a8ac63cd5fff,15
8b2a8ac6cd72fff,3
8b2a8a8920a9fff,13
8b2a8ac60a69fff,5
8b2a8ac64725fff,2
8b2a8ad4a085fff,15
8b2a8ac6cd46fff,3
8b2a8ac6432efff,0
8b2a8ac65523fff,5
8b2a8ac6661efff,15
8b2a8ac6c85dfff,6
8b2a8ad4a3b2fff,0
8b2a8ad4b0a0fff,0
8b2a8ac75b2cfff,15
8b2a8ac64d5efff,15
8b2a8ac64d5efff,2
8b2a8ad4b0d5fff,2
8b2a8ad4acd3fff,15
8b2a8ac652defff,3
8b2a8ac6084afff,5
8b2a8ac6596bfff,11
8b2a8ac6596bfff,0
8b2a8ac66c4bfff,15
8b2a8ad4b2cefff,1
8b2a8ad4b2cefff,0
8b2a8ad4b18efff,0
8b2a8ad4a243fff,9
8b2a8a89230cfff,1
8b2a8ad4a988fff,15
8b2a8ad4a028fff,0
8b2a8ac6168efff,15
8b2a8ad4b28dfff,0
8b2a8ad4a0edfff,0
8b2a8ac6c130fff,15
8b2a8ad4a223fff,0
8b2a8ac61c4dfff,3
8b2a8ac64202fff,0
8b2a8ac66554fff,15
8b2a8ad4b5aafff,2
8b2a8ac64083fff,2
8b2a8a896716fff,0
8b2a8ad4a302fff,0
8b2a8ac659adfff,11
8b2a8ac659adfff,0
8b2a8ac62d4afff,15
8b2a8ac65cf4fff,4
8b2a8ac6525efff,0
8b2a8ad4e662fff,15
8b2a8ad4b69dfff,0
8b2a8ad4b69dfff,2
8b2a8ad4b69dfff,8
8b2a8ac61d58fff,5
8b2a8ac64312fff,0
8b2a8ad5b749fff,15
8b2a8ac61c13fff,5
8b2a8ad4b363fff,8
8b2a8ad4b89dfff,2
8b2a8ac65d05fff,0
8b2a8ad4ab48fff,2
8b2a8ad4ab48fff,1
8b2a8ac66adafff,15
8b2a8a8920e8fff,13
8b2a8a8920e8fff,10
8b2a8ac604c8fff,15
8b2a8ac660c6fff,15
8b2a8ac618c8fff,3
8b2a8ac60008fff,7
8b2a8ad4bd35fff,2
8b2a8ac602e9fff,15
8b2a8ac63563fff,15
8b2a8ac66c41fff,15
8b2a8a892040fff,8
8b2a8a892040fff,11
8b2a8ac61751fff,15
8b2a8ac61355fff,15
8b2a8ac6685efff,15
8b2a8ac62028fff,2
8b2a8ac62028fff,15
8b2a8ad59396fff,15
8b2a8ac6355efff,15
8b2a8a893476fff,6
8b2a8ac6525bfff,0
8b2a8ad4a4f2fff,2
8b2a8ac65a8cfff,1
8b2a8ac66845fff,15
8b2a8ac6545bfff,5
8b2a8ac63da6fff,15
8b2a8ad4e22dfff,15
8b2a8ac60912fff,8
8b2a8ac60224fff,15
8b2a8a8965b2fff,11
8b2a8ac6c704fff,7
8b2a8ac606b0fff,15
8b2a8ad4a2b5fff,0
8b2a8ad4a68afff,15
8b2a8a8936d0fff,6
8b2a8a8936d0fff,7
8b2a8ad4e202fff,15
8b2a8ac60706fff,2
8b2a8ac642abfff,10
8b2a8ac666d1fff,15
8b2a8ac6535dfff,0
8b2a8ac65cd0fff,5
8b2a8ac655b4fff,0
8b2a8a89298cfff,0
8b2a8a896426fff,0
8b2a8ac65ad9fff,0
8b2a8ad4a8adfff,15
8b2a8a89340bfff,6
8b2a8ac61894fff,3
8b2a8a896402fff,0
8b2a8ad4b464fff,1
8b2a8ad4b464fff,8
8b2a8ad48554fff,2
8b2a8ad48554fff,15
8b2a8ac60d6bfff,16
8b2a8a892103fff,0
8b2a8ac63402fff,15
8b2a8ac64868fff,2
8b2a8ac63051fff,2
8b2a8ac65713fff,5
8b2a8ad4b6e0fff,0
8b2a8ac611acfff,3
8b2a8ac6509efff,5
8b2a8a8928c0fff,2
8b2a8a8928c0fff,0
8b2a8ac6686cfff,15
8b2a8a892498fff,3
8b2a8ad4a546fff,15
8b2a8ac60c1cfff,15
8b2a8ac63028fff,2
8b2a8ac64336fff,0
8b2a8ac66c21fff,15
8b2a8ac6ca4bfff,7
8b2a8ac6690efff,15
8b2a8a892691fff,3
8b2a8a896454fff,0
8b2a8ac665a4fff,15
8b2a8ac60513fff,15
8b2a8ac6c1b2fff,15
8b2a8ac60458fff,15
8b2a8ac66616fff,15
8b2a8ac64553fff,15
8b2a8ac64553fff,2
8b2a8ac6cd04fff,3
8b2a8ac648f4fff,2
8b2a8ac648f4fff,0
8b2a8ac60285fff,15
8b2a8a89276dfff,3
8b2a8ad4acb3fff,15
8b2a8ac62168fff,15
8b2a8ad4e69dfff,15
8b2a8ad4a0b0fff,15
8b2a8ac6219dfff,15
8b2a8ad5b210fff,15
8b2a8ac6c992fff,3
8b2a8ac6c90cfff,7
8b2a8ac6c90cfff,10
8b2a8ad4ad16fff,15
8b2a8ac61b42fff,3
8b2a8ac6280efff,15
8b2a8ac63802fff,15
8b2a8a892150fff,1
8b2a8ac65826fff,11
8b2a8ac65826fff,0
8b2a8ac6c116fff,15
8b2a8ac66952fff,15
8b2a8ac65172fff,4
8b2a8ac60765fff,15
8b2a8ac63b64fff,15
8b2a8ad4a8e3fff,15
8b2a8ad4a8e3fff,0
8b2a8ad59746fff,15
8b2a8ad4bd96fff,0
8b2a8ac64c9cfff,15
8b2a8ac609a3fff,8
8b2a8a896409fff,0
8b2a8ac66a9afff,15
8b2a8ad4b6f3fff,0
8b2a8a892405fff,0
8b2a8ad4e272fff,15
8b2a8a8967a0fff,0
8b2a8ac65244fff,0
8b2a8ac65986fff,11
8b2a8ac65986fff,0
8b2a8ad4b012fff,0
8b2a8ac65ba8fff,0
8b2a8ad4b59bfff,2
8b2a8ad596d8fff,15
8b2a8ac63803fff,15
8b2a8ad485a4fff,15
8b2a8ac664eefff,15
8b2a8ac640c2fff,8
8b2a8a896413fff,0
8b2a8a892982fff,0
8b2a8ac63105fff,15
8b2a8ac660b6fff,15
8b2a8ad4b4a9fff,2
8b2a8ac66929fff,15
8b2a8ad59b66fff,2
8b2a8ac6185efff,3
8b2a8ac6478efff,15
8b2a8ad4b9a2fff,2
8b2a8ac6541dfff,5
8b2a8ac60ba3fff,5
8b2a8a892546fff,0
8b2a8ac63d8bfff,15
8b2a8a892af0fff,0
8b2a8ac64a5dfff,2
8b2a8ac64a5dfff,1
8b2a8ac64a5dfff,10
8b2a8ac64231fff,0
8b2a8ac6c845fff,6
8b2a8ac6c845fff,7
8b2a8ac6296bfff,15
8b2a8ac64adefff,0
8b2a8a8964c8fff,0
8b2a8ad4adaefff,15
8b2a8ac63c86fff,15
8b2a8ac643b2fff,0
8b2a8a892740fff,3
8b2a8ac6685afff,15
8b2a8a89252efff,0
8b2a8ad59ad9fff,15
8b2a8ac6111dfff,3
8b2a8ac63c16fff,15
8b2a8ac6ca65fff,6
8b2a8ac606d6fff,2
8b2a8ac62b6dfff,15
8b2a8ac64b21fff,3
8b2a8ac64b21fff,8
8b2a8ac66672fff,15
8b2a8ac6dda6fff,7
8b2a8ac66014fff,15
8b2a8ac61ba6fff,3
8b2a8ac64a4afff,10
8b2a8ad5b264fff,15
8b2a8ad4a34afff,1
8b2a8ad4a34afff,2
8b2a8ac66631fff,15
8b2a8ac618b0fff,3
8b2a8ac650c8fff,5
8b2a8ac66a54fff,15
8b2a8ac6199efff,3
8b2a8ac66448fff,15
8b2a8ad4a671fff,15
8b2a8ac61c70fff,3
8b2a8ac61c70fff,5
8b2a8a892cd2fff,0
8b2a8a89621cfff,2
8b2a8ad4819afff,0
8b2a8ad4a74afff,0
8b2a8ad4a820fff,15
8b2a8ac64ad1fff,0
8b2a8a892c76fff,10
8b2a8ac6201dfff,15
8b2a8ad4aca8fff,15
8b2a8ac6ccc4fff,15
8b2a8ac6581cfff,14
8b2a8a896328fff,0
8b2a8ac66d25fff,15
8b2a8ad4ad22fff,15
8b2a8ac6212efff,15
8b2a8ac62320fff,2
8b2a8ad4a90afff,15
8b2a8a8967a1fff,0
8b2a8ac6458efff,15
8b2a8ac66ba5fff,15
8b2a8ac66ba5fff,2
8b2a8ad4a475fff,15
8b2a8ac61318fff,15
8b2a8ac65a4bfff,0
8b2a8ac6014dfff,5
8b2a8ac63ac2fff,15
8b2a8ac64b48fff,8
8b2a8ac64b48fff,10
8b2a8a892215fff,0
8b2a8a892215fff,1
8b2a8ac62268fff,15
8b2a8ac65159fff,14
8b2a8ac64776fff,2
8b2a8ad4b588fff,2
8b2a8ad4ab43fff,2
8b2a8ad4a6a9fff,15
8b2a8ad4a6a9fff,2
8b2a8a8922e1fff,0
8b2a8ac6c050fff,7
8b2a8ac6c050fff,15
8b2a8ac6459bfff,15
8b2a8ac644cbfff,15
8b2a8ad4a19bfff,15
8b2a8ac6cca1fff,15
8b2a8ac60696fff,15
8b2a8ac65900fff,1
8b2a8ac65900fff,0
8b2a8ac61b75fff,3
8b2a8a892d46fff,0
8b2a8ac6564bfff,5
8b2a8ac654d9fff,5
8b2a8ad4b255fff,0
8b2a8ac61935fff,5
8b2a8a892155fff,1
8b2a8ad4ad89fff,15
8b2a8ad5b35bfff,15
8b2a8ac6c0adfff,15
8b2a8ac665a8fff,15
8b2a8ac666dcfff,15
8b2a8a893456fff,6
8b2a8ad4b64afff,11
8b2a8ad4b64afff,0
8b2a8ac6cb69fff,6
8b2a8ac602b6fff,15
8b2a8ad4a4e9fff,15
8b2a8ac6596afff,11
8b2a8ac6042afff,15
8b2a8ac66684fff,15
8b2a8ac65762fff,5
8b2a8ad4b671fff,0
8b2a8ac65775fff,5
8b2a8ac640cbfff,0
8b2a8ac617a1fff,15
8b2a8ac63a14fff,15
8b2a8ad4b409fff,10
8b2a8a896430fff,0
8b2a8ad4a070fff,0
8b2a8ac61d50fff,5
8b2a8ac65592fff,5
8b2a8ac65592fff,10
8b2a8ac63464fff,15
8b2a8ac62b6cfff,15
8b2a8ad5b2a9fff,15
8b2a8ad4b44afff,0
8b2a8ad4b44afff,1
8b2a8ac75b0efff,15
8b2a8ac64658fff,8
8b2a8ac64658fff,10
8b2a8ac6148efff,15
8b2a8ac62b21fff,15
8b2a8ac65631fff,5
8b2a8ac64ab2fff,10
8b2a8ac64ab2fff,8
8b2a8ac64ab2fff,2
8b2a8ac65283fff,5
8b2a8ad4a684fff,15
8b2a8ac64c9dfff,15
8b2a8ac6622efff,15
8b2a8ac601aafff,13
8b2a8ac601aafff,2
8b2a8ac64758fff,2
8b2a8a89294bfff,0
8b2a8ad4ab41fff,2
8b2a8ac61a95fff,3
8b2a8a89645efff,0
8b2a8ad5931afff,15
8b2a8ad59364fff,15
8b2a8ac64313fff,0
8b2a8a89204afff,1
8b2a8a89204afff,8
8b2a8ac64853fff,2
8b2a8ad48486fff,2
8b2a8ac62004fff,15
8b2a8ac668ebfff,15
8b2a8ac61ba0fff,3
8b2a8ac61a88fff,3
8b2a8ac660d9fff,15
8b2a8ac66b86fff,15
8b2a8ac66b86fff,2
8b2a8ad4a0dcfff,15
8b2a8ad4a0dcfff,0
8b2a8ad4a904fff,15
8b2a8ac65c15fff,4
8b2a8a8966d0fff,0
8b2a8ac6c96bfff,6
8b2a8ac66d23fff,15
8b2a8a89271dfff,3
8b2a8ac60875fff,5
8b2a8ac647adfff,2
8b2a8a896668fff,0
8b2a8ad4a866fff,15
8b2a8a89350afff,6
8b2a8a89350afff,15
8b2a8a892323fff,1
8b2a8a892323fff,8
8b2a8a89345dfff,6
8b2a8ad48081fff,0
8b2a8ac6676cfff,15
8b2a8ac60a24fff,5
8b2a8ad4ab4bfff,2
8b2a8ad4ab4bfff,1
8b2a8ac648d9fff,11
8b2a8ac648d9fff,2
8b2a8ad4b0b4fff,0
8b2a8ac604c1fff,15
8b2a8ac6570cfff,5
8b2a8ac606dcfff,2
8b2a8ac6460afff,2
8b2a8ad4a6c5fff,15
8b2a8a892aaafff,0
8b2a8ad5b218fff,15
8b2a8ac61852fff,3
8b2a8a892d8bfff,0
8b2a8ad59252fff,15
8b2a8ad48513fff,15
8b2a8a892615fff,3
8b2a8a8934b3fff,6
8b2a8ac66253fff,15
8b2a8ac6566bfff,5
8b2a8ac658a6fff,11
8b2a8ac658a6fff,1
8b2a8ad5b25cfff,15
8b2a8ac640d3fff,2
8b2a8ac640d3fff,8
8b2a8ac65b4bfff,0
8b2a8ac61392fff,15
8b2a8ac6040efff,15
8b2a8ac64935fff,0
8b2a8ac65346fff,0
8b2a8ac6554cfff,5
8b2a8ac608a9fff,8
8b2a8ac6174dfff,15
8b2a8ac6631efff,15
8b2a8ac61941fff,3
8b2a8ac6386afff,15
8b2a8ad4bc26fff,1
8b2a8ad4bc26fff,2
8b2a8ac6c218fff,10
8b2a8a893410fff,6
8b2a8a893673fff,15
8b2a8ac664c6fff,15
8b2a8ac6c72dfff,3
8b2a8ac614aafff,15
8b2a8a892032fff,10
8b2a8ad4b262fff,0
8b2a8ac6c910fff,7
8b2a8ad590edfff,15
8b2a8ad485b5fff,15
8b2a8ad4a15bfff,0
8b2a8ac60705fff,2
8b2a8ad59a92fff,15
8b2a8ad4a099fff,15
8b2a8ad59395fff,15
8b2a8ac60969fff,5
8b2a8ac61363fff,15
8b2a8ad4852dfff,15
8b2a8ac64cc4fff,15
8b2a8ad59253fff,15
8b2a8a892929fff,2
8b2a8ac66513fff,15
8b2a8ac6c1a5fff,15
8b2a8ac615a5fff,15
8b2a8a892212fff,0
8b2a8a892212fff,1
8b2a8a892212fff,10
8b2a8ac610c5fff,15
8b2a8ac6cc40fff,15
8b2a8ad4bcebfff,0
8b2a8ad596e5fff,15
8b2a8ac66406fff,15
8b2a8ac6301cfff,2
8b2a8ad4a025fff,0
8b2a8ac62066fff,2
8b2a8ad4b3a5fff,0
8b2a8ac6562bfff,5
8b2a8ad59b5afff,15
8b2a8ac66804fff,15
8b2a8ac66656fff,15
8b2a8ac6628efff,15
8b2a8ac6c0e5fff,15
8b2a8ac608d8fff,5
8b2a8a892a8afff,8
8b2a8ac60a88fff,5
8b2a8ac65a4afff,1
8b2a8ac65a4afff,0
8b2a8ac62b4afff,15
8b2a8ac606b1fff,15
8b2a8ac63a21fff,15
8b2a8ad5922bfff,15
8b2a8ac64b1efff,8
8b2a8ad4b35efff,0
8b2a8ac6466cfff,8
8b2a8ac6466cfff,10
8b2a8ac60db4fff,15
8b2a8ac60780fff,15
8b2a8ac61c58fff,3
8b2a8ac64909fff,2
8b2a8ac656eefff,5
8b2a8ac64132fff,15
8b2a8ac64132fff,16
8b2a8ac604e2fff,15
8b2a8a89309afff,6
8b2a8a89309afff,15
8b2a8a892401fff,0
8b2a8a892d9bfff,0
8b2a8ad4aba3fff,2
8b2a8ac66719fff,15
8b2a8ac63c59fff,2
8b2a8ac63c59fff,15
8b2a8ac6604dfff,15
8b2a8ac610c8fff,15
8b2a8ac64703fff,2
8b2a8ac66870fff,15
8b2a8a892195fff,10
8b2a8ad59612fff,15
8b2a8ac6cc19fff,15
8b2a8ad4858afff,2
8b2a8ad4865afff,2
8b2a8ac61b34fff,3
8b2a8ac6170afff,15
8b2a8ac64546fff,2
8b2a8ac60568fff,2
8b2a8ac6524efff,0
8b2a8ac638aefff,15
8b2a8ac64199fff,15
8b2a8ac64199fff,2
8b2a8a8924c5fff,3
8b2a8ac64db3fff,15
8b2a8ac61441fff,15
8b2a8a89221bfff,0
8b2a8ad4e29dfff,15
8b2a8a8962abfff,2
8b2a8ac6044dfff,2
8b2a8ac6044dfff,15
8b2a8ad59ab3fff,15
8b2a8ac6cd5dfff,3
8b2a8ac60891fff,15
8b2a8ac61b44fff,3
8b2a8ac6280afff,15
8b2a8ac63530fff,15
8b2a8ad4b2e2fff,0
8b2a8ac65aecfff,1
8b2a8ac662a1fff,15
8b2a8ad5905dfff,15
8b2a8a890690fff,1
8b2a8ac62a84fff,2
8b2a8ac62a84fff,15
8b2a8ad4a395fff,0
8b2a8ad4840efff,2
8b2a8ad592c8fff,15
8b2a8ac629a8fff,15
8b2a8ac635a1fff,15
8b2a8a8920d5fff,13
8b2a8a8920d5fff,3
8b2a8ad4aa8dfff,0
8b2a8ac66d6cfff,15
8b2a8ac66764fff,15
8b2a8a892306fff,8
8b2a8ac6520bfff,0
8b2a8ac60d9efff,15
8b2a8ac61baafff,3
8b2a8ad4b56cfff,0
8b2a8ad4a908fff,15
8b2a8ac622edfff,15
8b2a8a8922f5fff,0
8b2a8ac64733fff,2
8b2a8ad4a22cfff,0
8b2a8ac62af1fff,15
8b2a8ad4a11afff,15
8b2a8ad4a11afff,0
8b2a8ac611b4fff,3
8b2a8ac65d2cfff,0
8b2a8ac62b0afff,15
8b2a8a8966e9fff,0
8b2a8ac6c918fff,7
8b2a8ad4e6e5fff,15
8b2a8ac63d01fff,2
8b2a8ac63d01fff,15
8b2a8a892983fff,0
8b2a8ac6505efff,14
8b2a8ac66a02fff,15
8b2a8ad4a312fff,0
8b2a8ac64814fff,2
8b2a8ac64814fff,0
8b2a8ac61ce6fff,5
8b2a8ac6cc2bfff,15
8b2a8ad4849cfff,2
8b2a8ac66625fff,15
8b2a8a89239efff,3
8b2a8a892bacfff,0
8b2a8a8936d8fff,7
8b2a8ad4a570fff,15
8b2a8ac6c883fff,7
8b2a8ac6c883fff,3
8b2a8ad5b3b6fff,15
8b2a8ac60c4afff,15
8b2a8a892411fff,3
8b2a8ac6061cfff,2
8b2a8ac61adefff,15
8b2a8ac607b4fff,15
8b2a8ac63ce9fff,15
8b2a8ad486d8fff,2
8b2a8ac6c903fff,7
8b2a8ad4b883fff,2
8b2a8a893600fff,6
8b2a8ac6446bfff,2
8b2a8ac6142dfff,15
8b2a8ad487a1fff,0
8b2a8ac60936fff,8
8b2a8ac60936fff,10
8b2a8ad48496fff,2
8b2a8ac602e3fff,15
8b2a8ac6152dfff,15
8b2a8ac65a40fff,1
8b2a8ad5969afff,15
8b2a8ac65d18fff,1
8b2a8ac62130fff,15
8b2a8ac65992fff,0
8b2a8ac65992fff,1
8b2a8ac66a4dfff,15
8b2a8ad59764fff,15
8b2a8a89228bfff,7
8b2a8a89228bfff,10
8b2a8ac644c1fff,15
8b2a8ac6619cfff,15
8b2a8ac608e2fff,5
8b2a8ac6c1acfff,15
8b2a8ac618f0fff,3
8b2a8ac66611fff,15
8b2a8ac604b5fff,15
8b2a8ac62363fff,15
8b2a8ac61324fff,3
8b2a8ac61324fff,15
8b2a8ac60511fff,15
8b2a8ac606c4fff,2
8b2a8a8920a8fff,0
8b2a8a8920a8fff,13
8b2a8a8920a8fff,10
8b2a8a8920a8fff,3
8b2a8ac604e1fff,15
8b2a8ac65d90fff,2
8b2a8ac6614bfff,15
8b2a8ac65174fff,7
8b2a8ac65174fff,4
8b2a8ac6176dfff,15
8b2a8ad5b381fff,15
8b2a8ad48589fff,2
8b2a8ad592f0fff,15
8b2a8a89284efff,0
8b2a8ac6438afff,0
8b2a8ac65999fff,11
8b2a8ac65999fff,1
8b2a8ac6196bfff,3
8b2a8ac64676fff,2
8b2a8ad4a8a6fff,15
8b2a8ad48691fff,1
8b2a8ad59b22fff,2
8b2a8ac66cdafff,9
8b2a8ac6658cfff,15
8b2a8ac6654dfff,15
8b2a8ad4e635fff,15
8b2a8a89294efff,2
8b2a8a89294efff,0
8b2a8ad5b25efff,15
8b2a8ad59769fff,15
8b2a8ac64876fff,2
8b2a8ad4a722fff,15
8b2a8ad4b114fff,2
8b2a8ad4b45dfff,1
8b2a8ad4b45dfff,10
8b2a8ac6034dfff,5
8b2a8ac6034dfff,15
8b2a8ad4b642fff,0
8b2a8ad4a45bfff,15
8b2a8ac65cdcfff,5
8b2a8ac61491fff,15
8b2a8ac62b46fff,15
8b2a8ac66413fff,15
8b2a8ac63b10fff,15
8b2a8ac666b6fff,15
8b2a8a892ba2fff,0
8b2a8ac61b9bfff,3
8b2a8ac65b16fff,2
8b2a8ac65b16fff,0
8b2a8ad5b2adfff,15
8b2a8ac62c4efff,15
8b2a8ac64b32fff,8
8b2a8a89355bfff,6
8b2a8ac6114efff,3
8b2a8ac6c9a4fff,7
8b2a8ac6186afff,3
8b2a8a89289dfff,0
8b2a8ac61184fff,3
8b2a8a893413fff,6
8b2a8a896281fff,2
8b2a8a896281fff,0
8b2a8a8920e6fff,13
8b2a8a8920e6fff,10
8b2a8ac63d19fff,15
8b2a8ac63c18fff,15
8b2a8ac60992fff,16
8b2a8ac646e6fff,15
8b2a8ac646e6fff,2
8b2a8ac644dbfff,15
8b2a8ad5b395fff,15
8b2a8ad4aa2efff,2
8b2a8ad4aa2efff,0
8b2a8ad592d8fff,15
8b2a8a893451fff,6
8b2a8ac6254dfff,15
8b2a8ac66149fff,15
8b2a8ac66cc8fff,15
8b2a8ac66cc8fff,9
8b2a8ad59a71fff,15
8b2a8ac66b08fff,15
8b2a8ac63806fff,15
8b2a8ac64d9cfff,15
8b2a8ac6cd6afff,3
8b2a8ad4ac80fff,15
8b2a8ad4bd69fff,2
8b2a8ad4b585fff,2
8b2a8ac62859fff,15
8b2a8ad59a2cfff,15
8b2a8ad59a2cfff,2
8b2a8ac65cccfff,5
8b2a8ad59673fff,15
8b2a8ac65da6fff,2
8b2a8ac65da6fff,10
8b2a8a8930dafff,6
8b2a8ad484d1fff,2
8b2a8ac63a5efff,15
8b2a8ad4b705fff,0
8b2a8ad4b705fff,2
8b2a8a893780fff,6
8b2a8a89298bfff,0
8b2a8ac60948fff,5
8b2a8ac60b6dfff,5
8b2a8ac649b6fff,15
8b2a8ad4b494fff,2
8b2a8ad5b214fff,15
8b2a8a892321fff,1
8b2a8a892321fff,8
8b2a8ac60304fff,5
8b2a8ac60304fff,15
8b2a8ad59061fff,15
8b2a8ac60283fff,2
8b2a8ac60283fff,15
8b2a8ac63c10fff,15
8b2a8a89280afff,0
8b2a8ac64c11fff,15
8b2a8ac66334fff,15
8b2a8ad5938cfff,15
8b2a8a8924eefff,3
8b2a8ad4a8b3fff,15
8b2a8ac61b74fff,3
8b2a8ad4a561fff,15
8b2a8ac608f1fff,5
8b2a8ac638c5fff,15
8b2a8ac63941fff,15
8b2a8ad5935cfff,15
8b2a8ad59740fff,15
8b2a8ac630e2fff,2
8b2a8ac66c11fff,15
8b2a8ac62ad8fff,15
8b2a8ac63b53fff,15
8b2a8ac63b34fff,15
8b2a8a892201fff,0
8b2a8ac61551fff,15
8b2a8ac61092fff,15
8b2a8ac66075fff,15
8b2a8ac60585fff,15
8b2a8ac6cd00fff,3
8b2a8ac66d45fff,15
8b2a8ad4b465fff,0
8b2a8ad4b465fff,1
8b2a8ad4b465fff,8
8b2a8ac6089dfff,15
8b2a8ac65b6bfff,0
8b2a8a892ad8fff,1
8b2a8ac65116fff,5
8b2a8ac65b75fff,0
8b2a8ad4b04bfff,0
8b2a8ac60501fff,15
8b2a8ad4a9b1fff,15
8b2a8a892174fff,1
8b2a8a892174fff,0
8b2a8ac658e6fff,14
8b2a8ac658e6fff,1
8b2a8ac602ebfff,15
8b2a8a892c83fff,0
8b2a8ac64cc9fff,15
8b2a8ad4a6aefff,15
8b2a8ac65044fff,0
8b2a8ac65044fff,11
8b2a8ac65044fff,14
8b2a8ad486dcfff,2
8b2a8ac60a6afff,5
8b2a8ac63b66fff,15
8b2a8ac6ca2afff,6
8b2a8ac6ca2afff,7
8b2a8ac60049fff,15
8b2a8ac62948fff,15
8b2a8ac66cd6fff,9
8b2a8ac65c60fff,1
8b2a8ac6021cfff,15
8b2a8ad4a993fff,15
8b2a8ad59b0cfff,2
8b2a8ac654a9fff,5
8b2a8ac6625dfff,15
8b2a8ad4aba6fff,2
8b2a8ad4aba6fff,15
8b2a8ac6c72bfff,7
8b2a8ac60b22fff,5
8b2a8ac658e2fff,1
8b2a8ad4b21efff,1
8b2a8ac66b4dfff,15
8b2a8ac66971fff,15
8b2a8ac60a21fff,5
8b2a8ac64569fff,2
8b2a8ac65259fff,0
8b2a8ad4b2b6fff,0
8b2a8ac628eefff,15
8b2a8ad4a989fff,15
8b2a8ac6224cfff,15
8b2a8a8935a5fff,6
8b2a8a8935a5fff,15
8b2a8a89272afff,3
8b2a8a892119fff,10
8b2a8a892119fff,0
8b2a8ac63a19fff,15
8b2a8a89630afff,0
8b2a8ac65d59fff,1
8b2a8ac616a3fff,15
8b2a8ac64d00fff,15
8b2a8ac64d00fff,2
8b2a8ad5b243fff,15
8b2a8ac6c0eefff,15
8b2a8ad4b0defff,2
8b2a8a8928c8fff,11
8b2a8a8928c8fff,1
8b2a8a8928c8fff,0
8b2a8ac60556fff,15
8b2a8ad5934dfff,15
8b2a8ac60a00fff,5
8b2a8a892316fff,8
8b2a8ad5b343fff,15
8b2a8a892393fff,3
8b2a8ac6480efff,2
8b2a8ac63846fff,15
8b2a8ad4e35bfff,15
8b2a8ad4a2e3fff,2
8b2a8ac64a45fff,10
8b2a8ad59aadfff,15
8b2a8ad59aadfff,2
8b2a8ac62ac3fff,15
8b2a8ac65211fff,3
8b2a8ac62312fff,15
8b2a8ac6518efff,4
8b2a8ac6518efff,5
8b2a8a8937b5fff,6
8b2a8ad4a469fff,15
8b2a8ad4b252fff,0
8b2a8ac66b99fff,2
8b2a8ac65caafff,4
8b2a8ac65caafff,8
8b2a8ad59a5bfff,15
8b2a8ac6c0e4fff,15
8b2a8ad4a708fff,15
8b2a8ad4ac36fff,15
8b2a8ad484cbfff,2
8b2a8ac65845fff,1
8b2a8ac65845fff,11
8b2a8ac65845fff,0
8b2a8a89264dfff,7
8b2a8a89264dfff,2
8b2a8ac60c51fff,2
8b2a8ac60c51fff,15
8b2a8a892558fff,0
8b2a8ad59b6afff,2
8b2a8ac62b80fff,15
8b2a8ac66085fff,15
8b2a8ac66635fff,15
8b2a8ad4a4d1fff,2
8b2a8ac6234bfff,15
8b2a8ac62058fff,15
8b2a8a89278efff,3
8b2a8a89360cfff,6
8b2a8ac66a03fff,15
8b2a8ac66864fff,15
8b2a8ac6024cfff,15
8b2a8a8925adfff,0
8b2a8ad59aa0fff,15
8b2a8ad59aa0fff,2
8b2a8ad59045fff,15
8b2a8a89275efff,3
8b2a8ac65c32fff,4
8b2a8ac65c32fff,1
8b2a8ac65c32fff,10
8b2a8ac66810fff,15
8b2a8ac66ce2fff,9
8b2a8a892cabfff,13
8b2a8a892cabfff,0
8b2a8ac64a9cfff,0
8b2a8ac64a9cfff,2
8b2a8ac64a9cfff,8
8b2a8ac668f5fff,15
8b2a8ac616a2fff,15
8b2a8ad59750fff,15
8b2a8a892575fff,0
8b2a8ac66ab1fff,15
8b2a8ac6389cfff,15
8b2a8ac6179bfff,15
8b2a8a8920a6fff,0
8b2a8ac644e6fff,15
8b2a8ac644e6fff,2
8b2a8ac660d3fff,15
8b2a8ac6c00efff,15
8b2a8ac6c32cfff,10
8b2a8ad59a25fff,2
8b2a8ad4ad8bfff,15
8b2a8ac6035cfff,15
8b2a8ad4ab05fff,2
8b2a8a89278dfff,3
8b2a8ad4a8e9fff,15
8b2a8ad4b5b2fff,2
8b2a8ad4b5b2fff,9
8b2a8ac65a43fff,1
8b2a8ac6551cfff,5
8b2a8ac6672bfff,15
8b2a8a896382fff,0
8b2a8ac660f3fff,15
8b2a8ac668a5fff,15
8b2a8ad59b52fff,2
8b2a8ac64a8cfff,0
8b2a8ac64a8cfff,2
8b2a8ad484e3fff,2
8b2a8ad487a4fff,0
8b2a8ac63985fff,2
8b2a8ac66445fff,15
8b2a8ac61159fff,3
8b2a8ac616a6fff,15
8b2a8ac64c58fff,15
8b2a8a8964d3fff,0
8b2a8ac65a31fff,0
8b2a8ac61c89fff,5
8b2a8ac61c89fff,15
8b2a8ac60ab1fff,5
8b2a8ac63034fff,2
8b2a8ac66b82fff,15
8b2a8ac66b82fff,2
8b2a8ad4b492fff,2
8b2a8a892ad2fff,8
8b2a8a89209bfff,0
8b2a8a89209bfff,3
8b2a8ac66730fff,15
8b2a8ac62bb0fff,15
8b2a8ad4b50bfff,10
8b2a8ad4b50bfff,3
8b2a8ac75b66fff,15
8b2a8ad4b546fff,8
8b2a8ad4b546fff,1
8b2a8ac64551fff,2
8b2a8ac66b25fff,15
8b2a8ac6395bfff,2
8b2a8ac6395bfff,15
8b2a8ac66b0afff,15
8b2a8ac66b0afff,2
8b2a8ac662c2fff,15
8b2a8ac6cc26fff,3
8b2a8ad4a550fff,15
8b2a8ac6c11efff,15
8b2a8ad4bd46fff,2
8b2a8ac64919fff,2
8b2a8ac64919fff,0
8b2a8ac66571fff,15
8b2a8ac66571fff,9
8b2a8ac62021fff,2
8b2a8ac62021fff,15
8b2a8ad4ad42fff,15
8b2a8ac63db1fff,15
8b2a8ac64825fff,2
8b2a8a8920cdfff,13
8b2a8a8926f6fff,2
8b2a8a8926f6fff,3
8b2a8ac613a4fff,15
8b2a8ac64c69fff,16
8b2a8ac6c19dfff,15
8b2a8ac6630dfff,15
8b2a8ad4e6c1fff,15
8b2a8a892532fff,0
8b2a8ac65273fff,0
8b2a8ac663a5fff,15
8b2a8ac60988fff,8
8b2a8ac6609dfff,15
8b2a8ac64b11fff,8
8b2a8ad4b32efff,0
8b2a8ad4b32efff,8
8b2a8ad4e664fff,15
8b2a8ac65a82fff,0
8b2a8ac65a82fff,1
8b2a8ad4ba9dfff,0
8b2a8ad4a94dfff,2
8b2a8ad4ad5afff,15
8b2a8ac6561cfff,5
8b2a8a89251afff,0
8b2a8ac6cac1fff,7
8b2a8ad4b4a5fff,2
8b2a8ac6cc96fff,15
8b2a8ad4a688fff,15
8b2a8a892048fff,8
8b2a8ac6cd9efff,15
8b2a8ac65d13fff,1
8b2a8a8926e2fff,2
8b2a8a892781fff,3
8b2a8ac6ddb3fff,7
8b2a8ac641a3fff,15
8b2a8a893508fff,15
8b2a8ac6134cfff,15
8b2a8ad484a3fff,2
8b2a8ad4b051fff,0
8b2a8ad4b051fff,2
8b2a8ad4bcd2fff,10
8b2a8ad4bcd2fff,3
8b2a8ac610b2fff,15
8b2a8ac63a2efff,15
8b2a8ac6dd22fff,7
8b2a8ad596c9fff,15
8b2a8ad4a021fff,0
8b2a8a8928e5fff,0
8b2a8ac61561fff,15
8b2a8ac6491dfff,0
8b2a8a89309dfff,15
8b2a8ac6512afff,4
8b2a8ad4b0a4fff,0
8b2a8ac618b4fff,3
8b2a8a892309fff,0
8b2a8a892309fff,1
8b2a8ac66863fff,15
8b2a8ad4a8d6fff,15
8b2a8ad4a8d6fff,0
8b2a8ac6ca6dfff,6
8b2a8ad5974dfff,15
8b2a8ac6646dfff,15
8b2a8ac65a2bfff,0
8b2a8ac64cb1fff,15
8b2a8ac64b15fff,8
8b2a8ac6061bfff,2
8b2a8a89294afff,2
8b2a8a89294afff,0
8b2a8ac66cf0fff,9
8b2a8ac60d96fff,15
8b2a8ac63a29fff,15
8b2a8ac64386fff,0
8b2a8a8934d0fff,6
8b2a8ac60530fff,15
8b2a8ad4a9acfff,15
8b2a8ac610dcfff,15
8b2a8ac6130cfff,15
8b2a8ac6631bfff,15
8b2a8a896451fff,0
8b2a8a892116fff,10
8b2a8ac668ecfff,15
8b2a8ad4e6c0fff,15
8b2a8a89280cfff,0
8b2a8a896785fff,0
8b2a8ac6dd30fff,7
8b2a8ac66688fff,15
8b2a8ac63cb2fff,15
8b2a8ad4b514fff,1
8b2a8ad4b514fff,2
8b2a8ad4b514fff,3
8b2a8ac65980fff,11
8b2a8ac65980fff,1
8b2a8ac64a19fff,0
8b2a8ac64c75fff,16
8b2a8ac62d5cfff,15
8b2a8ad487b6fff,0
8b2a8ad487b6fff,2
8b2a8ad5b26efff,15
8b2a8ac644c8fff,15
8b2a8a8930a8fff,15
8b2a8ac66d5cfff,15
8b2a8ac61ce0fff,3
8b2a8ac61ce0fff,5
8b2a8ac6c30afff,7
8b2a8ac6c30afff,10
8b2a8ac6ccb3fff,15
8b2a8ad5b318fff,15
8b2a8a892906fff,0
8b2a8ad4a46bfff,15
8b2a8ad4a791fff,15
8b2a8ac608dbfff,5
8b2a8ac63da5fff,15
8b2a8ac66b8afff,2
8b2a8ac63b85fff,15
8b2a8ad4a140fff,0
8b2a8a8962d0fff,2
8b2a8ac668abfff,15
8b2a8ac6429efff,10
8b2a8ad4e2abfff,15
8b2a8ac61604fff,15
8b2a8ac62a5bfff,15
8b2a8ac61794fff,15
8b2a8ac65990fff,0
8b2a8ac65990fff,1
8b2a8ac64899fff,15
8b2a8ac64899fff,16
8b2a8ac61b33fff,3
8b2a8ac65b25fff,0
8b2a8a892071fff,11
8b2a8ac60361fff,5
8b2a8ad4b329fff,8
8b2a8a89299cfff,0
8b2a8ad5935afff,15
8b2a8ad4a874fff,15
8b2a8ad48712fff,0
8b2a8ad4a674fff,15
8b2a8ac61028fff,3
8b2a8ac61028fff,15
8b2a8ac60305fff,5
8b2a8ac60305fff,15
8b2a8ad4ab08fff,2
8b2a8ad4ab08fff,0
8b2a8ac64330fff,0
8b2a8ac65122fff,7
8b2a8ac65122fff,4
8b2a8ac6692afff,15
8b2a8ad4a751fff,15
8b2a8ad596b3fff,15
8b2a8ad596c3fff,15
8b2a8a896383fff,0
8b2a8ac63118fff,2
8b2a8ac62185fff,15
8b2a8ac64b84fff,2
8b2a8ad4a7a5fff,15
8b2a8ac662aafff,15
8b2a8ac64aaafff,0
8b2a8ac64aaafff,2
8b2a8a892b16fff,0
8b2a8ac64d89fff,15
8b2a8ac6449bfff,15
8b2a8ac6580dfff,1
8b2a8ac66aadfff,15
8b2a8a892131fff,0
8b2a8ac60024fff,12
8b2a8ac60024fff,15
8b2a8a892216fff,1
8b2a8a892216fff,10
8b2a8ad4b584fff,2
8b2a8ac66d56fff,15
8b2a8ac614d8fff,15
8b2a8ac65151fff,14
8b2a8ac65151fff,4
8b2a8ac64a4efff,10
8b2a8ad4b590fff,2
8b2a8a8966e6fff,0
8b2a8ac65d4efff,1
8b2a8ac66555fff,15
8b2a8ac6429afff,10
8b2a8ac6cc4cfff,15
8b2a8ac64844fff,2
8b2a8ad4b418fff,2
8b2a8a896741fff,0
8b2a8ac64d0efff,2
8b2a8ac61606fff,15
8b2a8ad5b765fff,15
8b2a8ac658a4fff,11
8b2a8ac63d14fff,15
8b2a8ac614ecfff,15
8b2a8ac60b33fff,5
8b2a8ac6210bfff,2
8b2a8ac6210bfff,15
8b2a8ac6c325fff,10
8b2a8ac65b03fff,0
8b2a8ad59b44fff,2
8b2a8ac614d3fff,15
8b2a8ac64068fff,0
8b2a8ac64068fff,8
8b2a8ac64094fff,2
8b2a8ad4a574fff,15
8b2a8ac6072bfff,2
8b2a8ad4a84efff,2
8b2a8ad4a84efff,15
8b2a8ac63a70fff,15
8b2a8ad4e6f6fff,15
8b2a8ac61ad6fff,3
8b2a8ac61ad6fff,15
8b2a8ac63150fff,2
8b2a8ac63150fff,15
8b2a8ad4a52dfff,15
8b2a8ac6358dfff,15
8b2a8ac63996fff,2
8b2a8ac66b46fff,15
8b2a8ac6212bfff,15
8b2a8ac606d1fff,2
8b2a8ac60c99fff,15
8b2a8ac64b8cfff,8
8b2a8ac62a08fff,15
8b2a8ac63d30fff,15
8b2a8ad4e6a8fff,15
8b2a8ac6cb0afff,6
8b2a8ac60520fff,15
8b2a8ac60114fff,15
8b2a8ac60499fff,15
8b2a8a892c28fff,2
8b2a8ac66691fff,15
8b2a8ac64a65fff,8
8b2a8ac64a65fff,10
8b2a8ac654ebfff,5
8b2a8ac63c35fff,15
8b2a8a896222fff,0
8b2a8ad4b18afff,0
8b2a8a892701fff,3
8b2a8ad59b2afff,2
8b2a8ac6010efff,15
8b2a8ac65c2cfff,1
8b2a8ac61190fff,15
8b2a8ac66250fff,15
8b2a8ac6cd5bfff,3
8b2a8ac6cd5bfff,15
8b2a8ac6606dfff,15
8b2a8ac61744fff,15
8b2a8ad4e66afff,15
8b2a8ac65742fff,5
8b2a8ac6549bfff,5
8b2a8ac658b4fff,1
8b2a8ac63886fff,15
8b2a8ad4b9a1fff,2
8b2a8ac6dda4fff,7
8b2a8ac6588efff,1
8b2a8ad4aacbfff,0
8b2a8ac642dcfff,10
8b2a8ac6290dfff,15
8b2a8ac65933fff,11
8b2a8ac65933fff,1
8b2a8ac65933fff,0
8b2a8a89202bfff,10
8b2a8a89202bfff,11
8b2a8ac63861fff,15
8b2a8ad4b0d3fff,2
8b2a8ac617aefff,15
8b2a8ac65499fff,5
8b2a8ac6615efff,15
8b2a8ac6c982fff,3
8b2a8ac62c63fff,15
8b2a8a893583fff,6
8b2a8ac60d61fff,16
8b2a8ac60d61fff,15
8b2a8a89240bfff,0
8b2a8ac62976fff,15
8b2a8ac6044bfff,15
8b2a8ad5b28cfff,15
8b2a8ac61334fff,15
8b2a8ac6625efff,15
8b2a8ac60268fff,15
8b2a8ac6c132fff,15
8b2a8ad4a560fff,15
8b2a8ac66a42fff,15
8b2a8ac6cc10fff,15
8b2a8ad4a116fff,15
8b2a8a896cb6fff,0
8b2a8a896cb6fff,8
8b2a8ad4b4dafff,3
8b2a8a893560fff,15
8b2a8ac608cefff,5
8b2a8ac6532cfff,0
8b2a8ac64a89fff,0
8b2a8ac66c86fff,15
8b2a8a89232afff,1
8b2a8a89232afff,8
8b2a8ad59a69fff,15
8b2a8ac64996fff,15
8b2a8ac65cd8fff,5
8b2a8ad4a845fff,2
8b2a8ad4a845fff,15
8b2a8ac62831fff,15
8b2a8ac61ac0fff,3
8b2a8a8966f1fff,0
8b2a8ac641acfff,15
8b2a8ac60269fff,15
8b2a8ac65b54fff,0
8b2a8ad4b4e4fff,10
8b2a8ad4b4e4fff,2
8b2a8ac6574afff,5
8b2a8ac64c68fff,16
8b2a8a8936b3fff,6
8b2a8ac60a71fff,5
8b2a8a892736fff,2
8b2a8a892736fff,0
8b2a8a892736fff,3
8b2a8ac6356cfff,15
8b2a8ad4a352fff,0
8b2a8ac64c6dfff,16
8b2a8a8967a5fff,0
8b2a8ac661a6fff,15
8b2a8ac66282fff,15
8b2a8ac64230fff,0
8b2a8ac647a6fff,2
8b2a8ac6c8b5fff,3
8b2a8ac603aafff,15
8b2a8ac638cafff,15
8b2a8ac62b5dfff,15
8b2a8a892649fff,7
8b2a8a892649fff,2
8b2a8a892da0fff,1
8b2a8a892da0fff,0
8b2a8ad48422fff,2
8b2a8ad48422fff,15
8b2a8ac63a30fff,15
8b2a8ac6c74efff,7
8b2a8ac61083fff,15
8b2a8ac61cb3fff,5
8b2a8ac61cb3fff,15
8b2a8a892ad0fff,8
8b2a8a892ad0fff,0
8b2a8ad4a034fff,15
8b2a8ad4a034fff,0
8b2a8ac62164fff,15
8b2a8a892c09fff,10
8b2a8ac61c64fff,3
8b2a8ac64d41fff,15
8b2a8ac62919fff,15
8b2a8ac62c4dfff,15
8b2a8ac61895fff,3
8b2a8ac66370fff,15
8b2a8ac63111fff,2
8b2a8ad4b59afff,2
8b2a8ac63af4fff,15
8b2a8ad4e603fff,15
8b2a8a8927b3fff,3
8b2a8ac60cb4fff,15
8b2a8ad4b336fff,0
8b2a8ac63c1bfff,15
8b2a8ac60a1dfff,5
8b2a8a89282dfff,2
8b2a8a89282dfff,0
8b2a8ac66c15fff,15
8b2a8ad4ac73fff,15
8b2a8ad4a964fff,15
8b2a8ad4b9aefff,2
8b2a8ad59693fff,15
8b2a8ac6c759fff,7
8b2a8ad4aaf1fff,0
8b2a8ac66773fff,15
8b2a8ac64b83fff,2
8b2a8ac668a0fff,15
8b2a8ac65b2efff,0
8b2a8a892775fff,3
8b2a8ad4ab23fff,2
8b2a8ad4b381fff,0
8b2a8ad4b71bfff,0
8b2a8ac66741fff,15
8b2a8ac6c326fff,10
8b2a8ac6c326fff,2
8b2a8ac60d32fff,15
8b2a8ac63936fff,2
8b2a8ac62a60fff,15
8b2a8a893416fff,6
8b2a8ad4a1a6fff,15
8b2a8ac66284fff,15
8b2a8ac648d5fff,2
8b2a8a89635efff,2
8b2a8ac6048efff,15
8b2a8ac64c22fff,2
8b2a8ad59754fff,15
8b2a8ac6cd6efff,3
8b2a8ad59b16fff,2
8b2a8ac60d0afff,15
8b2a8ad4a905fff,15
8b2a8ac66b02fff,15
8b2a8ac600c6fff,11
8b2a8ac600c6fff,15
8b2a8ac66408fff,15
8b2a8ac60a40fff,5
8b2a8ac64c8efff,15
8b2a8ac6029cfff,2
8b2a8ad4a682fff,15
8b2a8ac6612cfff,15
8b2a8ac63d8efff,15
8b2a8ad4b4e2fff,2
8b2a8ac618d4fff,3
8b2a8ac65314fff,0
8b2a8ac65314fff,11
8b2a8ac61573fff,15
8b2a8ac60c53fff,2
8b2a8ac60c53fff,15
8b2a8ac65b82fff,2
8b2a8ac65b82fff,4
8b2a8ad4b693fff,8
8b2a8a8926d9fff,3
8b2a8ac610a2fff,15
8b2a8a89274efff,3
8b2a8ac6cda9fff,3
8b2a8ac604acfff,15
8b2a8ac63830fff,2
8b2a8ac6661bfff,15
8b2a8ac6c8f6fff,3
8b2a8ac628c0fff,15
8b2a8ad590ecfff,15
8b2a8ac63cb3fff,15
8b2a8ad4b0aafff,0
8b2a8ac66270fff,15
8b2a8ac64555fff,2
8b2a8ac63103fff,2
8b2a8ac63103fff,15
8b2a8a892442fff,0
8b2a8ad4b9b5fff,2
8b2a8ac64845fff,2
8b2a8ad4e65efff,15
8b2a8ac662e0fff,15
8b2a8ad4b4e8fff,10
8b2a8ad4ab66fff,2
8b2a8ac6678dfff,15
8b2a8ac61c44fff,3
8b2a8a8964e9fff,0
8b2a8ac65001fff,14
8b2a8ad4bd72fff,2
8b2a8ad4b6d5fff,0
8b2a8ac60093fff,15
8b2a8ac660a9fff,15
8b2a8ac65bb1fff,2
8b2a8ac64ad5fff,0
8b2a8ac600c2fff,11
8b2a8ac600c2fff,15
8b2a8ac6c913fff,7
8b2a8a8934dcfff,6
8b2a8ac63d9cfff,15
8b2a8ac64c82fff,15
8b2a8ad596adfff,15
8b2a8ac66274fff,15
8b2a8a892c68fff,10
8b2a8a892c68fff,0
8b2a8ac62a71fff,15
8b2a8ac64aa4fff,8
8b2a8ac6546bfff,5
8b2a8ad592c2fff,15
8b2a8ac64b2dfff,3
8b2a8ac65b61fff,0
8b2a8ac6144bfff,15
8b2a8a89370afff,6
8b2a8ac61962fff,3
8b2a8ac667b6fff,15
8b2a8ac6c18afff,15
8b2a8ac65594fff,10
8b2a8ac65594fff,0
8b2a8ac60626fff,2
8b2a8ac6090efff,8
8b2a8ad4ac83fff,15
8b2a8ac63b26fff,15
8b2a8ac6054efff,15
8b2a8ad4e286fff,15
8b2a8a8920dcfff,3
8b2a8ad48503fff,15
8b2a8ac64666fff,2
8b2a8a892d90fff,0
8b2a8ac63d51fff,2
8b2a8ac63d51fff,15
8b2a8ac618cafff,3
8b2a8ac6216efff,15
8b2a8a896418fff,0
8b2a8ac64aaefff,0
8b2a8ac64aaefff,2
8b2a8ac64aaefff,8
8b2a8ac65749fff,5
8b2a8ad4a66dfff,0
8b2a8ac60843fff,5
8b2a8ac62990fff,15
8b2a8ac65216fff,2
8b2a8ac65216fff,11
8b2a8ad596acfff,15
8b2a8ac63829fff,2
8b2a8ac63829fff,15
8b2a8ac61881fff,3
8b2a8a89208dfff,3
8b2a8ac640ecfff,0
8b2a8ac640ecfff,8
8b2a8ac60364fff,5
8b2a8ad4ab26fff,2
8b2a8ac6650cfff,15
8b2a8ac65cb0fff,2
8b2a8a892151fff,11
8b2a8a892151fff,1
8b2a8ac61091fff,15
8b2a8ac6636bfff,15
8b2a8ad4b0ebfff,0
8b2a8ad4b0ebfff,2
8b2a8a8920adfff,13
8b2a8a8920adfff,10
8b2a8ac60911fff,8
8b2a8ad4b79efff,0
8b2a8ad4b79efff,1
8b2a8ac66a69fff,15
8b2a8a896773fff,0
8b2a8ac63d33fff,15
8b2a8ad4b419fff,2
8b2a8ac64033fff,15
8b2a8ac64033fff,8
8b2a8ac646acfff,15
8b2a8ac646acfff,2
8b2a8a892c9bfff,0
8b2a8ad4bc2bfff,2
8b2a8a8934dbfff,6
8b2a8ac6548afff,5
8b2a8ac66781fff,15
8b2a8ad4ac88fff,15
8b2a8ac60456fff,15
8b2a8ac6088dfff,5
8b2a8ac6088dfff,8
8b2a8ad4a88cfff,15
8b2a8ad4ad20fff,15
8b2a8ad4e66cfff,15
8b2a8ac61182fff,15
8b2a8ac65c91fff,7
8b2a8ac65c91fff,2
8b2a8ad4a528fff,15
8b2a8a896663fff,0
8b2a8ad4e6a5fff,15
8b2a8ad4842afff,2
8b2a8a892689fff,3
8b2a8ac62123fff,15
8b2a8ad4ab74fff,2
8b2a8ad4b4c0fff,10
8b2a8ad4b4c0fff,2
8b2a8ad4b781fff,0
8b2a8ac6cc63fff,15
8b2a8ad4b5a6fff,2
8b2a8ad4b5a6fff,9
8b2a8ac63032fff,2
8b2a8a89674afff,0
8b2a8ad59388fff,15
8b2a8ac6c945fff,6
8b2a8ac6c945fff,7
8b2a8ac61ccefff,3
8b2a8ac61ccefff,15
8b2a8a8964d2fff,0
8b2a8ac62366fff,15
8b2a8ad4a78efff,15
8b2a8ad4a0b3fff,15
8b2a8ac61401fff,15
8b2a8ad4a6f4fff,15
8b2a8ad4a6f4fff,2
8b2a8ac63b74fff,15
8b2a8ac6224dfff,15
8b2a8ad59a18fff,15
8b2a8ad59a18fff,2
8b2a8ac65640fff,5
8b2a8ac65ce8fff,5
8b2a8ac6646cfff,15
8b2a8ad592eafff,15
8b2a8ad48546fff,2
8b2a8ac64245fff,0
8b2a8ac610e2fff,15
8b2a8ac61994fff,5
8b2a8ac66385fff,15
8b2a8ac63976fff,2
8b2a8ad59312fff,15
8b2a8ad487b5fff,0
8b2a8ad4a2a8fff,0
8b2a8ad4ab59fff,2
8b2a8ac63c00fff,15
8b2a8ad4b2a3fff,0
8b2a8ac644e0fff,2
8b2a8ac62258fff,15
8b2a8ac619a6fff,5
8b2a8ad4a005fff,0
8b2a8ac61a04fff,3
8b2a8ac65984fff,11
8b2a8ac65984fff,0
8b2a8ad59628fff,15
8b2a8ad4a99efff,15
8b2a8ac6c8ecfff,7
8b2a8ac640dcfff,0
8b2a8ac640dcfff,8
8b2a8ac6651efff,15
8b2a8ad59ad8fff,15
8b2a8ac6504bfff,11
8b2a8ac6019afff,2
8b2a8ac61bb0fff,3
8b2a8ac6586afff,1
8b2a8ac6586afff,0
8b2a8ac62c51fff,15
8b2a8ac617acfff,15
8b2a8ac64864fff,2
8b2a8ac6411afff,15
8b2a8ac642ddfff,10
8b2a8a892d45fff,0
8b2a8ad4b620fff,0
8b2a8ad4b4b4fff,2
8b2a8ac65c06fff,4
8b2a8ac65c06fff,1
8b2a8ac6ca23fff,6
8b2a8ac6ca23fff,7
8b2a8a896215fff,0
8b2a8ad4b0f3fff,2
8b2a8ac62329fff,15
8b2a8a892d08fff,0
8b2a8ac62ac6fff,15
8b2a8ac606f3fff,2
8b2a8ac61b06fff,3
8b2a8ac6474efff,2
8b2a8ac6624bfff,15
8b2a8ad4b005fff,0
8b2a8ad59b91fff,15
8b2a8ac6015afff,12
8b2a8ac66c23fff,15
8b2a8a89261afff,2
8b2a8a89261afff,3
8b2a8ad4b218fff,1
8b2a8ad4e2acfff,15
8b2a8ac6116cfff,3
8b2a8a89299dfff,0
8b2a8a893596fff,6
8b2a8ac63b52fff,15
8b2a8ad4ad2dfff,15
8b2a8ac6641efff,15
8b2a8ac65acbfff,0
8b2a8ad4b06afff,0
8b2a8ac609a9fff,8
8b2a8ac65045fff,0
8b2a8ac65045fff,11
8b2a8ac62b15fff,15
8b2a8ac60316fff,15
8b2a8a89671cfff,0
8b2a8a892d30fff,0
8b2a8ac66733fff,15
8b2a8ac62108fff,15
8b2a8ac60da3fff,15
8b2a8ac62b72fff,15
8b2a8ac66d5bfff,15
8b2a8ac62b9cfff,15
8b2a8ad4b573fff,1
8b2a8ad4b573fff,10
8b2a8a892acbfff,1
8b2a8ac6418cfff,15
8b2a8ac666d4fff,15
8b2a8ad5932afff,15
8b2a8ad59a4dfff,15
8b2a8a892494fff,3
8b2a8a8964cbfff,0
8b2a8ac63b80fff,15
8b2a8ac63026fff,2
8b2a8ac63b45fff,15
8b2a8a896503fff,0
8b2a8a8964eafff,0
8b2a8ac61336fff,15
8b2a8ac66552fff,15
8b2a8ac618eafff,3
8b2a8a89651dfff,0
8b2a8ad59addfff,15
8b2a8ac6440efff,15
8b2a8ac63b9dfff,15
8b2a8a893458fff,6
8b2a8ad4b346fff,0
8b2a8ad4b346fff,8
8b2a8ac65264fff,0
8b2a8ac64d71fff,2
8b2a8ac6384cfff,15
8b2a8ad4a645fff,15
8b2a8ad4a645fff,0
8b2a8ac62902fff,15
8b2a8ac65baefff,2
8b2a8ac65baefff,0
8b2a8a893018fff,15
8b2a8ac60220fff,15
8b2a8a89295cfff,2
8b2a8ac63001fff,2
8b2a8ac66ccbfff,9
8b2a8ac61c24fff,5
8b2a8ac6106cfff,3
8b2a8ac6106cfff,15
8b2a8ac62c6efff,15
8b2a8ad4b2e6fff,0
8b2a8ac646d2fff,15
8b2a8ac65cf6fff,4
8b2a8ac65cf6fff,8
8b2a8ac65ce6fff,4
8b2a8ad48431fff,2
8b2a8a892a61fff,1
8b2a8ac63b58fff,15
8b2a8ac66d4dfff,15
8b2a8a89661bfff,0
8b2a8ac60c24fff,15
8b2a8ac66391fff,15
8b2a8ac668edfff,15
8b2a8ac63b76fff,15
8b2a8ac61b73fff,3
8b2a8ad59219fff,15
8b2a8ac60700fff,2
8b2a8ad4ab4efff,2
8b2a8ac65b8cfff,0
8b2a8ac6c916fff,7
8b2a8ad4a8eefff,15
8b2a8ad4a8eefff,0
8b2a8ac6310dfff,15
8b2a8ac62816fff,15
8b2a8ac666e6fff,15
8b2a8ac6c8abfff,3
8b2a8a893595fff,6
8b2a8ad5985bfff,2
8b2a8ac64176fff,2
8b2a8ac65598fff,5
8b2a8a8922e5fff,0
8b2a8ad59683fff,15
8b2a8ac61da1fff,5
8b2a8ac6075dfff,2
8b2a8ac65829fff,1
8b2a8ad4a4ccfff,15
8b2a8ad4a4ccfff,2
8b2a8ad4b541fff,8
8b2a8ad4b541fff,1
8b2a8ac658f6fff,14
8b2a8ac64280fff,10
8b2a8ad484e5fff,2
8b2a8ad4a768fff,0
8b2a8ac6231afff,15
8b2a8a892d11fff,0
8b2a8ac64c1afff,15
8b2a8ac63a34fff,15
8b2a8ac64c96fff,15
8b2a8ac60893fff,15
8b2a8ac66ac3fff,15
8b2a8ac61c54fff,3
8b2a8ac61c54fff,5
8b2a8ac64a91fff,0
8b2a8ac64a91fff,8
8b2a8ac66320fff,15
8b2a8ad484c1fff,2
8b2a8ad4b6b2fff,8
8b2a8ac63ca5fff,15
8b2a8ac66130fff,15
8b2a8ad4ad0bfff,15
8b2a8ac660c3fff,15
8b2a8ac66cf6fff,9
8b2a8a8934a5fff,6
8b2a8ac64098fff,2
8b2a8ac64655fff,8
8b2a8ac64655fff,2
8b2a8ad59283fff,15
8b2a8ac645a4fff,15
8b2a8ad4a066fff,0
8b2a8a892c0afff,10
8b2a8ac65608fff,5
8b2a8ac64976fff,2
8b2a8ac64976fff,0
8b2a8ad4a250fff,9
8b2a8ac66d6bfff,15
8b2a8ac6495dfff,2
8b2a8ac66390fff,15
8b2a8ac6c859fff,6
8b2a8ac63143fff,15
8b2a8ac6089afff,15
8b2a8ad59758fff,15
8b2a8ad4a094fff,15
8b2a8ac6596dfff,11
8b2a8ac6596dfff,0
8b2a8ac62964fff,15
8b2a8ac6332cfff,15
8b2a8ac66ac2fff,15
8b2a8ac6c996fff,3
8b2a8ac61462fff,15
8b2a8ac60321fff,5
8b2a8a892986fff,0
8b2a8ac64aa2fff,8
8b2a8ac65869fff,1
8b2a8ac65869fff,0
8b2a8ac66921fff,15
8b2a8ac62d48fff,15
8b2a8ad4b42afff,10
8b2a8a89631bfff,0
8b2a8ac64373fff,0
8b2a8ac65223fff,0
8b2a8ac65223fff,3
8b2a8a892945fff,2
8b2a8ac6c120fff,7
8b2a8ac6c120fff,15
8b2a8a893613fff,6
8b2a8ad4a209fff,9
8b2a8ac650eafff,5
8b2a8a896768fff,0
8b2a8ac66d4bfff,15
8b2a8a892154fff,1
8b2a8ac64d12fff,15
8b2a8ad4bd70fff,2
8b2a8a89669afff,0
8b2a8ad4b5a4fff,2
8b2a8ad4aa4dfff,2
8b2a8ad4aa4dfff,1
8b2a8ac604e6fff,15
8b2a8ac6180cfff,3
8b2a8a893cd9fff,15
8b2a8ac66aa1fff,2
8b2a8ac65ca3fff,8
8b2a8ac65ca3fff,10
8b2a8ac66241fff,15
8b2a8ac63822fff,2
8b2a8ac6c323fff,10
8b2a8ac6c323fff,2
8b2a8ac65d63fff,0
8b2a8ad4b631fff,0
8b2a8ac63a66fff,15
8b2a8ac66a14fff,2
8b2a8ad4a0d9fff,15
8b2a8ad4a0d9fff,0
8b2a8ad4a998fff,15
8b2a8a896675fff,0
8b2a8ac65ceefff,5
8b2a8ad4b568fff,0
8b2a8ac6210dfff,15
8b2a8ad59305fff,15
8b2a8ac60b96fff,5
8b2a8ac62b26fff,15
8b2a8ad4b0c6fff,2
8b2a8ac65cf1fff,5
8b2a8ac63cf2fff,15
8b2a8ac6cc5dfff,15
8b2a8ac6698bfff,15
8b2a8ac66283fff,15
8b2a8ac651a8fff,4
8b2a8ac6025efff,15
8b2a8ad4878afff,0
8b2a8ad4878afff,1
8b2a8a892a9dfff,8
8b2a8ad4a374fff,0
8b2a8ac63c66fff,2
8b2a8ac6008efff,11
8b2a8ad4a685fff,15
8b2a8ac604a6fff,15
8b2a8ac61729fff,15
8b2a8a8926d4fff,3
8b2a8ac62a66fff,15
8b2a8ac638cbfff,15
8b2a8ac61871fff,3
8b2a8a892686fff,3
8b2a8ad4e6c9fff,15
8b2a8ac648d0fff,2
8b2a8ac62d54fff,15
8b2a8a8928f1fff,0
8b2a8ac648aefff,15
8b2a8ac648aefff,0
8b2a8ad4b593fff,2
8b2a8ac64c54fff,15
8b2a8ad4a654fff,15
8b2a8ac62106fff,15
8b2a8ac63184fff,15
8b2a8ac66d53fff,15
8b2a8ad4a461fff,15
8b2a8ac640aefff,2
8b2a8a89675afff,0
8b2a8ac63c95fff,15
8b2a8a8934a4fff,6
8b2a8ad486dbfff,2
8b2a8ac656e8fff,5
8b2a8a89630efff,0
8b2a8ac66594fff,15
8b2a8ad4b881fff,2
8b2a8ad4a505fff,15
8b2a8ac63a5bfff,15
8b2a8ac66ae0fff,15
8b2a8a892872fff,0
8b2a8ac60ae1fff,5
8b2a8ac65394fff,5
8b2a8a896754fff,0
8b2a8a89255bfff,0
8b2a8ac61db2fff,5
8b2a8ac650f3fff,5
8b2a8ad4ad84fff,15
8b2a8ac66ad6fff,15
8b2a8ac600e1fff,15
8b2a8ac652f5fff,0
8b2a8ad4aaabfff,0
8b2a8ac65b94fff,2
8b2a8ac65b94fff,4
8b2a8ac63989fff,2
8b2a8ac63989fff,15
8b2a8ac65689fff,5
8b2a8a892875fff,0
8b2a8ac643a4fff,0
8b2a8ac63c9bfff,15
8b2a8ad48796fff,2
8b2a8ac6515cfff,14
8b2a8ac6515cfff,4
8b2a8a896301fff,0
8b2a8ac6c3b6fff,3
8b2a8ad4aa8bfff,0
8b2a8ad59b18fff,2
8b2a8ac6c122fff,15
8b2a8a896693fff,0
8b2a8ac642a1fff,0
8b2a8ac642a1fff,11
8b2a8a8920cafff,13
8b2a8a8920cafff,3
8b2a8ac654cdfff,5
8b2a8ac62176fff,15
8b2a8ac6460efff,2
8b2a8a892204fff,0
8b2a8ac604cafff,15
8b2a8ac61b22fff,3
8b2a8a892916fff,0
8b2a8ad4b385fff,0
8b2a8ac60126fff,15
8b2a8ac641aafff,15
8b2a8ad59b61fff,2
8b2a8ac62cc1fff,15
8b2a8a89204efff,8
8b2a8ac61349fff,15
8b2a8ad4b7b5fff,1
8b2a8ac63c9afff,15
8b2a8a8964d6fff,0
8b2a8ac6c985fff,7
8b2a8ac64181fff,15
8b2a8ac6618dfff,15
8b2a8ac666c6fff,15
8b2a8ac666f4fff,15
8b2a8ac63000fff,2
8b2a8ad4ab5efff,2
8b2a8ac6c112fff,15
8b2a8ac61a4afff,3
8b2a8a8921b2fff,10
8b2a8ac65828fff,1
8b2a8ac6406efff,0
8b2a8ac6406efff,8
8b2a8ac6008cfff,11
8b2a8ac6016afff,5
8b2a8ac654cefff,5
8b2a8ad4a110fff,15
8b2a8ac645a6fff,15
8b2a8ac64aa8fff,0
8b2a8ac64aa8fff,2
8b2a8ac66c03fff,15
8b2a8ac66260fff,15
8b2a8ac6070cfff,2
8b2a8ac64626fff,2
8b2a8ad4a7abfff,15
8b2a8ad59a6afff,15
8b2a8ac6dda8fff,7
8b2a8a892ca9fff,13
8b2a8a896225fff,0
8b2a8ad4bda6fff,1
8b2a8ad4bda6fff,2
8b2a8a8926e4fff,2
8b2a8a8926e4fff,3
8b2a8ac647a5fff,2
8b2a8ad4a609fff,15
8b2a8a896d9efff,8
8b2a8a892a4afff,1
8b2a8ac6c76efff,3
8b2a8ac6c76efff,7
8b2a8ad4a961fff,2
8b2a8ad4a961fff,15
8b2a8ac60101fff,15
8b2a8ac61ba5fff,3
8b2a8ac65393fff,5
8b2a8ac61d0afff,5
8b2a8ad4e636fff,15
8b2a8ac65b5bfff,0
8b2a8ad4e65dfff,15
8b2a8ac61965fff,3
8b2a8ac6cd26fff,3
8b2a8ac618d9fff,3
8b2a8ac62ba2fff,15
8b2a8ac655a2fff,5
8b2a8ac655a2fff,0
8b2a8ac60222fff,15
8b2a8ac65c4bfff,5
8b2a8a892140fff,11
8b2a8ac62165fff,15
8b2a8ad4b664fff,0
8b2a8ad4a132fff,15
8b2a8ac654d5fff,5
8b2a8ac66303fff,15
8b2a8ac64a8bfff,0
8b2a8ad4b129fff,2
8b2a8ac608cbfff,5
8b2a8ac61135fff,3
8b2a8a892d0dfff,0
8b2a8ad4a8c4fff,0
8b2a8ac6c181fff,15
8b2a8ac64499fff,15
8b2a8a896605fff,0
8b2a8a892993fff,0
8b2a8ac6cc2cfff,3
8b2a8ac6cc2cfff,15
8b2a8ad4ad45fff,15
8b2a8ad48499fff,2
8b2a8ac6536afff,0
8b2a8ad59269fff,15
8b2a8ad4b31afff,0
8b2a8ad4b662fff,0
8b2a8ac602f5fff,15
8b2a8ad4a38efff,0
8b2a8a89298efff,0
8b2a8ad4a298fff,0
8b2a8a893463fff,6
8b2a8ac65d46fff,0
8b2a8ad590e9fff,15
8b2a8ac60400fff,15
8b2a8ac63d25fff,2
8b2a8ad4a758fff,15
8b2a8ac63825fff,2
8b2a8a89230bfff,0
8b2a8a89230bfff,1
8b2a8ac65886fff,1
8b2a8ac668f4fff,15
8b2a8ac64584fff,15
8b2a8ac6068afff,2
8b2a8ac66336fff,15
8b2a8ac63a61fff,15
8b2a8ac65471fff,5
8b2a8ac638a9fff,15
8b2a8ad4a856fff,15
8b2a8ad4a565fff,15
8b2a8ad5d265fff,15
8b2a8ac61c60fff,3
8b2a8ac62133fff,15
8b2a8ad48423fff,2
8b2a8ac61053fff,15
8b2a8ad4a7a9fff,15
8b2a8ad4a8c5fff,0
8b2a8ac604edfff,15
8b2a8ac63901fff,2
8b2a8ad4b529fff,10
8b2a8ac65d03fff,0
8b2a8ac65d03fff,1
8b2a8ac6006dfff,5
8b2a8ac6006dfff,15
8b2a8ac65d25fff,0
8b2a8ad4bc8dfff,10
8b2a8ac61b4cfff,3
8b2a8ad5978bfff,15
8b2a8ad4b98afff,2
8b2a8a892c49fff,10
8b2a8ad4b014fff,0
8b2a8ac6460bfff,2
8b2a8ad4acd6fff,15
8b2a8ad5b382fff,15
8b2a8a893690fff,6
8b2a8ad4a6c4fff,15
8b2a8ac6cb60fff,6
8b2a8a892598fff,0
8b2a8ad4a834fff,15
8b2a8ac6080dfff,5
8b2a8a892070fff,11
8b2a8a8928c1fff,2
8b2a8a8928c1fff,0
8b2a8ac65834fff,11
8b2a8a8924adfff,3
8b2a8ac6592cfff,0
8b2a8a893783fff,6
8b2a8ad4acadfff,15
8b2a8a8926acfff,3
8b2a8ac65898fff,4
8b2a8ac65898fff,1
8b2a8ad4a900fff,15
8b2a8ac63b5cfff,15
8b2a8ad4bd09fff,2
8b2a8ac60681fff,2
8b2a8ac60681fff,15
8b2a8a892aa3fff,0
8b2a8ad4a0cefff,0
8b2a8ac65c8bfff,8
8b2a8ac65c8bfff,5
8b2a8ac6680afff,15
8b2a8a892182fff,10
8b2a8ac65554fff,5
8b2a8ac614defff,15
8b2a8a892850fff,0
8b2a8ac65623fff,5
8b2a8a893653fff,15
8b2a8a893653fff,6
8b2a8a892d2afff,0
8b2a8ac66a11fff,15
8b2a8ac62a75fff,15
8b2a8a892762fff,3
8b2a8ac6488bfff,2
8b2a8a89271bfff,3
8b2a8ac6542efff,5
8b2a8ad4bd6bfff,2
8b2a8ac64b72fff,3
8b2a8ac6178afff,15
8b2a8ac64d6bfff,15
8b2a8ac662edfff,15
8b2a8ad4a8eafff,15
8b2a8ad4a8eafff,0
8b2a8ad4bda0fff,1
8b2a8ad4bda0fff,2
8b2a8ac63bb4fff,15
8b2a8ad4ac85fff,15
8b2a8ac60c2dfff,15
8b2a8ac64b03fff,8
8b2a8a8923a1fff,1
8b2a8a8963adfff,0
8b2a8ac62cf3fff,15
8b2a8ac63baafff,15
8b2a8ad4ad30fff,15
8b2a8ad4ad86fff,15
8b2a8ad4b2a9fff,0
8b2a8ac63915fff,2
8b2a8ac61113fff,3
8b2a8a8966defff,0
8b2a8ac6448cfff,15
8b2a8ac64b1bfff,8
8b2a8ac6541efff,5
8b2a8a892663fff,2
8b2a8ac62a46fff,15
8b2a8ad5b2cbfff,15
8b2a8ac64922fff,0
8b2a8ac65ccdfff,5
8b2a8ad4b136fff,2
8b2a8ac63c6bfff,2
8b2a8ac64483fff,15
8b2a8ad4ab5bfff,2
8b2a8ac62aebfff,15
8b2a8ac6632afff,15
8b2a8ad4b76dfff,0
8b2a8ac66096fff,15
8b2a8ac65a86fff,1
8b2a8ac65a86fff,2
8b2a8ac66312fff,15
8b2a8a892774fff,3
8b2a8ad4bd74fff,2
8b2a8ad4a58dfff,15
8b2a8ac65629fff,5
8b2a8ac63436fff,15
8b2a8ac60518fff,15
8b2a8a892684fff,3
8b2a8ad4b983fff,2
8b2a8ac610a6fff,15
8b2a8ac63835fff,2
8b2a8a896653fff,0
8b2a8ad4b49efff,8
8b2a8ad4b49efff,2
8b2a8ac6dd85fff,7
8b2a8ac65074fff,14
8b2a8a8921abfff,10
8b2a8ac6cb40fff,6
8b2a8ad4b763fff,0
8b2a8a89294cfff,2
8b2a8ad4a81afff,15
8b2a8ad48573fff,2
8b2a8ad48573fff,15
8b2a8ac65088fff,5
8b2a8ad59619fff,15
8b2a8a893622fff,6
8b2a8ad5b2f3fff,15
8b2a8ad5b313fff,15
8b2a8ac60560fff,2
8b2a8ac65256fff,0
8b2a8ac65256fff,2
8b2a8ac648f3fff,2
8b2a8ad4e21cfff,15
8b2a8ac646b4fff,15
8b2a8ac600c1fff,15
8b2a8ad4b761fff,0
8b2a8ac62b93fff,15
8b2a8ac65240fff,0
8b2a8ac60ab3fff,5
8b2a8ac65c46fff,4
8b2a8ac65c46fff,5
8b2a8ac6598efff,11
8b2a8ac62b12fff,15
8b2a8ac62c1efff,15
8b2a8ac65d60fff,0
8b2a8ac6105cfff,15
8b2a8ac62933fff,15
8b2a8ac61902fff,3
8b2a8ac6c3b4fff,3
8b2a8ac66598fff,15
8b2a8ac64128fff,2
8b2a8ad4bc06fff,2
8b2a8a89264cfff,2
8b2a8a892162fff,11
8b2a8a892162fff,1
8b2a8ac608b1fff,5
8b2a8ac608b1fff,16
8b2a8ac608b1fff,15
8b2a8ac60598fff,15
8b2a8ac650f1fff,5
8b2a8ac644d9fff,15
8b2a8ad4a8f5fff,15
8b2a8ad4a8f5fff,0
8b2a8ad4e21efff,15
8b2a8ac65162fff,7
8b2a8ac65162fff,4
8b2a8ad4ac49fff,15
8b2a8ad4bd5efff,2
8b2a8ad4b31bfff,0
8b2a8ad4b31bfff,2
8b2a8ad4b301fff,0
8b2a8ad4b301fff,8
8b2a8ad4e236fff,15
8b2a8ac65236fff,11
8b2a8ad4b79cfff,0
8b2a8ad4b79cfff,1
8b2a8ac62b48fff,15
8b2a8ac61096fff,15
8b2a8ac63b30fff,15
8b2a8ac64aa0fff,8
8b2a8ad4b70afff,0
8b2a8ac600b5fff,2
8b2a8ac644d0fff,15
8b2a8ac66359fff,15
8b2a8ac63da2fff,15
8b2a8ac6c31afff,10
8b2a8ac62304fff,2
8b2a8ac62d5bfff,15
8b2a8a892540fff,0
8b2a8ac617b4fff,15
8b2a8ac65348fff,0
8b2a8ac65753fff,5
8b2a8ac6042cfff,15
8b2a8ac6522bfff,0
8b2a8ad59621fff,15
8b2a8a892451fff,0
8b2a8ac61b9cfff,3
8b2a8ac63a32fff,15
8b2a8a896399fff,0
8b2a8ad4840afff,2
8b2a8ad4b5b1fff,2
8b2a8a896309fff,0
8b2a8ac646f0fff,15
8b2a8a89368afff,6
8b2a8a89368afff,7
8b2a8ad5964bfff,15
8b2a8ac6388efff,15
8b2a8ac64c43fff,15
8b2a8ad4a612fff,15
8b2a8ad4846cfff,0
8b2a8ad59a66fff,15
8b2a8ad4b64bfff,11
8b2a8a892812fff,0
8b2a8ac64636fff,15
8b2a8ac64636fff,2
8b2a8ac6c008fff,15
8b2a8ac60149fff,5
8b2a8ad5b341fff,15
8b2a8ad59adefff,15
8b2a8ac60254fff,15
8b2a8ad596a8fff,15
8b2a8ad4ba95fff,0
8b2a8ac60a98fff,5
8b2a8ad4a0c5fff,0
8b2a8ac61080fff,15
8b2a8a893462fff,6
8b2a8ac60b0dfff,5
8b2a8ac63c50fff,15
8b2a8ac66869fff,15
8b2a8ac62a6afff,15
8b2a8ad5b2f0fff,15
8b2a8ac661aefff,15
8b2a8ac6538bfff,2
8b2a8ac6538bfff,11
8b2a8ac62890fff,15
8b2a8ad5b2b4fff,15
8b2a8ac62ccbfff,15
8b2a8a896624fff,0
8b2a8ad4b725fff,2
8b2a8ac65093fff,5
8b2a8ac61521fff,15
8b2a8ac66189fff,15
8b2a8ac6586dfff,0
8b2a8ad4b4dbfff,3
8b2a8a89665cfff,0
8b2a8ac62944fff,15
8b2a8ac65d40fff,0
8b2a8ac65d40fff,1
8b2a8ac65a08fff,0
8b2a8ac60231fff,15
8b2a8ac66d2afff,15
8b2a8a89675efff,0
8b2a8ac60ce3fff,15
8b2a8ac64014fff,15
8b2a8ad5b219fff,15
8b2a8ac6382dfff,2
8b2a8ac628e1fff,15
8b2a8ac64422fff,15
8b2a8ac6699bfff,15
8b2a8ac6cc9cfff,15
8b2a8ad4a753fff,15
8b2a8ad4b623fff,0
8b2a8ac61956fff,3
8b2a8ad4a144fff,0
8b2a8ac6502bfff,14
8b2a8a8928dafff,1
8b2a8a8928dafff,0
8b2a8ac65076fff,14
8b2a8a8937acfff,6
8b2a8ac60a0dfff,5
8b2a8ac6194bfff,3
8b2a8ac652f1fff,0
8b2a8ac642e4fff,0
8b2a8ac6c195fff,15
8b2a8a896519fff,0
8b2a8ad4a5a0fff,15
8b2a8ac6288dfff,15
8b2a8ad4b7a2fff,0
8b2a8ad4b7a2fff,1
8b2a8ad4a99dfff,15
8b2a8ac6548cfff,5
8b2a8ac6679dfff,15
8b2a8ad4b0c5fff,2
8b2a8ac6cc15fff,15
8b2a8ac63d36fff,15
8b2a8ac60d4efff,16
8b2a8ac629aafff,15
8b2a8ac63cd2fff,15
8b2a8a893db5fff,1
8b2a8ad48552fff,2
8b2a8ad48552fff,15
8b2a8ad4b716fff,0
8b2a8ac65789fff,5
8b2a8ac6432cfff,0
8b2a8a8926f4fff,2
8b2a8ad4a35efff,9
8b2a8ad4a35efff,2
8b2a8ad4a35efff,0
8b2a8ac64ae1fff,0
8b2a8ad485b6fff,15
8b2a8a8924ccfff,3
8b2a8ac662ccfff,15
8b2a8ac66533fff,15
8b2a8ad4b354fff,0
8b2a8ac66021fff,15
8b2a8a892732fff,3
8b2a8ac63c6afff,2
8b2a8ac6494afff,2
8b2a8a892d25fff,0
8b2a8ac6436cfff,2
8b2a8ac6436cfff,0
8b2a8ac6224afff,15
8b2a8ac66034fff,15
8b2a8ac63a8afff,15
8b2a8a8966cdfff,0
8b2a8ac607a9fff,2
8b2a8ac64a26fff,8
8b2a8ad4b224fff,0
8b2a8ad4b224fff,2
8b2a8ac6668efff,15
8b2a8ac650b0fff,5
8b2a8ac650f6fff,5
8b2a8ac60094fff,15
8b2a8ac646a9fff,15
8b2a8ac646a9fff,2
8b2a8ad4bad0fff,8
8b2a8ad4bad0fff,0
8b2a8ac646d1fff,15
8b2a8ac65562fff,5
8b2a8ad59755fff,15
8b2a8ac6082efff,5
8b2a8ac62a6bfff,15
8b2a8ac649a0fff,15
8b2a8ac649a0fff,0
8b2a8ac6c0edfff,3
8b2a8ac6c0edfff,15
8b2a8ac64188fff,15
8b2a8ac6ca6afff,6
8b2a8ac6ca6afff,7
8b2a8ac653a3fff,11
8b2a8ac63ca3fff,15
8b2a8ac60712fff,2
8b2a8ac60712fff,15
8b2a8ac6cd4afff,3
8b2a8ac640c0fff,0
8b2a8ac640c0fff,8
8b2a8ad5961dfff,15
8b2a8ac664f5fff,15
8b2a8ac63d1efff,15
8b2a8ad4b70dfff,0
8b2a8ac62d2efff,15
8b2a8ac6288efff,15
8b2a8ac66301fff,15
8b2a8ac669b1fff,15
8b2a8ad48695fff,1
8b2a8ac6c740fff,7
8b2a8ad5b229fff,15
8b2a8ac60883fff,5
8b2a8ac60883fff,15
8b2a8ac64aa3fff,8
8b2a8ac604d5fff,15
8b2a8ac60899fff,15
8b2a8ac66610fff,15
8b2a8a89254afff,0
8b2a8ad4a11bfff,15
8b2a8ad4a11bfff,0
8b2a8a896740fff,0
8b2a8ad4b66afff,0
8b2a8ac61174fff,3
8b2a8ad5b34afff,15
8b2a8ac64365fff,0
8b2a8ac6556efff,5
8b2a8ad4e6ddfff,15
8b2a8ac6311cfff,2
8b2a8ac6578cfff,5
8b2a8ad4aa23fff,0
8b2a8ad4b2e4fff,0
8b2a8ac60503fff,15
8b2a8ac62a10fff,15
8b2a8ad4a36dfff,1
8b2a8ad4a36dfff,2
8b2a8ac65c61fff,4
8b2a8ac65c61fff,1
8b2a8ad4b655fff,0
8b2a8ac6396afff,15
8b2a8ad59ad1fff,15
8b2a8ac63c31fff,15
8b2a8a892413fff,3
8b2a8a893635fff,6
8b2a8ac6c11afff,15
8b2a8a893436fff,6
8b2a8ac62b68fff,15
8b2a8ac618e8fff,3
8b2a8a893700fff,6
8b2a8ad4ab0afff,2
8b2a8ad4ab0afff,0
8b2a8a89620afff,2
8b2a8ac66805fff,15
8b2a8ad4b8d3fff,2
8b2a8ad5b32afff,15
8b2a8ac60d44fff,15
8b2a8a892205fff,0
8b2a8ac600f4fff,11
8b2a8a892609fff,2
8b2a8a892609fff,3
8b2a8ac63a4efff,15
8b2a8ad4e758fff,15
8b2a8ac66223fff,15
8b2a8ac6218afff,15
8b2a8ad4bce6fff,0
8b2a8ad4bce6fff,2
8b2a8ac644f2fff,15
8b2a8ac61451fff,15
8b2a8ac6c213fff,10
8b2a8a893605fff,6
8b2a8ad4e611fff,15
8b2a8ac63821fff,2
8b2a8ac663b5fff,15
8b2a8ad4b741fff,0
8b2a8ac61b83fff,3
8b2a8ac66159fff,15
8b2a8ad4ab04fff,2
8b2a8ac65a51fff,1
8b2a8ac63186fff,15
8b2a8ac64034fff,15
8b2a8ac60601fff,2
8b2a8ac6c846fff,6
8b2a8ac6c846fff,7
8b2a8ac61892fff,3
8b2a8ac658d5fff,14
8b2a8ac658d5fff,1
8b2a8ac61815fff,3
8b2a8ac63c4efff,2
8b2a8ad4aa60fff,2
8b2a8ad4aa60fff,1
8b2a8a896752fff,0
8b2a8ac60635fff,2
8b2a8a893734fff,6
8b2a8ac64934fff,0
8b2a8ac63068fff,15
8b2a8ac64432fff,15
8b2a8ac62a69fff,15
8b2a8ac61946fff,3
8b2a8ac6299afff,15
8b2a8ad4b431fff,10
8b2a8ad4b431fff,2
8b2a8ac6171efff,15
8b2a8ac63a05fff,15
8b2a8ac6065bfff,2
8b2a8ac63ad3fff,15
8b2a8ac639a9fff,2
8b2a8ac64bb1fff,2
8b2a8ac60829fff,5
8b2a8ac66d21fff,15
8b2a8ac65c98fff,5
8b2a8ad4ac60fff,15
8b2a8a896650fff,0
8b2a8ac65108fff,4
8b2a8ad5928cfff,15
8b2a8ac63834fff,2
8b2a8ac66d4efff,15
8b2a8ac64b28fff,3
8b2a8ad4bc68fff,2
8b2a8ad5938afff,15
8b2a8ac66a01fff,15
8b2a8ac65c01fff,4
8b2a8ad4bc1bfff,0
8b2a8ad4bc1bfff,2
8b2a8ac63af3fff,15
8b2a8ac61343fff,15
8b2a8ad4b013fff,0
8b2a8ac60610fff,2
8b2a8ad59206fff,15
8b2a8ac63041fff,2
8b2a8ac63041fff,15
8b2a8ad4a85afff,15
8b2a8ac6672efff,15
8b2a8ac6c8e2fff,7
8b2a8ac6c8e2fff,3
8b2a8ad59a0afff,15
8b2a8ad59a0afff,2
8b2a8ad4b274fff,0
8b2a8ad4ad49fff,15
8b2a8ac6645afff,15
8b2a8ad59355fff,15
8b2a8ac60320fff,5
8b2a8ac64440fff,2
8b2a8ad4a6f0fff,15
8b2a8ad4a6f0fff,2
8b2a8ad4b0a1fff,0
8b2a8ad4bd2bfff,2
8b2a8ad4b7a4fff,0
8b2a8ad4b7a4fff,1
8b2a8ad4b98efff,2
8b2a8ad59b40fff,2
8b2a8ac64674fff,8
8b2a8ac64674fff,2
8b2a8ac6524dfff,0
8b2a8ad59b28fff,2
8b2a8ac62003fff,15
8b2a8ac61a52fff,3
8b2a8ac6cc0dfff,15
8b2a8a892326fff,8
8b2a8ad5b215fff,15
8b2a8ad4aa91fff,0
8b2a8ac63aa8fff,15
8b2a8ac66a04fff,15
8b2a8ac66a04fff,2
8b2a8ad48561fff,0
8b2a8ad48561fff,15
8b2a8ac6516afff,4
8b2a8ac61b1efff,3
8b2a8ac65aa4fff,0
8b2a8ad5b28bfff,15
8b2a8ac61d5bfff,3
8b2a8ac61d5bfff,5
8b2a8ac650d4fff,5
8b2a8ad4ad11fff,15
8b2a8ac6670cfff,15
8b2a8ac66a20fff,2
8b2a8ac629abfff,15
8b2a8a896315fff,0
8b2a8ad4b72afff,0
8b2a8ad4b72afff,2
8b2a8ad4a6f5fff,15
8b2a8ac60303fff,15
8b2a8ac60131fff,15
8b2a8ac65063fff,0
8b2a8ac65063fff,14
8b2a8ac6650dfff,15
8b2a8a892202fff,0
8b2a8ac60d20fff,15
8b2a8ac66765fff,15
8b2a8ad4a81dfff,15
8b2a8a893705fff,6
8b2a8a893705fff,15
8b2a8a896372fff,0
8b2a8ac66510fff,15
8b2a8ac66415fff,15
8b2a8ac65a92fff,0
8b2a8ad4a972fff,15
8b2a8ac6098dfff,8
8b2a8ac65b15fff,0
8b2a8ac61930fff,5
8b2a8a892124fff,0
8b2a8ad4b293fff,0
8b2a8ac62a52fff,15
8b2a8ac60441fff,15
8b2a8ac64d9bfff,15
8b2a8ac66addfff,15
8b2a8ac62d70fff,15
8b2a8a892d0efff,0
8b2a8ac663a0fff,15
8b2a8ac66855fff,15
8b2a8ac614edfff,15
8b2a8ad4bd02fff,2
8b2a8ac60908fff,8
8b2a8ac60908fff,10
8b2a8ac64b36fff,8
8b2a8ad4849efff,2
8b2a8ac64342fff,0
8b2a8ad4b420fff,10
8b2a8ad48522fff,15
8b2a8ac61393fff,15
8b2a8ac61445fff,15
8b2a8ac608edfff,5
8b2a8ac65ad2fff,0
8b2a8ac600d2fff,11
8b2a8ad59b73fff,2
8b2a8a89620efff,2
8b2a8a8924a9fff,3
8b2a8ad59169fff,15
8b2a8ad59361fff,15
8b2a8ac62842fff,15
8b2a8ac65a96fff,0
8b2a8ac60059fff,15
8b2a8ad4ad25fff,15
8b2a8a890619fff,1
8b2a8ac66ba9fff,2
8b2a8ac66899fff,15
8b2a8ac66d0afff,15
8b2a8ac6ca48fff,7
8b2a8ad4ac75fff,15
8b2a8ac666cdfff,15
8b2a8ac66a09fff,15
8b2a8ad4a534fff,15
8b2a8ac60d59fff,15
8b2a8ac66348fff,15
8b2a8ac60bb3fff,5
8b2a8a8936e5fff,6
8b2a8ac6cd70fff,3
8b2a8ac6ca58fff,7
8b2a8ac60a72fff,5
8b2a8ac66258fff,15
8b2a8ac60814fff,8
8b2a8ac61c1efff,5
8b2a8a8936b4fff,6
8b2a8a896220fff,0
8b2a8ac6478bfff,15
8b2a8ac6cadcfff,10
8b2a8ac6cadcfff,7
8b2a8ac63993fff,2
8b2a8ad4a80efff,15
8b2a8a890694fff,1
8b2a8ad4a975fff,15
8b2a8ac60adafff,5
8b2a8ac63c52fff,15
8b2a8ac75b01fff,15
8b2a8ac65955fff,1
8b2a8ac6491bfff,2
8b2a8ac6491bfff,0
8b2a8ac65740fff,5
8b2a8ac62a5efff,15
8b2a8ac64c9efff,15
8b2a8ad48713fff,0
8b2a8ad4a0d2fff,15
8b2a8ad4aa52fff,0
8b2a8ac6048cfff,15
8b2a8ac651aafff,4
8b2a8ac6c320fff,10
8b2a8ac6c320fff,2
8b2a8ad4b25bfff,11
8b2a8a893788fff,6
8b2a8ac64d24fff,15
8b2a8a892773fff,3
8b2a8ac61329fff,15
8b2a8ac6390bfff,2
8b2a8ad4a323fff,0
8b2a8ac647b6fff,15
8b2a8ac647b6fff,2
8b2a8ac65ae8fff,1
8b2a8ac61b2efff,3
8b2a8ad4a045fff,0
8b2a8ad4a20afff,9
8b2a8ad4a20afff,0
8b2a8ac65642fff,5
8b2a8ac63cc3fff,15
8b2a8ac6568bfff,5
8b2a8a8924d2fff,3
8b2a8ac62566fff,15
8b2a8ac6390afff,2
8b2a8a8928d6fff,0
8b2a8ad4e652fff,15
8b2a8ad59629fff,15
8b2a8a892c5cfff,10
8b2a8ac6412bfff,2
8b2a8a896c94fff,0
8b2a8ac62bb6fff,15
8b2a8ac606a8fff,2
8b2a8ad4acecfff,15
8b2a8ad4ac26fff,15
8b2a8ac64698fff,15
8b2a8ac63b92fff,15
8b2a8ac75b6cfff,15
8b2a8ac6552cfff,5
8b2a8ac6075efff,2
8b2a8ac66ce5fff,15
8b2a8ac66ce5fff,9
8b2a8a892988fff,0
8b2a8ac62006fff,15
8b2a8ad4e6d3fff,15
8b2a8ac6cb2dfff,6
8b2a8ac6161efff,15
8b2a8ad48532fff,15
8b2a8ac648abfff,2
8b2a8ac648abfff,0
8b2a8ac658ecfff,1
8b2a8ac658ecfff,11
8b2a8ac647b5fff,15
8b2a8ac647b5fff,2
8b2a8ac604cefff,15
8b2a8ac60cadfff,15
8b2a8a8934b2fff,6
8b2a8ac644a4fff,15
8b2a8ad4a024fff,0
8b2a8ac6cd40fff,3
8b2a8ac66584fff,15
8b2a8ac61d99fff,5
8b2a8a892690fff,3
8b2a8ac6659cfff,15
8b2a8ad4a5a5fff,15
8b2a8ad593b1fff,15
8b2a8ad59a33fff,2
8b2a8ad4b2b2fff,0
8b2a8ac6431cfff,0
8b2a8ad48556fff,15
8b2a8ad4bcb5fff,1
8b2a8ad59653fff,15
8b2a8ac6698afff,15
8b2a8ac61633fff,15
8b2a8ad5b29dfff,15
8b2a8ad4b62cfff,0
8b2a8ac6062cfff,2
8b2a8a89351afff,6
8b2a8a89351afff,15
8b2a8ac60d58fff,15
8b2a8ac6ca81fff,10
8b2a8ac6ca81fff,7
8b2a8ac6ca81fff,2
8b2a8ac606eefff,2
8b2a8a8962ccfff,2
8b2a8ad4b48dfff,2
8b2a8ac66073fff,15
8b2a8ad4a3adfff,0
8b2a8ad4b40afff,2
8b2a8ac60475fff,15
8b2a8ac64366fff,0
8b2a8ad4bc86fff,1
8b2a8ad4bc86fff,2
8b2a8ad4bc86fff,2
8b2a8a8922b2fff,3
8b2a8ad4ac5efff,15
8b2a8ad48410fff,2
8b2a8a892a11fff,0
8b2a8ac66369fff,15
8b2a8ad59a6bfff,15
8b2a8ac66763fff,15
8b2a8ac66871fff,15
8b2a8ac642b5fff,11
8b2a8ac65ad3fff,0
8b2a8ad4b789fff,0
8b2a8ac65301fff,0
8b2a8a892c85fff,0
8b2a8ac64c6bfff,16
8b2a8ac66c4efff,15
8b2a8ac6cdb1fff,3
8b2a8ac60c49fff,13
8b2a8ac60c49fff,15
8b2a8ad59a50fff,15
8b2a8ac65455fff,5
8b2a8ac64268fff,0
8b2a8ac65391fff,5
8b2a8ac65d9afff,2
8b2a8a8929b0fff,0
8b2a8ac61b0cfff,3
8b2a8a89222bfff,0
8b2a8ad4a8d3fff,0
8b2a8ac63930fff,2
8b2a8ad4aaa3fff,0
8b2a8ac60c82fff,15
8b2a8ad4e20bfff,15
8b2a8ac6634afff,15
8b2a8ad4b89afff,2
8b2a8a8964e3fff,0
8b2a8ac646e9fff,15
8b2a8ad59a03fff,2
8b2a8ac60a26fff,5
8b2a8ac65c12fff,4
8b2a8ac65c12fff,10
8b2a8a893428fff,6
8b2a8ac6c84afff,6
8b2a8ac64c0afff,15
8b2a8ac652dafff,3
8b2a8ac638ddfff,15
8b2a8ac653a1fff,11
8b2a8ad4b60dfff,0
8b2a8a893742fff,6
8b2a8ac650c6fff,5
8b2a8a892475fff,0
8b2a8ac66a26fff,2
8b2a8ac63832fff,2
8b2a8ac63832fff,15
8b2a8ad4b0ccfff,2
8b2a8ac6cb05fff,6
8b2a8ac64800fff,2
8b2a8a89676bfff,0
8b2a8a892c11fff,13
8b2a8a892c11fff,10
8b2a8a896d98fff,8
8b2a8ac6032dfff,5
8b2a8ac65b0efff,0
8b2a8ac64053fff,0
8b2a8ac64053fff,8
8b2a8ac6688bfff,15
8b2a8ac647a9fff,2
8b2a8ac6576cfff,5
8b2a8ac6cd42fff,3
8b2a8a893515fff,15
8b2a8ac662abfff,15
8b2a8a892682fff,3
8b2a8ac61c65fff,3
8b2a8ac642a4fff,0
8b2a8ac64002fff,8
8b2a8ac61c59fff,3
8b2a8ac6699cfff,15
8b2a8ad592a8fff,15
8b2a8ac628e5fff,15
8b2a8ac650b1fff,5
8b2a8ac65185fff,4
8b2a8ac60313fff,15
8b2a8ac64b20fff,8
8b2a8ac63880fff,15
8b2a8ac621b1fff,15
8b2a8a8962b5fff,0
8b2a8ad4b520fff,3
8b2a8ad4b520fff,2
8b2a8ac62c41fff,15
8b2a8ad4b054fff,2
8b2a8ac61c0bfff,5
8b2a8a89668dfff,0
8b2a8ac65461fff,5
8b2a8ad4a81efff,15
8b2a8ad4ad5bfff,15
8b2a8ac61c62fff,3
8b2a8ad59694fff,15
8b2a8ac62841fff,15
8b2a8ac6116dfff,3
8b2a8ac60c0bfff,15
8b2a8ac64a0afff,0
8b2a8ac64a0afff,1
8b2a8ac65625fff,5
8b2a8ac61395fff,15
8b2a8ac61608fff,15
8b2a8ac60b56fff,5
8b2a8ac6ca49fff,7
8b2a8a892d01fff,0
8b2a8ac64c8afff,15
8b2a8ad59266fff,15
8b2a8ad5b270fff,15
8b2a8ac6409bfff,2
8b2a8ad4b285fff,0
8b2a8a892ac3fff,1
8b2a8ac6421dfff,0
8b2a8ac6c861fff,6
8b2a8ac6c861fff,7
8b2a8ac654d3fff,5
8b2a8a89628cfff,2
8b2a8a89628cfff,0
8b2a8ac66061fff,15
8b2a8ad4a754fff,15
8b2a8ac60b06fff,5
8b2a8ac6146efff,15
8b2a8ac64a8afff,0
8b2a8ac64a8afff,2
8b2a8ad59a14fff,2
8b2a8ac62056fff,15
8b2a8ac60522fff,15
8b2a8ac66418fff,15
8b2a8ac64251fff,0
8b2a8ac65022fff,14
8b2a8ad4b214fff,0
8b2a8ad4b214fff,1
8b2a8ad4b4d5fff,2
8b2a8ac6c866fff,7
8b2a8ac6080cfff,5
8b2a8ac6c768fff,3
8b2a8ac62109fff,2
8b2a8ac62109fff,15
8b2a8ac6689afff,15
8b2a8ac64d18fff,15
8b2a8ac64d18fff,2
8b2a8ad59a68fff,15
8b2a8ac614acfff,15
8b2a8ac66114fff,15
8b2a8ac65265fff,0
8b2a8ac639aafff,2
8b2a8ad4a868fff,2
8b2a8a892c1afff,13
8b2a8a892c1afff,10
8b2a8ad4b551fff,8
8b2a8ad4b551fff,2
8b2a8ac64646fff,8
8b2a8ac63131fff,2
8b2a8ac63131fff,15
8b2a8a8964ddfff,0
8b2a8ac6cb23fff,6
8b2a8ad4b699fff,2
8b2a8ad4b699fff,8
8b2a8ad592c3fff,15
8b2a8ac664d6fff,15
8b2a8ac63b11fff,15
8b2a8ac61528fff,15
8b2a8ac62049fff,15
8b2a8ac65b9cfff,4
8b2a8ac65881fff,1
8b2a8a89209efff,0
8b2a8a892621fff,3
8b2a8a8964c2fff,0
8b2a8ac65683fff,5
8b2a8a8965a0fff,0
8b2a8ac6672dfff,15
8b2a8ad48460fff,0
8b2a8ac63a71fff,15
8b2a8ac64da2fff,15
8b2a8ad486cefff,2
8b2a8a89622afff,2
8b2a8ac620b4fff,15
8b2a8ad4b6f5fff,0
8b2a8ac64d92fff,15
8b2a8ac62001fff,15
8b2a8ac64b34fff,8
8b2a8ac6cd02fff,3
8b2a8ad4a848fff,2
8b2a8a896452fff,0
8b2a8ac66316fff,15
8b2a8ac664c0fff,15
8b2a8ac60c4efff,15
8b2a8ad4a710fff,15
8b2a8ac640a0fff,2
8b2a8ac6310efff,2
8b2a8ac6310efff,15
8b2a8ad4aa83fff,0
8b2a8ac66794fff,15
8b2a8ac6dd01fff,7
8b2a8ac661b2fff,15
8b2a8ad4b468fff,0
8b2a8ad4a79dfff,15
8b2a8ac60469fff,2
8b2a8ac60469fff,15
8b2a8ad5904dfff,15
8b2a8ac63cadfff,15
8b2a8ac6c32dfff,10
8b2a8ac6c32dfff,7
8b2a8ac60852fff,5
8b2a8ac6424dfff,5
8b2a8ac6424dfff,0
8b2a8ad59ba4fff,2
8b2a8a892648fff,7
8b2a8a892648fff,2
8b2a8ac646dafff,15
8b2a8ac664e5fff,15
8b2a8ad4b6cefff,0
8b2a8ac61b6afff,3
8b2a8ac60550fff,15
8b2a8a892ae9fff,1
8b2a8ac60820fff,8
8b2a8ac6ca6efff,6
8b2a8ac61d9efff,5
8b2a8ad4858cfff,15
8b2a8ad4a2b4fff,0
8b2a8ad4b259fff,11
8b2a8ad4b259fff,0
8b2a8ac628a3fff,15
8b2a8ad4b19efff,0
8b2a8ad4a001fff,0
8b2a8ad48090fff,0
8b2a8a892da9fff,1
8b2a8a892da9fff,7
8b2a8ad4a634fff,15
8b2a8ad5b233fff,15
8b2a8ac61910fff,3
8b2a8ac61910fff,5
8b2a8ac617b1fff,15
8b2a8ad4a996fff,15
8b2a8ac60170fff,5
8b2a8ac60851fff,5
8b2a8ac60ca1fff,15
8b2a8ac65c08fff,4
8b2a8ac6005efff,15
8b2a8ac60b61fff,5
8b2a8ad4b591fff,2
8b2a8ac6525cfff,0
8b2a8a89245dfff,0
8b2a8a89245dfff,3
8b2a8ac6038dfff,15
8b2a8ad4ad73fff,15
8b2a8ac63a8efff,15
8b2a8ac654d8fff,5
8b2a8ad4b676fff,0
8b2a8ac616aafff,15
8b2a8ac64994fff,15
8b2a8ac660f5fff,15
8b2a8ad48569fff,0
8b2a8ac61126fff,3
8b2a8ad5931efff,15
8b2a8ac6022dfff,15
8b2a8ac64c35fff,2
8b2a8a89210cfff,0
8b2a8a8929b3fff,0
8b2a8ac66290fff,15
8b2a8ad4a030fff,15
8b2a8ad4a030fff,0
8b2a8a893092fff,6
8b2a8a893092fff,15
8b2a8ac63075fff,2
8b2a8ac64099fff,2
8b2a8a893461fff,6
8b2a8a893461fff,15
8b2a8ac63d6cfff,2
8b2a8ad4a821fff,15
8b2a8a8927a9fff,3
8b2a8ac659aefff,11
8b2a8ad59335fff,15
8b2a8ac60b53fff,5
8b2a8ac64c2efff,2
8b2a8ac60a6dfff,5
8b2a8ad59381fff,15
8b2a8ad4a735fff,15
8b2a8ac64116fff,15
8b2a8a893636fff,6
8b2a8ac6319dfff,15
8b2a8a896235fff,0
8b2a8a8929aafff,0
8b2a8a8966d3fff,0
8b2a8ac65584fff,5
8b2a8ac65584fff,0
8b2a8ac66392fff,15
8b2a8ac65610fff,5
8b2a8ad4a8b4fff,15
8b2a8ac62055fff,15
8b2a8ac668c0fff,15
8b2a8ad4b332fff,0
8b2a8ac64942fff,2
8b2a8ad4b200fff,1
8b2a8ad4b200fff,2
8b2a8ac66a64fff,15
8b2a8ad4b56afff,0
8b2a8ad4b56afff,1
8b2a8ac62b8bfff,15
8b2a8ac61a68fff,3
8b2a8ac60ca9fff,15
8b2a8ac65b85fff,2
8b2a8ac65b85fff,0
8b2a8ac66ce8fff,9
8b2a8ac619b3fff,5
8b2a8ac6081afff,8
8b2a8ac657acfff,5
8b2a8a893718fff,6
8b2a8ad4b542fff,8
8b2a8ad4b542fff,1
8b2a8ad4b542fff,2
8b2a8ac63523fff,15
8b2a8ac6555afff,5
8b2a8a890596fff,2
8b2a8ac60a51fff,5
8b2a8ac6215afff,2
8b2a8ac64931fff,0
8b2a8ac60c9afff,15
8b2a8a8923b4fff,10
8b2a8ac65751fff,5
8b2a8ac600aefff,11
8b2a8ac6c030fff,15
8b2a8ac61635fff,15
8b2a8ac606c1fff,2
8b2a8ac64a6efff,8
8b2a8ac64a6efff,10
8b2a8a896390fff,0
8b2a8ac6668dfff,15
8b2a8a896488fff,0
8b2a8a89628bfff,2
8b2a8ac61dadfff,5
8b2a8ad59b43fff,15
8b2a8ad59b43fff,2
8b2a8a892a84fff,8
8b2a8a892a84fff,11
8b2a8a892a84fff,0
8b2a8ac6562dfff,5
8b2a8ad4b0e5fff,2
8b2a8ad59af0fff,15
8b2a8a892149fff,11
8b2a8ac642ecfff,0
8b2a8ac63170fff,15
8b2a8ac60603fff,2
8b2a8ac628b3fff,15
8b2a8ac602eefff,15
8b2a8a892832fff,0
8b2a8ac62893fff,15
8b2a8a8966e1fff,0
8b2a8ad4a226fff,0
8b2a8ac61614fff,15
8b2a8ac6c38bfff,10
8b2a8ac6c38bfff,3
8b2a8a89628efff,2
8b2a8a89628efff,0
8b2a8ac6cc58fff,15
8b2a8ad4b104fff,2
8b2a8ac60284fff,15
8b2a8ac6384dfff,15
8b2a8ad4a6edfff,15
8b2a8a892122fff,0
8b2a8ac6192bfff,3
8b2a8ac6182afff,3
8b2a8ac66983fff,15
8b2a8ac61c2cfff,5
8b2a8ac60900fff,8
8b2a8ac60900fff,10
8b2a8ac60986fff,8
8b2a8ac62246fff,15
8b2a8ac66a89fff,15
8b2a8ad592d6fff,15
8b2a8ad4a074fff,0
8b2a8ac65b56fff,0
8b2a8ac60b42fff,5
8b2a8ac644a9fff,15
8b2a8ac6090dfff,8
8b2a8ac6090dfff,10
8b2a8ac66210fff,15
8b2a8ad4b18cfff,0
8b2a8ac652e4fff,0
8b2a8ac60b74fff,5
8b2a8ac6409afff,2
8b2a8ac6cac2fff,7
8b2a8ad5b763fff,15
8b2a8ad5906dfff,15
8b2a8ac6439cfff,0
8b2a8ac6500cfff,14
8b2a8ac614b0fff,15
8b2a8ad4b22bfff,0
8b2a8ac64136fff,16
8b2a8ac64645fff,8
8b2a8a89262efff,3
8b2a8ac61945fff,3
8b2a8ac66640fff,15
8b2a8a8936e3fff,6
8b2a8ac62826fff,15
8b2a8ad484eefff,2
8b2a8ac6145efff,15
8b2a8ac660cbfff,15
8b2a8a8922e6fff,0
8b2a8ac63188fff,2
8b2a8ac6020afff,15
8b2a8ac64641fff,8
8b2a8ad4a50cfff,15
8b2a8a8922b0fff,3
8b2a8ac65db2fff,2
8b2a8ac65db2fff,1
8b2a8ac60572fff,15
8b2a8ac6591cfff,1
8b2a8ac6591cfff,0
8b2a8ac75b05fff,15
8b2a8ac66c60fff,15
8b2a8ad4a082fff,15
8b2a8ac6c0eafff,3
8b2a8ac6c0eafff,15
8b2a8a8921a1fff,10
8b2a8ac6c301fff,10
8b2a8ac6c301fff,7
8b2a8ac6c301fff,2
8b2a8ad4ab30fff,2
8b2a8ac6572efff,5
8b2a8ac638f2fff,15
8b2a8ac66402fff,15
8b2a8ac75b63fff,15
8b2a8a8934d4fff,6
8b2a8a896c9afff,0
8b2a8ac64ce5fff,15
8b2a8ac63958fff,2
8b2a8ac63958fff,15
8b2a8a89230efff,1
8b2a8ac60b1cfff,5
8b2a8ac6289afff,15
8b2a8ac64a1afff,0
8b2a8ac66cc5fff,9
8b2a8ac6441bfff,15
8b2a8ac66970fff,15
8b2a8ac63929fff,2
8b2a8ad4a70bfff,15
8b2a8ac66c80fff,15
8b2a8ad4b884fff,2
8b2a8ac6036dfff,5
8b2a8ad596a1fff,15
8b2a8ac61906fff,3
8b2a8ac60a86fff,5
8b2a8ad59661fff,15
8b2a8ac62b14fff,15
8b2a8ac660b5fff,15
8b2a8ad4bd84fff,1
8b2a8ac653b1fff,11
8b2a8ac6c085fff,15
8b2a8ac61471fff,15
8b2a8ac62036fff,15
8b2a8ac60b85fff,5
8b2a8a89239cfff,10
8b2a8a89239cfff,3
8b2a8ac63903fff,2
8b2a8ac604e4fff,15
8b2a8ac65d41fff,0
8b2a8ac65d41fff,1
8b2a8ad4a552fff,15
8b2a8ad48095fff,0
8b2a8a8936f3fff,6
8b2a8ac6674cfff,15
8b2a8ac62371fff,15
8b2a8ac6535cfff,0
8b2a8ad4b4b6fff,2
8b2a8ac63128fff,15
8b2a8ad4b55efff,8
8b2a8ad4b55efff,10
8b2a8ad4b55efff,2
8b2a8ac61934fff,5
8b2a8ac62d26fff,15
8b2a8ac65883fff,1
8b2a8ac6cd11fff,3
8b2a8ac64736fff,2
8b2a8ad486ebfff,2
8b2a8a8934abfff,6
8b2a8ad4aa28fff,2
8b2a8ad4aa28fff,0
8b2a8ac61a63fff,3
8b2a8ad4b456fff,10
8b2a8a896410fff,0
8b2a8ad5b2a3fff,15
8b2a8a89664cfff,0
8b2a8ac606d3fff,2
8b2a8ac60923fff,10
8b2a8ac61890fff,3
8b2a8a8936d2fff,7
8b2a8ad5b241fff,15
8b2a8a896282fff,0
8b2a8ad59251fff,15
8b2a8ac63cc4fff,15
8b2a8a89281cfff,0
8b2a8ad4b361fff,8
8b2a8ac62b5bfff,15
8b2a8ac628acfff,15
8b2a8a892535fff,0
8b2a8ac62140fff,15
8b2a8ad4a61efff,15
8b2a8ad4a61efff,2
8b2a8ad4a661fff,0
8b2a8ad592c1fff,15
8b2a8ac64ca4fff,15
8b2a8ac65cebfff,5
8b2a8ac64c61fff,16
8b2a8a8962b4fff,0
8b2a8a893603fff,6
8b2a8ac6622afff,15
8b2a8ac63a1cfff,15
8b2a8ad48580fff,15
8b2a8a89271efff,3
8b2a8ad4b29efff,0
8b2a8ac62c53fff,15
8b2a8ac6ddb6fff,7
8b2a8ad4e2d0fff,15
8b2a8ac60b50fff,5
8b2a8ac75b24fff,15
8b2a8ac610adfff,15
8b2a8ad5b38efff,15
8b2a8ad4ac22fff,15
8b2a8ac65860fff,11
8b2a8ac65860fff,0
8b2a8ac65711fff,5
8b2a8ac66621fff,15
8b2a8a892cb4fff,0
8b2a8ac6485bfff,2
8b2a8ac66ac0fff,15
8b2a8a89309bfff,6
8b2a8a89309bfff,15
8b2a8ac647a4fff,2
8b2a8ac6cc5afff,15
8b2a8ac64304fff,0
8b2a8ac6145afff,15
8b2a8a89260efff,3
8b2a8ac62a54fff,15
8b2a8ac657b3fff,5
8b2a8ad4a983fff,15
8b2a8a892784fff,3
8b2a8ad4ba9bfff,0
8b2a8ac62315fff,2
8b2a8ac62315fff,15
8b2a8ac64d8dfff,15
8b2a8ad5b221fff,15
8b2a8ac64283fff,10
8b2a8ac65281fff,5
8b2a8ad4b031fff,0
8b2a8ad4e205fff,15
8b2a8ac65248fff,0
8b2a8ac613b5fff,15
8b2a8ad4a74bfff,0
8b2a8ac61a02fff,3
8b2a8ad4a611fff,15
8b2a8ad4b6a4fff,0
8b2a8ac62105fff,15
8b2a8ac60d43fff,16
8b2a8ac60d43fff,15
8b2a8ad4ad66fff,15
8b2a8ac66a9cfff,15
8b2a8ad48512fff,15
8b2a8ac63ca6fff,15
8b2a8ac61620fff,15
8b2a8ac63c8cfff,15
8b2a8ac6296afff,15
8b2a8ad4a170fff,0
8b2a8ac6c871fff,7
8b2a8ac66070fff,15
8b2a8a8926aefff,3
8b2a8ac6ca46fff,6
8b2a8ac6ca46fff,7
8b2a8ac6169dfff,15
8b2a8ac6285afff,15
8b2a8ac640e5fff,8
8b2a8ac6066afff,2
8b2a8ad48576fff,15
8b2a8ad4b445fff,8
8b2a8ad4b445fff,1
8b2a8ad4e62cfff,15
8b2a8ac61cf0fff,5
8b2a8ad4b221fff,0
8b2a8ad4b221fff,2
8b2a8ad4bc1efff,2
8b2a8a89202cfff,11
8b2a8a89202cfff,1
8b2a8ac61ba9fff,3
8b2a8ac606adfff,2
8b2a8ad4ad44fff,15
8b2a8ac66450fff,15
8b2a8a896646fff,0
8b2a8ac65bacfff,0
8b2a8ad4841dfff,2
8b2a8ad4a1b3fff,15
8b2a8ac6cd21fff,3
8b2a8ac64220fff,0
8b2a8ac6c851fff,6
8b2a8ac6c851fff,7
8b2a8ac640acfff,2
8b2a8ac64042fff,0
8b2a8ac64042fff,8
8b2a8ac628d8fff,15
8b2a8ad48699fff,2
8b2a8ac662b1fff,15
8b2a8ac65b51fff,0
8b2a8ac6ca05fff,7
8b2a8ac64c51fff,15
8b2a8ad59ac2fff,15
8b2a8ac66623fff,15
8b2a8ac66514fff,15
8b2a8ac65976fff,1
8b2a8ac65976fff,0
8b2a8ac63066fff,2
8b2a8ac63066fff,15
8b2a8ac64005fff,8
8b2a8ac64b00fff,8
8b2a8ac6046dfff,15
8b2a8a896790fff,0
8b2a8ad592f4fff,15
8b2a8ad4b718fff,0
8b2a8ac668a4fff,15
8b2a8ad4ab11fff,2
8b2a8ad4ab73fff,2
8b2a8ac66a43fff,15
8b2a8ac60cc4fff,15
8b2a8a89296bfff,2
8b2a8ac60844fff,5
8b2a8ac66454fff,15
8b2a8a8964e6fff,0
8b2a8ac658aefff,11
8b2a8ac658aefff,1
8b2a8ac60966fff,10
8b2a8ac64156fff,8
8b2a8ac64156fff,2
8b2a8ac62c08fff,15
8b2a8a892964fff,2
8b2a8ac6c924fff,7
8b2a8ad5da4dfff,15
8b2a8ac6526afff,0
8b2a8ac63a06fff,15
8b2a8ac6018efff,2
8b2a8ac62124fff,15
8b2a8a893483fff,6
8b2a8ac60cdafff,15
8b2a8ac61169fff,3
8b2a8ac607b3fff,15
8b2a8ac6666efff,15
8b2a8ad4ac6bfff,15
8b2a8ad4a358fff,9
8b2a8ad4a358fff,2
8b2a8ac65071fff,14
8b2a8a8922cefff,6
8b2a8a8922cefff,2
8b2a8ac6414afff,10
8b2a8ac6414afff,8
8b2a8ac61101fff,3
8b2a8ac6ddabfff,7
8b2a8ac663abfff,15
8b2a8ac6050cfff,15
8b2a8ac64ae5fff,0
8b2a8ac64ae5fff,1
8b2a8ad4a984fff,15
8b2a8ac61065fff,3
8b2a8ad4b32bfff,8
8b2a8ac60b9afff,5
8b2a8ac64180fff,15
8b2a8ac654c3fff,5
8b2a8ac60085fff,11
8b2a8ac60085fff,2
8b2a8ad4b40cfff,10
8b2a8ac65949fff,11
8b2a8ac65949fff,0
8b2a8ad5b76afff,15
8b2a8ac66449fff,15
8b2a8ad4a232fff,0
8b2a8ac603acfff,15
8b2a8ad5b0ccfff,15
8b2a8ac6c999fff,3
8b2a8ad4a675fff,15
8b2a8ad4a2abfff,0
8b2a8ac65b62fff,0
8b2a8ad486f5fff,2
8b2a8ac608aafff,8
8b2a8ad5936dfff,15
8b2a8ac606f6fff,2
8b2a8ac62885fff,15
8b2a8ad4aa89fff,0
8b2a8ad4a24cfff,2
8b2a8ad4a24cfff,9
8b2a8ac65958fff,1
8b2a8ac65958fff,11
8b2a8ac608a0fff,8
8b2a8ad4e74bfff,15
8b2a8a896d91fff,8
8b2a8a896d91fff,0
8b2a8ac60cf0fff,15
8b2a8ac60069fff,5
8b2a8ac60069fff,15
8b2a8ac60420fff,15
8b2a8ad59a9cfff,15
8b2a8ac60575fff,15
8b2a8ad59686fff,15
8b2a8ad4b211fff,1
8b2a8ac6588afff,7
8b2a8ac6588afff,14
8b2a8ac6588afff,4
8b2a8ac6588afff,1
8b2a8a8962f1fff,2
8b2a8ac60509fff,15
8b2a8ac64c9bfff,15
8b2a8ac64ca9fff,15
8b2a8ac61a90fff,3
8b2a8a893598fff,6
8b2a8ac662d2fff,15
8b2a8ad596f0fff,15
8b2a8ac63863fff,15
8b2a8ac64b61fff,3
8b2a8ac64b61fff,10
8b2a8ac64d65fff,15
8b2a8ac65cb2fff,2
8b2a8ac6020bfff,15
8b2a8ad5916dfff,15
8b2a8ac60141fff,5
8b2a8ac61b94fff,3
8b2a8ad4b288fff,0
8b2a8a892bb2fff,11
8b2a8ac64225fff,0
8b2a8ac650ecfff,14
8b2a8ac61825fff,3
8b2a8ac6522dfff,0
8b2a8ac66293fff,15
8b2a8ac63429fff,15
8b2a8ac63ba9fff,15
8b2a8ac6ca9afff,7
8b2a8ac6ca9afff,2
8b2a8ac64706fff,2
8b2a8ad4ac84fff,15
8b2a8ac61cddfff,15
8b2a8a892909fff,2
8b2a8a892909fff,0
8b2a8a892152fff,1
8b2a8ac65a25fff,0
8b2a8ac65414fff,5
8b2a8ac60410fff,15
8b2a8a892624fff,3
8b2a8ac62354fff,15
8b2a8ac6109cfff,15
8b2a8a896795fff,0
8b2a8ad4b88dfff,2
8b2a8ac61696fff,15
8b2a8ac66144fff,15
8b2a8ac61812fff,3
8b2a8ad4856afff,0
8b2a8ac60ae0fff,5
8b2a8ac60d55fff,15
8b2a8ac6419afff,2
8b2a8a89355afff,6
8b2a8ac6ca63fff,6
8b2a8a893563fff,6
8b2a8a893563fff,15
8b2a8ac6171bfff,15
8b2a8ac6572bfff,5
8b2a8ac63a52fff,15
8b2a8a896450fff,0
8b2a8ac605a3fff,15
8b2a8ac665a3fff,15
8b2a8ac61853fff,3
8b2a8ad4ad76fff,15
8b2a8ac6514afff,14
8b2a8ac6514afff,4
8b2a8ac639a6fff,2
8b2a8ad59689fff,15
8b2a8ac65323fff,0
8b2a8ad4b896fff,2
8b2a8ac662ddfff,15
8b2a8ac6c963fff,6
8b2a8ac6c963fff,7
8b2a8ac64ba8fff,8
8b2a8a896674fff,0
8b2a8ac6532efff,0
8b2a8ac65661fff,5
8b2a8ad4ab2cfff,2
8b2a8a892145fff,11
8b2a8ac60734fff,2
8b2a8ac60734fff,11
8b2a8ac6caa9fff,7
8b2a8ad48450fff,2
8b2a8ac63862fff,15
8b2a8ac613b3fff,15
8b2a8a896252fff,2
8b2a8ac6c385fff,3
8b2a8ac64c50fff,15
8b2a8ac64a42fff,1
8b2a8ac64a42fff,10
8b2a8ac66136fff,15
8b2a8a892ad6fff,8
8b2a8a892ad6fff,0
8b2a8a892ab4fff,11
8b2a8a892ab4fff,0
8b2a8ac60701fff,2
8b2a8ac60a60fff,5
8b2a8ac60881fff,5
8b2a8ac60881fff,8
8b2a8ac63b69fff,15
8b2a8ac6c96afff,6
8b2a8a8962f2fff,2
8b2a8ad5b246fff,15
8b2a8ac63bb1fff,15
8b2a8ac61536fff,15
8b2a8ac608a2fff,5
8b2a8ac608a2fff,16
8b2a8ac608a2fff,8
8b2a8ac608a2fff,15
8b2a8a8920a4fff,0
8b2a8a8920a4fff,10
8b2a8a8926b6fff,3
8b2a8ac6521bfff,0
8b2a8ac6521bfff,3
8b2a8ac62a26fff,15
8b2a8ac610d3fff,15
8b2a8ac75b03fff,15
8b2a8ad59a6cfff,15
8b2a8ac64884fff,15
8b2a8ac64884fff,16
8b2a8a892671fff,2
8b2a8ad4a00dfff,0
8b2a8ac64a9afff,0
8b2a8ac6485cfff,2
8b2a8a89239dfff,10
8b2a8a89239dfff,3
8b2a8ac602e1fff,15
8b2a8ac63934fff,2
8b2a8ac64806fff,2
8b2a8ac648ecfff,2
8b2a8a892573fff,0
8b2a8ac61b31fff,3
8b2a8ac604b4fff,15
8b2a8ac652e5fff,0
8b2a8ac652e5fff,2
8b2a8ac61834fff,3
8b2a8ac6c99dfff,3
8b2a8ac6cc35fff,3
8b2a8ac6cc35fff,15
8b2a8a893490fff,6
8b2a8a893490fff,7
8b2a8a896442fff,0
8b2a8a89222cfff,0
8b2a8ac63d5dfff,2
8b2a8ac63aebfff,15
8b2a8ac648d6fff,2
8b2a8ad4a635fff,15
8b2a8ac65b08fff,0
8b2a8ac640d6fff,2
8b2a8ad4a093fff,15
8b2a8ac614b4fff,15
8b2a8ac60caafff,15
8b2a8ac629a4fff,15
8b2a8ac6c829fff,7
8b2a8ad4a15afff,0
8b2a8ac66400fff,15
8b2a8ac66ac5fff,15
8b2a8a892021fff,10
8b2a8a892021fff,11
8b2a8a892021fff,2
8b2a8a892021fff,1
8b2a8ac66609fff,15
8b2a8ac60171fff,5
8b2a8ad48506fff,15
8b2a8ac60b2afff,5
8b2a8ac61d00fff,5
8b2a8ad4b625fff,0
8b2a8ac60aabfff,5
8b2a8a8936a1fff,6
8b2a8ac642e5fff,0
8b2a8ac64500fff,15
8b2a8ac6034efff,15
8b2a8ac62b49fff,15
8b2a8a8967a2fff,0
8b2a8ad4e602fff,15
8b2a8a893448fff,6
8b2a8ac64bacfff,8
8b2a8ac6394dfff,15
8b2a8ad4a12afff,0
8b2a8ac60392fff,15
8b2a8ac6002afff,12
8b2a8ac60999fff,8
8b2a8a89214dfff,11
8b2a8ac64cd5fff,15
8b2a8ac63b1efff,15
8b2a8ac66a62fff,15
8b2a8ac60addfff,5
8b2a8a892625fff,3
8b2a8ac66086fff,15
8b2a8ac62a6dfff,15
8b2a8ac63af0fff,15
8b2a8a8930abfff,15
8b2a8ad59a76fff,15
8b2a8a8962dafff,2
8b2a8ac63d86fff,15
8b2a8a8920ddfff,13
8b2a8a8920ddfff,3
8b2a8ac6c14efff,7
8b2a8a89238cfff,1
8b2a8a89238cfff,10
8b2a8ac63b14fff,15
8b2a8a896753fff,0
8b2a8ac6590cfff,0
8b2a8ac6291cfff,15
8b2a8ad4bccbfff,0
8b2a8ac610aafff,15
8b2a8ac61b28fff,3
8b2a8ac66558fff,15
8b2a8ad4a651fff,15
8b2a8ad48684fff,1
8b2a8ac61ac2fff,3
8b2a8ac61ac2fff,15
8b2a8a893670fff,15
8b2a8ac6305cfff,2
8b2a8ac6dd83fff,7
8b2a8ac60ae9fff,5
8b2a8ac650abfff,5
8b2a8ac64b73fff,3
8b2a8a892004fff,10
8b2a8ac64d99fff,15
8b2a8ad5ba6cfff,15
8b2a8ac657aafff,5
8b2a8a89379bfff,6
8b2a8ac6ca22fff,6
8b2a8ac6ca22fff,7
8b2a8ac66b81fff,2
8b2a8ac643b5fff,0
8b2a8ad4ad9cfff,15
8b2a8ac60909fff,5
8b2a8ac60909fff,8
8b2a8ac60909fff,10
8b2a8ac650e5fff,14
8b2a8ac650e5fff,5
8b2a8ac6cacefff,7
8b2a8ac60a91fff,5
8b2a8ac6419efff,15
8b2a8ac6419efff,2
8b2a8ad48443fff,0
8b2a8ad4b3b6fff,0
8b2a8ac606c9fff,2
8b2a8ad59b69fff,2
8b2a8a892164fff,1
8b2a8ac60191fff,2
8b2a8ad4e276fff,15
8b2a8a8937b3fff,6
8b2a8a892654fff,2
8b2a8ad4b723fff,0
8b2a8ad4b723fff,2
8b2a8ac64924fff,0
8b2a8ac65db6fff,1
8b2a8ac66729fff,15
8b2a8ac631a5fff,2
8b2a8ac615b2fff,15
8b2a8ad4b0b6fff,0
8b2a8ad4acccfff,15
8b2a8ad5b206fff,15
8b2a8ad4a28cfff,0
8b2a8ac629a1fff,15
8b2a8ac6589cfff,1
8b2a8ac60aacfff,5
8b2a8ad4b68cfff,0
8b2a8ad59342fff,15
8b2a8ad59a58fff,15
8b2a8ad4bcddfff,0
8b2a8ad4bcddfff,1
8b2a8ad4bcddfff,2
8b2a8ad4bcddfff,10
8b2a8ac6096afff,5
8b2a8ac6438efff,0
8b2a8ac6c103fff,15
8b2a8ad4a6b6fff,2
8b2a8ac62c49fff,15
8b2a8ac605a5fff,15
8b2a8ac60a80fff,5
8b2a8ac61136fff,3
8b2a8ad4adb1fff,15
8b2a8a8962b1fff,0
8b2a8ac604b2fff,15
8b2a8ac64345fff,0
8b2a8ac6420dfff,0
8b2a8ac63b84fff,15
8b2a8ac662b5fff,15
8b2a8a89641efff,0
8b2a8ac65741fff,5
8b2a8ac60655fff,2
8b2a8ad4b770fff,0
8b2a8ad4b770fff,2
8b2a8ac62b25fff,15
8b2a8a89212afff,0
8b2a8ac66641fff,15
8b2a8ac60083fff,11
8b2a8ac60083fff,15
8b2a8ac61586fff,15
8b2a8ad5b220fff,15
8b2a8ac64715fff,2
8b2a8ac60b63fff,5
8b2a8ac61161fff,3
8b2a8ac6c019fff,15
8b2a8ac6c549fff,15
8b2a8ad59ae3fff,15
8b2a8ac63ba8fff,15
8b2a8ac647aefff,2
8b2a8ad4bd05fff,2
8b2a8ac6554dfff,5
8b2a8a8926cafff,3
8b2a8ac61b10fff,3
8b2a8a8934b0fff,6
8b2a8ac604dcfff,15
8b2a8ac62889fff,15
8b2a8a8924dcfff,3
8b2a8ac60c74fff,15
8b2a8ad59a00fff,2
8b2a8ac60434fff,15
8b2a8ac6c89bfff,15
8b2a8ac648b1fff,16
8b2a8ac61425fff,15
8b2a8ac614cbfff,15
8b2a8ac65406fff,5
8b2a8ad4a24bfff,2
8b2a8a892222fff,0
8b2a8ad4a2ccfff,2
8b2a8ac62a25fff,15
8b2a8a892863fff,0
8b2a8ac664cefff,15
8b2a8ad4bd5afff,2
8b2a8ac65d83fff,8
8b2a8ac65d83fff,2
8b2a8ac65d83fff,2
8b2a8ac65d83fff,10
8b2a8a893409fff,6
8b2a8ac63b9afff,15
8b2a8ac62a02fff,15
8b2a8a892a92fff,8
8b2a8a892a92fff,11
8b2a8ac650dafff,5
8b2a8ad4a932fff,15
8b2a8ac65818fff,14
8b2a8ad4a954fff,15
8b2a8a896cb2fff,0
8b2a8a896cb2fff,8
8b2a8ad4a389fff,0
8b2a8ac61b46fff,3
8b2a8ad48714fff,0
8b2a8ac6658afff,15
8b2a8ac64c10fff,15
8b2a8ac66469fff,15
8b2a8ad4ad13fff,15
8b2a8ad4b335fff,0
8b2a8ac61699fff,15
8b2a8ac618b6fff,3
8b2a8a8934e4fff,6
8b2a8ac60045fff,15
8b2a8ac63920fff,2
8b2a8ad4a693fff,15
8b2a8ad4b263fff,0
8b2a8ad4b2e1fff,0
8b2a8a893754fff,6
8b2a8ac65565fff,5
8b2a8ad59341fff,15
8b2a8a893432fff,6
8b2a8ad5962dfff,15
8b2a8a89641dfff,0
8b2a8ac60808fff,5
8b2a8ac64b68fff,1
8b2a8ac64b68fff,10
8b2a8ac60c03fff,15
8b2a8ac657b4fff,5
8b2a8a892531fff,0
8b2a8ac61040fff,15
8b2a8ac66c2bfff,15
8b2a8ac60d53fff,15
8b2a8ac6cdacfff,3
8b2a8ac64082fff,2
8b2a8a892882fff,0
8b2a8ad48420fff,2
8b2a8ad48420fff,15
8b2a8a892d9dfff,0
8b2a8ac6c322fff,2
8b2a8ad4b51afff,2
8b2a8ac60d13fff,15
8b2a8a893731fff,6
8b2a8ac75925fff,15
8b2a8ad4acd1fff,15
8b2a8ad4ada5fff,15
8b2a8ac66c9bfff,15
8b2a8a8964f1fff,0
8b2a8ac660b0fff,15
8b2a8ac63905fff,2
8b2a8ac66012fff,15
8b2a8ac64210fff,0
8b2a8ac64b13fff,8
8b2a8ac621a1fff,15
8b2a8ac606dafff,2
8b2a8ad4a061fff,0
8b2a8ac608c5fff,5
8b2a8ad4aa4cfff,2
8b2a8ad4aa4cfff,1
8b2a8ad4e2a3fff,15
8b2a8ad4a781fff,15
8b2a8ad4bc69fff,2
8b2a8ac60c19fff,15
8b2a8ac6565bfff,5
8b2a8ac6c9b1fff,7
8b2a8ac6c9b1fff,3
8b2a8ad4b084fff,0
8b2a8ac6c170fff,7
8b2a8ac6c170fff,15
8b2a8ac6131efff,15
8b2a8ad4b271fff,0
8b2a8ac66291fff,15
8b2a8ac60901fff,8
8b2a8ac60901fff,10
8b2a8ad59ae6fff,15
8b2a8ad59ae6fff,2
8b2a8ac6049dfff,15
8b2a8ac6054bfff,15
8b2a8ad4b234fff,0
8b2a8ac6ccaefff,15
8b2a8ac65313fff,11
8b2a8ad5974afff,15
8b2a8ac60d40fff,16
8b2a8ac60d40fff,15
8b2a8ad4b476fff,8
8b2a8ad4b476fff,10
8b2a8ad4e755fff,15
8b2a8ad5b24bfff,15
8b2a8ad4bc99fff,1
8b2a8ad4bc99fff,2
8b2a8ac60426fff,15
8b2a8ac63d59fff,2
8b2a8ad59b0dfff,2
8b2a8ac60309fff,15
8b2a8ac656defff,5
8b2a8ac66749fff,15
8b2a8ac60d8bfff,15
8b2a8ac65680fff,5
8b2a8ac66b92fff,15
8b2a8ac60298fff,2
8b2a8ad4a503fff,15
8b2a8ad4a712fff,15
8b2a8a89231cfff,1
8b2a8a89231cfff,8
8b2a8ad4a196fff,15
8b2a8ac64536fff,15
8b2a8ad4a2cbfff,2
8b2a8ad4a2cbfff,9
8b2a8ad4b5a3fff,2
8b2a8ad4b0f2fff,0
8b2a8ad4b0f2fff,2
8b2a8a8930defff,6
8b2a8a893db0fff,1
8b2a8ac60940fff,5
8b2a8ac64c2afff,15
8b2a8ac64c2afff,2
8b2a8ad4e270fff,15
8b2a8ac64d2afff,2
8b2a8ac64da8fff,15
8b2a8ac60a36fff,5
8b2a8ac609a6fff,8
8b2a8ad4ace4fff,15
8b2a8ac63912fff,2
8b2a8ac66bb1fff,15
8b2a8ad484e4fff,2
8b2a8ad48440fff,0
8b2a8ac64541fff,2
8b2a8a8930d4fff,15
8b2a8ac64a10fff,0
8b2a8ac64a10fff,8
8b2a8ac62112fff,15
8b2a8a89645cfff,0
8b2a8ac64cd2fff,15
8b2a8ac6108afff,15
8b2a8ac6089efff,15
8b2a8ad4bd8dfff,1
8b2a8ad4ab1cfff,2
8b2a8ac64651fff,8
8b2a8ac64651fff,15
8b2a8ac64651fff,2
8b2a8a892adefff,1
8b2a8ac60642fff,2
8b2a8ac64064fff,8
8b2a8ac63a8dfff,15
8b2a8ad4a10dfff,0
8b2a8a892574fff,0
8b2a8ad59250fff,15
8b2a8ac63860fff,15
8b2a8ac62cf2fff,15
8b2a8ac66105fff,15
8b2a8ac6cd0efff,3
8b2a8ac60413fff,15
8b2a8a8964c4fff,0
8b2a8ac63520fff,15
8b2a8ad4aa53fff,0
8b2a8ad4ac20fff,15
8b2a8ad4b422fff,10
8b2a8a892300fff,8
8b2a8ac6099afff,16
8b2a8ac66046fff,15
8b2a8ac63b46fff,15
8b2a8ac638c4fff,15
8b2a8ac668a1fff,15
8b2a8a89346dfff,6
8b2a8a89346dfff,15
8b2a8ac64adafff,0
8b2a8ac66646fff,15
8b2a8a8966e0fff,0
8b2a8ac6181cfff,3
8b2a8ac6482dfff,2
8b2a8ad4a933fff,15
8b2a8a892d9afff,0
8b2a8ac63c6efff,2
8b2a8ac64511fff,15
8b2a8ac65412fff,5
8b2a8ac6c32efff,10
8b2a8ac6c32efff,7
8b2a8ad4b482fff,2
8b2a8ac62addfff,15
8b2a8a892a5cfff,1
8b2a8ac63574fff,15
8b2a8ad59383fff,15
8b2a8ad4b345fff,0
8b2a8ad4b345fff,8
8b2a8ac60c0dfff,15
8b2a8ad596c5fff,15
8b2a8ad4bab0fff,0
8b2a8ac6351afff,15
8b2a8ac63a36fff,15
8b2a8ad59215fff,15
8b2a8ad4a369fff,1
8b2a8ad4a369fff,2
8b2a8ad4808cfff,0
8b2a8a892b89fff,0
8b2a8ac64b49fff,8
8b2a8ad4a636fff,15
8b2a8ac60122fff,15
8b2a8ad59b6efff,2
8b2a8ac62c18fff,15
8b2a8ad4ada0fff,15
8b2a8ac64300fff,0
8b2a8ac646d0fff,15
8b2a8ad5b35afff,15
8b2a8ac658d4fff,14
8b2a8ac646a8fff,15
8b2a8ac646a8fff,2
8b2a8a892c2afff,1
8b2a8a892c2afff,10
8b2a8a892c2afff,2
8b2a8ac656c0fff,5
8b2a8ac65041fff,0
8b2a8ac65041fff,11
8b2a8ac6cc41fff,15
8b2a8ac642cdfff,0
8b2a8ac6cb14fff,6
8b2a8a892acdfff,1
8b2a8ac65bb3fff,2
8b2a8ac666e9fff,15
8b2a8ad4b094fff,0
8b2a8ad5975dfff,15
8b2a8ac64b0afff,3
8b2a8ac64b0afff,8
8b2a8ac60d74fff,15
8b2a8ad4854bfff,0
8b2a8ac621a3fff,15
8b2a8ac64915fff,0
8b2a8ac608e9fff,5
8b2a8ac647a2fff,2
8b2a8a89216dfff,11
8b2a8a89216dfff,0
8b2a8a892a41fff,1
8b2a8ac667a5fff,15
8b2a8ac66a76fff,15
8b2a8ad4bca2fff,1
8b2a8ad4bca2fff,10
8b2a8ac6631cfff,15
8b2a8ad4aa95fff,0
8b2a8ac60b95fff,5
8b2a8ac6620cfff,15
8b2a8ac6c334fff,7
8b2a8ac6c334fff,2
8b2a8ac61872fff,3
8b2a8ac60aa6fff,5
8b2a8ac62b90fff,15
8b2a8ad4b999fff,2
8b2a8ac60732fff,2
8b2a8ac66aa5fff,2
8b2a8ac663b1fff,15
8b2a8ad5b29afff,15
8b2a8a8924a0fff,3
8b2a8ad4a99afff,15
8b2a8ac63b9bfff,15
8b2a8ad4a72cfff,15
8b2a8ac64ae8fff,0
8b2a8ac64ae8fff,1
8b2a8ac61506fff,15
8b2a8ac6cd0afff,3
8b2a8a892041fff,8
8b2a8ac62174fff,15
8b2a8ac65568fff,5
8b2a8ad5b351fff,15
8b2a8ac649a5fff,0
8b2a8ac6461afff,15
8b2a8ac6461afff,2
8b2a8ac6314afff,15
8b2a8ac66a0cfff,15
8b2a8ad4a732fff,15
8b2a8a89269cfff,3
8b2a8ac61d84fff,5
8b2a8ac661a2fff,15
8b2a8a892362fff,1
8b2a8ac65aeefff,1
8b2a8ad5b265fff,15
8b2a8ac6234cfff,15
8b2a8ac64b24fff,8
8b2a8ac64b24fff,2
8b2a8ac6cbb4fff,6
8b2a8ac6cbb4fff,7
8b2a8a8920c8fff,13
8b2a8ad4b251fff,0
8b2a8ad5b26bfff,15
8b2a8ac618b5fff,3
8b2a8ac6694afff,15
8b2a8ac63c69fff,2
8b2a8ac66b1cfff,15
8b2a8ac66b1cfff,2
8b2a8ad48433fff,2
8b2a8ac6599dfff,11
8b2a8ac6599dfff,1
8b2a8ac60089fff,11
8b2a8ad4aae8fff,0
8b2a8ac6512bfff,4
8b2a8ac65a49fff,0
8b2a8ac6cc00fff,15
8b2a8ad4b05bfff,0
8b2a8ac62824fff,15
8b2a8ac62b8efff,15
8b2a8ad4ba8bfff,0
8b2a8ac64c40fff,15
8b2a8ac64c40fff,16
8b2a8a893533fff,15
8b2a8ac62b59fff,15
8b2a8ac64309fff,0
8b2a8a89629afff,0
8b2a8ac66500fff,15
8b2a8ad486e8fff,2
8b2a8ac6435dfff,0
8b2a8ad4a8a0fff,15
8b2a8ad4b133fff,2
8b2a8ac614e3fff,15
8b2a8ad4a191fff,15
8b2a8ad59352fff,15
8b2a8a892025fff,10
8b2a8a892025fff,2
8b2a8a892025fff,1
8b2a8ac61b9dfff,3
8b2a8a896713fff,0
8b2a8ac64592fff,15
8b2a8ad4a1b1fff,15
8b2a8ac656a5fff,5
8b2a8a890490fff,0
8b2a8ac64524fff,15
8b2a8ad4a656fff,15
8b2a8ad59351fff,15
8b2a8ad5b386fff,15
8b2a8ac60ad3fff,5
8b2a8ac6caedfff,7
8b2a8ac6539bfff,5
8b2a8ad4acd8fff,15
8b2a8ac61193fff,15
8b2a8ac6381bfff,15
8b2a8ac64683fff,15
8b2a8ad4a1b4fff,15
8b2a8ac66c54fff,15
8b2a8ad4e62bfff,15
8b2a8ac645acfff,15
8b2a8ad5b263fff,15
8b2a8ad4a9b6fff,15
8b2a8a8922abfff,10
8b2a8ac649b2fff,15
8b2a8ad4e206fff,15
8b2a8ac6cb6afff,6
8b2a8ad48490fff,2
8b2a8a892008fff,10
8b2a8ac60745fff,2
8b2a8ac60745fff,15
8b2a8ac6190efff,3
8b2a8ac63a59fff,15
8b2a8ad4bd24fff,2
8b2a8ac6582cfff,1
8b2a8ad4b2ccfff,1
8b2a8ad59753fff,15
8b2a8ac6cc81fff,15
8b2a8a896c91fff,0
8b2a8a892093fff,0
8b2a8ad4e2dafff,15
8b2a8ac66b6afff,15
8b2a8ac64632fff,15
8b2a8ac64632fff,2
8b2a8ac6634bfff,15
8b2a8ad59b5dfff,15
8b2a8ad59b5dfff,2
8b2a8a8936f6fff,6
8b2a8ac62251fff,15
8b2a8ac65512fff,5
8b2a8ac6cc6efff,15
8b2a8a896224fff,0
8b2a8ac65732fff,5
8b2a8ad4a79bfff,15
8b2a8ad4a79bfff,2
8b2a8a893480fff,6
8b2a8ac6442bfff,2
8b2a8ac65a46fff,1
8b2a8ac6211dfff,15
8b2a8ad4a6defff,2
8b2a8ac6131dfff,15
8b2a8ad4aa45fff,2
8b2a8ad4aa45fff,1
8b2a8ac60344fff,5
8b2a8ac65bb5fff,2
8b2a8ac62882fff,15
8b2a8ac6236afff,15
8b2a8ad59b41fff,2
8b2a8ac65542fff,5
8b2a8a8922c4fff,2
8b2a8a8922c4fff,0
8b2a8ac6cd4dfff,3
8b2a8ac640cdfff,0
8b2a8a896659fff,0
8b2a8ad4e61dfff,15
8b2a8ac62a19fff,15
8b2a8a8922e0fff,0
8b2a8a8928c5fff,2
8b2a8a8928c5fff,0
8b2a8ad4b556fff,10
8b2a8ad4b556fff,3
8b2a8ac616b6fff,15
8b2a8ac6cc59fff,15
8b2a8ac64149fff,10
8b2a8ac64149fff,8
8b2a8ac64149fff,2
8b2a8ac6099dfff,8
8b2a8ac61a19fff,3
8b2a8a89246afff,2
8b2a8a89246afff,0
8b2a8a89246afff,3
8b2a8ac65171fff,4
8b2a8ac60211fff,15
8b2a8ad4b10dfff,2
8b2a8a8924d8fff,3
8b2a8ac6468afff,15
8b2a8a896216fff,0
8b2a8ad4a0f2fff,15
8b2a8ad5926dfff,15
8b2a8ac61732fff,15
8b2a8ac64109fff,8
8b2a8ac64109fff,2
8b2a8a8934a2fff,6
8b2a8ad5b234fff,15
8b2a8a892402fff,0
8b2a8a892402fff,3
8b2a8ac66b49fff,15
8b2a8ad4b78bfff,0
8b2a8a892a69fff,1
8b2a8a89675dfff,0
8b2a8ac63d93fff,15
8b2a8ac61824fff,3
8b2a8a892419fff,3
8b2a8ac6311bfff,2
8b2a8ac61c50fff,3
8b2a8ad5b370fff,15
8b2a8ac6c314fff,10
8b2a8ac6c314fff,2
8b2a8a896748fff,0
8b2a8ad592dafff,15
8b2a8ad4e28bfff,15
8b2a8ad59b03fff,2
8b2a8ad4a731fff,15
8b2a8ad59652fff,15
8b2a8ac640f3fff,2
8b2a8ac640f3fff,8
8b2a8ac631adfff,2
8b2a8ac65493fff,5
8b2a8ad4b8c6fff,2
8b2a8ac6ccb6fff,15
8b2a8ac6009efff,15
8b2a8ac6136dfff,15
8b2a8ac65861fff,0
8b2a8ac65572fff,5
8b2a8ac65ca6fff,8
8b2a8ac65ca6fff,2
8b2a8ad59659fff,15
8b2a8ad4ad15fff,15
8b2a8ac6c56efff,15
8b2a8ac6571efff,5
8b2a8ac60450fff,15
8b2a8ac66564fff,9
8b2a8ac60664fff,2
8b2a8ad5b20dfff,15
8b2a8ac62a45fff,15
8b2a8ad4a2b0fff,0
8b2a8a8937b0fff,6
8b2a8ad4ac0afff,15
8b2a8ad4e74cfff,15
8b2a8ad484f4fff,2
8b2a8ac642d6fff,10
8b2a8ac64290fff,10
8b2a8ac66c82fff,15
8b2a8ac60845fff,5
8b2a8ac64250fff,0
8b2a8ac60569fff,2
8b2a8a893532fff,15
8b2a8ad4e231fff,15
8b2a8ad4a715fff,15
8b2a8ac6029efff,2
8b2a8ac6cb1cfff,6
8b2a8ac662cefff,15
8b2a8ac6484bfff,8
8b2a8ac600e5fff,7
8b2a8ac600e5fff,15
8b2a8ad4b6a0fff,0
8b2a8ac6474dfff,10
8b2a8ac6474dfff,0
8b2a8ac6474dfff,2
8b2a8ac642c4fff,10
8b2a8ac642c4fff,0
8b2a8ad484f6fff,2
8b2a8ad4a362fff,0
8b2a8a8930f1fff,15
8b2a8a89372bfff,6
8b2a8ac61036fff,3
8b2a8ac61036fff,15
8b2a8ac66d44fff,15
8b2a8ac60cc5fff,2
8b2a8ac60cc5fff,15
8b2a8a8924f0fff,3
8b2a8ac61095fff,15
8b2a8ac61a92fff,3
8b2a8ac63d74fff,2
8b2a8ac64372fff,0
8b2a8ac6052cfff,15
8b2a8ac66bb5fff,15
8b2a8ac601b2fff,2
8b2a8ac60935fff,10
8b2a8ac63bb0fff,15
8b2a8ad59611fff,15
8b2a8ac63945fff,15
8b2a8ac664a8fff,15
8b2a8a8927adfff,3
8b2a8ac66c90fff,15
8b2a8ac63d85fff,15
8b2a8ac61552fff,15
8b2a8ad59363fff,15
8b2a8ac61a5bfff,3
8b2a8ad5b274fff,15
8b2a8ac63a0afff,15
8b2a8ac66271fff,15
8b2a8a893562fff,6
8b2a8a893562fff,15
8b2a8ac61889fff,3
8b2a8ac63974fff,2
8b2a8ac60436fff,15
8b2a8a892449fff,3
8b2a8ac63d12fff,15
8b2a8ac6640efff,15
8b2a8ac618dbfff,3
8b2a8ac65353fff,0
8b2a8ac613a5fff,15
8b2a8ad59a02fff,2
8b2a8ac6c10afff,15
8b2a8ac647aafff,2
8b2a8ac6534afff,0
8b2a8ac666b4fff,15
8b2a8ad4b24bfff,0
8b2a8ac60d35fff,15
8b2a8ac617abfff,15
8b2a8ac61c03fff,5
8b2a8ac60c96fff,15
8b2a8ac660e3fff,15
8b2a8a8920c1fff,13
8b2a8ac66171fff,15
8b2a8a893098fff,6
8b2a8a893098fff,15
8b2a8ac618b3fff,3
8b2a8a8927aefff,3
8b2a8ac60b66fff,5
8b2a8ac61556fff,15
8b2a8a89308afff,15
8b2a8ac65704fff,5
8b2a8ac6455afff,2
8b2a8ac6c390fff,3
8b2a8a8924c4fff,3
8b2a8a892836fff,0
8b2a8ac62068fff,2
8b2a8ac641a2fff,15
8b2a8ac629acfff,15
8b2a8a892708fff,3
8b2a8ac66d26fff,15
8b2a8ac61cc8fff,3
8b2a8ac61cc8fff,15
8b2a8ac648acfff,0
8b2a8ac648edfff,2
8b2a8a892399fff,10
8b2a8a892399fff,3
8b2a8ac62861fff,15
8b2a8ac611a1fff,3
8b2a8ac66118fff,15
8b2a8ac66a05fff,15
8b2a8ac66a05fff,2
8b2a8ac606e2fff,2
8b2a8ac75b61fff,15
8b2a8a892c23fff,1
8b2a8ac64611fff,2
8b2a8ac6025bfff,15
8b2a8ac61412fff,15
8b2a8ad592f6fff,15
8b2a8ac61885fff,3
8b2a8ac6c3a8fff,10
8b2a8ad4b0b0fff,0
8b2a8ad4b6c2fff,0
8b2a8ac6569efff,5
8b2a8ad4b364fff,8
8b2a8ad484a2fff,2
8b2a8ac65b1dfff,0
8b2a8ac6c38cfff,10
8b2a8ac6c38cfff,3
8b2a8a893720fff,6
8b2a8a893720fff,15
8b2a8ac61ab1fff,3
8b2a8ac65d62fff,0
8b2a8a89621dfff,2
8b2a8ac61440fff,15
8b2a8ac61584fff,15
8b2a8ad485adfff,15
8b2a8ac6385dfff,15
8b2a8a892942fff,2
8b2a8ac6389dfff,15
8b2a8ac6429dfff,10
8b2a8ac606a2fff,15
8b2a8ac6151cfff,15
8b2a8ac65ab0fff,1
8b2a8ac65ab0fff,4
8b2a8a893616fff,6
8b2a8ac64296fff,10
8b2a8ac64a06fff,2
8b2a8ac64a06fff,8
8b2a8ac6dd18fff,7
8b2a8ac6299bfff,15
8b2a8ac6c300fff,2
8b2a8ac6425bfff,0
8b2a8ac60ce9fff,2
8b2a8ac650e9fff,14
8b2a8ac650e9fff,5
8b2a8ac66b48fff,15
8b2a8ac66553fff,15
8b2a8ad4a786fff,15
8b2a8ac64821fff,2
8b2a8a892c58fff,10
8b2a8ac65416fff,5
8b2a8ac65d20fff,0
8b2a8ac61c42fff,3
8b2a8ac63ac4fff,15
8b2a8a8921a2fff,10
8b2a8ac60163fff,5
8b2a8ac64d75fff,2
8b2a8ac65671fff,5
8b2a8ac61025fff,3
8b2a8ac656c6fff,5
8b2a8ac66c5dfff,15
8b2a8ad4e2ccfff,15
8b2a8ac65ab1fff,1
8b2a8ac65ab1fff,2
8b2a8ac65ab1fff,4
8b2a8a8936a3fff,6
8b2a8ad4a34efff,1
8b2a8ad4a34efff,2
8b2a8ad4b79bfff,0
8b2a8ad4b79bfff,8
8b2a8ad4b79bfff,1
8b2a8ac63d44fff,2
8b2a8ac6cd35fff,3
8b2a8ad4b049fff,0
8b2a8ac64672fff,2
8b2a8ac61d5efff,5
8b2a8ac60c59fff,2
8b2a8ac60c59fff,15
8b2a8ac66532fff,15
8b2a8ad4a970fff,15
8b2a8ac65465fff,5
8b2a8ac60c88fff,15
8b2a8ac6ed24fff,15
8b2a8ac6380dfff,15
8b2a8ac64374fff,0
8b2a8ac61a26fff,3
8b2a8ac64a11fff,0
8b2a8ac64a11fff,8
8b2a8ad59041fff,15
8b2a8ad5b260fff,15
8b2a8ad5b201fff,15
8b2a8ac61c75fff,3
8b2a8ac64a92fff,8
8b2a8ad59205fff,15
8b2a8ac65146fff,4
8b2a8ac65119fff,14
8b2a8ac65119fff,4
8b2a8a896719fff,0
8b2a8ad4a924fff,15
8b2a8ad5925cfff,15
8b2a8ac63ba6fff,15
8b2a8ac62074fff,2
8b2a8ac62074fff,15
8b2a8ad4a6d3fff,2
8b2a8ac62b1afff,15
8b2a8ac65924fff,0
8b2a8ad59a75fff,15
8b2a8ac60461fff,15
8b2a8ac64d10fff,15
8b2a8a892148fff,11
8b2a8ac63033fff,2
8b2a8ac66534fff,15
8b2a8ac63931fff,2
8b2a8ad5b284fff,15
8b2a8ac66628fff,15
8b2a8ad4a846fff,15
8b2a8ac65ca5fff,8
8b2a8ac65ca5fff,10
8b2a8ad5939efff,15
8b2a8ad59a04fff,2
8b2a8a8920b6fff,0
8b2a8ad596c2fff,15
8b2a8ac66a23fff,2
8b2a8ac6c99bfff,3
8b2a8a8962e5fff,2
8b2a8ac60880fff,5
8b2a8ac60880fff,8
8b2a8ac60880fff,15
8b2a8ac6cb49fff,6
8b2a8a8923b0fff,13
8b2a8a8923b0fff,10
8b2a8ac60ad2fff,5
8b2a8ac62806fff,15
8b2a8ad5b294fff,15
8b2a8ac62915fff,15
8b2a8ad4a50efff,15
8b2a8ac650ddfff,5
8b2a8ac60c9bfff,15
8b2a8ac6cc46fff,15
8b2a8a8928cefff,1
8b2a8a8928cefff,0
8b2a8ac65a0dfff,1
8b2a8ac65a0dfff,0
8b2a8a89286afff,0
8b2a8ac60ae4fff,5
8b2a8ac6319cfff,15
8b2a8ac64321fff,0
8b2a8ac648e0fff,2
8b2a8a8966e2fff,0
8b2a8ac645b6fff,15
8b2a8ac61681fff,15
8b2a8ad5936afff,15
8b2a8ad4a829fff,15
8b2a8ac64ca6fff,15
8b2a8ac61a83fff,3
8b2a8ac65a83fff,0
8b2a8ac65a83fff,1
8b2a8ac666dbfff,15
8b2a8a8934f4fff,6
8b2a8ac65533fff,5
8b2a8ac62bb5fff,15
8b2a8ad4b8f3fff,2
8b2a8ac6c094fff,15
8b2a8ac6660bfff,15
8b2a8ac6ca25fff,6
8b2a8ad4b22cfff,0
8b2a8ac62d75fff,15
8b2a8ac6c00bfff,15
8b2a8ad4b190fff,0
8b2a8ad4b1b2fff,0
8b2a8ac63914fff,2
8b2a8ac6ca9bfff,2
8b2a8ac604d0fff,15
8b2a8a892095fff,0
8b2a8ac6c8f2fff,7
8b2a8ac6c8f2fff,3
8b2a8ad4b394fff,0
8b2a8ac62ad3fff,15
8b2a8ac663b6fff,15
8b2a8ad4e2f5fff,15
8b2a8a896206fff,0
8b2a8ac64a72fff,1
8b2a8ac6665efff,15
8b2a8ac66389fff,15
8b2a8a89214bfff,11
8b2a8ac60a65fff,5
8b2a8ac66d51fff,15
8b2a8ac63162fff,15
8b2a8ac635abfff,15
8b2a8a892199fff,0
8b2a8a892199fff,10
8b2a8ac65c86fff,8
8b2a8ac65c86fff,2
8b2a8ad4ad52fff,15
8b2a8ac62a64fff,15
8b2a8a89678dfff,0
8b2a8a89360afff,6
8b2a8ac64b01fff,8
8b2a8ac666c3fff,15
8b2a8ac61306fff,15
8b2a8ac649a2fff,15
8b2a8ac657b2fff,5
8b2a8ac66923fff,15
8b2a8ac64c53fff,15
8b2a8ac66058fff,15
8b2a8ad4a6abfff,15
8b2a8ac6ca35fff,6
8b2a8ac6ca35fff,7
8b2a8a8935aefff,6
8b2a8ac65855fff,11
8b2a8ac6214efff,2
8b2a8ac6214efff,15
8b2a8ac61581fff,15
8b2a8ac6c324fff,10
8b2a8ac6c324fff,7
8b2a8ac6c324fff,2
8b2a8a8964b1fff,0
8b2a8ac638c9fff,15
8b2a8ac660a2fff,15
8b2a8ac60485fff,15
8b2a8ad4ab16fff,2
8b2a8ac6cd50fff,3
8b2a8a89355cfff,6
8b2a8ad4b0c3fff,2
8b2a8ac64473fff,2
8b2a8a892aa8fff,0
8b2a8ad4b292fff,0
8b2a8ad4b2b4fff,0
8b2a8ad5b251fff,15
8b2a8ac65444fff,5
8b2a8ac6c8a3fff,3
8b2a8ad4a183fff,15
8b2a8ad4b8b5fff,2
8b2a8ad4aca5fff,15
8b2a8ad4b2a8fff,0
8b2a8ad59b12fff,15
8b2a8ad59b12fff,2
8b2a8ac60c33fff,15
8b2a8ad4adaafff,15
8b2a8ac64459fff,2
8b2a8ac6c804fff,7
8b2a8ac6c804fff,11
8b2a8ac65662fff,5
8b2a8ad4a033fff,15
8b2a8ad4a033fff,0
8b2a8ac65796fff,5
8b2a8a896431fff,0
8b2a8ad59365fff,15
8b2a8ac66716fff,15
8b2a8ad4ac2efff,15
8b2a8ac60735fff,2
8b2a8ac60735fff,11
8b2a8ad59aabfff,15
8b2a8ad59aabfff,2
8b2a8ac629b2fff,15
8b2a8ad5b299fff,15
8b2a8ad4a1b5fff,15
8b2a8ac64b6efff,3
8b2a8ac64b6efff,10
8b2a8ac6c8b1fff,3
8b2a8a893684fff,6
8b2a8ac6586bfff,1
8b2a8ac66c22fff,15
8b2a8ac6531efff,0
8b2a8ac6531efff,11
8b2a8ac6211bfff,15
8b2a8ac6cc48fff,15
8b2a8ac638b2fff,2
8b2a8ac61570fff,15
8b2a8ac66d62fff,15
8b2a8ac60c56fff,15
8b2a8ac6000bfff,7
8b2a8ac6000bfff,15
8b2a8ad5961efff,15
8b2a8ac61580fff,15
8b2a8ad4acf4fff,15
8b2a8ac60ba2fff,5
8b2a8ad4a22dfff,9
8b2a8ad4a22dfff,0
8b2a8ac66164fff,15
8b2a8ac628aafff,15
8b2a8ac64a29fff,1
8b2a8ac66440fff,15
8b2a8ac64b71fff,3
8b2a8ac6636afff,15
8b2a8a892764fff,3
8b2a8ac61da8fff,5
8b2a8ac64488fff,15
8b2a8ac64485fff,15
8b2a8a892ba1fff,0
8b2a8ad592c0fff,15
8b2a8ac60623fff,2
8b2a8ac6ca5afff,7
8b2a8ad592dcfff,15
8b2a8ad59603fff,15
8b2a8ad4ace0fff,15
8b2a8ac65cd4fff,8
8b2a8ac65cd4fff,5
8b2a8a892002fff,10
8b2a8ac6c18efff,15
8b2a8ac600f2fff,11
8b2a8ac604e5fff,15
8b2a8ac66614fff,15
8b2a8ad4a29afff,0
8b2a8ad4aa2dfff,2
8b2a8ac63923fff,2
8b2a8ad4a8e4fff,15
8b2a8ac628d1fff,15
8b2a8a892b90fff,11
8b2a8a892b90fff,0
8b2a8ac66613fff,15
8b2a8ad4a40cfff,15
8b2a8ac65649fff,5
8b2a8ac60836fff,8
8b2a8ac66653fff,15
8b2a8ad4b00efff,0
8b2a8ac648c5fff,2
8b2a8a8965a8fff,0
8b2a8a896506fff,0
8b2a8ad4b484fff,2
8b2a8ad59281fff,15
8b2a8ad4bc83fff,1
8b2a8ad4bc83fff,2
8b2a8a892c98fff,0
8b2a8ac62aa0fff,15
8b2a8ac60090fff,15
8b2a8ad485a5fff,15
8b2a8ac62b99fff,15
8b2a8ac6cb63fff,6
8b2a8ac6cd56fff,3
8b2a8ac610eefff,15
8b2a8ac661a4fff,15
8b2a8ac66221fff,15
8b2a8ac65d73fff,0
8b2a8ad4b511fff,2
8b2a8ad4b511fff,3
8b2a8ac60776fff,2
8b2a8ac60776fff,15
8b2a8ac600e8fff,15
8b2a8ac64926fff,0
8b2a8ac652d0fff,3
8b2a8ac606e3fff,2
8b2a8a892a51fff,1
8b2a8ad5930afff,15
8b2a8ad4b203fff,1
8b2a8ac638defff,15
8b2a8ad4b6aefff,0
8b2a8ac65101fff,4
8b2a8ac6114bfff,3
8b2a8ac6caeafff,7
8b2a8ac66551fff,15
8b2a8ac6078dfff,2
8b2a8ac639b6fff,2
8b2a8ad4e2b0fff,15
8b2a8ad5b353fff,15
8b2a8ac618aefff,3
8b2a8ac62965fff,15
8b2a8ac6605afff,15
8b2a8ac60b9bfff,5
8b2a8ad4b48cfff,2
8b2a8a8928aefff,0
8b2a8ad4a886fff,15
8b2a8ac61456fff,15
8b2a8ac61cf4fff,5
8b2a8ac6155bfff,15
8b2a8ad48683fff,1
8b2a8ad4e2e9fff,15
8b2a8ad4a621fff,15
8b2a8ac61c6dfff,3
8b2a8ad4a308fff,0
8b2a8ac6086dfff,5
8b2a8ac61d41fff,5
8b2a8ac66ae3fff,15
8b2a8ac6054afff,15
8b2a8ac64494fff,15
8b2a8ad4b06bfff,0
8b2a8a8935a6fff,6
8b2a8ac65c25fff,0
8b2a8ac65c25fff,1
8b2a8a8935a8fff,6
8b2a8ac64204fff,0
8b2a8ad4b273fff,0
8b2a8ac66950fff,15
8b2a8ac65d08fff,0
8b2a8ac61903fff,3
8b2a8ac65a23fff,0
8b2a8ac66522fff,15
8b2a8ad59a41fff,15
8b2a8a896643fff,0
8b2a8ac6589dfff,4
8b2a8ac6589dfff,1
8b2a8ac65098fff,5
8b2a8ac60031fff,7
8b2a8ac60031fff,12
8b2a8ac60031fff,13
8b2a8ac60031fff,15
8b2a8a8934c5fff,6
8b2a8ac60792fff,15
8b2a8ac66a1afff,15
8b2a8ac66ceefff,9
8b2a8ac6160efff,15
8b2a8ac658c3fff,1
8b2a8ad4e38bfff,15
8b2a8ac65b86fff,2
8b2a8ac60b94fff,5
8b2a8ad4ad6efff,15
8b2a8ac6312dfff,15
8b2a8a892664fff,2
8b2a8a892664fff,3
8b2a8ad4a813fff,15
8b2a8ac63999fff,2
8b2a8ac6ca61fff,6
8b2a8ac65911fff,11
8b2a8ac65911fff,1
8b2a8ac65911fff,0
8b2a8ac62cc3fff,15
8b2a8ac6565afff,5
8b2a8ac6472afff,2
8b2a8ad5966cfff,15
8b2a8ac62adafff,15
8b2a8ad59386fff,15
8b2a8ad4a4cbfff,2
8b2a8ac64018fff,8
8b2a8a893681fff,6
8b2a8ad4b561fff,0
8b2a8ac6420bfff,0
8b2a8ad4a725fff,15
8b2a8ad5936efff,15
8b2a8ac61a8bfff,3
8b2a8ac61a8bfff,15
8b2a8ad4e6f0fff,15
8b2a8a8920e1fff,13
8b2a8a8920e1fff,10
8b2a8ac63ad0fff,15
8b2a8a8920c5fff,13
8b2a8ac61d61fff,5
8b2a8a8962eafff,2
8b2a8ac61725fff,15
8b2a8ac60272fff,15
8b2a8ac60913fff,8
8b2a8a893408fff,6
8b2a8ad4a0e1fff,0
8b2a8ac62183fff,15
8b2a8ad4a6ccfff,15
8b2a8ad4a784fff,15
8b2a8a892d1dfff,0
8b2a8ac6eda4fff,15
8b2a8ac61310fff,15
8b2a8ac6cd8afff,15
8b2a8ac60096fff,15
8b2a8ac65706fff,5
8b2a8ad4a054fff,0
8b2a8ac66a22fff,2
8b2a8a89231bfff,0
8b2a8a89231bfff,1
8b2a8ac6c0cdfff,3
8b2a8ac666d9fff,15
8b2a8ac6c849fff,6
8b2a8ac65402fff,5
8b2a8ac62c72fff,15
8b2a8ac6cc20fff,3
8b2a8a89309efff,6
8b2a8a89309efff,15
8b2a8ac65a70fff,1
8b2a8a892194fff,10
8b2a8ac63c23fff,15
8b2a8ac641abfff,15
8b2a8a892144fff,11
8b2a8a892144fff,1
8b2a8ad4e250fff,15
8b2a8ac6352dfff,15
8b2a8a892d09fff,0
8b2a8a896490fff,0
8b2a8ac65854fff,1
8b2a8ac65854fff,11
8b2a8ac66ac1fff,15
8b2a8ac61944fff,3
8b2a8a89668afff,0
8b2a8ac610cefff,15
8b2a8ac66710fff,15
8b2a8ad59bacfff,15
8b2a8ac638d3fff,15
8b2a8ac61c90fff,15
8b2a8a892492fff,3
8b2a8ac61230fff,15
8b2a8ac60998fff,16
8b2a8ac60998fff,8
8b2a8ac6dc34fff,7
8b2a8ac64069fff,0
8b2a8ad4b50dfff,10
8b2a8ad4b50dfff,3
8b2a8ac600f5fff,11
8b2a8ac6412efff,2
8b2a8ac6222dfff,15
8b2a8ac63d92fff,15
8b2a8ad4bd98fff,1
8b2a8ad4bd98fff,2
8b2a8ac647a3fff,2
8b2a8a89255dfff,0
8b2a8ad592eefff,15
8b2a8ac65675fff,5
8b2a8ac64874fff,2
8b2a8a8922b4fff,3
8b2a8ac61711fff,15
8b2a8a89342cfff,6
8b2a8ad4b60afff,0
8b2a8ac6130afff,15
8b2a8ac60281fff,15
8b2a8a8963abfff,0
8b2a8a893634fff,6
8b2a8ac614adfff,15
8b2a8ac6162dfff,15
8b2a8a89368bfff,6
8b2a8a89368bfff,7
8b2a8ac61b8dfff,3
8b2a8ac64cb4fff,15
8b2a8ac6c173fff,7
8b2a8ac6c173fff,15
8b2a8ad4a30dfff,0
8b2a8ac65c19fff,4
8b2a8ac6cda1fff,3
8b2a8ac6212afff,15
8b2a8ac65b63fff,0
8b2a8ac66772fff,15
8b2a8ad4a22efff,0
8b2a8ac64d5afff,15
8b2a8ac64d5afff,16
8b2a8ac64d5afff,2
8b2a8ad592f2fff,15
8b2a8ad4a8ccfff,0
8b2a8ad4a875fff,15
8b2a8ac65670fff,5
8b2a8ac6cb33fff,6
8b2a8a892d50fff,0
8b2a8ad4ac98fff,15
8b2a8ac6281cfff,15
8b2a8ac61c1dfff,5
8b2a8ac64559fff,2
8b2a8ac6658dfff,15
8b2a8ac63b4bfff,15
8b2a8ac65726fff,5
8b2a8a892b8dfff,0
8b2a8ac64781fff,15
8b2a8ac64781fff,2
8b2a8ac65a1bfff,0
8b2a8ac66762fff,15
8b2a8ac61da5fff,5
8b2a8ac6235afff,15
8b2a8ad4b44dfff,0
8b2a8ac60688fff,2
8b2a8ac63374fff,15
8b2a8ad4b2ecfff,0
8b2a8a892a1cfff,0
8b2a8ac60d5efff,15
8b2a8ac666d6fff,15
8b2a8ac6104cfff,15
8b2a8ac60416fff,15
8b2a8ac658cafff,7
8b2a8ac658cafff,1
8b2a8ad4a68bfff,15
8b2a8ad4a68bfff,2
8b2a8ac64788fff,15
8b2a8ac6696cfff,15
8b2a8ac65a35fff,0
8b2a8ad4b250fff,0
8b2a8ac61d42fff,5
8b2a8ac64d82fff,15
8b2a8ad4a292fff,0
8b2a8ac66010fff,15
8b2a8ad59314fff,15
8b2a8ac60890fff,15
8b2a8a8964e4fff,0
8b2a8ac652e2fff,0
8b2a8ac652e2fff,2
8b2a8ac66a75fff,15
8b2a8ac6c0dafff,3
8b2a8ad5b346fff,15
8b2a8ac608c1fff,5
8b2a8ac60621fff,2
8b2a8ac60208fff,15
8b2a8ac66bb3fff,15
8b2a8ad4bda3fff,1
8b2a8ac65b81fff,2
8b2a8ac65b81fff,0
8b2a8ac6038bfff,15
8b2a8ad4bd2afff,2
8b2a8ad4b70bfff,0
8b2a8a892415fff,3
8b2a8ad4a2a6fff,0
8b2a8ad4b670fff,0
8b2a8ac6156cfff,15
8b2a8ac64812fff,0
8b2a8ac65c80fff,8
8b2a8ac65c80fff,2
8b2a8ac61a49fff,3
8b2a8ad4a1b6fff,15
8b2a8ac6dd02fff,7
8b2a8ac658f2fff,14
8b2a8ac6c382fff,3
8b2a8ac63a1efff,15
8b2a8ad5b3a8fff,15
8b2a8a8928b0fff,0
8b2a8a896419fff,0
8b2a8ac663acfff,15
8b2a8ac66a1efff,15
8b2a8a892329fff,1
8b2a8ac647b3fff,15
8b2a8ac66648fff,15
8b2a8ac643b4fff,0
8b2a8ac62cc4fff,15
8b2a8ad4b082fff,0
8b2a8a8923b5fff,10
8b2a8ad4a78bfff,15
8b2a8ac63b81fff,15
8b2a8a892230fff,0
8b2a8ac64629fff,2
8b2a8ac6414dfff,10
8b2a8ac6414dfff,2
8b2a8ac650d6fff,5
8b2a8ac644f5fff,15
8b2a8ad4a928fff,15
8b2a8ad484cdfff,2
8b2a8ac6cc33fff,15
8b2a8ac6571cfff,5
8b2a8ac75b06fff,15
8b2a8ac6dd81fff,7
8b2a8ac6604cfff,15
8b2a8ac62ab2fff,15
8b2a8ac63a23fff,15
8b2a8ac61d29fff,5
8b2a8ac6301bfff,2
8b2a8ac6c855fff,7
8b2a8ac65a01fff,0
8b2a8ac61054fff,15
8b2a8ad4b36efff,8
8b2a8ad592d0fff,15
8b2a8ac60a12fff,5
8b2a8ac6c9a5fff,7
8b2a8a896403fff,0
8b2a8ac6c3a4fff,10
8b2a8ac6c3a4fff,3
8b2a8ac62cedfff,15
8b2a8ac606a0fff,15
8b2a8ad4a0d6fff,15
8b2a8ad5b744fff,15
8b2a8ac65009fff,14
8b2a8ad4b4eafff,10
8b2a8a892582fff,0
8b2a8ad4a1a9fff,15
8b2a8ac60140fff,5
8b2a8ac65246fff,0
8b2a8ac63891fff,15
8b2a8a89640afff,0
8b2a8ac61332fff,15
8b2a8ac66c09fff,15
8b2a8ac63554fff,15
8b2a8a89648afff,0
8b2a8a892798fff,3
8b2a8ac6225dfff,15
8b2a8ac631abfff,2
8b2a8ac652cbfff,3
8b2a8ac652cbfff,2
8b2a8a893531fff,15
8b2a8ac648cafff,11
8b2a8ac648cafff,2
8b2a8ad4809afff,0
8b2a8ac64146fff,10
8b2a8ac64146fff,11
8b2a8ad59af6fff,15
8b2a8ad59af6fff,2
8b2a8ac66c95fff,15
8b2a8a892cd4fff,0
8b2a8a892cd4fff,10
8b2a8ac664f1fff,15
8b2a8ac63af6fff,15
8b2a8a89359dfff,6
8b2a8ad4ac09fff,15
8b2a8ac6519bfff,5
8b2a8ac63a08fff,15
8b2a8ac63921fff,2
8b2a8ac66644fff,15
8b2a8ac6c024fff,15
8b2a8ad4a259fff,2
8b2a8ad4a259fff,9
8b2a8ac654b6fff,5
8b2a8ad59a65fff,15
8b2a8a89658afff,0
8b2a8ac60b1afff,5
8b2a8ac63cc1fff,15
8b2a8ad4e788fff,15
8b2a8a8967b4fff,0
8b2a8ac6cc73fff,15
8b2a8ac6101cfff,15
8b2a8ad4b651fff,0
8b2a8ac615a2fff,15
8b2a8ac6624afff,15
8b2a8ac63b42fff,15
8b2a8a89344cfff,6
8b2a8ad4aa9efff,0
8b2a8ac62d6dfff,15
8b2a8ac600f0fff,11
8b2a8ac6dd96fff,7
8b2a8ac65d49fff,1
8b2a8ac62acefff,15
8b2a8ac66780fff,15
8b2a8ac66c25fff,15
8b2a8ad4a7a1fff,15
8b2a8ac6cc30fff,3
8b2a8ac6cc30fff,15
8b2a8ad48408fff,2
8b2a8ac601a1fff,13
8b2a8ac6672cfff,15
8b2a8ac60ba9fff,5
8b2a8ac61a43fff,3
8b2a8ac65d22fff,0
8b2a8ac66a55fff,15
8b2a8ad59765fff,15
8b2a8ac6c101fff,15
8b2a8a893704fff,6
8b2a8ac6289dfff,15
8b2a8ac638a5fff,15
8b2a8ac66a96fff,15
8b2a8ac610c2fff,15
8b2a8ac665aafff,15
8b2a8ad59b45fff,2
8b2a8ad4b362fff,8
8b2a8ac60234fff,15
8b2a8ac61c9bfff,15
8b2a8ac63b86fff,15
8b2a8ac639a3fff,2
8b2a8ac62369fff,15
8b2a8a892c4efff,10
8b2a8a892046fff,11
8b2a8ac666c0fff,15
8b2a8ac6cb26fff,6
8b2a8ac66403fff,15
8b2a8ad4b32afff,0
8b2a8ad4b32afff,8
8b2a8ac65233fff,11
8b2a8a8934d3fff,6
8b2a8ac6202bfff,15
8b2a8ac61340fff,15
8b2a8ac66958fff,15
8b2a8a893696fff,6
8b2a8ac66760fff,15
8b2a8a896433fff,0
8b2a8ad4e610fff,15
8b2a8ac62802fff,15
8b2a8ac61a1bfff,3
8b2a8ad4b6c5fff,0
8b2a8a896c9efff,0
8b2a8a8934eefff,6
8b2a8ac6594cfff,11
8b2a8ac63ccefff,15
8b2a8ac664d8fff,15
8b2a8ad4aaf0fff,0
8b2a8ac6c932fff,7
8b2a8ac6c932fff,2
8b2a8ac650dcfff,5
8b2a8ad4b99dfff,2
8b2a8ad4b372fff,0
8b2a8ad4b372fff,8
8b2a8ac6381efff,15
8b2a8ac66872fff,15
8b2a8ad5b21bfff,15
8b2a8ac6c3abfff,10
8b2a8ac66624fff,15
8b2a8ac66776fff,15
8b2a8ad4bd41fff,2
8b2a8ad4e25efff,15
8b2a8a890492fff,0
8b2a8ac666ebfff,15
8b2a8a892820fff,0
8b2a8ac66673fff,15
8b2a8ad4acb0fff,15
8b2a8ac60bb2fff,5
8b2a8ad4b576fff,10
8b2a8ac630e3fff,2
8b2a8ad59290fff,15
8b2a8ac6421bfff,0
8b2a8ac65babfff,0
8b2a8ac60d10fff,15
8b2a8ac65142fff,4
8b2a8a892376fff,1
8b2a8ac6c128fff,15
8b2a8ac60a49fff,5
8b2a8ac61783fff,15
8b2a8ad59aa6fff,15
8b2a8a8926edfff,2
8b2a8a8926edfff,3
8b2a8ac619aefff,3
8b2a8ac614f0fff,15
8b2a8ac6454cfff,2
8b2a8ad59adafff,15
8b2a8ac66c76fff,15
8b2a8ac60d75fff,15
8b2a8ad48482fff,2
8b2a8ac61a09fff,3
8b2a8ac63c92fff,15
8b2a8ad59149fff,15
8b2a8ac6682afff,15
8b2a8ad4a521fff,15
8b2a8ac66d65fff,15
8b2a8ac64a60fff,10
8b2a8ac64d2cfff,2
8b2a8ac608a1fff,8
8b2a8ac66911fff,15
8b2a8ac6c756fff,7
8b2a8ad4a55efff,15
8b2a8ad48459fff,0
8b2a8a89372dfff,6
8b2a8ac6024dfff,15
8b2a8ad4b565fff,0
8b2a8ac662c1fff,15
8b2a8ac60a0afff,5
8b2a8ac63c70fff,2
8b2a8ac63c70fff,15
8b2a8ac61362fff,15
8b2a8ac66472fff,15
8b2a8ad59a16fff,2
8b2a8a8926d8fff,3
8b2a8ad4bd5dfff,2
8b2a8ac601a3fff,13
8b2a8ac601a3fff,2
8b2a8ac600b6fff,2
8b2a8ad4b123fff,2
8b2a8a8966e4fff,0
8b2a8ac61449fff,15
8b2a8ac64a0cfff,1
8b2a8ad59b63fff,2
8b2a8ac66120fff,15
8b2a8a892504fff,0
8b2a8ac62855fff,15
8b2a8ac66135fff,15
8b2a8ac65931fff,1
8b2a8ac65931fff,0
8b2a8a89248efff,3
8b2a8ac65180fff,4
8b2a8ac6079bfff,15
8b2a8ad59ad2fff,15
8b2a8ac606cdfff,2
8b2a8ac61632fff,15
8b2a8ac60830fff,8
8b2a8ac6cb6dfff,6
8b2a8ad5b29cfff,15
8b2a8a890590fff,2
8b2a8a89351bfff,6
8b2a8a89351bfff,15
8b2a8ad4a036fff,15
8b2a8a8928d8fff,1
8b2a8a8928d8fff,0
8b2a8ac61625fff,15
8b2a8ac6598cfff,11
8b2a8ac600a3fff,11
8b2a8ac600a3fff,2
8b2a8ac614a8fff,15
8b2a8a893464fff,6
8b2a8a893464fff,15
8b2a8ad4ac48fff,15
8b2a8ac6285dfff,15
8b2a8a8924a5fff,3
8b2a8ac60525fff,15
8b2a8ac64264fff,2
8b2a8ac64264fff,0
8b2a8ad4b0f1fff,2
8b2a8ac63a50fff,15
8b2a8ac60c46fff,15
8b2a8a89674bfff,0
8b2a8ac6552dfff,5
8b2a8ac61619fff,15
8b2a8ac65336fff,0
8b2a8ad59043fff,15
8b2a8ac65c66fff,1
8b2a8ac645a5fff,15
8b2a8a892234fff,0
8b2a8ad4a049fff,0
8b2a8ac650a0fff,4
8b2a8ac650a0fff,5
8b2a8ad4bad2fff,8
8b2a8ad4bad2fff,0
8b2a8ac60d00fff,15
8b2a8ac63d49fff,2
8b2a8ac65232fff,2
8b2a8ac65232fff,11
8b2a8ac646dcfff,15
8b2a8ad4856bfff,0
8b2a8a896662fff,0
8b2a8ac6cba4fff,6
8b2a8ad4a261fff,9
8b2a8ad4a261fff,2
8b2a8ac64d94fff,15
8b2a8ac61c5cfff,3
8b2a8ac62305fff,2
8b2a8ac62305fff,15
8b2a8ac6c172fff,15
8b2a8ac61430fff,15
8b2a8ac61a9afff,15
8b2a8ac66681fff,15
8b2a8ad4b01efff,0
8b2a8a893558fff,6
8b2a8ac61664fff,15
8b2a8ac62b73fff,15
8b2a8ac66b35fff,15
8b2a8ac60659fff,2
8b2a8ac6495cfff,2
8b2a8ad4a424fff,15
8b2a8ad48598fff,2
8b2a8a892512fff,0
8b2a8ad4b5a1fff,2
8b2a8ac60016fff,11
8b2a8ac60016fff,7
8b2a8ac60016fff,13
8b2a8ac60016fff,2
8b2a8ac6582efff,1
8b2a8ad4b134fff,2
8b2a8ac65935fff,1
8b2a8ac65935fff,0
8b2a8ac6600afff,15
8b2a8ad4a465fff,15
8b2a8ac6cda0fff,3
8b2a8ad59b74fff,2
8b2a8ac618e3fff,3
8b2a8ac64896fff,16
8b2a8ac64ad8fff,0
8b2a8ac64b5bfff,1
8b2a8ac6cda2fff,3
8b2a8ac6206dfff,2
8b2a8ac60b69fff,5
8b2a8ac65198fff,5
8b2a8ad4a06afff,0
8b2a8ac64b6dfff,1
8b2a8ad59b65fff,2
8b2a8ac60c2efff,15
8b2a8ad4a885fff,15
8b2a8a893732fff,6
8b2a8ac6481bfff,2
8b2a8ac6481bfff,0
8b2a8ac60b6cfff,5
8b2a8ad4e625fff,15
8b2a8a8936c3fff,6
8b2a8a8936c3fff,7
8b2a8ac62a05fff,15
8b2a8ac62b05fff,15
8b2a8ac63b6bfff,15
8b2a8ac64b35fff,8
8b2a8ac62886fff,15
8b2a8ad4a51bfff,15
8b2a8ac60adcfff,5
8b2a8ac61a45fff,3
8b2a8ad4b71efff,0
8b2a8ac644e3fff,15
8b2a8ac644e3fff,2
8b2a8ac66852fff,15
8b2a8a892acefff,1
8b2a8ad59356fff,15
8b2a8a892af6fff,0
8b2a8ac61502fff,15
8b2a8ac64110fff,15
8b2a8a892d06fff,0
8b2a8a892286fff,3
8b2a8ac616aefff,15
8b2a8ac6070afff,2
8b2a8ad4a472fff,15
8b2a8ad4b38bfff,0
8b2a8ac60600fff,2
8b2a8ad4b3b4fff,0
8b2a8ad4a2f5fff,2
8b2a8ad4a2f5fff,0
8b2a8ac65476fff,5
8b2a8ad4a06efff,0
8b2a8ac65546fff,5
8b2a8ad59aa5fff,15
8b2a8ad59aa5fff,2
8b2a8ac61081fff,15
8b2a8ac6c969fff,6
8b2a8ad596d2fff,15
8b2a8ad596e2fff,15
8b2a8ac6615cfff,15
8b2a8a892235fff,0
8b2a8ad5b392fff,15
8b2a8ac63116fff,2
8b2a8ad596e9fff,15
8b2a8ac60d03fff,15
8b2a8ac61058fff,15
8b2a8ac6458cfff,15
8b2a8ac60293fff,2
8b2a8ac602a2fff,15
8b2a8ad4b2f0fff,0
8b2a8ac61496fff,15
8b2a8ac64d4cfff,15
8b2a8ac6cd64fff,3
8b2a8ad4b574fff,1
8b2a8ad4b574fff,10
8b2a8a892ac1fff,1
8b2a8ac6055afff,15
8b2a8ac6025afff,15
8b2a8ac61261fff,15
8b2a8ac64a15fff,0
8b2a8ac64a15fff,2
8b2a8ac64a15fff,8
8b2a8ac61ac3fff,3
8b2a8ac61ac3fff,15
8b2a8ad5b232fff,15
8b2a8ac62b88fff,15
8b2a8ac65170fff,4
8b2a8ac6131bfff,15
8b2a8ac652b0fff,5
8b2a8ac61321fff,15
8b2a8a892299fff,7
8b2a8ad4b483fff,2
8b2a8a892560fff,0
8b2a8ac6451dfff,15
8b2a8ac643aafff,0
8b2a8ac62a04fff,15
8b2a8ac62331fff,2
8b2a8ac60c0efff,15
8b2a8ac61cecfff,3
8b2a8ac61075fff,3
8b2a8ac61075fff,15
8b2a8ad4ac1efff,15
8b2a8ac66d43fff,15
8b2a8ac6181dfff,3
8b2a8ac63a16fff,15
8b2a8ac63518fff,15
8b2a8ac61864fff,3
8b2a8ad5962afff,15
8b2a8ad4a4c2fff,2
8b2a8ac61b0efff,3
8b2a8ac62b2afff,15
8b2a8ac61c20fff,5
8b2a8a89358bfff,6
8b2a8ac60151fff,15
8b2a8ac6145cfff,15
8b2a8ac62a5afff,15
8b2a8ad4a215fff,0
8b2a8ad4b52dfff,10
8b2a8ad4a08bfff,15
8b2a8ad59303fff,15
8b2a8ac644e8fff,15
8b2a8ac644e8fff,2
8b2a8ac6616bfff,15
8b2a8ac63a64fff,15
8b2a8ad4a355fff,0
8b2a8ad59209fff,15
8b2a8ad4bc0dfff,2
8b2a8ad4b253fff,0
8b2a8ac65901fff,1
8b2a8ac65901fff,0
8b2a8ac6cb61fff,6
8b2a8a89241bfff,3
8b2a8ac63b8efff,15
8b2a8ac6cd20fff,3
8b2a8ac6ccf4fff,15
8b2a8ad59ad4fff,15
8b2a8ac6441afff,15
8b2a8ad5d260fff,15
8b2a8ac66666fff,15
8b2a8ac6032bfff,5
8b2a8ac6032bfff,15
8b2a8ad4b681fff,0
8b2a8a892c40fff,10
8b2a8ad4b441fff,1
8b2a8ac6696afff,15
8b2a8ad484b1fff,2
8b2a8ac6584efff,1
8b2a8ac66315fff,15
8b2a8ad48474fff,2
8b2a8ac64384fff,0
8b2a8ad4a909fff,15
8b2a8ac63153fff,2
8b2a8a892650fff,2
8b2a8a892caafff,13
8b2a8a892caafff,0
8b2a8ac60a1cfff,5
8b2a8ac66960fff,15
8b2a8ac65995fff,0
8b2a8ac62b94fff,15
8b2a8a896230fff,0
8b2a8ac64b91fff,2
8b2a8ac611a3fff,3
8b2a8ad4b2a5fff,0
8b2a8ac60ce5fff,15
8b2a8ac63ba4fff,15
8b2a8ac6581bfff,14
8b2a8ac62359fff,15
8b2a8ac61173fff,3
8b2a8ac6dd82fff,7
8b2a8ac65966fff,1
8b2a8ac630b6fff,15
8b2a8ac668adfff,15
8b2a8ac638a0fff,15
8b2a8ac6048bfff,15
8b2a8ac65d15fff,0
8b2a8ac65d15fff,1
8b2a8ac65285fff,5
8b2a8ac6048dfff,15
8b2a8ac6521cfff,3
8b2a8ac66602fff,15
8b2a8ac614e9fff,15
8b2a8ad4ab65fff,2
8b2a8a896406fff,0
8b2a8ac610c4fff,15
8b2a8ac66375fff,15
8b2a8ac66ce4fff,15
8b2a8ac650a9fff,5
8b2a8ad4a922fff,15
8b2a8ac64480fff,15
8b2a8ac66668fff,15
8b2a8ac6342dfff,15
8b2a8ad5b2b1fff,15
8b2a8ac61813fff,3
8b2a8ac65b5cfff,0
8b2a8ac6084cfff,5
8b2a8ac64a04fff,1
8b2a8ac64a04fff,2
8b2a8ac64a04fff,8
8b2a8ac62a9dfff,2
8b2a8ac64074fff,8
8b2a8ac61cc5fff,3
8b2a8ac6601afff,15
8b2a8ac665adfff,15
8b2a8a8964c9fff,0
8b2a8ac66c6bfff,15
8b2a8ad4a2cdfff,2
8b2a8ad4a2cdfff,9
8b2a8a892ca5fff,0
8b2a8ac6468bfff,15
8b2a8ac66d52fff,15
8b2a8ad4b740fff,0
8b2a8ad4851cfff,15
8b2a8ac648c3fff,2
8b2a8ad59a24fff,2
8b2a8ac64cddfff,15
8b2a8ac64cddfff,2
8b2a8ac6c214fff,10
8b2a8ac63d00fff,15
8b2a8ac64200fff,0
8b2a8ac6681cfff,15
8b2a8ac65d65fff,0
8b2a8ac616a4fff,15
8b2a8ac66d60fff,15
8b2a8ad4b885fff,2
8b2a8ac6c942fff,7
8b2a8ac64863fff,2
8b2a8ad592d3fff,15
8b2a8ad59a22fff,2
8b2a8ac6436afff,2
8b2a8ac6436afff,0
8b2a8a892d6cfff,0
8b2a8ac64962fff,2
8b2a8ad5b21dfff,15
8b2a8ad4a6e6fff,15
8b2a8ac6479bfff,15
8b2a8a89371cfff,6
8b2a8ac62c6bfff,15
8b2a8ad4adadfff,15
8b2a8ac61512fff,15
8b2a8ac64194fff,15
8b2a8ac60aedfff,5
8b2a8ac64044fff,8
8b2a8ad4bd43fff,2
8b2a8ac65ce1fff,4
8b2a8ac65ce1fff,5
8b2a8ac628b0fff,15
8b2a8ac63d2dfff,2
8b2a8ad4a413fff,15
8b2a8ad4a413fff,2
8b2a8ac64cc0fff,15
8b2a8ad4b30bfff,0
8b2a8ac6482afff,2
8b2a8ad4b9b6fff,2
8b2a8a892748fff,3
8b2a8ad596d3fff,15
8b2a8ac65535fff,5
8b2a8ad4a476fff,15
8b2a8ad4b325fff,0
8b2a8ad4b325fff,8
8b2a8ad4b325fff,0
8b2a8ac6c986fff,7
8b2a8ac6c986fff,3
8b2a8a8935a1fff,6
8b2a8ac63a82fff,15
8b2a8ac659a0fff,11
8b2a8ac61550fff,15
8b2a8ac6679afff,15
8b2a8ac62d55fff,15
8b2a8ad4a2acfff,0
8b2a8ac6615bfff,15
8b2a8ac606b3fff,15
8b2a8ac6c770fff,3
8b2a8ac6c770fff,7
8b2a8ac63526fff,15
8b2a8ac65788fff,5
8b2a8ac667a1fff,15
8b2a8ac61488fff,15
8b2a8ad4b4d8fff,3
8b2a8ad4b4d8fff,10
8b2a8ad4b4d8fff,2
8b2a8ac65529fff,5
8b2a8ac6658efff,15
8b2a8a892563fff,0
8b2a8ac60306fff,15
8b2a8ac62a76fff,15
8b2a8ac60695fff,15
8b2a8ad4859afff,2
8b2a8ac65945fff,1
8b2a8ac65945fff,11
8b2a8a8929a5fff,0
8b2a8a892862fff,0
8b2a8ac66b0efff,15
8b2a8ad4ab24fff,2
8b2a8ac61a46fff,3
8b2a8ac66002fff,15
8b2a8ac65820fff,1
8b2a8ac65820fff,11
8b2a8ac65820fff,0
8b2a8ac6341dfff,15
8b2a8ac65575fff,5
8b2a8ac60023fff,12
8b2a8ac65058fff,11
8b2a8ac65058fff,14
8b2a8ac65b2bfff,0
8b2a8ac66676fff,15
8b2a8ac64cadfff,15
8b2a8ad4b400fff,10
8b2a8a8934f5fff,6
8b2a8ac65192fff,5
8b2a8ad4abb4fff,15
8b2a8ac6422dfff,0
8b2a8ac61466fff,15
8b2a8ac6026cfff,15
8b2a8ac6c773fff,7
8b2a8a892012fff,10
8b2a8ac66b1efff,15
8b2a8ac66b1efff,2
8b2a8ac64233fff,0
8b2a8ac604a0fff,15
8b2a8ac64501fff,15
8b2a8ac61da9fff,5
8b2a8ac66414fff,15
8b2a8ac65ba6fff,2
8b2a8ac61231fff,15
8b2a8ad4bd2dfff,2
8b2a8ac6058afff,15
8b2a8ad4aa5efff,2
8b2a8ad4aa5efff,1
8b2a8ad4aa5efff,0
8b2a8a89258afff,0
8b2a8a89258afff,3
8b2a8ac658eafff,1
8b2a8ac658eafff,11
8b2a8ac65c00fff,4
8b2a8ad4a816fff,15
8b2a8ac6058dfff,15
8b2a8a89211efff,10
8b2a8ac60c4cfff,15
8b2a8ad4a440fff,15
8b2a8ad4b258fff,11
8b2a8ad4b258fff,0
8b2a8ac6085cfff,5
8b2a8ac60a8dfff,5
8b2a8ac66366fff,15
8b2a8ac65750fff,5
8b2a8ac6595cfff,1
8b2a8ac6595cfff,11
8b2a8ac606dbfff,2
8b2a8ac64450fff,2
8b2a8ad4bc66fff,2
8b2a8ad592b4fff,15
8b2a8ac602c8fff,15
8b2a8ad4e2e0fff,15
8b2a8ac64c4afff,15
8b2a8ac607aafff,2
8b2a8ac607aafff,15
8b2a8ac646c3fff,15
8b2a8ac65699fff,5
8b2a8ac659b3fff,11
8b2a8ac659b3fff,0
8b2a8ac60030fff,7
8b2a8ac60030fff,13
8b2a8ac6c3aafff,10
8b2a8ac6c3aafff,3
8b2a8ac6095dfff,5
8b2a8ad4b0eafff,2
8b2a8ad4a90efff,15
8b2a8ac64a88fff,0
8b2a8ac601b5fff,2
8b2a8ac63a6cfff,15
8b2a8ac66d20fff,15
8b2a8ad4e674fff,15
8b2a8ac64c44fff,16
8b2a8ad592ddfff,15
8b2a8ac62913fff,15
8b2a8a8926e9fff,7
8b2a8a8926e9fff,2
8b2a8a8926e9fff,3
8b2a8ac63c48fff,2
8b2a8ac61ce1fff,3
8b2a8ac61ce1fff,5
8b2a8a892696fff,3
8b2a8ac65c09fff,4
8b2a8ac61aa9fff,3
8b2a8ac66750fff,15
8b2a8ac61236fff,15
8b2a8ad4ac0dfff,15
8b2a8ac6415dfff,10
8b2a8ac6415dfff,8
8b2a8a893426fff,6
8b2a8ac6c76bfff,7
8b2a8ad4b31cfff,0
8b2a8ad4b448fff,0
8b2a8ad4b448fff,1
8b2a8ad4a152fff,0
8b2a8ac60a16fff,5
8b2a8ac64c5efff,15
8b2a8a892495fff,3
8b2a8ad4a08afff,15
8b2a8ac664ebfff,15
8b2a8ac60680fff,15
8b2a8a892502fff,0
8b2a8ac6c998fff,3
8b2a8ac63403fff,15
8b2a8ac6141bfff,15
8b2a8a8920d2fff,3
8b2a8ad4a670fff,15
8b2a8ac6689bfff,15
8b2a8ad4a32efff,0
8b2a8a89244efff,0
8b2a8a89244efff,3
8b2a8ad4aa71fff,2
8b2a8ac61d31fff,5
8b2a8ac6575afff,5
8b2a8ac64453fff,2
8b2a8ac63ad4fff,15
8b2a8ad4b4b5fff,2
8b2a8ac64798fff,15
8b2a8ac6224bfff,15
8b2a8ad4a531fff,15
8b2a8ad4b99cfff,2
8b2a8ad4b609fff,0
8b2a8ad4a60afff,15
8b2a8ac61a72fff,3
8b2a8ac65260fff,0
8b2a8ac63aa4fff,15
8b2a8a893522fff,15
8b2a8ac64d6cfff,15
8b2a8ac62b06fff,15
8b2a8ac66249fff,15
8b2a8a896595fff,11
8b2a8a896595fff,0
8b2a8ac668b3fff,15
8b2a8ac62110fff,15
8b2a8ac6515bfff,14
8b2a8ac66a4cfff,15
8b2a8ad4a86dfff,2
8b2a8ac60194fff,2
8b2a8ac61985fff,3
8b2a8ac61429fff,15
8b2a8ac62c43fff,15
8b2a8ac65664fff,5
8b2a8ad4a0acfff,15
8b2a8ac6cb19fff,6
8b2a8ac607b1fff,15
8b2a8ac61d81fff,5
8b2a8ac6284afff,15
8b2a8ad4b2aefff,0
8b2a8a892852fff,0
8b2a8ad4b299fff,0
8b2a8ac654e5fff,5
8b2a8ac63c99fff,15
8b2a8ac60395fff,15
8b2a8ac64783fff,15
8b2a8ac60482fff,15
8b2a8a8920c2fff,13
8b2a8a8920c2fff,3
8b2a8ac66d24fff,15
8b2a8ac62ae3fff,15
8b2a8a892c69fff,10
8b2a8a892c69fff,0
8b2a8ad593b6fff,15
8b2a8ad596a2fff,15
8b2a8ac63c5bfff,15
8b2a8ac600ecfff,15
8b2a8ac60c13fff,15
8b2a8ac64430fff,15
8b2a8ac64421fff,15
8b2a8ad4a94bfff,2
8b2a8ac6cb0dfff,6
8b2a8ac656edfff,5
8b2a8ad4b6f6fff,0
8b2a8ad4bcd4fff,0
8b2a8ad4bcd4fff,10
8b2a8ac65b05fff,0
8b2a8ad59256fff,15
8b2a8ac63b55fff,15
8b2a8ac65676fff,5
8b2a8a8936a4fff,6
8b2a8ac75b28fff,15
8b2a8ac61c4efff,3
8b2a8ac66424fff,15
8b2a8a892330fff,8
8b2a8ac65485fff,5
8b2a8ad4a81bfff,15
8b2a8ac64d1efff,15
8b2a8ad4bd19fff,2
8b2a8ac66a81fff,15
8b2a8ac6c9b5fff,7
8b2a8a89242cfff,0
8b2a8ac64073fff,8
8b2a8ad4a25bfff,9
8b2a8ad484edfff,2
8b2a8ad4ac28fff,15
8b2a8ad4b581fff,2
8b2a8a896763fff,0
8b2a8ac63185fff,2
8b2a8ac63185fff,15
8b2a8ac66589fff,15
8b2a8ac62350fff,15
8b2a8ad4a29dfff,0
8b2a8ac6cd18fff,3
8b2a8ac6076afff,2
8b2a8ac6076afff,15
8b2a8ac65494fff,5
8b2a8ac6cc68fff,15
8b2a8a892225fff,0
8b2a8ac66376fff,15
8b2a8ac61181fff,3
8b2a8ac61181fff,15
8b2a8ac62a88fff,2
8b2a8ac62a88fff,15
8b2a8ad4e2cafff,15
8b2a8ad5b35dfff,15
8b2a8a89246dfff,2
8b2a8a89246dfff,0
8b2a8a89246dfff,3
8b2a8ac61a11fff,3
8b2a8ad4a506fff,15
8b2a8ac6589bfff,4
8b2a8ac6589bfff,1
8b2a8ac6550efff,5
8b2a8ac61233fff,15
8b2a8ad484c9fff,2
8b2a8ad4b4b2fff,2
8b2a8ac662c9fff,15
8b2a8ac61a0bfff,3
8b2a8ac64adcfff,0
8b2a8ac6680efff,15
8b2a8a892742fff,3
8b2a8a89241cfff,3
8b2a8ac60075fff,12
8b2a8ad4a4defff,2
8b2a8ac638f3fff,15
8b2a8a892a5afff,1
8b2a8ad4b769fff,0
8b2a8ac61069fff,15
8b2a8ac6cdadfff,3
8b2a8ad48548fff,0
8b2a8a89359afff,6
8b2a8ad4a4eafff,15
8b2a8ad4a4eafff,2
8b2a8ad4a423fff,15
8b2a8ac6290cfff,15
8b2a8ad4a743fff,15
8b2a8ad4a743fff,0
8b2a8ad4a601fff,15
8b2a8ac6558dfff,5
8b2a8ad480b1fff,0
8b2a8ac62a86fff,2
8b2a8ac62a86fff,15
8b2a8ac60d85fff,15
8b2a8ad4b430fff,2
8b2a8ac60a43fff,5
8b2a8ad59229fff,15
8b2a8ac63198fff,15
8b2a8a89260bfff,2
8b2a8a89260bfff,3
8b2a8ac60aeefff,5
8b2a8ac6406dfff,0
8b2a8ac6406dfff,8
8b2a8ac669a9fff,15
8b2a8ac6ca8efff,10
8b2a8ac6ca8efff,7
8b2a8ac6ca8efff,2
8b2a8a892183fff,10
8b2a8ad4a700fff,15
8b2a8ac60276fff,15
8b2a8ac62060fff,2
8b2a8ac63995fff,2
8b2a8a892391fff,3
8b2a8ac669b0fff,15
8b2a8ac64a1efff,0
8b2a8ac61d4afff,3
8b2a8ac65b65fff,0
8b2a8ad48400fff,2
8b2a8ad48476fff,2
8b2a8ac6149dfff,15
8b2a8ac61974fff,3
8b2a8ad4aae6fff,0
8b2a8ac61daafff,5
8b2a8ad4a6adfff,15
8b2a8ad4a6adfff,2
8b2a8ac664e3fff,15
8b2a8ac65553fff,5
8b2a8ac64a8efff,0
8b2a8ac64a8efff,2
8b2a8ac62b96fff,15
8b2a8ac608d1fff,5
8b2a8ad4855afff,2
8b2a8ac650eefff,14
8b2a8ac650eefff,5
8b2a8ac61843fff,3
8b2a8ad4b6cbfff,0
8b2a8ac65563fff,5
8b2a8ac6152bfff,15
8b2a8ac65a91fff,0
8b2a8ad48516fff,15
8b2a8ac628c8fff,15
8b2a8ac6044efff,15
8b2a8ad4869dfff,2
8b2a8ad4869dfff,1
8b2a8ac66974fff,15
8b2a8ac61d05fff,5
8b2a8ad4a8b1fff,15
8b2a8ac6504efff,11
8b2a8ad4a6e8fff,15
8b2a8ac65b92fff,4
8b2a8ad4b432fff,2
8b2a8ac6cc70fff,15
8b2a8a8964b3fff,0
8b2a8ac61b0bfff,3
8b2a8ac6481efff,0
8b2a8ac6030efff,15
8b2a8ad596a9fff,15
8b2a8ac610eafff,15
8b2a8ad4b053fff,2
8b2a8ac66a29fff,15
8b2a8ac66a29fff,2
8b2a8ac6484cfff,2
8b2a8ac6c018fff,15
8b2a8ac60132fff,15
8b2a8a892b86fff,11
8b2a8a892b86fff,0
8b2a8ac66acdfff,15
8b2a8ac619b0fff,5
8b2a8ad4ad1cfff,15
8b2a8ac608acfff,8
8b2a8ac62c48fff,15
8b2a8ac63cdbfff,15
8b2a8ad4a174fff,0
8b2a8ac65320fff,0
8b2a8a892992fff,0
8b2a8ac62a18fff,15
8b2a8ac6681dfff,15
8b2a8ad4a963fff,2
8b2a8ad4a963fff,15
8b2a8a8936eefff,6
8b2a8ad4b7a8fff,0
8b2a8a8920f2fff,13
8b2a8a8920f2fff,3
8b2a8ac65419fff,5
8b2a8ac60332fff,15
8b2a8a896321fff,0
8b2a8ad4a0a0fff,15
8b2a8ad4bd5cfff,2
8b2a8ac64650fff,2
8b2a8ad596f1fff,15
8b2a8a8926cefff,3
8b2a8ad484e2fff,2
8b2a8ac61c25fff,5
8b2a8a892d15fff,0
8b2a8ad4b4c6fff,2
8b2a8ac628defff,15
8b2a8ac65c20fff,0
8b2a8ac65c20fff,1
8b2a8ad4b125fff,2
8b2a8ac6551bfff,5
8b2a8ac6502cfff,14
8b2a8ac66365fff,15
8b2a8ad4bcdcfff,0
8b2a8ad4bcdcfff,2
8b2a8a893492fff,6
8b2a8a893492fff,7
8b2a8ac62881fff,15
8b2a8ac61400fff,15
8b2a8ac64383fff,0
8b2a8ad4b502fff,3
8b2a8ac63cccfff,15
8b2a8ac6136cfff,15
8b2a8ac64525fff,15
8b2a8ac66b33fff,15
8b2a8ac628cafff,15
8b2a8ac64c63fff,16
8b2a8ac61baefff,3
8b2a8ac6c0dbfff,3
8b2a8ac61060fff,3
8b2a8ac61060fff,15
8b2a8ac64ca3fff,15
8b2a8ac61523fff,15
8b2a8ac66cf4fff,9
8b2a8ad4b9aafff,2
8b2a8ac6438dfff,0
8b2a8ac61d4dfff,3
8b2a8a89256efff,0
8b2a8a896294fff,0
8b2a8a890493fff,0
8b2a8ac618e9fff,3
8b2a8ac61a0efff,3
8b2a8ac65a85fff,1
8b2a8ad4b6a2fff,0
8b2a8a8962defff,2
8b2a8ac60b86fff,5
8b2a8ac6cc75fff,15
8b2a8a8926eefff,2
8b2a8a8926eefff,3
8b2a8ac63a68fff,15
8b2a8ac65b18fff,0
8b2a8a8934d9fff,6
8b2a8ac63869fff,15
8b2a8ac6534bfff,0
8b2a8ac6416bfff,2
8b2a8ad4b759fff,0
8b2a8ac64612fff,15
8b2a8ac64612fff,2
8b2a8ad59616fff,15
8b2a8ad4a26dfff,2
8b2a8ac623a5fff,15
8b2a8ac65998fff,1
8b2a8ac61766fff,15
8b2a8ac6c98bfff,3
8b2a8ac60542fff,15
8b2a8a8922f4fff,0
8b2a8a8922f4fff,10
8b2a8ad4a8a5fff,15
8b2a8a8920b2fff,0
8b2a8ac63124fff,15
8b2a8ac66354fff,15
8b2a8ac609b6fff,16
8b2a8ac609b6fff,15
8b2a8ac60d91fff,15
8b2a8a8962f0fff,2
8b2a8ac62311fff,15
8b2a8ac63a2cfff,15
8b2a8ac646b6fff,15
8b2a8ac63d48fff,2
8b2a8a8926adfff,2
8b2a8a8926adfff,3
8b2a8ad4ac2afff,15
8b2a8ac6191cfff,3
8b2a8ad596e3fff,15
8b2a8ad4b8a8fff,2
8b2a8ad4aa8afff,0
8b2a8a89278afff,3
8b2a8ac65b21fff,0
8b2a8ac62ac2fff,15
8b2a8ac65b71fff,0
8b2a8ac6311efff,2
8b2a8ac64c6cfff,16
8b2a8ad4a0b5fff,15
8b2a8a896201fff,2
8b2a8ac664e8fff,15
8b2a8ad4e204fff,15
8b2a8ac65498fff,5
8b2a8ac65012fff,5
8b2a8ad4e2a1fff,15
8b2a8ac6079afff,15
8b2a8ad59b10fff,2
8b2a8ac61971fff,3
8b2a8ac65175fff,7
8b2a8ac65175fff,4
8b2a8ad59b19fff,2
8b2a8ac628a4fff,15
8b2a8ac64481fff,15
8b2a8ac60704fff,2
8b2a8a892ac9fff,1
8b2a8ac6148cfff,15
8b2a8ac65a0bfff,0
8b2a8ac75b00fff,15
8b2a8ac6674dfff,15
8b2a8a896380fff,0
8b2a8ac630e1fff,2
8b2a8ac62a49fff,15
8b2a8ac63ca4fff,15
8b2a8ac6cc55fff,15
8b2a8ad5b301fff,15
8b2a8ac60b13fff,5
8b2a8ac60365fff,5
8b2a8ac66ad2fff,15
8b2a8ac61423fff,15
8b2a8ac6c0c3fff,3
8b2a8ac6c9a0fff,7
8b2a8ac662e5fff,15
8b2a8ac66192fff,9
8b2a8ac652f4fff,0
8b2a8ac652f4fff,3
8b2a8ac60612fff,2
8b2a8ac60612fff,15
8b2a8ac606c6fff,2
8b2a8ac6532dfff,0
8b2a8ac62c60fff,15
8b2a8ac63420fff,15
8b2a8ac66d2efff,15
8b2a8ac66999fff,15
8b2a8ad4acc8fff,15
8b2a8ac64871fff,2
8b2a8ac6299efff,15
8b2a8ac664aefff,15
8b2a8a89344dfff,6
8b2a8ac668c4fff,15
8b2a8a896200fff,2
8b2a8a896200fff,0
8b2a8ac668cefff,15
8b2a8ac66854fff,15
8b2a8ac6404cfff,0
8b2a8ac66c98fff,15
8b2a8ac6056efff,2
8b2a8ac6056efff,15
8b2a8ac66488fff,15
8b2a8ad5b293fff,15
8b2a8ac61708fff,15
8b2a8ac62840fff,15
8b2a8ad4a6c6fff,15
8b2a8ad4a6c6fff,2
8b2a8ac6500bfff,14
8b2a8ac6500bfff,5
8b2a8ad4865cfff,2
8b2a8a892858fff,0
8b2a8ac65cd5fff,5
8b2a8a89642efff,0
8b2a8a892c4dfff,10
8b2a8a892c4dfff,0
8b2a8a89630cfff,0
8b2a8a8964d5fff,0
8b2a8ac60b1dfff,5
8b2a8ac642e8fff,0
8b2a8ad4a316fff,0
8b2a8ac6091dfff,8
8b2a8ad4a090fff,15
8b2a8ac652d5fff,0
8b2a8ac652d5fff,3
8b2a8ac652d5fff,2
8b2a8ad59334fff,15
8b2a8ad4b41cfff,10
8b2a8ad4b41cfff,2
8b2a8ac61882fff,3
8b2a8ad4acc9fff,15
8b2a8ac615b6fff,15
8b2a8ad59a49fff,15
8b2a8ac62172fff,15
8b2a8ac618a0fff,3
8b2a8ac61ceafff,3
8b2a8ac6398cfff,2
8b2a8a8920d0fff,3
8b2a8ac63d32fff,15
8b2a8ad4a696fff,15
8b2a8ac642d4fff,10
8b2a8a896312fff,0
8b2a8ad4b6c9fff,0
8b2a8ac65c42fff,5
8b2a8ac62c44fff,15
8b2a8ad4ac25fff,15
8b2a8ac651a1fff,4
8b2a8ac651a1fff,5
8b2a8ac65ce5fff,4
8b2a8ac62d61fff,15
8b2a8a8965a3fff,0
8b2a8ac62156fff,2
8b2a8ac62156fff,15
8b2a8a893493fff,6
8b2a8a893493fff,7
8b2a8ac64770fff,2
8b2a8ac64314fff,0
8b2a8ac6c919fff,7
8b2a8ac61d1cfff,5
8b2a8ac6468cfff,15
8b2a8ac6635dfff,15
8b2a8ac6282afff,15
8b2a8ac61b95fff,3
8b2a8ad5b2c3fff,15
8b2a8ac61108fff,3
8b2a8ac6065dfff,2
8b2a8ad4a0a2fff,15
8b2a8ac60759fff,2
8b2a8ac628e6fff,15
8b2a8ac63c22fff,15
8b2a8ad5920afff,15
8b2a8ac60985fff,8
8b2a8ad4a121fff,15
8b2a8ad4a121fff,0
8b2a8ac63b40fff,15
8b2a8ad48734fff,0
8b2a8ac64c14fff,15
8b2a8ac6545afff,5
8b2a8ad4ad91fff,15
8b2a8ac6550bfff,5
8b2a8ad59b35fff,2
8b2a8ac63140fff,15
8b2a8ac66575fff,9
8b2a8ad4aa72fff,2
8b2a8ac62364fff,15
8b2a8ac61c99fff,15
8b2a8ad5920efff,15
8b2a8ac61a2bfff,3
8b2a8ac6035afff,15
8b2a8ad4b49afff,8
8b2a8ad4b49afff,2
8b2a8a892231fff,0
8b2a8ac6cc32fff,15
8b2a8ac65ca4fff,8
8b2a8ac63c34fff,15
8b2a8ac61220fff,15
8b2a8ac6c9b3fff,3
8b2a8ac60c5dfff,15
8b2a8ad4a0f1fff,15
8b2a8ad4a0f1fff,0
8b2a8ac6668cfff,15
8b2a8ad485a2fff,15
8b2a8ac6dda0fff,7
8b2a8ad4aac4fff,0
8b2a8ac64719fff,2
8b2a8ad4a616fff,15
8b2a8ac652b2fff,5
8b2a8ac6410afff,2
8b2a8ac647b4fff,15
8b2a8ac647b4fff,2
8b2a8ac6c18cfff,15
8b2a8ad4b4d0fff,3
8b2a8ad4b4d0fff,2
8b2a8ac64476fff,2
8b2a8ac66309fff,15
8b2a8ac635b5fff,15
8b2a8ac660b3fff,15
8b2a8ac640edfff,0
8b2a8ac640edfff,8
8b2a8a892670fff,2
8b2a8a892670fff,3
8b2a8ac60982fff,16
8b2a8ac60982fff,8
8b2a8a8926a2fff,3
8b2a8ac6574dfff,5
8b2a8ad4a71dfff,15
8b2a8ac6578efff,5
8b2a8ac6cc44fff,15
8b2a8ad4a549fff,15
8b2a8ac60084fff,2
8b2a8ac65d21fff,0
8b2a8ac6399afff,2
8b2a8ac60baafff,5
8b2a8ad4bc05fff,2
8b2a8ad4e285fff,15
8b2a8ac6dda9fff,7
8b2a8ac61858fff,3
8b2a8ac60c31fff,15
8b2a8ac65712fff,5
8b2a8ac642b4fff,0
8b2a8ac642b4fff,11
8b2a8ac66620fff,15
8b2a8ad4b442fff,1
8b2a8ad4b442fff,10
8b2a8ac6530bfff,0
8b2a8ac65a29fff,1
8b2a8ac65a29fff,0
8b2a8a892924fff,2
8b2a8ac61cd4fff,5
8b2a8ac61cd4fff,15
8b2a8ac66851fff,15
8b2a8ad59293fff,15
8b2a8ac65b55fff,0
8b2a8ac66426fff,15
8b2a8ac662b4fff,15
8b2a8ac64a05fff,1
8b2a8ac663b4fff,15
8b2a8a8936e4fff,6
8b2a8ac65764fff,5
8b2a8ac6018cfff,13
8b2a8ac6018cfff,2
8b2a8ad5b2acfff,15
8b2a8ad5974efff,15
8b2a8a8922f0fff,0
8b2a8a8922f0fff,10
8b2a8ad4a9a8fff,15
8b2a8ac66604fff,15
8b2a8ac60904fff,8
8b2a8ac60904fff,10
8b2a8ac66ae5fff,15
8b2a8a8928a9fff,0
8b2a8ac66d0dfff,15
8b2a8ad59254fff,15
8b2a8ac6509bfff,5
8b2a8ac64368fff,2
8b2a8ac6508cfff,5
8b2a8ac649b0fff,15
8b2a8ad5b240fff,15
8b2a8a892c1bfff,10
8b2a8ac63073fff,2
8b2a8ac6175efff,15
8b2a8ac65868fff,1
8b2a8ac65868fff,0
8b2a8ac60a5dfff,5
8b2a8ad48562fff,15
8b2a8ac64964fff,2
8b2a8ac64964fff,2
8b2a8ac64964fff,9
8b2a8ac64964fff,0
8b2a8ad59759fff,15
8b2a8ac65604fff,5
8b2a8ac66cdcfff,9
8b2a8ac65a9afff,0
8b2a8ad5914bfff,15
8b2a8ac659b2fff,0
8b2a8ac61d65fff,5
8b2a8ac65d16fff,1
8b2a8ac65d16fff,10
8b2a8ad4acb5fff,15
8b2a8ad4a1aafff,15
8b2a8ac63ba5fff,15
8b2a8ad4e24afff,15
8b2a8ac6564afff,5
8b2a8ac656cbfff,5
8b2a8ac61880fff,3
8b2a8ac65862fff,11
8b2a8ad4ab68fff,2
8b2a8ad4ab68fff,1
8b2a8ac6432bfff,0
8b2a8ad59a62fff,15
8b2a8ad4a98cfff,15
8b2a8ad4ac4dfff,15
8b2a8ad4e655fff,15
8b2a8ac606a6fff,15
8b2a8ac6c8b0fff,3
8b2a8ac63850fff,15
8b2a8ac600b4fff,2
8b2a8ac6315efff,2
8b2a8ac64898fff,16
8b2a8ad48585fff,15
8b2a8ad4bdb1fff,1
8b2a8ad4bdb1fff,0
8b2a8a892714fff,3
8b2a8ac647a8fff,2
8b2a8ac6416cfff,2
8b2a8ac64d14fff,15
8b2a8ac6235bfff,15
8b2a8ac60876fff,5
8b2a8ac61089fff,15
8b2a8ad4b172fff,2
8b2a8ac6696dfff,15
8b2a8ac64d4bfff,16
8b2a8ac65b46fff,0
8b2a8ad4e2cdfff,15
8b2a8ac666d5fff,15
8b2a8ac65ae6fff,0
8b2a8ac63505fff,15
8b2a8ad487a6fff,0
8b2a8ad4a2d6fff,0
8b2a8ad4b350fff,0
8b2a8ad4a769fff,0
8b2a8ac62864fff,15
8b2a8ac60a04fff,5
8b2a8ac653a6fff,11
8b2a8a8928d2fff,0
8b2a8ac61196fff,15
8b2a8ac6529bfff,5
8b2a8ac616f4fff,15
8b2a8ac650e3fff,5
8b2a8ac66881fff,15
8b2a8ac610aefff,15
8b2a8ac66895fff,15
8b2a8ad4ad50fff,15
8b2a8ac6612efff,15
8b2a8ad4a952fff,15
8b2a8ac62b54fff,15
8b2a8ac6540efff,5
8b2a8ac75b70fff,15
8b2a8ac61474fff,15
8b2a8ac650dbfff,5
8b2a8ac62ac4fff,15
8b2a8ac630eefff,2
8b2a8a8937a5fff,6
8b2a8ad4e656fff,15
8b2a8ac64219fff,0
8b2a8ad59a12fff,2
8b2a8a8935a3fff,6
8b2a8ac66734fff,15
8b2a8a892833fff,0
8b2a8a892218fff,0
8b2a8ad4a2cafff,2
8b2a8ad4a2cafff,9
8b2a8ac646c1fff,15
8b2a8ac6571bfff,5
8b2a8ad4aa5afff,0
8b2a8ad4ac4bfff,15
8b2a8ac6cca8fff,15
8b2a8ad59302fff,15
8b2a8ac60b40fff,5
8b2a8ac65382fff,2
8b2a8ac65382fff,11
8b2a8ac65382fff,5
8b2a8ac61874fff,3
8b2a8ac64809fff,2
8b2a8ad4b220fff,0
8b2a8ad4b220fff,2
8b2a8ac65c1dfff,4
8b2a8ac6580efff,14
8b2a8ac6580efff,1
8b2a8ad4b01bfff,0
8b2a8ad4a20bfff,9
8b2a8ac6416dfff,2
8b2a8ac64160fff,11
8b2a8ad5d24bfff,15
8b2a8ac62bacfff,15
8b2a8ac646f1fff,15
8b2a8ad4a414fff,15
8b2a8a8964e8fff,0
8b2a8ad4a376fff,0
8b2a8ad59054fff,15
8b2a8ac62050fff,15
8b2a8ac6502dfff,14
8b2a8ac640e6fff,8
8b2a8ac63d64fff,2
8b2a8ad4a0a9fff,15
8b2a8ac64a18fff,0
8b2a8ac62204fff,15
8b2a8ac65722fff,5
8b2a8ac63110fff,2
8b2a8a89676dfff,0
8b2a8ac6622dfff,15
8b2a8a89342efff,6
8b2a8ac63a84fff,15
8b2a8a892302fff,8
8b2a8a896c95fff,0
8b2a8ac600acfff,11
8b2a8ac63a4bfff,15
8b2a8ad590cefff,15
8b2a8ad4b596fff,2
8b2a8ad4b596fff,9
8b2a8ad4b691fff,8
8b2a8ac65056fff,14
8b2a8ac64086fff,2
8b2a8ac6496bfff,2
8b2a8ac61b8bfff,3
8b2a8ac62b08fff,15
8b2a8ac6626dfff,15
8b2a8ac66b6cfff,15
8b2a8ad4a434fff,15
8b2a8ac6cc24fff,3
8b2a8ac66064fff,15
8b2a8ac63ac5fff,15
8b2a8ac64004fff,8
8b2a8ad59a32fff,2
8b2a8a896760fff,0
8b2a8ac65d80fff,2
8b2a8ac65d80fff,10
8b2a8a89291dfff,0
8b2a8ad4b204fff,1
8b2a8ad4b204fff,2
8b2a8ad592e5fff,15
8b2a8ac61520fff,15
8b2a8ac64609fff,2
8b2a8ad4848efff,2
8b2a8ac65792fff,5
8b2a8ad4bd4bfff,2
8b2a8ac61aa8fff,3
8b2a8ad4b2b1fff,0
8b2a8ad59aa8fff,2
8b2a8ac65710fff,5
8b2a8ad4a84afff,2
8b2a8ac6111efff,3
8b2a8ad4808dfff,0
8b2a8ac65064fff,0
8b2a8ac65064fff,14
8b2a8ac65064fff,4
8b2a8a892793fff,3
8b2a8ac6540bfff,5
8b2a8ac6445efff,2
8b2a8a8928eefff,0
8b2a8ac63b99fff,15
8b2a8ac61749fff,15
8b2a8ac651b1fff,5
8b2a8ac660a8fff,15
8b2a8ac6c186fff,15
8b2a8ac65120fff,7
8b2a8ac65120fff,4
8b2a8ac662a5fff,15
8b2a8ac64a16fff,8
8b2a8ac66682fff,15
8b2a8a8923a5fff,1
8b2a8a8923a5fff,8
8b2a8ac66912fff,15
8b2a8ad4b18dfff,0
8b2a8ac6110bfff,3
8b2a8ad4b030fff,0
8b2a8ad4bc6bfff,2
8b2a8ac63a9bfff,15
8b2a8ac61830fff,3
8b2a8ac61d80fff,5
8b2a8ad4a840fff,15
8b2a8a89240afff,0
8b2a8a89240afff,3
8b2a8a892c19fff,10
8b2a8ac64604fff,2
8b2a8a8926e3fff,2
8b2a8a8926e3fff,3
8b2a8ac62d64fff,15
8b2a8ad59b9cfff,15
8b2a8a892031fff,10
8b2a8ac64359fff,0
8b2a8ad59acafff,15
8b2a8a896203fff,2
8b2a8ad4a55cfff,15
8b2a8ac604f3fff,15
8b2a8ad4bd95fff,1
8b2a8ad4bd95fff,0
8b2a8ac6cc28fff,3
8b2a8ac6cc28fff,15
8b2a8ac61a5dfff,3
8b2a8ac62c58fff,15
8b2a8ad4b746fff,0
8b2a8ad4a740fff,15
8b2a8ad4a740fff,0
8b2a8a893722fff,6
8b2a8a893722fff,15
8b2a8a892034fff,10
8b2a8a892072fff,10
8b2a8a892072fff,11
8b2a8ac6400afff,8
8b2a8ac6466efff,8
8b2a8ac6466efff,10
8b2a8ad4a052fff,0
8b2a8ac64cd1fff,15
8b2a8ac64742fff,2
8b2a8ad5b3aefff,15
8b2a8ad5d34dfff,15
8b2a8ad4b59efff,2
8b2a8ac6679cfff,15
8b2a8a892922fff,0
8b2a8ac6069bfff,2
8b2a8ac6069bfff,15
8b2a8ac65695fff,5
8b2a8ac65ad0fff,0
8b2a8a892382fff,13
8b2a8a892382fff,10
8b2a8a892382fff,3
8b2a8ac64b96fff,2
8b2a8ac6085afff,5
8b2a8ad4a6d2fff,2
8b2a8ad4ad10fff,15
8b2a8ad4b29afff,0
8b2a8ac66442fff,15
8b2a8ac6c321fff,10
8b2a8ac65daafff,1
8b2a8ac65daafff,10
8b2a8ad4a058fff,0
8b2a8ac656e2fff,5
8b2a8ac66850fff,15
8b2a8ad4a35cfff,2
8b2a8ad4a35cfff,0
8b2a8ad4b653fff,0
8b2a8ac610ddfff,15
8b2a8ac66792fff,15
8b2a8ac6cb56fff,6
8b2a8ac60216fff,15
8b2a8ac64d9dfff,15
8b2a8ac63476fff,15
8b2a8ac652ccfff,2
8b2a8ad4acddfff,15
8b2a8ad4b0aefff,0
8b2a8ac6c99cfff,3
8b2a8a89649cfff,0
8b2a8ad4a32bfff,0
8b2a8a893400fff,6
8b2a8ac63b6dfff,15
8b2a8a8967b6fff,0
8b2a8ac61031fff,3
8b2a8ac61031fff,15
8b2a8a892254fff,0
8b2a8ad4b171fff,2
8b2a8a8924f1fff,3
8b2a8ac65a03fff,0
8b2a8ad4bc20fff,1
8b2a8ad4bc20fff,2
8b2a8a892605fff,3
8b2a8ac63568fff,15
8b2a8ac61936fff,5
8b2a8ac65215fff,3
8b2a8ac65215fff,11
8b2a8ac61cdcfff,15
8b2a8ad4b784fff,0
8b2a8ad4b784fff,1
8b2a8ad4a463fff,15
8b2a8ac64b50fff,3
8b2a8ac60d29fff,15
8b2a8ac62b18fff,15
8b2a8ad4ad5dfff,15
8b2a8ac64675fff,8
8b2a8ac64675fff,2
8b2a8a892206fff,0
8b2a8ad4a103fff,0
8b2a8ac6c003fff,15
8b2a8ad593acfff,15
8b2a8ac6cd41fff,3
8b2a8ac65c18fff,4
8b2a8ac64353fff,0
8b2a8ad59aa4fff,15
8b2a8ac6354afff,15
8b2a8ac604adfff,15
8b2a8a896c96fff,0
8b2a8ac63ae9fff,15
8b2a8ac63d10fff,15
8b2a8ac6c762fff,3
8b2a8ad5b2f5fff,15
8b2a8a892282fff,7
8b2a8a892282fff,3
8b2a8ad4aaa9fff,0
8b2a8ac61ba1fff,3
8b2a8ac66c01fff,15
8b2a8a8967a3fff,0
8b2a8ac65871fff,11
8b2a8ac60736fff,2
8b2a8ac60736fff,15
8b2a8ad4e2d9fff,15
8b2a8ac65121fff,7
8b2a8ac65121fff,4
8b2a8ac6c365fff,7
8b2a8ac63b4afff,15
8b2a8ad4a68dfff,15
8b2a8ad4a68dfff,2
8b2a8ac608b2fff,16
8b2a8a892526fff,0
8b2a8a892626fff,3
8b2a8a8925b1fff,0
8b2a8ac64746fff,2
8b2a8ad4a175fff,0
8b2a8ac75b68fff,15
8b2a8ac6655cfff,15
8b2a8ac6c9a6fff,7
8b2a8ad4e604fff,15
8b2a8ac64c5bfff,15
8b2a8ad5b3b0fff,15
8b2a8ac64d6dfff,15
8b2a8ac65ab2fff,1
8b2a8ac65ab2fff,4
8b2a8ad4b0acfff,0
8b2a8ac660f6fff,15
8b2a8a8963a9fff,0
8b2a8ac6c310fff,10
8b2a8ac62aacfff,15
8b2a8ac60d2dfff,15
8b2a8ac63cb1fff,15
8b2a8ac6506afff,0
8b2a8ac652c5fff,2
8b2a8ac60068fff,15
8b2a8ac65809fff,1
8b2a8ac64335fff,0
8b2a8a8920aafff,0
8b2a8a8920aafff,13
8b2a8a8920aafff,3
8b2a8ac64c90fff,15
8b2a8ac65205fff,3
8b2a8ac653acfff,11
8b2a8ac65488fff,5
8b2a8ac63c55fff,2
8b2a8ac63c55fff,15
8b2a8ad5964cfff,15
8b2a8ac62560fff,15
8b2a8ad4e244fff,15
8b2a8ac60970fff,5
8b2a8ac60970fff,10
8b2a8ad4a288fff,0
8b2a8ad5969cfff,15
8b2a8ac65591fff,5
8b2a8ad4b4c4fff,2
8b2a8ac6101dfff,15
8b2a8ad4a12dfff,0
8b2a8ad4a00cfff,0
8b2a8a892a12fff,0
8b2a8ad4a8dcfff,0
8b2a8ac6654efff,15
8b2a8ac64a40fff,10
8b2a8ac64288fff,10
8b2a8ac75b2dfff,15
8b2a8ac62d4dfff,15
8b2a8ac65648fff,5
8b2a8a89254efff,0
8b2a8ac61c02fff,5
8b2a8ad59649fff,15
8b2a8ac65932fff,11
8b2a8ac65932fff,0
8b2a8a892618fff,2
8b2a8a892618fff,3
8b2a8ad4a519fff,15
8b2a8ad4a3a5fff,0
8b2a8a892143fff,11
8b2a8ac6150bfff,15
8b2a8ad48199fff,0
8b2a8ac65324fff,0
8b2a8ac60643fff,2
8b2a8ac606e1fff,2
8b2a8ac62188fff,15
8b2a8ac641b0fff,15
8b2a8ac66c06fff,15
8b2a8ad4a173fff,0
8b2a8ad5b213fff,15
8b2a8ac652cdfff,2
8b2a8ac64ccafff,15
8b2a8ac64ccafff,2
8b2a8ac648e3fff,2
8b2a8ad4a5a3fff,15
8b2a8ac64a1bfff,0
8b2a8ac64c31fff,2
8b2a8ac60870fff,5
8b2a8ac60a31fff,5
8b2a8ac60a4dfff,5
8b2a8ac6cc52fff,15
8b2a8ac6414bfff,10
8b2a8ac6414bfff,8
8b2a8ac65728fff,5
8b2a8a89241afff,3
8b2a8ac66732fff,15
8b2a8ac6148bfff,15
8b2a8a892d61fff,0
8b2a8a8937adfff,6
8b2a8ac611a9fff,3
8b2a8ac60d19fff,15
8b2a8a892cf1fff,10
8b2a8ac638c2fff,15
8b2a8ad4bc34fff,2
8b2a8ac6135cfff,15
8b2a8ac6c872fff,7
8b2a8ac65b44fff,0
8b2a8a892753fff,3
8b2a8ac64732fff,2
8b2a8a896594fff,11
8b2a8ad4a44afff,15
8b2a8ac600a5fff,11
8b2a8ac600a5fff,2
8b2a8a89200cfff,10
8b2a8a89662afff,0
8b2a8ac6031cfff,15
8b2a8ac61961fff,3
8b2a8ac6480dfff,2
8b2a8ac6520efff,0
8b2a8ac6520efff,3
8b2a8ac65759fff,5
8b2a8ac61cadfff,5
8b2a8ad4869bfff,2
8b2a8ad4e20dfff,15
8b2a8ad59acdfff,15
8b2a8ac606f4fff,2
8b2a8ad4ab1dfff,2
8b2a8ac6cd6cfff,3
8b2a8ad59b4efff,15
8b2a8ad59b4efff,2
8b2a8ac61070fff,15
8b2a8ac6520cfff,0
8b2a8ac6520cfff,3
8b2a8ac6cd22fff,3
8b2a8ac628a9fff,15
8b2a8a892610fff,3
8b2a8ac63c61fff,2
8b2a8ad4bca4fff,1
8b2a8ac60785fff,15
8b2a8ac60498fff,15
8b2a8ac6195afff,3
8b2a8ac644c4fff,15
8b2a8ac65846fff,11
8b2a8ac615b3fff,15
8b2a8ac64aa5fff,8
8b2a8ad48502fff,15
8b2a8ac603a4fff,15
8b2a8ac6c38dfff,10
8b2a8ac6351efff,15
8b2a8ac64545fff,2
8b2a8a892528fff,0
8b2a8ac6282dfff,15
8b2a8ac60972fff,5
8b2a8ac60972fff,10
8b2a8ac606b6fff,15
8b2a8ac652ebfff,0
8b2a8ac652ebfff,2
8b2a8ac66a28fff,15
8b2a8ac66a28fff,2
8b2a8a89344afff,6
8b2a8ad4a82cfff,15
8b2a8ad4bcdbfff,1
8b2a8ad4bcdbfff,10
8b2a8ad4bd31fff,2
8b2a8ac66231fff,15
8b2a8ad48414fff,2
8b2a8ac63175fff,15
8b2a8ac64702fff,2
8b2a8ac61a71fff,3
8b2a8ac65026fff,14
8b2a8ac65026fff,4
8b2a8ac64295fff,10
8b2a8ac60181fff,2
8b2a8ad5b394fff,15
8b2a8ac610f5fff,15
8b2a8ad4b06efff,0
8b2a8ac6ca26fff,6
8b2a8ac65da5fff,1
8b2a8ac65da5fff,10
8b2a8ac66d5efff,15
8b2a8ac60ca3fff,15
8b2a8ac6202dfff,2
8b2a8ac64402fff,15
8b2a8ac66019fff,15
8b2a8ac62ccefff,15
8b2a8a892da4fff,0
8b2a8ac60336fff,15
8b2a8ad4b562fff,1
8b2a8ac65b73fff,0
8b2a8ac60a4cfff,5
8b2a8ac6068dfff,2
8b2a8ad4852afff,15
8b2a8ac63ae5fff,15
8b2a8a89278bfff,3
8b2a8ac66329fff,15
8b2a8ac61470fff,15
8b2a8ac64145fff,11
8b2a8ac64145fff,2
8b2a8ac66956fff,15
8b2a8ac61509fff,15
8b2a8ac638b4fff,2
8b2a8a896400fff,0
8b2a8ac614e0fff,15
8b2a8ad4e650fff,15
8b2a8ac65230fff,11
8b2a8a8934a3fff,6
8b2a8ad596ecfff,15
8b2a8ac60358fff,15
8b2a8ad4ad00fff,15
8b2a8ac60c16fff,15
8b2a8ac60daefff,15
8b2a8ac63b2bfff,15
8b2a8ad4ac00fff,15
8b2a8a89629cfff,0
8b2a8ad480a8fff,0
8b2a8ac6211efff,15
8b2a8ac66342fff,15
8b2a8a892096fff,0
8b2a8ad59672fff,15
8b2a8ac648a9fff,0
8b2a8a892cd8fff,0
8b2a8a892cd8fff,10
8b2a8ac60259fff,15
8b2a8ac64006fff,15
8b2a8ac64006fff,8
8b2a8ad4a5a8fff,15
8b2a8ac65a33fff,0
8b2a8ac65813fff,14
8b2a8ac65813fff,11
8b2a8ac6c56cfff,15
8b2a8ac62000fff,15
8b2a8ac652d4fff,3
8b2a8ac61cf6fff,5
8b2a8a892410fff,3
8b2a8a892c25fff,1
8b2a8a892c25fff,0
8b2a8ac66100fff,15
8b2a8ad4e262fff,15
8b2a8ac63169fff,15
8b2a8a892053fff,1
8b2a8a892053fff,10
8b2a8ac62908fff,15
8b2a8a892935fff,2
8b2a8a892935fff,0
8b2a8ac64daefff,15
8b2a8ac60d06fff,15
8b2a8ad486e6fff,2
8b2a8ac650c5fff,5
8b2a8ac6cd58fff,3
8b2a8ad4851afff,15
8b2a8ac6470cfff,2
8b2a8ac6356bfff,15
8b2a8ac66255fff,15
8b2a8ad4a026fff,0
8b2a8ac62905fff,15
8b2a8ac65a76fff,1
8b2a8ac65a76fff,0
8b2a8a892846fff,0
8b2a8ac6016cfff,5
8b2a8ac66c91fff,15
8b2a8a8922a6fff,10
8b2a8a8922a6fff,3
8b2a8ac644d5fff,15
8b2a8ad484abfff,2
8b2a8ad4ad83fff,15
8b2a8ad5914cfff,15
8b2a8ac65c54fff,4
8b2a8ac65c54fff,5
8b2a8ad4a95cfff,15
8b2a8ad4a68efff,15
8b2a8ac62923fff,15
8b2a8ac663b3fff,15
8b2a8ac66229fff,15
8b2a8ac66982fff,15
8b2a8ac6c134fff,15
8b2a8ad4ab1efff,2
8b2a8ac61a6dfff,3
8b2a8ad4a2c2fff,2
8b2a8ad4a2c2fff,0
8b2a8ac64860fff,2
8b2a8ac65b59fff,0
8b2a8ac65305fff,0
8b2a8ac65235fff,11
8b2a8ac60c36fff,15
8b2a8ad59262fff,15
8b2a8ac657b6fff,5
8b2a8ac605a4fff,15
8b2a8ac63aabfff,15
8b2a8a892555fff,0
8b2a8ad4a6eefff,15
8b2a8ac66182fff,15
8b2a8ad4b09bfff,0
8b2a8a893486fff,6
8b2a8a892b8efff,0
8b2a8ac65206fff,3
8b2a8ac65206fff,11
8b2a8ad4e626fff,15
8b2a8ac66356fff,15
8b2a8a89621afff,2
8b2a8a89201dfff,10
8b2a8ac63db3fff,15
8b2a8ac6640afff,15
8b2a8a892c2cfff,1
8b2a8a892c2cfff,2
8b2a8ac6114dfff,3
8b2a8ac63831fff,2
8b2a8ac63831fff,15
8b2a8ac62984fff,15
8b2a8ac666d2fff,15
8b2a8ac61134fff,3
8b2a8ac62ca9fff,15
8b2a8a89201bfff,13
8b2a8a89201bfff,10
8b2a8ac60453fff,15
8b2a8ad4a8f2fff,15
8b2a8ad4a8f2fff,0
8b2a8a8926d3fff,3
8b2a8ac62b2dfff,15
8b2a8ac66148fff,15
8b2a8ad4b461fff,0
8b2a8ad4b461fff,1
8b2a8ad4b461fff,8
8b2a8ac6600bfff,15
8b2a8ac66966fff,15
8b2a8ad4a205fff,0
8b2a8ad5bb5afff,15
8b2a8ac6054cfff,15
8b2a8ad4b12afff,2
8b2a8ad4a0cdfff,0
8b2a8ad4b51efff,2
8b2a8ad4b51efff,3
8b2a8ac6cc21fff,3
8b2a8ad5b31cfff,15
8b2a8ac63dadfff,15
8b2a8ad4b286fff,0
8b2a8a89372cfff,6
8b2a8ad4a360fff,0
8b2a8ac610c0fff,15
8b2a8ac643b1fff,0
8b2a8ad4aa65fff,1
8b2a8ac62261fff,15
8b2a8ad4bc08fff,2
8b2a8ac65c8dfff,4
8b2a8ac65c8dfff,8
8b2a8ac6196afff,3
8b2a8a8966e3fff,0
8b2a8ac60668fff,2
8b2a8ac6684afff,15
8b2a8ac65db3fff,2
8b2a8ac65db3fff,1
8b2a8ac65db3fff,10
8b2a8ad4a92afff,15
8b2a8ac64c0cfff,15
8b2a8ac64c0cfff,2
8b2a8ad5b26afff,15
8b2a8ac660eafff,15
8b2a8a8967b2fff,0
8b2a8ad4a305fff,0
8b2a8ac650f4fff,5
8b2a8ac6536bfff,0
8b2a8ac646c0fff,15
8b2a8a89294dfff,2
8b2a8a89294dfff,0
8b2a8ac66b22fff,15
8b2a8ad4e266fff,15
8b2a8a892981fff,0
8b2a8a8964c5fff,0
8b2a8ac60b29fff,5
8b2a8ac6674bfff,15
8b2a8a892cedfff,10
8b2a8ad59ac9fff,15
8b2a8ac62ce1fff,15
8b2a8ac6c8c6fff,7
8b2a8ac6c8c6fff,3
8b2a8a892020fff,10
8b2a8ad48416fff,2
8b2a8ac602c6fff,15
8b2a8ad59601fff,15
8b2a8a892541fff,0
8b2a8ad4a416fff,15
8b2a8ac64a49fff,1
8b2a8ac64a49fff,10
8b2a8ac610f6fff,15
8b2a8ac62b4efff,15
8b2a8ac63ca9fff,15
8b2a8ad4bd13fff,2
8b2a8a8934ddfff,6
8b2a8ac66b19fff,2
8b2a8ac63b41fff,15
8b2a8ad4a976fff,15
8b2a8ad4aa85fff,0
8b2a8ac6ca8bfff,10
8b2a8ac65d01fff,0
8b2a8a8927a4fff,3
8b2a8ad4b4f3fff,2
8b2a8a893088fff,15
8b2a8ac6001efff,11
8b2a8ac6001efff,7
8b2a8a89351efff,15
8b2a8ac63a69fff,15
8b2a8ac614c8fff,15
8b2a8a89660dfff,0
8b2a8ac6638efff,15
8b2a8ac64468fff,2
8b2a8ad48451fff,0
8b2a8ad48451fff,2
8b2a8ac62c52fff,15
8b2a8ad4a306fff,0
8b2a8ad5b252fff,15
8b2a8ac608b0fff,16
8b2a8ac66119fff,15
8b2a8ac66636fff,15
8b2a8ac60d90fff,15
8b2a8ad4ad99fff,15
8b2a8ad4840dfff,2
8b2a8ac6170dfff,15
8b2a8ac65496fff,5
8b2a8ac605b6fff,15
8b2a8a893581fff,6
8b2a8ac61b84fff,3
8b2a8a892706fff,3
8b2a8ac600b0fff,2
8b2a8ac62adcfff,15
8b2a8ad4e75dfff,15
8b2a8a892823fff,0
8b2a8ad59768fff,15
8b2a8ac60561fff,2
8b2a8ac64818fff,2
8b2a8ac64818fff,0
8b2a8ad4b102fff,2
8b2a8ad4a881fff,15
8b2a8ac669a2fff,15
8b2a8ac60a0bfff,5
8b2a8a8936c5fff,6
8b2a8ac65a1afff,2
8b2a8ac65a1afff,0
8b2a8ad4b404fff,10
8b2a8ac63c13fff,15
8b2a8ac75921fff,15
8b2a8ac65cddfff,5
8b2a8ad4a10afff,0
8b2a8ac6052efff,15
8b2a8ac66541fff,15
8b2a8ac66541fff,9
8b2a8ac6c900fff,7
8b2a8ac635b0fff,15
8b2a8a89201efff,10
8b2a8ac6691dfff,15
8b2a8a8928eafff,0
8b2a8ac65730fff,5
8b2a8ad4b690fff,8
8b2a8ac61235fff,15
8b2a8ad4a4acfff,15
8b2a8ad4a4acfff,2
8b2a8ac6232dfff,15
8b2a8ac64af6fff,0
8b2a8ad4ad1efff,15
8b2a8ad4bd0cfff,2
8b2a8ac61303fff,15
8b2a8a89308cfff,15
8b2a8ac640b6fff,2
8b2a8ac6535efff,0
8b2a8ad5b20cfff,15
8b2a8ad4ba98fff,0
8b2a8ad5b272fff,15
8b2a8ac64889fff,2
8b2a8ad486defff,2
8b2a8a896d96fff,8
8b2a8a896d96fff,0
8b2a8ac64d86fff,15
8b2a8ac6170cfff,15
8b2a8ac648defff,2
8b2a8ac604f6fff,15
8b2a8ad4b444fff,8
8b2a8ad4b444fff,1
8b2a8ad4b444fff,10
8b2a8ad4aa4bfff,1
8b2a8ad4aa4bfff,2
8b2a8ac66ab0fff,15
8b2a8ac668e5fff,15
8b2a8ac631b0fff,15
8b2a8ac65c75fff,4
8b2a8ac65c75fff,1
8b2a8ac628d0fff,15
8b2a8ad48429fff,2
8b2a8ad4e60cfff,15
8b2a8ac60d83fff,15
8b2a8ad4e2c1fff,15
8b2a8ac60c75fff,15
8b2a8ac614d1fff,15
8b2a8ac613adfff,15
8b2a8a89261dfff,3
8b2a8a893468fff,6
8b2a8ad59a84fff,15
8b2a8ac63023fff,2
8b2a8a892090fff,0
8b2a8ac660c4fff,15
8b2a8ad5b345fff,15
8b2a8ad4ab62fff,2
8b2a8ac62b31fff,15
8b2a8ac6dd16fff,7
8b2a8a892d89fff,0
8b2a8a892d89fff,7
8b2a8ac66275fff,15
8b2a8ad4a46afff,15
8b2a8ac642b0fff,10
8b2a8ac642b0fff,11
8b2a8ad4b4aefff,2
8b2a8ac66b03fff,15
8b2a8ac62ccafff,15
8b2a8ac65213fff,3
8b2a8ac65213fff,11
8b2a8a8920ccfff,13
8b2a8a896592fff,11
8b2a8ac6139dfff,15
8b2a8ac6599cfff,0
8b2a8ac6599cfff,1
8b2a8ac62244fff,15
8b2a8ac6056afff,2
8b2a8ac6056afff,15
8b2a8ac662a9fff,15
8b2a8ad4a159fff,0
8b2a8ac63045fff,2
8b2a8ac63045fff,15
8b2a8a893434fff,6
8b2a8ac6660efff,15
8b2a8a89264bfff,7
8b2a8ac600d8fff,15
8b2a8ac66a80fff,15
8b2a8ad4a901fff,15
8b2a8ac60a68fff,5
8b2a8ac65341fff,0
8b2a8a89210efff,0
8b2a8ac66b74fff,15
8b2a8ac61575fff,15
8b2a8ad4b9b2fff,2
8b2a8ad4b765fff,0
8b2a8a893559fff,6
8b2a8ac606c8fff,2
8b2a8ac66409fff,15
8b2a8ad4b2c0fff,0
8b2a8ad484f1fff,2
8b2a8ac6c8e3fff,7
8b2a8ac6c8e3fff,3
8b2a8ac64673fff,8
8b2a8ac64673fff,2
8b2a8ac6424bfff,5
8b2a8ac6424bfff,0
8b2a8a892516fff,0
8b2a8ac66592fff,15
8b2a8ad4b410fff,2
8b2a8a892533fff,0
8b2a8ac6ccb5fff,15
8b2a8ac610cafff,15
8b2a8ac61059fff,15
8b2a8ad59049fff,15
8b2a8ac63502fff,15
8b2a8ac6302afff,2
8b2a8ac64c09fff,15
8b2a8ac62a92fff,2
8b2a8ac61335fff,15
8b2a8ac61900fff,3
8b2a8ac60725fff,11
8b2a8ad4a06bfff,0
8b2a8a892756fff,3
8b2a8a8925b3fff,0
8b2a8ac664ccfff,15
8b2a8ac601acfff,13
8b2a8ad4a698fff,15
8b2a8ac658b3fff,1
8b2a8ac64959fff,2
8b2a8ad5976afff,15
8b2a8a89661dfff,0
8b2a8ac63540fff,15
8b2a8ad484a8fff,2
8b2a8ac6415afff,10
8b2a8ac6415afff,8
8b2a8ac60bb4fff,5
8b2a8ac61789fff,15
8b2a8ac6ccf5fff,15
8b2a8ad4bce4fff,2
8b2a8ad4a464fff,15
8b2a8ac61d45fff,5
8b2a8ac65528fff,5
8b2a8a892d72fff,0
8b2a8ad48582fff,15
8b2a8ac65a24fff,0
8b2a8ac64900fff,0
8b2a8ac658edfff,11
8b2a8a89202dfff,11
8b2a8a89202dfff,1
8b2a8ad4bd59fff,2
8b2a8a8924a1fff,3
8b2a8ac6cb73fff,6
8b2a8ad4b453fff,10
8b2a8ac667b0fff,15
8b2a8ac6ca85fff,10
8b2a8ac6ca85fff,7
8b2a8ad59b8afff,15
8b2a8ac66531fff,15
8b2a8a892d6bfff,0
8b2a8a896711fff,0
8b2a8ac64843fff,2
8b2a8ac60a08fff,5
8b2a8ac650e8fff,14
8b2a8ac650e8fff,5
8b2a8a892444fff,0
8b2a8ac61499fff,15
8b2a8ad5b261fff,15
8b2a8ac64601fff,2
8b2a8a89225efff,6
8b2a8a89225efff,0
8b2a8a896771fff,0
8b2a8a892a8efff,8
8b2a8ad59b81fff,15
8b2a8a89362efff,15
8b2a8a89362efff,6
8b2a8ac66c1efff,15
8b2a8ac63c2afff,15
8b2a8ac63c91fff,15
8b2a8ac66c08fff,15
8b2a8ad4e6abfff,15
8b2a8ac618e4fff,3
8b2a8ac6218cfff,15
8b2a8ac62ce8fff,15
8b2a8a8935acfff,6
8b2a8a8935acfff,15
8b2a8a892cf4fff,13
8b2a8a892cf4fff,10
8b2a8ad4aad1fff,0
8b2a8a892313fff,8
8b2a8ac63894fff,2
8b2a8a893cdbfff,15
8b2a8a896614fff,0
8b2a8ac66a8afff,15
8b2a8ac61d8bfff,5
8b2a8ac62875fff,15
8b2a8ac66913fff,15
8b2a8ad4e651fff,15
8b2a8ac64b0efff,8
8b2a8ad59698fff,15
8b2a8ac629a3fff,15
8b2a8ac60419fff,15
8b2a8ac6c709fff,7
8b2a8a8962c8fff,2
8b2a8a896583fff,0
8b2a8ad4b78cfff,0
8b2a8ac6cb53fff,6
8b2a8a89241efff,3
8b2a8ac66033fff,15
8b2a8ac6641bfff,15
8b2a8ad4e2b3fff,15
8b2a8a89370dfff,6
8b2a8a8937a6fff,6
8b2a8ac60d6efff,16
8b2a8ac60d6efff,15
8b2a8ac61534fff,15
8b2a8ac65c96fff,7
8b2a8ac65c96fff,2
8b2a8ad4b0cbfff,0
8b2a8ad4b0cbfff,2
8b2a8ac60db3fff,15
8b2a8ad59aeafff,15
8b2a8ad4b19bfff,0
8b2a8ad4a772fff,15
8b2a8ac61601fff,15
8b2a8ac61780fff,15
8b2a8ac60242fff,15
8b2a8ac600d4fff,11
8b2a8ac65772fff,5
8b2a8a892b93fff,11
8b2a8a892b93fff,0
8b2a8ad4a842fff,15
8b2a8a89224afff,6
8b2a8ac660ddfff,15
8b2a8ac617a4fff,15
8b2a8ac63daefff,15
8b2a8ad4b0abfff,0
8b2a8a89662efff,0
8b2a8ac65413fff,5
8b2a8a8962d1fff,2
8b2a8ac656d1fff,5
8b2a8a8964a5fff,0
8b2a8a8924a4fff,3
8b2a8ac61b76fff,3
8b2a8ad4a2aefff,0
8b2a8ac60b45fff,5
8b2a8ad4a8cafff,0
8b2a8ad48560fff,15
8b2a8a896482fff,0
8b2a8ac6488afff,15
8b2a8ac6488afff,2
8b2a8ac63a13fff,15
8b2a8a892c26fff,1
8b2a8a892c26fff,0
8b2a8ac66795fff,15
8b2a8ac60464fff,15
8b2a8ac60488fff,15
8b2a8ac644d1fff,15
8b2a8ad4a064fff,0
8b2a8ad4b256fff,0
8b2a8ac65b41fff,0
8b2a8ad4b7adfff,0
8b2a8ad4ab63fff,2
8b2a8a8936a8fff,6
8b2a8ad59685fff,15
8b2a8ad4b3b3fff,0
8b2a8ac6655afff,15
8b2a8ad4b01cfff,0
8b2a8ac668b5fff,15
8b2a8ad4b74cfff,0
8b2a8ac656acfff,5
8b2a8a892b9dfff,0
8b2a8a8922d5fff,2
8b2a8a8922d5fff,10
8b2a8ac60ca2fff,15
8b2a8ac60718fff,2
8b2a8ac63ae4fff,15
8b2a8ad4a331fff,0
8b2a8ad4a80bfff,15
8b2a8ad5b350fff,15
8b2a8ac66943fff,15
8b2a8ad4e742fff,15
8b2a8ac60d5cfff,15
8b2a8ac61a1afff,3
8b2a8ac65ae0fff,0
8b2a8ad59684fff,15
8b2a8ac6435cfff,0
8b2a8ad59a06fff,2
8b2a8ac64a1cfff,0
8b2a8ac60cd5fff,15
8b2a8ac6152afff,15
8b2a8ac606f2fff,2
8b2a8ac65880fff,1
8b2a8ad4a010fff,15
8b2a8a89279efff,3
8b2a8ad4bce3fff,0
8b2a8ac64a4cfff,8
8b2a8ac64a4cfff,10
8b2a8a8924defff,3
8b2a8ad59311fff,15
8b2a8ac6626afff,15
8b2a8ad4a449fff,15
8b2a8ac64a56fff,1
8b2a8a892ab1fff,8
8b2a8a892ab1fff,11
8b2a8a892ab1fff,0
8b2a8ac602cdfff,15
8b2a8ac61a0dfff,3
8b2a8ac60c5cfff,2
8b2a8ac60c5cfff,15
8b2a8ac6cd16fff,3
8b2a8ac63511fff,15
8b2a8ac660a6fff,15
8b2a8ac60342fff,15
8b2a8ac658dafff,7
8b2a8ac658dafff,4
8b2a8ac640adfff,2
8b2a8ad4aadefff,0
8b2a8ac66d1bfff,15
8b2a8ad59609fff,15
8b2a8ac65548fff,5
8b2a8ac60d68fff,16
8b2a8ad48690fff,1
8b2a8ad4aba0fff,2
8b2a8ac61542fff,15
8b2a8ac63b48fff,15
8b2a8a89352bfff,15
8b2a8ad4b35cfff,0
8b2a8ac644acfff,15
8b2a8ac60d5dfff,16
8b2a8ac60d5dfff,15
8b2a8ac63c11fff,15
8b2a8ad4b264fff,0
8b2a8ac63548fff,15
8b2a8ac60102fff,15
8b2a8ac66754fff,15
8b2a8ac6071efff,2
8b2a8ac666f5fff,15
8b2a8ac64572fff,15
8b2a8ad484b3fff,2
8b2a8a893099fff,15
8b2a8ac656ecfff,5
8b2a8ad4b26bfff,0
8b2a8ad4a556fff,15
8b2a8ad5b28dfff,15
8b2a8ad5b2d2fff,15
8b2a8a892454fff,0
8b2a8a892a13fff,0
8b2a8ac614f4fff,15
8b2a8ac642adfff,0
8b2a8ac602e2fff,15
8b2a8ac65a22fff,0
8b2a8ac65540fff,5
8b2a8a892ac2fff,1
8b2a8a892ac2fff,0
8b2a8ac646e4fff,2
8b2a8ad59762fff,15
8b2a8ac668ddfff,15
8b2a8ad4a214fff,0
8b2a8ac665b4fff,15
8b2a8ad4b55bfff,8
8b2a8ac62ab5fff,15
8b2a8ac64c6efff,16
8b2a8a892042fff,1
8b2a8a892042fff,8
8b2a8a892042fff,11
8b2a8ac64796fff,15
8b2a8ac6cad9fff,10
8b2a8ac6cad9fff,7
8b2a8ac6cad9fff,7
8b2a8ac6075bfff,2
8b2a8ad4a50afff,15
8b2a8a892d12fff,0
8b2a8ac66c42fff,15
8b2a8ac642f1fff,10
8b2a8ac642f1fff,0
8b2a8ac60496fff,15
8b2a8ac644dcfff,15
8b2a8ac6c00dfff,7
8b2a8ac6c00dfff,15
8b2a8ac662cbfff,15
8b2a8ad5b39cfff,15
8b2a8a892a4cfff,1
8b2a8ad48489fff,2
8b2a8ad59369fff,15
8b2a8ac6c831fff,7
8b2a8ac6c831fff,11
8b2a8ac61c6bfff,3
8b2a8ac6484efff,2
8b2a8ac65ac9fff,0
8b2a8ac65ac9fff,1
8b2a8ac6099cfff,16
8b2a8ac6099cfff,8
8b2a8ac6394cfff,15
8b2a8ac60505fff,15
8b2a8a892c90fff,0
8b2a8ac60653fff,2
8b2a8ac600d5fff,11
8b2a8ac600d5fff,15
8b2a8ac65a8afff,0
8b2a8ac660cefff,15
8b2a8ac60b2bfff,5
8b2a8ac65202fff,3
8b2a8ac6c0b1fff,15
8b2a8ad4a354fff,0
8b2a8ac60833fff,8
8b2a8ad5b22dfff,15
8b2a8ad48586fff,15
8b2a8ac63a2afff,15
8b2a8ac64151fff,10
8b2a8ac657b5fff,5
8b2a8ad4bd10fff,2
8b2a8ad4b406fff,10
8b2a8ad4b406fff,2
8b2a8a893086fff,15
8b2a8ad4b0c9fff,0
8b2a8ad4b665fff,0
8b2a8ac62014fff,15
8b2a8ac65970fff,1
8b2a8ac608dcfff,5
8b2a8ac66193fff,15
8b2a8ac66193fff,9
8b2a8ad4a95bfff,15
8b2a8ac65c94fff,7
8b2a8ac65c94fff,2
8b2a8ad4a921fff,15
8b2a8ad486d9fff,2
8b2a8ad59304fff,15
8b2a8ac65411fff,5
8b2a8a896791fff,0
8b2a8ac658e3fff,1
8b2a8ac63163fff,15
8b2a8a89359cfff,6
8b2a8ac60032fff,13
8b2a8ac64583fff,15
8b2a8ac66819fff,15
8b2a8ac628f1fff,15
8b2a8ac6392bfff,2
8b2a8ac63a1dfff,15
8b2a8ad4b44cfff,0
8b2a8ad4b44cfff,1
8b2a8ac6c953fff,7
8b2a8ac65719fff,5
8b2a8ad4851dfff,15
8b2a8ac6098efff,8
8b2a8ad5916bfff,15
8b2a8ac6c75dfff,7
8b2a8ac6154efff,15
8b2a8ac64995fff,15
8b2a8ac6c80bfff,7
8b2a8a8934b6fff,6
8b2a8ac63192fff,15
8b2a8ac6c0dcfff,3
8b2a8ac61926fff,5
8b2a8ac61142fff,3
8b2a8ac60d98fff,15
8b2a8ac66c10fff,15
8b2a8ac62269fff,15
8b2a8ac60452fff,15
8b2a8ac604cbfff,15
8b2a8ac6695dfff,15
8b2a8ac66946fff,15
8b2a8ac6645efff,15
8b2a8ad4b79afff,0
8b2a8ad4b79afff,1
8b2a8ad4bad9fff,8
8b2a8ad4bad9fff,0
8b2a8ac6559dfff,5
8b2a8ad4e64dfff,15
8b2a8ac65684fff,5
8b2a8ac65351fff,0
8b2a8ac60401fff,15
8b2a8ac640cafff,0
8b2a8ad59aebfff,15
8b2a8a892da6fff,1
8b2a8a892da6fff,0
8b2a8ad4848bfff,2
8b2a8a892904fff,2
8b2a8a892904fff,0
8b2a8ac6dd13fff,7
8b2a8ac6dd9dfff,7
8b2a8ad4e280fff,15
8b2a8ac65544fff,5
8b2a8ad59acbfff,15
8b2a8ac6506bfff,0
8b2a8ad4a25dfff,9
8b2a8ad4a050fff,0
8b2a8ac64712fff,2
8b2a8a892d53fff,2
8b2a8a892d53fff,0
8b2a8a892970fff,2
8b2a8ad48498fff,2
8b2a8ad4a3b6fff,0
8b2a8ad4b682fff,8
8b2a8ac6c0ebfff,3
8b2a8ac62883fff,15
8b2a8ac61951fff,3
8b2a8ac66208fff,15
8b2a8a892b95fff,11
8b2a8a892b95fff,0
8b2a8ad4a831fff,15
8b2a8ac63873fff,15
8b2a8ac644aefff,15
8b2a8a89635afff,2
8b2a8ad4bc70fff,2
8b2a8ac62bb3fff,15
8b2a8ad4b694fff,8
8b2a8ad4a602fff,15
8b2a8ac6142bfff,15
8b2a8ac66ab6fff,15
8b2a8ad4bdacfff,1
8b2a8ad4bdacfff,2
8b2a8ac663a6fff,15
8b2a8ac64990fff,15
8b2a8ac6c745fff,3
8b2a8ac6c745fff,7
8b2a8ad4b0e3fff,2
8b2a8ac667a4fff,15
8b2a8ac607a1fff,2
8b2a8ac607a1fff,15
8b2a8ad4842cfff,2
8b2a8ad4b58dfff,2
8b2a8ac65c0efff,4
8b2a8ac656d0fff,5
8b2a8ac6292dfff,15
8b2a8ac6c91dfff,7
8b2a8a8966d5fff,0
8b2a8ad5921efff,15
8b2a8ad4b408fff,10
8b2a8ad4b408fff,2
8b2a8ac65a16fff,0
8b2a8ac7592cfff,15
8b2a8a892418fff,3
8b2a8ac64886fff,16
8b2a8ac64af3fff,0
8b2a8ad4a658fff,15
8b2a8ac61694fff,15
8b2a8ad4b426fff,10
8b2a8ac6664bfff,15
8b2a8ad4a2f2fff,0
8b2a8ac60922fff,10
8b2a8ac61d62fff,5
8b2a8ac66015fff,15
8b2a8ac64b51fff,1
8b2a8ac64b51fff,3
8b2a8ac611a8fff,3
8b2a8ac6626efff,15
8b2a8a892c13fff,13
8b2a8a892c13fff,10
8b2a8ac62aecfff,15
8b2a8ad4b0c4fff,2
8b2a8a8929b6fff,0
8b2a8ac75b76fff,15
8b2a8a8934c1fff,6
8b2a8ac6095bfff,5
8b2a8a89249efff,3
8b2a8ac66ad8fff,15
8b2a8ac66728fff,15
8b2a8ad4b0b2fff,0
8b2a8ac618d1fff,3
8b2a8ac6015cfff,5
8b2a8ac6015cfff,15
8b2a8ad4b3adfff,0
8b2a8ac600cdfff,15
8b2a8a896513fff,0
8b2a8ac63a85fff,15
8b2a8ac63521fff,15
8b2a8ac658eefff,1
8b2a8ac658eefff,11
8b2a8ac60d71fff,15
8b2a8ad4a4eefff,15
8b2a8ad4b992fff,2
8b2a8a8928a6fff,0
8b2a8ac64ac8fff,0
8b2a8ac64ac8fff,1
8b2a8a8926ddfff,3
8b2a8ad4b38dfff,0
8b2a8ac66980fff,15
8b2a8ad4b5abfff,2
8b2a8ac6c826fff,7
8b2a8ac61c18fff,5
8b2a8ad4b05efff,0
8b2a8ad4b05efff,2
8b2a8ad5b289fff,15
8b2a8ac61b5efff,3
8b2a8ac66c59fff,15
8b2a8ac60789fff,2
8b2a8ac60789fff,15
8b2a8ac606cafff,2
8b2a8ac64a00fff,0
8b2a8ac64a00fff,1
8b2a8ac64a00fff,2
8b2a8ac640ddfff,0
8b2a8ac66785fff,15
8b2a8ac669b2fff,15
8b2a8ad5bb4efff,15
8b2a8ac6588dfff,14
8b2a8a89246efff,0
8b2a8ac62159fff,2
8b2a8ad4a8c8fff,0
8b2a8a8930d6fff,15
8b2a8ac65bb6fff,2
8b2a8ac65bb6fff,1
8b2a8ac65bb6fff,11
8b2a8ac65adbfff,0
8b2a8a89284bfff,0
8b2a8ac65651fff,5
8b2a8ac6cc1cfff,15
8b2a8ac61893fff,3
8b2a8ac61514fff,15
8b2a8ac60aecfff,5
8b2a8ad59ad6fff,15
8b2a8ad59af1fff,15
8b2a8ac602e8fff,15
8b2a8ad4ac93fff,15
8b2a8ac66a5afff,15
8b2a8ac6c81efff,7
8b2a8ac6c81efff,3
8b2a8ad4b01dfff,0
8b2a8ac6491afff,0
8b2a8ac65105fff,4
8b2a8ad4e608fff,15
8b2a8ac6131afff,15
8b2a8ac668c2fff,15
8b2a8ac60662fff,2
8b2a8ac65c6bfff,4
8b2a8ac65c6bfff,5
8b2a8ac64599fff,15
8b2a8ac60248fff,15
8b2a8ad48590fff,15
8b2a8ac66550fff,15
8b2a8a893724fff,15
8b2a8ac60292fff,2
8b2a8ac61743fff,15
8b2a8ad4aba9fff,2
8b2a8ad4b516fff,2
8b2a8ac63aeafff,15
8b2a8ac666ecfff,15
8b2a8ad4aa68fff,1
8b2a8ad5b28efff,15
8b2a8ad4aae4fff,0
8b2a8a892950fff,2
8b2a8ac6c396fff,3
8b2a8ac60869fff,5
8b2a8ac61122fff,3
8b2a8ad4e2e2fff,15
8b2a8ac61672fff,15
8b2a8ad4bc9afff,1
8b2a8ad4bc9afff,2
8b2a8ac635adfff,15
8b2a8ad4ad2afff,15
8b2a8ad4a4e3fff,15
8b2a8a8923a0fff,1
8b2a8a8923a0fff,10
8b2a8ac6441cfff,15
8b2a8ac65040fff,11
8b2a8ac65040fff,14
8b2a8ac64299fff,10
8b2a8ad4b685fff,0
8b2a8a893599fff,6
8b2a8ac6035dfff,15
8b2a8ad4a441fff,15
8b2a8ac64aadfff,0
8b2a8ac65c22fff,1
8b2a8ad4b4f0fff,2
8b2a8ac6cd0bfff,3
8b2a8ac65b0afff,0
8b2a8ad4b105fff,2
8b2a8ad4ab40fff,2
8b2a8ac65569fff,5
8b2a8a8936aafff,6
8b2a8ac63c0afff,15
8b2a8ad4b0ecfff,2
8b2a8ac62a4cfff,15
8b2a8ad4a056fff,0
8b2a8ac6232cfff,15
8b2a8ac63199fff,15
8b2a8ac6002bfff,12
8b2a8ad4b089fff,0
8b2a8ad4b089fff,2
8b2a8ac64140fff,10
8b2a8ac64140fff,11
8b2a8ac6554bfff,5
8b2a8ac65af2fff,1
8b2a8ac66ac9fff,15
8b2a8a8928b5fff,0
8b2a8ac61a03fff,3
8b2a8ac63885fff,15
8b2a8ac65913fff,11
8b2a8ac60825fff,5
8b2a8ac60825fff,8
8b2a8ac61d01fff,5
8b2a8ac66098fff,15
8b2a8ac668aefff,15
8b2a8ac64570fff,15
8b2a8ac64570fff,2
8b2a8ad4acf0fff,15
8b2a8ac6006efff,15
8b2a8ac6665cfff,15
8b2a8ad4a9a0fff,15
8b2a8ac642b3fff,10
8b2a8ac65889fff,14
8b2a8ac62c4cfff,15
8b2a8ac61b63fff,3
8b2a8ac66c04fff,15
8b2a8ac65150fff,14
8b2a8ac65150fff,4
8b2a8ac6526dfff,0
8b2a8ad4a1a5fff,15
8b2a8ac60203fff,15
8b2a8ac64009fff,8
8b2a8ac63922fff,2
8b2a8ac6202efff,2
8b2a8ac6202efff,15
8b2a8ac6c75cfff,7
8b2a8a892355fff,0
8b2a8a892355fff,1
8b2a8ac652eafff,2
8b2a8a89358cfff,6
8b2a8a892050fff,10
8b2a8a892050fff,11
8b2a8ad4a8a2fff,15
8b2a8ac65020fff,14
8b2a8ac6489efff,16
8b2a8ad4a773fff,15
8b2a8ac66c35fff,15
8b2a8ad4b4d3fff,3
8b2a8ad4b4d3fff,2
8b2a8ad4e645fff,15
8b2a8ac6495bfff,2
8b2a8ad4e6ebfff,15
8b2a8a896698fff,0
8b2a8ac6602cfff,15
8b2a8ac6541cfff,5
8b2a8ad4ac1afff,15
8b2a8ac60d49fff,16
8b2a8ac6c3a6fff,3
8b2a8ac61199fff,15
8b2a8ad4b719fff,0
8b2a8ac62120fff,15
8b2a8ac6cbadfff,6
8b2a8ac6cbadfff,7
8b2a8ac61191fff,15
8b2a8ad4accafff,15
8b2a8ad4ab52fff,2
8b2a8ad4ab52fff,0
8b2a8ac63d52fff,2
8b2a8ac63d52fff,15
8b2a8ac6cb71fff,6
8b2a8a892c21fff,1
8b2a8a892c21fff,0
8b2a8ac65021fff,14
8b2a8ad4844afff,0
8b2a8ac64111fff,15
8b2a8ad4a04afff,0
8b2a8ad4b491fff,2
8b2a8ad4ad36fff,15
8b2a8ac6600cfff,15
8b2a8ac61cd6fff,15
8b2a8a892435fff,0
8b2a8ac63b44fff,15
8b2a8a8930c6fff,15
8b2a8ac643a6fff,0
8b2a8ad4bd4cfff,2
8b2a8ac619b5fff,5
8b2a8ac62c54fff,15
8b2a8ac6046cfff,15
8b2a8ac61d30fff,5
8b2a8ac6041cfff,15
8b2a8a896486fff,0
8b2a8ac65c41fff,4
8b2a8ac65c41fff,5
8b2a8ac64a44fff,10
8b2a8a89275afff,3
8b2a8a89220efff,0
8b2a8ad4808afff,0
8b2a8ad4a741fff,0
8b2a8ac63956fff,2
8b2a8ac666c5fff,15
8b2a8ac6571dfff,5
8b2a8ac65254fff,0
8b2a8ac6cc0bfff,15
8b2a8ad4b4acfff,2
8b2a8ac62d60fff,15
8b2a8ad59b80fff,15
8b2a8ac6084efff,5
8b2a8ac62986fff,15
8b2a8ad5b2e6fff,15
8b2a8ac64ab5fff,8
8b2a8a892c6efff,10
8b2a8a892c6efff,0
8b2a8ac64352fff,0
8b2a8ad480aefff,0
8b2a8ac64c6afff,16
8b2a8a892868fff,0
8b2a8ad4b71afff,0
8b2a8a892d42fff,0
8b2a8a892028fff,11
8b2a8a892028fff,1
8b2a8ad486c1fff,2
8b2a8ac616b5fff,15
8b2a8ac65d9efff,2
8b2a8ac66c65fff,15
8b2a8ac60946fff,5
8b2a8ad4a742fff,15
8b2a8a8928f4fff,0
8b2a8ad5b76cfff,15
8b2a8ad59adbfff,15
8b2a8ac60b25fff,5
8b2a8ac62ab0fff,15
8b2a8ac64a2dfff,1
8b2a8ad4b4b1fff,2
8b2a8ac664e4fff,15
8b2a8ad4b988fff,2
8b2a8ac61a80fff,3
8b2a8ad4accefff,15
8b2a8ac63d65fff,2
8b2a8a896640fff,0
8b2a8ac60633fff,2
8b2a8ac62942fff,15
8b2a8ac60394fff,15
8b2a8ac65c44fff,4
8b2a8ac62970fff,15
8b2a8ac61a94fff,3
8b2a8a893589fff,6
8b2a8ac65081fff,5
8b2a8ac61485fff,15
8b2a8ac61733fff,15
8b2a8ad4b595fff,2
8b2a8ac62ba3fff,15
8b2a8ac6060efff,2
8b2a8ac6c8aefff,3
8b2a8a892c75fff,10
8b2a8ac65143fff,4
8b2a8a893519fff,6
8b2a8a893519fff,15
8b2a8a89220afff,0
8b2a8ac650a4fff,4
8b2a8ac650a4fff,5
8b2a8ac61319fff,15
8b2a8ad484d5fff,2
8b2a8ac60ac2fff,5
8b2a8ad59859fff,2
8b2a8ac6459cfff,15
8b2a8ac63ca0fff,15
8b2a8ad4a186fff,15
8b2a8ac6c211fff,10
8b2a8ac65644fff,5
8b2a8ac617a5fff,15
8b2a8ac61490fff,15
8b2a8ac654e4fff,5
8b2a8ac66063fff,15
8b2a8ac64a54fff,1
8b2a8ac61585fff,15
8b2a8ac6656cfff,15
8b2a8ac6656cfff,9
8b2a8ad4b76afff,0
8b2a8ad48441fff,0
8b2a8ac6111bfff,3
8b2a8ac668f2fff,15
8b2a8ac61064fff,3
8b2a8ac65c4cfff,4
8b2a8ac65c4cfff,5
8b2a8ac6625afff,15
8b2a8ac63d82fff,15
8b2a8ac64b6cfff,1
8b2a8ac64b6cfff,10
8b2a8ac62b29fff,15
8b2a8a893474fff,6
8b2a8ad4a01dfff,0
8b2a8ac63334fff,15
8b2a8ad4aadafff,0
8b2a8ac6610efff,15
8b2a8ad4a959fff,2
8b2a8ad4a959fff,15
8b2a8ac60ab4fff,5
8b2a8a892c8bfff,0
8b2a8ac63ccafff,15
8b2a8ad4a148fff,0
8b2a8ac61b60fff,3
8b2a8ad59306fff,15
8b2a8ac6c206fff,10
8b2a8a892cb5fff,0
8b2a8ac6cd33fff,3
8b2a8ac604c4fff,15
8b2a8ac6684bfff,15
8b2a8ad5b384fff,15
8b2a8ad4bc80fff,1
8b2a8ac61759fff,15
8b2a8a896655fff,0
8b2a8ad4869efff,2
8b2a8ad4869efff,1
8b2a8ac6454efff,2
8b2a8ac64b58fff,1
8b2a8ac6100bfff,15
8b2a8a896228fff,2
8b2a8ac643b6fff,0
8b2a8ac64060fff,8
8b2a8ad4e2a0fff,15
8b2a8ad4b614fff,0
8b2a8ac63a4afff,15
8b2a8a892d91fff,0
8b2a8ac65530fff,5
8b2a8ac664d9fff,15
8b2a8ac61a12fff,3
8b2a8ad4acaefff,15
8b2a8ac6016bfff,5
8b2a8ad59a4cfff,15
8b2a8a89248cfff,3
8b2a8ac616a0fff,15
8b2a8ac6cb31fff,6
8b2a8a893656fff,6
8b2a8ac646e5fff,2
8b2a8ad4a98bfff,15
8b2a8ac6146bfff,15
8b2a8ac64664fff,10
8b2a8ac64664fff,2
8b2a8ac65492fff,5
8b2a8ad593b3fff,15
8b2a8ac64d66fff,15
8b2a8ac64d66fff,2
8b2a8ac64db2fff,15
8b2a8ac6464cfff,8
8b2a8ac6464cfff,10
8b2a8ac66633fff,15
8b2a8ac62903fff,15
8b2a8ad4b5a9fff,2
8b2a8a896683fff,0
8b2a8ad4b888fff,2
8b2a8ad4842bfff,2
8b2a8ad4e2b5fff,15
8b2a8ac61a16fff,3
8b2a8ad5938efff,15
8b2a8ac61cd0fff,15
8b2a8ac61adcfff,3
8b2a8ac61adcfff,15
8b2a8ad4a2f0fff,0
8b2a8ac6402afff,8
8b2a8ad4b734fff,0
8b2a8ac65a2dfff,0
8b2a8ac66830fff,15
8b2a8ad4bc4dfff,2
8b2a8ac65002fff,14
8b2a8ac65002fff,4
8b2a8ac66acefff,15
8b2a8ac64163fff,11
8b2a8ad4b9a6fff,2
8b2a8ac608c0fff,5
8b2a8a892c4cfff,10
8b2a8ac60c73fff,15
8b2a8ac66d01fff,15
8b2a8ac61984fff,3
8b2a8ac61984fff,5
8b2a8ac6301efff,2
8b2a8ad4aaedfff,0
8b2a8ac60cd2fff,15
8b2a8a8966f5fff,0
8b2a8ad487b0fff,0
8b2a8ad487b0fff,2
8b2a8ac6332efff,15
8b2a8ac64af0fff,0
8b2a8ad4e752fff,15
8b2a8ac666a9fff,15
8b2a8ad4b5b4fff,9
8b2a8a8965b0fff,11
8b2a8ac65aaefff,1
8b2a8ad4b499fff,8
8b2a8ad4b499fff,2
8b2a8ac6585cfff,2
8b2a8ac6585cfff,1
8b2a8ac6585cfff,11
8b2a8ac6691afff,15
8b2a8ac6616efff,15
8b2a8ac64d83fff,15
8b2a8ac60029fff,12
8b2a8ad4a112fff,15
8b2a8a892016fff,10
8b2a8ac62b22fff,15
8b2a8ad5961cfff,15
8b2a8ac62a29fff,15
8b2a8ad484c2fff,2
8b2a8ac605abfff,15
8b2a8ac6c744fff,3
8b2a8ac6c744fff,7
8b2a8ac60a19fff,5
8b2a8ac64b75fff,3
8b2a8ac647acfff,2
8b2a8ad4bc8afff,1
8b2a8ad4bc8afff,10
8b2a8ad4bc8afff,2
8b2a8ad592cbfff,15
8b2a8ac6cb2cfff,6
8b2a8ac60440fff,15
8b2a8a8962ddfff,2
8b2a8ac642a8fff,10
8b2a8ac642a8fff,0
8b2a8ac6c925fff,7
8b2a8ac6c925fff,2
8b2a8ac6c925fff,10
8b2a8ac628eafff,15
8b2a8ac63b35fff,15
8b2a8ad4a785fff,15
8b2a8ac60415fff,15
8b2a8a892d83fff,0
8b2a8a892d83fff,1
8b2a8ad5b208fff,15
8b2a8ac6c10cfff,15
8b2a8ac6cc1dfff,15
8b2a8ac66c1dfff,15
8b2a8a8928b1fff,0
8b2a8ad4a3b3fff,0
8b2a8ac64030fff,15
8b2a8ac66330fff,15
8b2a8a892006fff,10
8b2a8ac6040dfff,15
8b2a8ad5929efff,15
8b2a8ac66ce3fff,9
8b2a8ac6664dfff,15
8b2a8ac65cb3fff,2
8b2a8ac64ceafff,15
8b2a8a89341afff,6
8b2a8ac65912fff,11
8b2a8ad4a6dafff,2
8b2a8ac64008fff,8
8b2a8ad4ab69fff,1
8b2a8ad4e660fff,15
8b2a8a8920e2fff,13
8b2a8ac62a1efff,15
8b2a8ad4b6b3fff,8
8b2a8ac607a6fff,15
8b2a8ac641a6fff,15
8b2a8ac6306cfff,15
8b2a8ac6066efff,2
8b2a8ad4b8f6fff,2
8b2a8ac61a31fff,3
8b2a8ac64663fff,8
8b2a8ac64663fff,10
8b2a8ac6ca24fff,6
8b2a8ac66a41fff,15
8b2a8ac61693fff,15
8b2a8a892192fff,0
8b2a8a892192fff,10
8b2a8ac62c1dfff,15
8b2a8ac64670fff,8
8b2a8ac64670fff,2
8b2a8ac61700fff,15
8b2a8a8928dbfff,1
8b2a8a8928dbfff,0
8b2a8ad484c5fff,2
8b2a8ac62a9bfff,2
8b2a8ac6549dfff,5
8b2a8ad5b288fff,15
8b2a8ac66162fff,15
8b2a8a8964ebfff,0
8b2a8ac62994fff,15
8b2a8ac64d4dfff,15
8b2a8ac64d4dfff,16
8b2a8ad4a2e0fff,2
8b2a8ac635acfff,15
8b2a8ad4e60afff,15
8b2a8ac65559fff,5
8b2a8ac666defff,15
8b2a8a8936eafff,6
8b2a8ac62d29fff,15
8b2a8ac63a04fff,15
8b2a8ac66106fff,15
8b2a8ad4b226fff,2
8b2a8ac64d74fff,2
8b2a8ad4a568fff,15
8b2a8ac64d6afff,15
8b2a8a89359bfff,6
8b2a8ac644b5fff,15
8b2a8a8962a3fff,0
8b2a8ad4bd4efff,2
8b2a8ac60051fff,15
8b2a8ad4b2acfff,0
8b2a8ad4b2acfff,1
8b2a8ac6461dfff,2
8b2a8ac64025fff,8
8b2a8ac64025fff,2
8b2a8ac6c0d5fff,3
8b2a8a892c16fff,0
8b2a8a89265efff,2
8b2a8ac6030afff,15
8b2a8ac60c95fff,15
8b2a8a893419fff,6
8b2a8a8937a2fff,6
8b2a8ad4e299fff,15
8b2a8ac61a8dfff,3
8b2a8ac61002fff,15
8b2a8ad4a60efff,15
8b2a8ad59316fff,15
8b2a8ac604cdfff,15
8b2a8ac6430afff,0
8b2a8ac64aacfff,0
8b2a8a896493fff,0
8b2a8ad4b56dfff,0
8b2a8a89265bfff,7
8b2a8ad4e2c5fff,15
8b2a8ad4b242fff,0
8b2a8ac669aafff,15
8b2a8ad4a004fff,0
8b2a8ac61923fff,3
8b2a8ac644adfff,15
8b2a8ac60c2bfff,15
8b2a8ac65971fff,1
8b2a8ac6cd60fff,3
8b2a8ac6c850fff,7
8b2a8ac650a8fff,5
8b2a8ad4b673fff,0
8b2a8ad4ac63fff,15
8b2a8ac63552fff,15
8b2a8a893651fff,15
8b2a8a893651fff,6
8b2a8ac6206efff,2
8b2a8ac6c908fff,10
8b2a8ac64b74fff,3
8b2a8ac610c1fff,15
8b2a8ac64435fff,15
8b2a8ac64a02fff,0
8b2a8ac64a02fff,2
8b2a8ac64a02fff,8
8b2a8ac64904fff,0
8b2a8ac61515fff,15
8b2a8ac61940fff,3
8b2a8ac61411fff,15
8b2a8ac65ad8fff,0
8b2a8ac60d82fff,15
8b2a8ad4a619fff,15
8b2a8ac6445cfff,2
8b2a8ad4aaecfff,0
8b2a8ac66860fff,15
8b2a8ad59221fff,15
8b2a8ac62c2bfff,15
8b2a8ac644defff,15
8b2a8ac66a4efff,15
8b2a8ac6236efff,15
8b2a8ad4a451fff,15
8b2a8ac60872fff,5
8b2a8ac63a86fff,15
8b2a8a892068fff,8
8b2a8ac6581efff,14
8b2a8ac64824fff,2
8b2a8ac64824fff,0
8b2a8ad4a2d8fff,0
8b2a8ac64b9cfff,2
8b2a8ac66906fff,15
8b2a8ac60763fff,15
8b2a8ac66badfff,2
8b2a8ac60120fff,15
8b2a8a893443fff,6
8b2a8a892a35fff,0
8b2a8ac6381dfff,15
8b2a8ac63148fff,15
8b2a8ad4b35afff,0
8b2a8ac66c58fff,15
8b2a8ac660d1fff,15
8b2a8ac64ac4fff,0
8b2a8ac6c02cfff,15
8b2a8ac60444fff,15
8b2a8ac64913fff,0
8b2a8ac61a08fff,3
8b2a8a8934b4fff,6
8b2a8ac61833fff,3
8b2a8a892493fff,3
8b2a8a892881fff,0
8b2a8ac6cd91fff,15
8b2a8ac61192fff,15
8b2a8ac640f6fff,2
8b2a8ac640f6fff,8
8b2a8ac61b69fff,3
8b2a8ac606f5fff,2
8b2a8ac65050fff,14
8b2a8ac63326fff,15
8b2a8ac600c4fff,11
8b2a8ac600c4fff,15
8b2a8a8928d5fff,0
8b2a8a8966b6fff,0
8b2a8ac668d6fff,15
8b2a8ad4b79dfff,0
8b2a8ac646c5fff,15
8b2a8ac64723fff,2
8b2a8ad4a85bfff,15
8b2a8ad4a222fff,0
8b2a8a892914fff,0
8b2a8ac75b2bfff,15
8b2a8ac60b1efff,5
8b2a8ac651acfff,4
8b2a8ac651acfff,5
8b2a8ac662e6fff,15
8b2a8ac6635afff,15
8b2a8ad4bc09fff,2
8b2a8a8962e3fff,2
8b2a8ac628f3fff,15
8b2a8ac6064bfff,2
8b2a8ac61734fff,15
8b2a8ac621b3fff,15
8b2a8a8962d5fff,2
8b2a8ac66a40fff,15
8b2a8ad4b3aafff,0
8b2a8ad48444fff,0
8b2a8a896631fff,0
8b2a8ad484a1fff,2
8b2a8a8924c9fff,3
8b2a8ad4b473fff,8
8b2a8ad4b473fff,10
8b2a8ad4ad08fff,15
8b2a8ac6574cfff,5
8b2a8ac60a18fff,5
8b2a8ac62884fff,15
8b2a8ac643a3fff,0
8b2a8ac60025fff,12
8b2a8ac60025fff,15
8b2a8ac62b0efff,15
8b2a8ac60035fff,13
8b2a8ac60035fff,15
8b2a8ac6c8a1fff,3
8b2a8ac61720fff,15
8b2a8ac63aecfff,15
8b2a8ad4a412fff,15
8b2a8a892a6bfff,1
8b2a8ac60608fff,2
8b2a8ad59261fff,15
8b2a8ac65245fff,0
8b2a8ac6472bfff,2
8b2a8ac62171fff,15
8b2a8ac662e2fff,15
8b2a8a89660efff,0
8b2a8a892760fff,3
8b2a8ac63323fff,15
8b2a8ad4b9a0fff,2
8b2a8ac6656dfff,15
8b2a8ad4a850fff,15
8b2a8ad4b069fff,0
8b2a8a892db5fff,1
8b2a8a892db5fff,0
8b2a8a892896fff,0
8b2a8ac6c3acfff,10
8b2a8ac6c3acfff,3
8b2a8ad4a2b2fff,0
8b2a8ac618c9fff,3
8b2a8ad4b4f5fff,2
8b2a8a896412fff,0
8b2a8ad4a51afff,15
8b2a8ac60099fff,11
8b2a8ad4b4aafff,2
8b2a8ad4e68dfff,15
8b2a8ac6014efff,5
8b2a8ac629adfff,15
8b2a8ac61a1dfff,3
8b2a8ac60930fff,8
8b2a8ac60930fff,10
8b2a8ac64c34fff,15
8b2a8ac64c34fff,2
8b2a8ac63801fff,15
8b2a8ad4bc88fff,10
8b2a8ac66786fff,15
8b2a8ac61020fff,3
8b2a8ad4a2ebfff,2
8b2a8ac668b4fff,15
8b2a8ad4b58bfff,2
8b2a8ac6396dfff,15
8b2a8ac60299fff,2
8b2a8ad5b398fff,15
8b2a8ad4aba8fff,2
8b2a8ac61522fff,15
8b2a8ac608f4fff,5
8b2a8ac608f4fff,8
8b2a8ac6c115fff,15
8b2a8ad4e6e3fff,15
8b2a8ac61405fff,15
8b2a8ac614eefff,15
8b2a8a892cd6fff,0
8b2a8a892cd6fff,10
8b2a8ac64928fff,0
8b2a8ac66084fff,15
8b2a8ac62249fff,15
8b2a8ac65c40fff,4
8b2a8ac65c40fff,5
8b2a8ad4b3b0fff,0
8b2a8ac64521fff,15
8b2a8ac66431fff,15
8b2a8ad59300fff,15
8b2a8ac60a62fff,5
8b2a8ad59ba2fff,15
8b2a8a8966ecfff,0
8b2a8ad484f2fff,2
8b2a8ad59ab1fff,15
8b2a8a89354efff,6
8b2a8ac61b5afff,3
8b2a8ac64973fff,2
8b2a8ac60615fff,2
8b2a8ac6069cfff,15
8b2a8ac61a8efff,3
8b2a8ad4ada6fff,15
8b2a8ad4a66efff,0
8b2a8ac65145fff,4
8b2a8ad4b5a5fff,2
8b2a8ac66714fff,15
8b2a8ad59b21fff,2
8b2a8ac64040fff,8
8b2a8ac65356fff,0
8b2a8ac66c52fff,9
8b2a8ac62b69fff,15
8b2a8ac66712fff,15
8b2a8ad4ab50fff,2
8b2a8ad4ab50fff,0
8b2a8ac64805fff,2
8b2a8a89368dfff,6
8b2a8ac604e9fff,15
8b2a8ad4a4f5fff,15
8b2a8ad4a4f5fff,2
8b2a8ac617a6fff,15
8b2a8a892681fff,3
8b2a8ac63514fff,15
8b2a8a893db6fff,1
8b2a8ac61c28fff,5
8b2a8ac60081fff,11
8b2a8ac63b25fff,15
8b2a8ad4a544fff,15
8b2a8ac66581fff,15
8b2a8ac65d66fff,0
8b2a8ad5b38bfff,15
8b2a8ac63a35fff,15
8b2a8ad4a220fff,0
8b2a8ad59b95fff,15
8b2a8ac6ccccfff,15
8b2a8ac60442fff,15
8b2a8ac6552efff,5
8b2a8ac61762fff,15
8b2a8ac640e9fff,0
8b2a8ac65d93fff,2
8b2a8a893575fff,15
8b2a8ad5965afff,15
8b2a8ac63325fff,15
8b2a8ac62cdcfff,15
8b2a8ac61d1afff,5
8b2a8ac6cd84fff,3
8b2a8ac75b23fff,15
8b2a8ac65a93fff,0
8b2a8ad4a456fff,15
8b2a8a89669bfff,0
8b2a8ac6cdb5fff,3
8b2a8ac61016fff,15
8b2a8ac606a1fff,15
8b2a8ac6cc12fff,15
8b2a8ac61c06fff,5
8b2a8a89222efff,0
8b2a8ad4b586fff,2
8b2a8ac63964fff,15
8b2a8ad4acf2fff,15
8b2a8ac66ce6fff,15
8b2a8ac66ce6fff,9
8b2a8a89250dfff,0
8b2a8ad5b2d6fff,15
8b2a8ad596b5fff,15
8b2a8ac65686fff,5
8b2a8ad4e240fff,15
8b2a8a892c6cfff,0
8b2a8a89299afff,0
8b2a8ac63924fff,2
8b2a8ac6cd0cfff,3
8b2a8ac61a4efff,3
8b2a8ac66a5dfff,15
8b2a8ac63a45fff,15
8b2a8ad4a2a2fff,0
8b2a8ac60296fff,2
8b2a8ac6589efff,4
8b2a8ac6589efff,1
8b2a8a892213fff,0
8b2a8a892213fff,1
8b2a8a892213fff,10
8b2a8a8930d0fff,15
8b2a8ac65d4bfff,1
8b2a8ac62894fff,15
8b2a8a892d1cfff,0
8b2a8ac6c002fff,15
8b2a8ac60cb2fff,15
8b2a8ac63014fff,2
8b2a8a892788fff,3
8b2a8a892d19fff,0
8b2a8ac65cdefff,5
8b2a8ac60684fff,15
8b2a8ad4a54cfff,15
8b2a8ad4bd99fff,1
8b2a8ad4bd99fff,2
8b2a8a89669efff,0
8b2a8ac64a2afff,1
8b2a8ac6c18bfff,15
8b2a8ac64b9dfff,8
8b2a8ac64b9dfff,2
8b2a8ac6054dfff,2
8b2a8ac6054dfff,15
8b2a8ac608e1fff,5
8b2a8ac6676afff,15
8b2a8a892023fff,10
8b2a8ad596f4fff,15
8b2a8ac609acfff,8
8b2a8ac66606fff,15
8b2a8ac6692efff,15
8b2a8ac60c6cfff,15
8b2a8ac60c22fff,15
8b2a8ac6c21cfff,10
8b2a8ac60ba5fff,5
8b2a8a893494fff,6
8b2a8ac60071fff,12
8b2a8ac60071fff,15
8b2a8ad4b183fff,0
8b2a8a893544fff,6
8b2a8ac65665fff,5
8b2a8ad4a32cfff,0
8b2a8a892818fff,0
8b2a8a892920fff,2
8b2a8a892920fff,0
8b2a8ac6c028fff,7
8b2a8ac6c028fff,15
8b2a8ad59748fff,15
8b2a8a893441fff,6
8b2a8ac6031bfff,15
8b2a8ad59648fff,15
8b2a8a89216afff,11
8b2a8ad484c8fff,2
8b2a8ac641a1fff,15
8b2a8ac66473fff,15
8b2a8ac6508dfff,5
8b2a8ac64260fff,0
8b2a8ac643a8fff,0
8b2a8ac668dbfff,15
8b2a8a892248fff,6
8b2a8a892248fff,15
8b2a8a89274afff,3
8b2a8ad4b4b3fff,2
8b2a8ad59b05fff,2
8b2a8ac6c569fff,15
8b2a8ac60d4cfff,16
8b2a8ac62b66fff,15
8b2a8ac61d5afff,5
8b2a8ac66c1cfff,15
8b2a8ac6676bfff,15
8b2a8ad59a55fff,15
8b2a8ac6575dfff,5
8b2a8a892153fff,11
8b2a8a892153fff,1
8b2a8ad4b130fff,2
8b2a8ad5b259fff,15
8b2a8ad4b619fff,0
8b2a8ac619aafff,3
8b2a8ad5b304fff,15
8b2a8ad4a069fff,0
8b2a8ac62891fff,15
8b2a8ac6c189fff,15
8b2a8ac63545fff,15
8b2a8ac6094bfff,5
8b2a8ad4ac8dfff,15
8b2a8ad59ba0fff,15
8b2a8ad59ba0fff,2
8b2a8ad59243fff,15
8b2a8ac64c83fff,15
8b2a8ac6c1b5fff,15
8b2a8ac60803fff,5
8b2a8ac60803fff,8
8b2a8ad484c6fff,2
8b2a8ac62326fff,2
8b2a8ac615acfff,15
8b2a8ac65b50fff,0
8b2a8ac62150fff,2
8b2a8ac62946fff,15
8b2a8ad4b633fff,0
8b2a8a89241dfff,0
8b2a8a89241dfff,3
8b2a8ac65b12fff,2
8b2a8ac65b12fff,0
8b2a8ad5b393fff,15
8b2a8ac6cd68fff,3
8b2a8ad4e200fff,15
8b2a8ac62ae9fff,15
8b2a8ac63c8afff,15
8b2a8a89242afff,0
8b2a8ac65b90fff,4
8b2a8ac6c191fff,15
8b2a8ac61305fff,15
8b2a8ac65114fff,4
8b2a8ac65114fff,5
8b2a8ac65522fff,5
8b2a8ac66789fff,15
8b2a8ac60ccafff,2
8b2a8ac645aefff,15
8b2a8ac66a92fff,15
8b2a8ac6161bfff,15
8b2a8ac66466fff,15
8b2a8ac64db4fff,15
8b2a8ac60006fff,7
8b2a8ac63510fff,15
8b2a8ac60d09fff,15
8b2a8ac63d09fff,2
8b2a8ac64cc3fff,15
8b2a8ac64cc3fff,2
8b2a8ac62342fff,15
8b2a8ad4b470fff,8
8b2a8ad4b470fff,10
8b2a8a8926cdfff,3
8b2a8a892946fff,2
8b2a8ac63cecfff,15
8b2a8ac6c8b2fff,3
8b2a8a892963fff,2
8b2a8ac60cebfff,2
8b2a8ac60055fff,12
8b2a8ac60055fff,15
8b2a8ac6041dfff,15
8b2a8ac66b73fff,15
8b2a8ac63120fff,15
8b2a8ac6468dfff,15
8b2a8a893585fff,6
8b2a8ad4b796fff,10
8b2a8ac65876fff,1
8b2a8a89674cfff,0
8b2a8ac65a81fff,1
8b2a8ac60772fff,2
8b2a8ac66865fff,15
8b2a8ad4a065fff,0
8b2a8ac646b3fff,15
8b2a8ac66896fff,15
8b2a8ad4a356fff,0
8b2a8ad4bcd3fff,10
8b2a8ac60a14fff,5
8b2a8ac64720fff,2
8b2a8ad4b54cfff,0
8b2a8ad4b54cfff,8
8b2a8ad4b54cfff,1
8b2a8ad4b794fff,1
8b2a8ad4b794fff,10
8b2a8ad4a851fff,15
8b2a8a892392fff,3
8b2a8a8924f4fff,3
8b2a8ac60b0afff,5
8b2a8ac61d92fff,5
8b2a8ac66c53fff,9
8b2a8ad5b38afff,15
8b2a8ac63015fff,2
8b2a8a896408fff,0
8b2a8a892866fff,0
8b2a8ad5b21cfff,15
8b2a8ac63042fff,2
8b2a8a896745fff,0
8b2a8ac6114afff,3
8b2a8ac63c2dfff,15
8b2a8a892585fff,0
8b2a8ac638d0fff,15
8b2a8ad4ad4cfff,15
8b2a8ad4a41afff,15
8b2a8ad4a41afff,2
8b2a8a896620fff,0
8b2a8a892865fff,0
8b2a8ac60a1efff,5
8b2a8ac60c62fff,15
8b2a8ac66574fff,9
8b2a8a892130fff,0
8b2a8a892a45fff,1
8b2a8ac6cd6bfff,3
8b2a8ac6c330fff,7
8b2a8ac6c330fff,2
8b2a8ad4a02bfff,0
8b2a8ac63852fff,15
8b2a8ac6692bfff,15
8b2a8ac60800fff,5
8b2a8ac60800fff,8
8b2a8ac661abfff,15
8b2a8ad4b135fff,2
8b2a8ac614dcfff,15
8b2a8ad4a49bfff,2
8b2a8ac6588cfff,14
8b2a8ac6588cfff,1
8b2a8ad486b6fff,1
8b2a8a892ce6fff,10
8b2a8ac61daefff,5
8b2a8ac66371fff,15
8b2a8ac61770fff,15
8b2a8ac62c56fff,15
8b2a8ad4ad19fff,15
8b2a8a89368cfff,6
8b2a8ac6578afff,5
8b2a8a892723fff,3
8b2a8ac638e8fff,15
8b2a8ad4bd4dfff,2
8b2a8ac64773fff,2
8b2a8ac62072fff,15
8b2a8ac62193fff,15
8b2a8ac62270fff,15
8b2a8ad4b36cfff,8
8b2a8ac6416efff,11
8b2a8ac6416efff,2
8b2a8ac608c2fff,5
8b2a8ad4bd34fff,2
8b2a8ac652b3fff,5
8b2a8ac6670afff,15
8b2a8a892c6dfff,0
8b2a8ac651adfff,4
8b2a8ac64115fff,15
8b2a8ac64115fff,16
8b2a8ac60195fff,2
8b2a8ad4a8f3fff,15
8b2a8ad4a8f3fff,0
8b2a8a892819fff,0
8b2a8ad4b6d1fff,0
8b2a8a893726fff,6
8b2a8a893726fff,15
8b2a8a8928aafff,0
8b2a8ac64ca0fff,15
8b2a8a892065fff,11
8b2a8ac64148fff,10
8b2a8ac64148fff,2
8b2a8ad59a64fff,15
8b2a8ac65015fff,4
8b2a8ac6ca69fff,6
8b2a8ac6ca69fff,7
8b2a8ad4b4cefff,10
8b2a8a896350fff,2
8b2a8ac60190fff,2
8b2a8ac619b6fff,5
8b2a8ac66380fff,15
8b2a8a8966f4fff,0
8b2a8ac64a99fff,0
8b2a8ac64a99fff,2
8b2a8ad4e6f2fff,15
8b2a8ac64a84fff,8
8b2a8ac61c19fff,5
8b2a8ac60d93fff,15
8b2a8ac61623fff,15
8b2a8ac63851fff,15
8b2a8ac606edfff,2
8b2a8ad4a442fff,15
8b2a8ac6015dfff,5
8b2a8ac6015dfff,15
8b2a8ac60b8afff,5
8b2a8ac614c9fff,15
8b2a8ac60d51fff,15
8b2a8ac61983fff,3
8b2a8a892bb5fff,0
8b2a8ad4b656fff,0
8b2a8ac61110fff,3
8b2a8a896288fff,2
8b2a8a896494fff,0
8b2a8ac61a65fff,3
8b2a8ad4b036fff,0
8b2a8a8926c9fff,3
8b2a8ac65d33fff,0
8b2a8ac65d33fff,1
8b2a8ac65d33fff,8
8b2a8ac668f6fff,15
8b2a8ac66b10fff,15
8b2a8ac64591fff,15
8b2a8ac64a5cfff,2
8b2a8ac64a5cfff,1
8b2a8ac628b1fff,15
8b2a8ac65825fff,1
8b2a8ac65825fff,0
8b2a8ac66548fff,15
8b2a8a892d8afff,0
8b2a8ad5966bfff,15
8b2a8ad4aa2cfff,2
8b2a8ad4aa2cfff,0
8b2a8ac65329fff,0
8b2a8ac6c9abfff,7
8b2a8ac61d70fff,5
8b2a8ad59292fff,15
8b2a8ac64985fff,15
8b2a8ac64985fff,0
8b2a8ac606ddfff,2
8b2a8ac6216dfff,15
8b2a8ad596e6fff,15
8b2a8ad4aaebfff,0
8b2a8ac6170efff,15
8b2a8ac63cf6fff,15
8b2a8ac6098bfff,8
8b2a8ac64471fff,2
8b2a8ad4a801fff,15
8b2a8ac62b53fff,15
8b2a8ac6404afff,0
8b2a8ac63100fff,15
8b2a8ac6010bfff,12
8b2a8ac6010bfff,15
8b2a8ac61610fff,15
8b2a8ac66b04fff,15
8b2a8ad4a224fff,0
8b2a8ac646c8fff,16
8b2a8ac646c8fff,15
8b2a8ac6cd81fff,3
8b2a8ac6cd81fff,15
8b2a8a8921a5fff,10
8b2a8ac65400fff,5
8b2a8a8921aefff,10
8b2a8ac6c212fff,10
8b2a8ad4a0f3fff,15
8b2a8ac63c36fff,15
8b2a8ad59640fff,15
8b2a8ac65864fff,11
8b2a8ac60236fff,15
8b2a8a89660afff,0
8b2a8ac66c0dfff,15
8b2a8ac61bb1fff,3
8b2a8ac64970fff,2
8b2a8ac64970fff,0
8b2a8ac656d6fff,5
8b2a8ac6050bfff,15
8b2a8ac6055cfff,15
8b2a8ac605b1fff,15
8b2a8ad4b51bfff,10
8b2a8ad4b51bfff,2
8b2a8a892d1afff,1
8b2a8a892d1afff,0
8b2a8a8965b3fff,11
8b2a8ad48c9afff,15
8b2a8ac66582fff,15
8b2a8ad4b986fff,2
8b2a8ad59318fff,15
8b2a8a892995fff,0
8b2a8ac65725fff,5
8b2a8ad4acc2fff,15
8b2a8ac60489fff,15
8b2a8ac64ad2fff,0
8b2a8a8926abfff,3
8b2a8ac66aebfff,15
8b2a8ad4e2e1fff,15
8b2a8a8930d8fff,6
8b2a8ad4b2d6fff,0
8b2a8ad4a251fff,9
8b2a8ac61346fff,15
8b2a8ac66ba4fff,15
8b2a8ac63d0efff,2
8b2a8ac63d0efff,15
8b2a8ac62132fff,15
8b2a8ad4856dfff,0
8b2a8ac64834fff,0
8b2a8ad596f3fff,15
8b2a8a892972fff,2
8b2a8ac65a9bfff,0
8b2a8ad4a032fff,15
8b2a8a896601fff,0
8b2a8ad5da5bfff,15
8b2a8ad48098fff,0
8b2a8ac66d1cfff,15
8b2a8ad4b19afff,0
8b2a8a89068cfff,1
8b2a8ac622e1fff,15
8b2a8ac64890fff,16
8b2a8ad4a230fff,0
8b2a8ac65701fff,5
8b2a8a892860fff,0
8b2a8a892425fff,0
8b2a8ad4b2c3fff,1
8b2a8ad4b2c3fff,0
8b2a8ac60414fff,15
8b2a8ac6538cfff,2
8b2a8ac6538cfff,11
8b2a8ac64aeafff,0
8b2a8ac64aeafff,1
8b2a8ac60753fff,2
8b2a8a89204bfff,1
8b2a8a89204bfff,8
8b2a8ac66d6dfff,15
8b2a8ac60640fff,2
8b2a8ad59399fff,15
8b2a8ac6c184fff,15
8b2a8ac60720fff,11
8b2a8ad59a93fff,15
8b2a8ac61529fff,15
8b2a8ad4b198fff,0
8b2a8ad4b8aefff,2
8b2a8a892890fff,0
8b2a8ac6160afff,15
8b2a8ac6026afff,15
8b2a8ad4b093fff,0
8b2a8ad4a0b2fff,15
8b2a8ac6446efff,2
8b2a8ad4b00dfff,0
8b2a8a896211fff,2
8b2a8a896211fff,0
8b2a8ac66bb0fff,15
8b2a8ac614ebfff,15
8b2a8ac62b84fff,15
8b2a8ac61164fff,3
8b2a8ac665a6fff,15
8b2a8a893619fff,6
8b2a8ad4aac8fff,0
8b2a8a893093fff,6
8b2a8a893093fff,15
8b2a8ac65d28fff,0
8b2a8ac65badfff,0
8b2a8ad593a1fff,15
8b2a8ac60065fff,5
8b2a8ac60065fff,15
8b2a8ac61b05fff,3
8b2a8a89229cfff,7
8b2a8ac64c1cfff,15
8b2a8ad59ae2fff,15
8b2a8ad4bc36fff,1
8b2a8ad4bc36fff,2
8b2a8ac62870fff,15
8b2a8ac650a1fff,5
8b2a8ad4845cfff,0
8b2a8ac60db0fff,15
8b2a8ad4a55dfff,15
8b2a8ad4b65efff,0
8b2a8ac6650afff,15
8b2a8a8965b5fff,11
8b2a8ac63336fff,15
8b2a8ad486eefff,2
8b2a8ac654c5fff,5
8b2a8ad4a9b0fff,15
8b2a8ac639adfff,2
8b2a8ac6c772fff,7
8b2a8ac61589fff,15
8b2a8ac60ccbfff,2
8b2a8ac66199fff,15
8b2a8ac63ac6fff,15
8b2a8ac65a72fff,1
8b2a8ac60389fff,15
8b2a8ac65181fff,4
8b2a8a8928adfff,0
8b2a8ac66d61fff,15
8b2a8ad4b724fff,0
8b2a8ad4b724fff,2
8b2a8ac63504fff,15
8b2a8ad4bdb3fff,1
8b2a8ad4bdb3fff,0
8b2a8a896353fff,2
8b2a8ac66a8bfff,15
8b2a8ac621abfff,15
8b2a8a892d41fff,0
8b2a8ac60ac8fff,5
8b2a8ad4ad24fff,15
8b2a8a8927a8fff,3
8b2a8ac64ce6fff,15
8b2a8ac60acefff,5
8b2a8a8964c6fff,0
8b2a8ad4b6e4fff,0
8b2a8ad4b08efff,0
8b2a8ad48710fff,0
8b2a8ac60250fff,15
8b2a8ad4a211fff,0
8b2a8ac6286dfff,15
8b2a8ac61143fff,3
8b2a8ac65606fff,5
8b2a8ac60d70fff,15
8b2a8ac60d1cfff,15
8b2a8ac66c9efff,15
8b2a8a892b34fff,0
8b2a8ac6caaafff,10
8b2a8ac6caaafff,7
8b2a8ac65836fff,11
8b2a8ac6042dfff,15
8b2a8ac60c32fff,15
8b2a8ac60593fff,15
8b2a8ac61540fff,15
8b2a8ad4ab20fff,2
8b2a8ac662e1fff,15
8b2a8ad4a176fff,0
8b2a8a892918fff,0
8b2a8ac65163fff,7
8b2a8ac65163fff,4
8b2a8ac6694bfff,15
8b2a8ac65d85fff,2
8b2a8ac65d85fff,10
8b2a8ac66266fff,15
8b2a8ac65518fff,5
8b2a8a896420fff,0
8b2a8ad4b36dfff,8
8b2a8ad5d24afff,15
8b2a8ad59235fff,15
8b2a8ac60411fff,15
8b2a8ad4b115fff,2
8b2a8ac600cbfff,15
8b2a8ac6549afff,5
8b2a8ac66adefff,15
8b2a8ac62a59fff,15
8b2a8ac60251fff,15
8b2a8ac65626fff,5
8b2a8ad4a4d5fff,2
8b2a8ac61cc9fff,3
8b2a8ac61cc9fff,15
8b2a8ac665b6fff,15
8b2a8ad4b424fff,10
8b2a8ad4a2e4fff,2
8b2a8ad4a2e4fff,9
8b2a8ad48435fff,2
8b2a8ad48435fff,15
8b2a8ac66784fff,15
8b2a8ac61591fff,15
8b2a8ac6571afff,5
8b2a8ac66195fff,15
8b2a8ac66076fff,15
8b2a8ad4ab6efff,2
8b2a8ad4b711fff,0
8b2a8ac61c5bfff,3
8b2a8ac6602efff,15
8b2a8ac60033fff,7
8b2a8ac60033fff,13
8b2a8ac60329fff,5
8b2a8ac61db1fff,5
8b2a8ac65cf5fff,4
8b2a8ac65cf5fff,5
8b2a8ac6174afff,15
8b2a8ac66022fff,15
8b2a8a8925a1fff,0
8b2a8ac65a65fff,0
8b2a8ad4a310fff,0
8b2a8ac65a30fff,0
8b2a8ac6c036fff,15
8b2a8ad59a9efff,15
8b2a8ac64050fff,8
8b2a8ac63b93fff,15
8b2a8ac61d33fff,5
8b2a8ac654a0fff,5
8b2a8ad4a2a4fff,0
8b2a8ac60a75fff,5
8b2a8ac61950fff,3
8b2a8ac65b93fff,4
8b2a8ad4b048fff,0
8b2a8a892659fff,7
8b2a8ac606e4fff,2
8b2a8ac60b1bfff,5
8b2a8ac64acefff,0
8b2a8ac64acefff,1
8b2a8ac66544fff,15
8b2a8ac66544fff,9
8b2a8ac6641cfff,15
8b2a8ac65cd6fff,5
8b2a8ac6448afff,15
8b2a8ac644a1fff,15
8b2a8a892702fff,3
8b2a8a8966f2fff,0
8b2a8ac60a4efff,5
8b2a8ac60c60fff,15
8b2a8ac639abfff,2
8b2a8ac64743fff,2
8b2a8ac66c8cfff,15
8b2a8ad4aac9fff,0
8b2a8ad5b2a1fff,15
8b2a8ac664c9fff,15
8b2a8ac61c9dfff,15
8b2a8ac64513fff,15
8b2a8ad4ac6afff,15
8b2a8ad4a860fff,2
8b2a8ad4a860fff,15
8b2a8ac6541afff,5
8b2a8ac63cf5fff,15
8b2a8ac6382bfff,15
8b2a8ac6109bfff,15
8b2a8ac63896fff,2
8b2a8a8934f3fff,6
8b2a8ac6cce2fff,15
8b2a8ac6cd13fff,3
8b2a8a892d82fff,0
8b2a8a892d82fff,1
8b2a8ac623a1fff,15
8b2a8ac60086fff,2
8b2a8ac60086fff,15
8b2a8ac646c6fff,15
8b2a8ac64a68fff,2
8b2a8ac64a68fff,8
8b2a8ac64a68fff,10
8b2a8ad596d6fff,15
8b2a8a896645fff,0
8b2a8ac64325fff,0
8b2a8a8928f3fff,0
8b2a8ad4b342fff,0
8b2a8ac62c5cfff,15
8b2a8ac61d11fff,5
8b2a8ad4a84bfff,2
8b2a8ac61931fff,3
8b2a8ac61931fff,5
8b2a8ad4a0eefff,0
8b2a8ac646a6fff,15
8b2a8ad4e25bfff,15
8b2a8ac62336fff,2
8b2a8ac62025fff,2
8b2a8ac62025fff,15
8b2a8ac657a9fff,5
8b2a8ac63a20fff,15
8b2a8ad5bb58fff,15
8b2a8ad4ba99fff,0
8b2a8a892169fff,11
8b2a8ac62191fff,15
8b2a8ad4b213fff,1
8b2a8ac62059fff,15
8b2a8ac63cf1fff,15
8b2a8ac65804fff,11
8b2a8ac660a4fff,15
8b2a8ac669a4fff,15
8b2a8ac65c82fff,8
8b2a8ac65c82fff,2
8b2a8a8922f2fff,10
8b2a8ac65581fff,5
8b2a8ac6496cfff,2
8b2a8ac60762fff,15
8b2a8ac65920fff,1
8b2a8ac65920fff,0
8b2a8ac61cdafff,15
8b2a8ac66124fff,15
8b2a8ac62a41fff,15
8b2a8a892bb6fff,11
8b2a8a892bb6fff,0
8b2a8ac614cafff,15
8b2a8ac610abfff,15
8b2a8ad4a94cfff,2
8b2a8ac65d81fff,2
8b2a8ac65d81fff,10
8b2a8ac64950fff,2
8b2a8a89348cfff,6
8b2a8a8936b6fff,6
8b2a8ac63dacfff,15
8b2a8a892a05fff,0
8b2a8ac66c61fff,15
8b2a8ac61a4cfff,3
8b2a8ac65184fff,4
8b2a8ac65184fff,5
8b2a8ac66113fff,15
8b2a8ad4b099fff,0
8b2a8ac6545dfff,5
8b2a8ac65aabfff,1
8b2a8a892060fff,8
8b2a8a892060fff,11
8b2a8ac65430fff,5
8b2a8ac618a3fff,3
8b2a8ac60532fff,15
8b2a8ad4b613fff,0
8b2a8ac60371fff,5
8b2a8ad4849bfff,2
8b2a8ad4b56bfff,0
8b2a8ac62568fff,15
8b2a8ac61996fff,5
8b2a8ad4e249fff,15
8b2a8ac66babfff,2
8b2a8ac65d48fff,1
8b2a8ad59b58fff,15
8b2a8ac61802fff,3
8b2a8ac60158fff,12
8b2a8ac60158fff,15
8b2a8ac6212dfff,15
8b2a8a892259fff,6
8b2a8ac63982fff,2
8b2a8ac613acfff,15
8b2a8ac66745fff,15
8b2a8ac62909fff,15
8b2a8ac63c4afff,2
8b2a8ac64882fff,16
8b2a8ac623acfff,15
8b2a8ac66c70fff,15
8b2a8ac60359fff,15
8b2a8ad59a99fff,15
8b2a8ac6528efff,5
8b2a8ad59b33fff,2
8b2a8ac60b55fff,5
8b2a8ac621aefff,15
8b2a8ad4a935fff,15
8b2a8ad4bc84fff,1
8b2a8ad59218fff,15
8b2a8ac62375fff,15
8b2a8ac652abfff,3
8b2a8ac652abfff,5
8b2a8ac61c0afff,5
8b2a8ac66080fff,15
8b2a8ac60db6fff,15
8b2a8ac66069fff,15
8b2a8ac619b4fff,5
8b2a8ac644aafff,15
8b2a8a892844fff,0
8b2a8ac65c48fff,5
8b2a8ac64d19fff,2
8b2a8a892c81fff,0
8b2a8ad4b8c2fff,2
8b2a8ac66156fff,15
8b2a8ac66145fff,15
8b2a8a893094fff,15
8b2a8ad4b241fff,0
8b2a8a8964f5fff,0
8b2a8ac62ac9fff,15
8b2a8ac6dd24fff,6
8b2a8ac6dd24fff,7
8b2a8ac64744fff,0
8b2a8ac64744fff,2
8b2a8ad4a075fff,0
8b2a8ac6200dfff,15
8b2a8ad4a79efff,15
8b2a8ad4a79efff,2
8b2a8ac630c5fff,2
8b2a8ad4b554fff,1
8b2a8ad4b554fff,10
8b2a8ad4b554fff,2
8b2a8ad4aae0fff,0
8b2a8ac61a06fff,3
8b2a8ad59b75fff,2
8b2a8ac668e1fff,15
8b2a8ad4b748fff,0
8b2a8ac60a85fff,5
8b2a8ac646b5fff,15
8b2a8ac6488cfff,2
8b2a8ac6184dfff,3
8b2a8ac6429cfff,10
8b2a8ad4a155fff,0
8b2a8ad5b2e3fff,15
8b2a8ac65d0dfff,0
8b2a8ac65a34fff,0
8b2a8ac65972fff,1
8b2a8ac65972fff,2
8b2a8ac6425dfff,0
8b2a8ad4ad4afff,15
8b2a8ac61234fff,15
8b2a8ac611b3fff,3
8b2a8ac611b3fff,15
8b2a8ad5922afff,15
8b2a8ac639b3fff,2
8b2a8ac6486dfff,2
8b2a8a89212bfff,0
8b2a8ac62231fff,15
8b2a8a893421fff,6
8b2a8ac640d5fff,8
8b2a8ac62d41fff,15
8b2a8a892cf2fff,13
8b2a8a892cf2fff,0
8b2a8a892cf2fff,10
8b2a8ac6445bfff,2
8b2a8ac61799fff,15
8b2a8ac61a8cfff,3
8b2a8ac66351fff,15
8b2a8ac642defff,10
8b2a8ac6420afff,0
8b2a8ac6176afff,15
8b2a8ad4ad74fff,15
8b2a8a89638dfff,0
8b2a8ac65b6dfff,0
8b2a8ac64b64fff,3
8b2a8ac64b64fff,10
8b2a8ac60cccfff,2
8b2a8ad4a70afff,15
8b2a8ad4a746fff,15
8b2a8ac62009fff,15
8b2a8ac62b2cfff,15
8b2a8ac648e4fff,2
8b2a8ac6191bfff,3
8b2a8ac66225fff,15
8b2a8ac60142fff,5
8b2a8ac60142fff,15
8b2a8ac654cafff,5
8b2a8ac64696fff,15
8b2a8ad4ac58fff,15
8b2a8ac66cc2fff,9
8b2a8ac63b08fff,15
8b2a8ac66650fff,15
8b2a8ac64705fff,2
8b2a8ac60aeafff,5
8b2a8ac606ebfff,2
8b2a8ac6644afff,15
8b2a8ac6040bfff,15
8b2a8ad4b525fff,10
8b2a8ad4b525fff,3
8b2a8ad4b525fff,2
8b2a8ac62d0cfff,15
8b2a8ad4a871fff,15
8b2a8ac61d91fff,5
8b2a8ac61ceefff,3
8b2a8ad4878efff,0
8b2a8ad4878efff,1
8b2a8ac60370fff,5
8b2a8ac60370fff,15
8b2a8ac65620fff,5
8b2a8ad4a235fff,0
8b2a8ac6234afff,15
8b2a8ac60c55fff,2
8b2a8ac60c55fff,15
8b2a8a8922ddfff,2
8b2a8ac66ae9fff,15
8b2a8a893725fff,15
8b2a8ac60350fff,15
8b2a8ac66908fff,15
8b2a8ac61156fff,3
8b2a8ac66c88fff,15
8b2a8ac6cb59fff,6
8b2a8ac6ca72fff,7
8b2a8ad4a535fff,15
8b2a8a893506fff,15
8b2a8ac60892fff,15
8b2a8ac60196fff,2
8b2a8ad4b4cafff,10
8b2a8ac62b92fff,15
8b2a8ad4a00afff,0
8b2a8ad4b4defff,3
8b2a8ad4b4defff,2
8b2a8ac614d4fff,15
8b2a8ac64953fff,2
8b2a8ad4e641fff,15
8b2a8ac602c5fff,15
8b2a8ac6472efff,2
8b2a8ad59ba6fff,15
8b2a8ad59ba6fff,2
8b2a8ad4ac18fff,15
8b2a8a892b9efff,0
8b2a8ac646ccfff,15
8b2a8ad4a6a8fff,15
8b2a8ac6281bfff,15
8b2a8ac6c328fff,10
8b2a8ac6c328fff,7
8b2a8ac60d33fff,15
8b2a8ad592b3fff,15
8b2a8ac62a95fff,2
8b2a8ac62a95fff,15
8b2a8ac63925fff,2
8b2a8ac654e2fff,5
8b2a8ac63954fff,2
8b2a8ac615b4fff,15
8b2a8ac60c98fff,15
8b2a8ac63babfff,15
8b2a8a892ca3fff,0
8b2a8ac63b72fff,15
8b2a8ad59258fff,15
8b2a8a892ab2fff,11
8b2a8ac63ab2fff,15
8b2a8a8922d3fff,2
8b2a8a8922d3fff,10
8b2a8ad4e643fff,15
8b2a8ac6cb4afff,6
8b2a8a8934defff,6
8b2a8ac65136fff,4
8b2a8ac61850fff,3
8b2a8ac66263fff,15
8b2a8ac61086fff,15
8b2a8ac61d68fff,3
8b2a8ac61d68fff,5
8b2a8ad4a311fff,0
8b2a8ac6426cfff,7
8b2a8ac6426cfff,0
8b2a8ac61c08fff,5
8b2a8ac61a82fff,3
8b2a8ac644d8fff,15
8b2a8a892944fff,2
8b2a8ad4b645fff,0
8b2a8ad4e295fff,15
8b2a8ac6cc74fff,15
8b2a8ad486ecfff,2
8b2a8ac65d30fff,0
8b2a8ac65d30fff,8
8b2a8ac65d30fff,8
8b2a8ac65d30fff,2
8b2a8ac6615dfff,15
8b2a8ac660abfff,15
8b2a8ac62046fff,15
8b2a8a8930c2fff,15
8b2a8ac6162efff,15
8b2a8ac6494efff,2
8b2a8ac62113fff,15
8b2a8a89372afff,6
8b2a8ac631a6fff,15
8b2a8ac66545fff,9
8b2a8a896691fff,0
8b2a8a892ccdfff,10
8b2a8ac64b40fff,3
8b2a8ac64222fff,0
8b2a8a8922ccfff,6
8b2a8ac606c2fff,2
8b2a8a8920c6fff,13
8b2a8a8920c6fff,3
8b2a8ac652a9fff,3
8b2a8ad485a6fff,15
8b2a8ad59322fff,15
8b2a8ac6319efff,15
8b2a8ac640c6fff,8
8b2a8ac669a6fff,15
8b2a8ad4bc9efff,2
8b2a8ac614a3fff,15
8b2a8ac60993fff,16
8b2a8ac65612fff,5
8b2a8ac645b4fff,15
8b2a8ac64771fff,2
8b2a8ac60862fff,5
8b2a8ad4b0f4fff,0
8b2a8ad59203fff,15
8b2a8ac66b15fff,15
8b2a8ac639a5fff,2
8b2a8ac63898fff,15
8b2a8ad4bdaafff,1
8b2a8ac64da3fff,15
8b2a8a8962e6fff,2
8b2a8ac61232fff,15
8b2a8a8922d0fff,2
8b2a8a8922d0fff,10
8b2a8ac60d1efff,15
8b2a8ad4a315fff,0
8b2a8a892c24fff,0
8b2a8ac63c02fff,15
8b2a8ad5b2a8fff,15
8b2a8a896489fff,0
8b2a8ac66942fff,15
8b2a8ac64425fff,15
8b2a8ac60373fff,5
8b2a8ac60373fff,15
8b2a8ac62920fff,15
8b2a8ac6455bfff,2
8b2a8ac65ad6fff,0
8b2a8ad4a0cafff,0
8b2a8a89278cfff,3
8b2a8ac61818fff,3
8b2a8a892aa6fff,0
8b2a8ac6c131fff,15
8b2a8ac63882fff,15
8b2a8ac629b1fff,15
8b2a8ac6c8adfff,3
8b2a8ac66c19fff,15
8b2a8ac664e9fff,15
8b2a8a893414fff,6
8b2a8ac618d2fff,3
8b2a8ac64306fff,0
8b2a8ac600a1fff,11
8b2a8ac600a1fff,2
8b2a8ad4a291fff,0
8b2a8ac63b68fff,15
8b2a8a893680fff,6
8b2a8a896293fff,0
8b2a8ad4b0e6fff,0
8b2a8ad4b0e6fff,2
8b2a8a892ca8fff,13
8b2a8a892ca8fff,0
8b2a8ac61d5cfff,5
8b2a8ad4a42efff,15
8b2a8a89620cfff,2
8b2a8ac61851fff,3
8b2a8ac6c748fff,7
8b2a8ac60865fff,5
8b2a8ad4b89bfff,2
8b2a8ac640f2fff,2
8b2a8ac640f2fff,8
8b2a8a89659cfff,0
8b2a8ac6dd1efff,7
8b2a8ad4b429fff,10
8b2a8a8962c0fff,2
8b2a8ad4b744fff,0
8b2a8ac62b1bfff,15
8b2a8ac6305dfff,1
8b2a8ac6305dfff,2
8b2a8a896666fff,0
8b2a8ac66161fff,15
8b2a8ac60aa4fff,5
8b2a8ac64326fff,0
8b2a8ac64916fff,0
8b2a8ad4b40dfff,10
8b2a8ac64616fff,15
8b2a8ac64616fff,2
8b2a8ad4a201fff,0
8b2a8ac6288afff,15
8b2a8ad59badfff,15
8b2a8ad4aaaefff,0
8b2a8ac62252fff,15
8b2a8ac6426dfff,7
8b2a8ac6426dfff,0
8b2a8a8920c0fff,13
8b2a8a893746fff,6
8b2a8ac6351cfff,15
8b2a8ac6422efff,0
8b2a8ac61ccdfff,3
8b2a8ac61ccdfff,15
8b2a8ac65448fff,5
8b2a8ac65c2efff,1
8b2a8ad486d3fff,2
8b2a8ac654e6fff,5
8b2a8a892c15fff,10
8b2a8ad4b785fff,0
8b2a8ac75b75fff,15
8b2a8ac60d0cfff,15
8b2a8ac63c30fff,15
8b2a8ad4a72efff,15
8b2a8ac611abfff,3
8b2a8ac60894fff,16
8b2a8ac60894fff,15
8b2a8ac61323fff,15
8b2a8ac600cefff,15
8b2a8ac65cb1fff,8
8b2a8ac65cb1fff,2
8b2a8ac6c56dfff,15
8b2a8ac60135fff,15
8b2a8ac6c31dfff,7
8b2a8ac6c31dfff,10
8b2a8ac666c8fff,15
8b2a8ad4a0c9fff,0
8b2a8ac64963fff,2
8b2a8ac63db2fff,15
8b2a8a8934b5fff,6
8b2a8ac66d6afff,15
8b2a8ac65ba1fff,2
8b2a8ac65ba1fff,0
8b2a8ac62034fff,15
8b2a8ac63a60fff,15
8b2a8ac65d36fff,8
8b2a8ac65d36fff,2
8b2a8ad4b8b2fff,2
8b2a8ac65b60fff,0
8b2a8ac6dda2fff,7
8b2a8ac6690dfff,15
8b2a8ac6635bfff,15
8b2a8ad4a31afff,0
8b2a8ac66016fff,15
8b2a8ad4b073fff,2
8b2a8ac6256cfff,15
8b2a8ac64c93fff,15
8b2a8ac61c9cfff,15
8b2a8ac63176fff,15
8b2a8ac60858fff,5
8b2a8ac65006fff,4
8b2a8ac62cadfff,15
8b2a8ac656c2fff,5
8b2a8ac6cb5afff,6
8b2a8ad4bd56fff,2
8b2a8ad486c0fff,2
8b2a8ad5968afff,15
8b2a8ac613b1fff,15
8b2a8ac621b0fff,15
8b2a8ac65964fff,1
8b2a8ac63c12fff,15
8b2a8ac608eafff,5
8b2a8ac6508afff,5
8b2a8ad4e6d8fff,15
8b2a8ad59299fff,15
8b2a8ac600edfff,15
8b2a8ad48473fff,2
8b2a8ad4bd03fff,2
8b2a8ac64b8efff,8
8b2a8ac64b8efff,2
8b2a8ac6548bfff,5
8b2a8ac63c71fff,2
8b2a8ac63c71fff,15
8b2a8a89265cfff,2
8b2a8ac640a6fff,2
8b2a8ac606acfff,2
8b2a8ac606acfff,15
8b2a8ac6402efff,8
8b2a8ad4e6acfff,15
8b2a8ac66d2dfff,15
8b2a8ad4a533fff,15
8b2a8ac6340cfff,15
8b2a8ad48543fff,0
8b2a8ad48543fff,2
8b2a8ac65ba3fff,2
8b2a8ad4869afff,2
8b2a8ad4869afff,1
8b2a8ac61aedfff,3
8b2a8a89669cfff,0
8b2a8a8962cafff,2
8b2a8ac66041fff,15
8b2a8ac62af6fff,15
8b2a8ac6c765fff,3
8b2a8ac6499efff,15
8b2a8ac64c29fff,2
8b2a8ac63056fff,2
8b2a8a8934c9fff,6
8b2a8ac62ba6fff,15
8b2a8ac62af0fff,15
8b2a8ac65c31fff,4
8b2a8ac65c31fff,1
8b2a8ac6519afff,5
8b2a8ac656a1fff,5
8b2a8ad4a0ccfff,0
8b2a8ac6290efff,15
8b2a8ac65814fff,11
8b2a8ad4b6d8fff,0
8b2a8ac66c5efff,15
8b2a8ac66c5efff,9
8b2a8ac64d62fff,15
8b2a8ac64d62fff,2
8b2a8ac6179dfff,15
8b2a8ad4b4c9fff,10
8b2a8ad5d369fff,15
8b2a8ac65004fff,14
8b2a8ac65004fff,4
8b2a8ac6354dfff,15
8b2a8ac6292cfff,15
8b2a8ad59326fff,15
8b2a8ac6352bfff,15
8b2a8ac6610cfff,15
8b2a8ac61153fff,3
8b2a8ac66925fff,15
8b2a8ac6608afff,15
8b2a8ad5b358fff,15
8b2a8ac63b90fff,15
8b2a8ac6475efff,2
8b2a8ac65271fff,0
8b2a8ac63b60fff,15
8b2a8ac6cd63fff,3
8b2a8ac61035fff,3
8b2a8ac65dacfff,1
8b2a8ad4bda5fff,1
8b2a8ac664d5fff,15
8b2a8ac64215fff,0
8b2a8ad48689fff,2
8b2a8ac614b6fff,15
8b2a8ac6c96dfff,6
8b2a8ac6446dfff,2
8b2a8a89204dfff,8
8b2a8ac63cd6fff,15
8b2a8ac6354bfff,15
8b2a8ad4a42dfff,15
8b2a8ad4b689fff,0
8b2a8ac600f1fff,11
8b2a8ac64d52fff,2
8b2a8ac62c2afff,15
8b2a8ac61045fff,15
8b2a8ac64858fff,2
8b2a8ad4a5a1fff,15
8b2a8ac667a6fff,15
8b2a8a893781fff,6
8b2a8ac64859fff,2
8b2a8ac66608fff,15
8b2a8ac62170fff,15
8b2a8ad4b8f1fff,2
8b2a8ac61860fff,3
8b2a8ac61489fff,15
8b2a8ac65735fff,5
8b2a8ad4a501fff,15
8b2a8a896676fff,0
8b2a8ac65109fff,4
8b2a8ad5b308fff,15
8b2a8ac6602dfff,15
8b2a8ad4ac71fff,15
8b2a8ac652a4fff,2
8b2a8ac652a4fff,11
8b2a8ac652a4fff,5
8b2a8ac65b36fff,1
8b2a8ad4b1a8fff,0
8b2a8ac6dd80fff,7
8b2a8ac65a10fff,0
8b2a8a892109fff,1
8b2a8a892109fff,0
8b2a8ac6c0d1fff,3
8b2a8ad4a314fff,0
8b2a8ac613aefff,15
8b2a8a893552fff,6
8b2a8ac60868fff,5
8b2a8ac64bb5fff,2
8b2a8ac6622cfff,15
8b2a8ac6304efff,1
8b2a8ac6304efff,2
8b2a8ac6454dfff,2
8b2a8ac64289fff,10
8b2a8ad4a718fff,15
8b2a8ad59674fff,15
8b2a8ac61829fff,3
8b2a8ac65193fff,5
8b2a8ac64b2afff,3
8b2a8ac64b2afff,8
8b2a8ac62aa3fff,15
8b2a8ac62804fff,15
8b2a8ac66276fff,15
8b2a8ac61aadfff,3
8b2a8ad4aacafff,0
8b2a8ac61629fff,15
8b2a8ad4ad0cfff,15
8b2a8a8934e5fff,6
8b2a8a893713fff,6
8b2a8a89276bfff,3
8b2a8ac66198fff,15
8b2a8ad4e75afff,15
8b2a8ac65628fff,5
8b2a8ac75b20fff,15
8b2a8ac63c2cfff,2
8b2a8ac63c2cfff,15
8b2a8ad4a9aafff,15
8b2a8ad4bc00fff,2
8b2a8ac64c72fff,15
8b2a8ac64c72fff,2
8b2a8ac6ca82fff,7
8b2a8a892542fff,0
8b2a8ac65b91fff,4
8b2a8ac6021bfff,15
8b2a8ac6174efff,15
8b2a8ac62a6cfff,15
8b2a8ac65b26fff,0
8b2a8ad4ad0efff,15
8b2a8ac6316dfff,15
8b2a8ac63991fff,2
8b2a8ac62ce3fff,15
8b2a8ac62154fff,2
8b2a8ac62154fff,15
8b2a8ac6312efff,15
8b2a8ac6380afff,15
8b2a8ac64a94fff,10
8b2a8ac64a94fff,8
8b2a8ad5b2aefff,15
8b2a8ac6184afff,3
8b2a8ac6102efff,3
8b2a8ac6102efff,15
8b2a8ad4e389fff,15
8b2a8ac60874fff,5
8b2a8ac65028fff,14
8b2a8ac66d58fff,15
8b2a8a896502fff,0
8b2a8ac604c0fff,15
8b2a8a8929a9fff,0
8b2a8ac6651bfff,15
8b2a8ad59a8dfff,15
8b2a8ad59a8dfff,2
8b2a8ac660cafff,15
8b2a8a8936a0fff,6
8b2a8ac60d99fff,15
8b2a8ad4a234fff,0
8b2a8ac65823fff,1
8b2a8ac65823fff,11
8b2a8ac65823fff,0
8b2a8ac65b80fff,2
8b2a8ac61721fff,15
8b2a8ac6c39afff,3
8b2a8ac6509afff,5
8b2a8ac61428fff,15
8b2a8a892420fff,0
8b2a8a890618fff,1
8b2a8ac60644fff,2
8b2a8ac66528fff,15
8b2a8ac66528fff,9
8b2a8ac6450cfff,15
8b2a8ad4ac50fff,15
8b2a8ac66766fff,15
8b2a8ac60bb0fff,5
8b2a8a8924b2fff,3
8b2a8ad59ae9fff,15
8b2a8ac64babfff,8
8b2a8ac66ae8fff,15
8b2a8ac65a62fff,1
8b2a8ac65a62fff,0
8b2a8ac6385cfff,15
8b2a8ad4b632fff,0
8b2a8ac628c5fff,15
8b2a8ac6cc02fff,15
8b2a8a89284cfff,0
8b2a8ac60ae8fff,5
8b2a8ad4b569fff,0
8b2a8ac663a8fff,15
8b2a8ac666a8fff,15
8b2a8ac66675fff,15
8b2a8ac6401dfff,8
8b2a8a896212fff,0
8b2a8ac65425fff,5
8b2a8ac61ab4fff,3
8b2a8ac61498fff,15
8b2a8a8928a5fff,0
8b2a8ac60d24fff,15
8b2a8ad4a5acfff,15
8b2a8ad48452fff,2
8b2a8ad4a8d9fff,0
8b2a8ac64c92fff,15
8b2a8ac64576fff,15
8b2a8ac65d5efff,0
8b2a8ac65d5efff,1
8b2a8a8924d1fff,3
8b2a8ac607b2fff,15
8b2a8ad4a515fff,15
8b2a8ac63950fff,2
8b2a8ac60958fff,5
8b2a8ad4bc76fff,2
8b2a8a892a44fff,1
8b2a8ad4b8b0fff,2
8b2a8ac60115fff,15
8b2a8ad59b00fff,2
8b2a8ac640a9fff,2
8b2a8ac6c76dfff,3
8b2a8a893423fff,6
8b2a8ac62849fff,15
8b2a8ac64944fff,2
8b2a8ac6196efff,3
8b2a8ac64394fff,0
8b2a8ac65d5afff,1
8b2a8ac6431afff,0
8b2a8ac6441efff,15
8b2a8ac60ac1fff,5
8b2a8a892324fff,8
8b2a8ac64865fff,2
8b2a8ad4a1a2fff,15
8b2a8ac63158fff,2
8b2a8ac63158fff,15
8b2a8ad4ad71fff,15
8b2a8ad596eafff,15
8b2a8ad4a073fff,0
8b2a8ac60788fff,2
8b2a8ac60788fff,15
8b2a8ac64869fff,8
8b2a8ac64869fff,2
8b2a8a89351cfff,15
8b2a8ac659acfff,11
8b2a8ac65d6cfff,0
8b2a8ac65d6cfff,1
8b2a8ac605b0fff,15
8b2a8ac6079cfff,15
8b2a8ad4a4cefff,2
8b2a8a892af3fff,0
8b2a8ac64cf1fff,15
8b2a8a8926b5fff,3
8b2a8ad4e740fff,15
8b2a8a896669fff,0
8b2a8a8925aafff,0
8b2a8ac601b4fff,2
8b2a8ac614e4fff,15
8b2a8ad4e74efff,15
8b2a8ac619adfff,3
8b2a8ac62c74fff,15
8b2a8ad4a931fff,15
8b2a8a893682fff,6
8b2a8ad4bd16fff,1
8b2a8ad4bd16fff,2
8b2a8ac64b99fff,8
8b2a8ac64b99fff,2
8b2a8ac6ca68fff,6
8b2a8ac6ca68fff,7
8b2a8a892094fff,0
8b2a8ac61760fff,15
8b2a8ac62998fff,15
8b2a8ac64842fff,2
8b2a8ac65405fff,5
8b2a8ac66cd1fff,9
8b2a8ac6c0c1fff,3
8b2a8a892165fff,11
8b2a8a892165fff,1
8b2a8ac618cbfff,3
8b2a8ac61d15fff,5
8b2a8ad4a8d4fff,15
8b2a8ad4a8d4fff,0
8b2a8ac66cc4fff,9
8b2a8ad4bcaefff,10
8b2a8ad4a8ecfff,15
8b2a8ad59663fff,15
8b2a8ad4b4cbfff,10
8b2a8ad5b2f6fff,15
8b2a8ad4a160fff,0
8b2a8ac75b0afff,15
8b2a8ad4b8b6fff,2
8b2a8ac62980fff,15
8b2a8ad5b2b5fff,15
8b2a8ac63b70fff,15
8b2a8ac66801fff,15
8b2a8ac65d23fff,0
8b2a8ad4b669fff,0
8b2a8ac65368fff,0
8b2a8ac6058cfff,15
8b2a8ac64489fff,15
8b2a8ac65770fff,5
8b2a8a896310fff,0
8b2a8ac621a8fff,15
8b2a8ac62c40fff,15
8b2a8ac665b5fff,15
8b2a8ac60564fff,2
8b2a8ad4a965fff,15
8b2a8ac6132dfff,15
8b2a8ac6101bfff,15
8b2a8a89341efff,6
8b2a8ad4858dfff,2
8b2a8ad4858dfff,15
8b2a8ac60af0fff,5
8b2a8ac604b3fff,15
8b2a8ad4b6defff,0
8b2a8ac61d90fff,5
8b2a8ad4e28afff,15
8b2a8ad4e2aefff,15
8b2a8ac6024efff,15
8b2a8ac608d5fff,5
8b2a8ad4b755fff,0
8b2a8a892133fff,10
8b2a8a892133fff,0
8b2a8ac65c0dfff,4
8b2a8ac66ccafff,9
8b2a8ac60809fff,5
8b2a8ac62182fff,15
8b2a8ad5924afff,15
8b2a8a8928a4fff,0
8b2a8ac65ac5fff,1
8b2a8ad4b324fff,0
8b2a8ac65613fff,5
8b2a8a892c5efff,10
8b2a8ac66ae4fff,15
8b2a8ac6225efff,15
8b2a8ac60c85fff,15
8b2a8ac63adafff,15
8b2a8a893625fff,15
8b2a8a893625fff,6
8b2a8ac6425afff,0
8b2a8a893452fff,6
8b2a8a8934a1fff,6
8b2a8ad4b69bfff,0
8b2a8ad4b69bfff,2
8b2a8ad5b200fff,15
8b2a8ac66160fff,15
8b2a8ac6574efff,5
8b2a8ac642ccfff,10
8b2a8ac642ccfff,0
8b2a8ac61745fff,15
8b2a8ac63d28fff,2
8b2a8ac6181afff,3
8b2a8ac66314fff,15
8b2a8ad596b1fff,15
8b2a8ad5b268fff,15
8b2a8ac61868fff,3
8b2a8ac628e2fff,15
8b2a8ac60729fff,2
8b2a8ac60729fff,15
8b2a8ad5936cfff,15
8b2a8ac6492afff,0
8b2a8ad5b373fff,15
8b2a8ac63b61fff,15
8b2a8ac6582afff,1
8b2a8ac63946fff,2
8b2a8ac63946fff,15
8b2a8a8921a9fff,10
8b2a8ad4a142fff,0
8b2a8ac655b3fff,0
8b2a8ad5d269fff,15
8b2a8ad5965cfff,15
8b2a8ac65805fff,1
8b2a8ac65805fff,11
8b2a8ac66419fff,15
8b2a8ad59ab4fff,15
8b2a8ac62345fff,15
8b2a8ac6cd51fff,3
8b2a8ac65cc4fff,5
8b2a8ac60ad1fff,5
8b2a8ac650e6fff,5
8b2a8a893459fff,6
8b2a8ad4bdb0fff,0
8b2a8ac6cb06fff,6
8b2a8a8920eafff,13
8b2a8a8936ddfff,6
8b2a8a8936ddfff,7
8b2a8a8963aefff,0
8b2a8ac65d96fff,2
8b2a8ac65d96fff,0
8b2a8ad4a68cfff,15
8b2a8ac6c021fff,15
8b2a8ac62941fff,15
8b2a8ac61102fff,3
8b2a8ad487b2fff,2
8b2a8ad596b2fff,15
8b2a8a89345cfff,6
8b2a8ac66b71fff,15
8b2a8ac65b88fff,0
8b2a8ad4badbfff,8
8b2a8ad480a5fff,0
8b2a8ad4b176fff,2
8b2a8a89346afff,6
8b2a8ac61d98fff,5
8b2a8ac60271fff,15
8b2a8ac6110efff,3
8b2a8ac611adfff,3
8b2a8ac602f3fff,15
8b2a8ac6cb6cfff,6
8b2a8ac646edfff,15
8b2a8ac656e4fff,5
8b2a8ac61ca8fff,5
8b2a8ad4a54efff,15
8b2a8a89248afff,3
